SUBJECT,HOUSEHOLD,SEX,AGE_YEAR,CONSUMPTION_DAY,sum_ENERGY_kcal,WEEKEND,adm2_,adm2_7,adm2_9,adm2_3,adm2_6,adm2_8,adm2_1,adm2_4,adm2_10,adm2_5,adm2_2
44,11566,1,21,8,1994,0,7,1,0,0,0,0,0,0,0,0,0
65,5737,1,58,9,2204,0,9,0,1,0,0,0,0,0,0,0,0
100,10449,1,25,18,2356,0,3,0,0,1,0,0,0,0,0,0,0
141,1029,1,60,24,1483,0,6,0,0,0,1,0,0,0,0,0,0
164,10142,1,65,19,742,0,8,0,0,0,0,1,0,0,0,0,0
199,10493,1,65,8,2413,0,7,1,0,0,0,0,0,0,0,0,0
263,4882,1,55,22,1900,0,3,0,0,1,0,0,0,0,0,0,0
352,6504,1,18,10,1848,0,3,0,0,1,0,0,0,0,0,0,0
396,10541,1,50,9,2277,0,9,0,1,0,0,0,0,0,0,0,0
497,8890,1,48,1,1603,1,9,0,1,0,0,0,0,0,0,0,0
517,2139,1,22,1,2863,1,6,0,0,0,1,0,0,0,0,0,0
523,3367,1,23,20,2743,0,1,0,0,0,0,0,1,0,0,0,0
549,4066,1,30,4,3552,0,1,0,0,0,0,0,1,0,0,0,0
570,8256,1,50,26,2285,0,4,0,0,0,0,0,0,1,0,0,0
576,3784,1,21,2,3115,0,8,0,0,0,0,1,0,0,0,0,0
597,7013,1,24,7,1445,1,7,1,0,0,0,0,0,0,0,0,0
607,6151,1,32,29,2523,0,6,0,0,0,1,0,0,0,0,0,0
667,3784,1,49,2,3599,0,8,0,0,0,0,1,0,0,0,0,0
693,7013,1,45,7,2014,1,7,1,0,0,0,0,0,0,0,0,0
701,6046,1,38,28,3113,0,1,0,0,0,0,0,1,0,0,0,0
733,2209,1,22,4,1399,0,10,0,0,0,0,0,0,0,1,0,0
738,8762,1,42,30,2188,0,5,0,0,0,0,0,0,0,0,1,0
858,4117,1,40,9,2255,0,9,0,1,0,0,0,0,0,0,0,0
890,8592,1,35,8,3000,0,10,0,0,0,0,0,0,0,1,0,0
962,2716,1,24,26,1714,0,4,0,0,0,0,0,0,1,0,0,0
968,4282,1,35,12,1714,0,7,1,0,0,0,0,0,0,0,0,0
1108,206,1,76,8,2192,0,10,0,0,0,0,0,0,0,1,0,0
1139,5556,1,34,10,1808,0,8,0,0,0,0,1,0,0,0,0,0
1148,5072,1,40,21,1734,0,10,0,0,0,0,0,0,0,1,0,0
1179,9297,1,28,7,3274,1,3,0,0,1,0,0,0,0,0,0,0
1229,11497,1,68,23,1510,0,7,1,0,0,0,0,0,0,0,0,0
1243,4677,1,24,2,2565,0,8,0,0,0,0,1,0,0,0,0,0
1246,10842,1,26,7,2147,1,5,0,0,0,0,0,0,0,0,1,0
1247,8425,1,55,21,1081,0,8,0,0,0,0,1,0,0,0,0,0
1260,1592,1,66,31,2769,0,8,0,0,0,0,1,0,0,0,0,0
1263,1425,1,55,23,1898,0,8,0,0,0,0,1,0,0,0,0,0
1287,11081,1,60,22,2018,0,1,0,0,0,0,0,1,0,0,0,0
1310,4788,1,50,12,2066,0,7,1,0,0,0,0,0,0,0,0,0
1319,7988,1,28,30,2374,0,5,0,0,0,0,0,0,0,0,1,0
1357,1420,1,65,24,2667,0,6,0,0,0,1,0,0,0,0,0,0
1362,4911,1,35,6,1664,0,3,0,0,1,0,0,0,0,0,0,0
1368,9411,1,42,16,1389,0,3,0,0,1,0,0,0,0,0,0,0
1423,8069,1,70,8,2833,0,7,1,0,0,0,0,0,0,0,0,0
1441,126,1,24,26,1924,0,1,0,0,0,0,0,1,0,0,0,0
1444,7549,1,60,19,1382,0,10,0,0,0,0,0,0,0,1,0,0
1449,10230,1,52,7,1306,1,9,0,1,0,0,0,0,0,0,0,0
1478,10230,1,32,7,976,1,9,0,1,0,0,0,0,0,0,0,0
1519,7267,1,22,14,1414,0,4,0,0,0,0,0,0,1,0,0,0
1522,5084,1,60,2,2094,0,2,0,0,0,0,0,0,0,0,0,1
1548,2540,1,27,3,1731,0,9,0,1,0,0,0,0,0,0,0,0
1573,10547,1,42,14,1972,0,7,1,0,0,0,0,0,0,0,0,0
1623,7504,1,30,23,932,0,8,0,0,0,0,1,0,0,0,0,0
1632,2977,1,27,6,2537,0,8,0,0,0,0,1,0,0,0,0,0
1763,3156,1,20,15,1194,0,3,0,0,1,0,0,0,0,0,0,0
1778,8934,1,26,22,1369,0,4,0,0,0,0,0,0,1,0,0,0
1794,10099,1,32,17,2185,0,3,0,0,1,0,0,0,0,0,0,0
1797,8283,1,47,24,1497,0,1,0,0,0,0,0,1,0,0,0,0
1814,7173,1,35,8,1851,0,4,0,0,0,0,0,0,1,0,0,0
1819,8441,1,54,8,1765,0,4,0,0,0,0,0,0,1,0,0,0
1820,7861,1,44,19,2698,0,8,0,0,0,0,1,0,0,0,0,0
1885,8094,1,45,28,2081,0,1,0,0,0,0,0,1,0,0,0,0
1890,8235,1,28,8,2057,0,10,0,0,0,0,0,0,0,1,0,0
1896,10263,1,40,5,2051,0,5,0,0,0,0,0,0,0,0,1,0
1975,6950,1,50,15,2171,0,10,0,0,0,0,0,0,0,1,0,0
1982,8999,1,28,17,1775,0,1,0,0,0,0,0,1,0,0,0,0
2017,10292,1,25,2,2633,0,2,0,0,0,0,0,0,0,0,0,1
2046,10909,1,38,3,89,0,2,0,0,0,0,0,0,0,0,0,1
2104,609,1,45,14,2180,0,7,1,0,0,0,0,0,0,0,0,0
2122,5071,1,18,4,1947,0,1,0,0,0,0,0,1,0,0,0,0
2144,9796,1,74,12,2722,0,5,0,0,0,0,0,0,0,0,1,0
2162,2041,1,24,20,2660,0,3,0,0,1,0,0,0,0,0,0,0
2235,2740,1,42,26,1404,0,2,0,0,0,0,0,0,0,0,0,1
2285,5229,1,50,24,1899,0,6,0,0,0,1,0,0,0,0,0,0
2305,7524,1,35,18,2271,0,3,0,0,1,0,0,0,0,0,0,0
2323,11309,1,39,11,1791,0,5,0,0,0,0,0,0,0,0,1,0
2337,7362,1,30,1,2206,1,6,0,0,0,1,0,0,0,0,0,0
2376,10959,1,30,7,1421,1,5,0,0,0,0,0,0,0,0,1,0
2390,6002,1,50,6,1899,0,7,1,0,0,0,0,0,0,0,0,0
2479,8805,1,70,24,3084,0,4,0,0,0,0,0,0,1,0,0,0
2487,214,1,65,17,2606,0,8,0,0,0,0,1,0,0,0,0,0
2499,10650,1,32,5,1258,0,1,0,0,0,0,0,1,0,0,0,0
2577,5964,1,37,3,2325,0,9,0,1,0,0,0,0,0,0,0,0
2588,4089,1,35,4,2251,0,3,0,0,1,0,0,0,0,0,0,0
2605,3173,1,28,3,2015,0,2,0,0,0,0,0,0,0,0,0,1
2619,3280,1,41,4,1482,0,10,0,0,0,0,0,0,0,1,0,0
2682,7452,1,23,4,2685,0,2,0,0,0,0,0,0,0,0,0,1
2692,4800,1,50,31,2837,0,8,0,0,0,0,1,0,0,0,0,0
2720,10853,1,50,1,2031,1,5,0,0,0,0,0,0,0,0,1,0
2737,3178,1,47,7,1721,1,1,0,0,0,0,0,1,0,0,0,0
2801,8359,1,25,1,2387,1,5,0,0,0,0,0,0,0,0,1,0
2869,7028,1,25,6,1855,0,7,1,0,0,0,0,0,0,0,0,0
2907,713,1,65,4,2738,0,3,0,0,1,0,0,0,0,0,0,0
2919,4779,1,53,9,2360,0,9,0,1,0,0,0,0,0,0,0,0
2970,2376,1,45,1,3130,1,6,0,0,0,1,0,0,0,0,0,0
3015,390,1,19,20,2403,0,7,1,0,0,0,0,0,0,0,0,0
3094,964,1,30,17,3729,0,1,0,0,0,0,0,1,0,0,0,0
3096,8433,1,65,8,3097,0,2,0,0,0,0,0,0,0,0,0,1
3150,9995,1,52,21,2003,0,10,0,0,0,0,0,0,0,1,0,0
3237,9601,1,45,14,1567,0,4,0,0,0,0,0,0,1,0,0,0
3260,1968,1,42,2,3420,0,8,0,0,0,0,1,0,0,0,0,0
3303,4779,1,27,9,2360,0,9,0,1,0,0,0,0,0,0,0,0
3334,6362,1,30,11,2508,0,9,0,1,0,0,0,0,0,0,0,0
3355,2078,1,21,8,1942,0,10,0,0,0,0,0,0,0,1,0,0
3416,7160,1,45,6,3264,0,1,0,0,0,0,0,1,0,0,0,0
3434,2471,1,24,18,2760,0,7,1,0,0,0,0,0,0,0,0,0
3442,1862,1,39,17,2108,0,3,0,0,1,0,0,0,0,0,0,0
3446,8251,1,21,25,1603,0,10,0,0,0,0,0,0,0,1,0,0
3491,1428,1,63,24,2205,0,4,0,0,0,0,0,0,1,0,0,0
3511,4769,1,70,12,2001,0,5,0,0,0,0,0,0,0,0,1,0
3536,5177,1,26,18,1898,0,7,1,0,0,0,0,0,0,0,0,0
3555,7860,1,42,8,2133,0,7,1,0,0,0,0,0,0,0,0,0
3593,5787,1,47,29,3126,0,5,0,0,0,0,0,0,0,0,1,0
3599,9800,1,55,5,2782,0,7,1,0,0,0,0,0,0,0,0,0
3656,1880,1,40,4,2944,0,1,0,0,0,0,0,1,0,0,0,0
3681,7741,1,65,9,1487,0,4,0,0,0,0,0,0,1,0,0,0
3798,11037,1,31,29,1798,0,5,0,0,0,0,0,0,0,0,1,0
3817,5219,1,27,4,1971,0,7,1,0,0,0,0,0,0,0,0,0
3858,2389,1,39,6,2136,0,10,0,0,0,0,0,0,0,1,0,0
3902,9714,1,45,28,2345,0,5,0,0,0,0,0,0,0,0,1,0
3925,9019,1,35,15,2357,0,3,0,0,1,0,0,0,0,0,0,0
3989,8985,1,27,6,2686,0,2,0,0,0,0,0,0,0,0,0,1
4033,11604,1,47,24,1654,0,4,0,0,0,0,0,0,1,0,0,0
4065,5238,1,19,16,1142,0,7,1,0,0,0,0,0,0,0,0,0
4104,10941,1,65,21,1624,0,8,0,0,0,0,1,0,0,0,0,0
4145,10345,1,39,10,1963,0,7,1,0,0,0,0,0,0,0,0,0
4171,206,1,39,8,2675,0,10,0,0,0,0,0,0,0,1,0,0
4254,6362,1,28,11,1969,0,9,0,1,0,0,0,0,0,0,0,0
4261,3657,1,21,2,2304,0,2,0,0,0,0,0,0,0,0,0,1
4262,8805,1,40,24,3465,0,4,0,0,0,0,0,0,1,0,0,0
4324,9280,1,50,9,2019,0,5,0,0,0,0,0,0,0,0,1,0
4456,1591,1,35,9,2935,0,9,0,1,0,0,0,0,0,0,0,0
4472,1833,1,26,16,2344,0,7,1,0,0,0,0,0,0,0,0,0
4505,8907,1,28,6,1615,0,7,1,0,0,0,0,0,0,0,0,0
4592,5221,1,19,6,1350,0,2,0,0,0,0,0,0,0,0,0,1
4605,11680,1,50,15,2263,0,3,0,0,1,0,0,0,0,0,0,0
4646,4869,1,36,3,2445,0,6,0,0,0,1,0,0,0,0,0,0
4652,3850,1,30,7,2175,1,3,0,0,1,0,0,0,0,0,0,0
4662,9581,1,38,23,272,0,1,0,0,0,0,0,1,0,0,0,0
4676,1300,1,40,3,1126,0,2,0,0,0,0,0,0,0,0,0,1
4696,2192,1,50,28,1641,0,5,0,0,0,0,0,0,0,0,1,0
4758,6621,1,73,4,2062,0,10,0,0,0,0,0,0,0,1,0,0
4814,7274,1,30,29,2295,0,5,0,0,0,0,0,0,0,0,1,0
4828,9964,1,50,10,2007,0,3,0,0,1,0,0,0,0,0,0,0
4833,10861,1,40,22,2076,0,3,0,0,1,0,0,0,0,0,0,0
4852,11192,1,51,16,2070,0,3,0,0,1,0,0,0,0,0,0,0
4863,1728,1,24,19,1626,0,1,0,0,0,0,0,1,0,0,0,0
4865,2045,1,60,4,2975,0,1,0,0,0,0,0,1,0,0,0,0
4875,6774,1,26,21,1938,0,3,0,0,1,0,0,0,0,0,0,0
4885,8249,1,60,30,1928,0,5,0,0,0,0,0,0,0,0,1,0
4929,91,1,37,22,1794,0,1,0,0,0,0,0,1,0,0,0,0
4931,7827,1,18,12,1630,0,7,1,0,0,0,0,0,0,0,0,0
5011,8316,1,28,31,2236,0,5,0,0,0,0,0,0,0,0,1,0
5080,1117,1,58,25,2528,0,10,0,0,0,0,0,0,0,1,0,0
5084,2930,1,22,12,1298,0,9,0,1,0,0,0,0,0,0,0,0
5088,10132,1,24,24,1313,0,5,0,0,0,0,0,0,0,0,1,0
5112,10774,1,48,6,2369,0,3,0,0,1,0,0,0,0,0,0,0
5125,6033,1,36,28,1954,0,5,0,0,0,0,0,0,0,0,1,0
5159,4341,1,38,24,2469,0,7,1,0,0,0,0,0,0,0,0,0
5184,1445,1,69,23,969,0,1,0,0,0,0,0,1,0,0,0,0
5199,11161,1,36,30,4165,0,2,0,0,0,0,0,0,0,0,0,1
5215,10791,1,28,4,2247,0,8,0,0,0,0,1,0,0,0,0,0
5226,4122,1,30,31,1960,0,8,0,0,0,0,1,0,0,0,0,0
5231,10653,1,26,29,3196,0,6,0,0,0,1,0,0,0,0,0,0
5237,10959,1,52,7,1601,1,5,0,0,0,0,0,0,0,0,1,0
5272,8697,1,26,19,2844,0,8,0,0,0,0,1,0,0,0,0,0
5290,3880,1,33,8,2471,0,7,1,0,0,0,0,0,0,0,0,0
5294,7581,1,40,8,2392,0,7,1,0,0,0,0,0,0,0,0,0
5349,8987,1,60,23,2015,0,8,0,0,0,0,1,0,0,0,0,0
5411,7260,1,25,20,1794,0,7,1,0,0,0,0,0,0,0,0,0
5414,5943,1,20,16,1874,0,10,0,0,0,0,0,0,0,1,0,0
5484,4359,1,46,30,2141,0,5,0,0,0,0,0,0,0,0,1,0
5548,3610,1,30,14,2207,0,4,0,0,0,0,0,0,1,0,0,0
5653,3657,1,52,2,1216,0,2,0,0,0,0,0,0,0,0,0,1
5673,9490,1,26,31,1935,0,5,0,0,0,0,0,0,0,0,1,0
5699,6430,1,72,11,1338,0,5,0,0,0,0,0,0,0,0,1,0
5730,2462,1,18,17,593,0,10,0,0,0,0,0,0,0,1,0,0
5735,6693,1,40,24,1694,0,7,1,0,0,0,0,0,0,0,0,0
5773,2013,1,35,4,1646,0,7,1,0,0,0,0,0,0,0,0,0
5801,8441,1,22,8,1442,0,4,0,0,0,0,0,0,1,0,0,0
5810,3216,1,18,26,2835,0,1,0,0,0,0,0,1,0,0,0,0
5819,9630,1,50,10,2456,0,8,0,0,0,0,1,0,0,0,0,0
5863,6842,1,18,3,1904,0,6,0,0,0,1,0,0,0,0,0,0
5901,6308,1,55,29,2354,0,6,0,0,0,1,0,0,0,0,0,0
5907,814,1,26,5,1339,0,9,0,1,0,0,0,0,0,0,0,0
5992,719,1,37,22,1573,0,4,0,0,0,0,0,0,1,0,0,0
6059,7674,1,60,13,2304,0,9,0,1,0,0,0,0,0,0,0,0
6086,9274,1,30,30,3520,0,2,0,0,0,0,0,0,0,0,0,1
6093,7401,1,42,17,2443,0,8,0,0,0,0,1,0,0,0,0,0
6130,8359,1,50,1,2157,1,5,0,0,0,0,0,0,0,0,1,0
6133,7412,1,42,18,1485,0,10,0,0,0,0,0,0,0,1,0,0
6138,7959,1,38,15,1854,0,3,0,0,1,0,0,0,0,0,0,0
6193,1078,1,26,17,1185,0,3,0,0,1,0,0,0,0,0,0,0
6200,1287,1,21,25,1505,0,8,0,0,0,0,1,0,0,0,0,0
6221,1714,1,36,12,2390,0,10,0,0,0,0,0,0,0,1,0,0
6249,11742,1,22,7,1675,1,3,0,0,1,0,0,0,0,0,0,0
6282,10550,1,21,1,1322,1,2,0,0,0,0,0,0,0,0,0,1
6303,3646,1,27,2,1867,0,2,0,0,0,0,0,0,0,0,0,1
6329,2484,1,60,15,686,0,3,0,0,1,0,0,0,0,0,0,0
6362,5494,1,33,16,1130,0,10,0,0,0,0,0,0,0,1,0,0
6365,4793,1,38,31,2575,0,5,0,0,0,0,0,0,0,0,1,0
6371,2931,1,42,23,1813,0,10,0,0,0,0,0,0,0,1,0,0
6375,2057,1,30,6,1611,0,1,0,0,0,0,0,1,0,0,0,0
6453,9626,1,28,17,2074,0,3,0,0,1,0,0,0,0,0,0,0
6461,9867,1,35,8,2457,0,4,0,0,0,0,0,0,1,0,0,0
6498,10727,1,19,17,1569,0,3,0,0,1,0,0,0,0,0,0,0
6518,1374,1,45,18,2150,0,7,1,0,0,0,0,0,0,0,0,0
6561,1021,1,19,12,1664,0,10,0,0,0,0,0,0,0,1,0,0
6563,2982,1,18,11,1372,0,5,0,0,0,0,0,0,0,0,1,0
6570,1776,1,56,9,1179,0,5,0,0,0,0,0,0,0,0,1,0
6637,10005,1,65,10,1451,0,10,0,0,0,0,0,0,0,1,0,0
6690,1880,1,21,4,2220,0,1,0,0,0,0,0,1,0,0,0,0
6704,4956,1,58,4,3128,0,3,0,0,1,0,0,0,0,0,0,0
6745,7555,1,40,9,1849,0,1,0,0,0,0,0,1,0,0,0,0
6759,8405,1,60,17,1901,0,1,0,0,0,0,0,1,0,0,0,0
6786,472,1,45,10,2390,0,7,1,0,0,0,0,0,0,0,0,0
6791,3880,1,55,8,2030,0,7,1,0,0,0,0,0,0,0,0,0
6817,2470,1,40,17,2480,0,8,0,0,0,0,1,0,0,0,0,0
6853,11790,1,19,11,1825,0,5,0,0,0,0,0,0,0,0,1,0
6858,891,1,60,6,2634,0,1,0,0,0,0,0,1,0,0,0,0
6942,283,1,40,23,2225,0,7,1,0,0,0,0,0,0,0,0,0
7011,11626,1,22,10,2257,0,2,0,0,0,0,0,0,0,0,0,1
7015,10020,1,40,22,2291,0,3,0,0,1,0,0,0,0,0,0,0
7055,7321,1,50,2,3036,0,2,0,0,0,0,0,0,0,0,0,1
7086,6271,1,35,1,2741,1,6,0,0,0,1,0,0,0,0,0,0
7106,6236,1,60,26,2110,0,4,0,0,0,0,0,0,1,0,0,0
7152,4156,1,30,14,1646,0,7,1,0,0,0,0,0,0,0,0,0
7178,3548,1,31,1,3350,1,6,0,0,0,1,0,0,0,0,0,0
7184,4677,1,21,2,2364,0,8,0,0,0,0,1,0,0,0,0,0
7226,5966,1,66,22,1139,0,1,0,0,0,0,0,1,0,0,0,0
7231,424,1,45,8,2789,0,2,0,0,0,0,0,0,0,0,0,1
7247,9166,1,21,24,1045,0,4,0,0,0,0,0,0,1,0,0,0
7272,3592,1,36,7,1951,1,5,0,0,0,0,0,0,0,0,1,0
7284,9957,1,22,19,1844,0,8,0,0,0,0,1,0,0,0,0,0
7354,697,1,38,8,2220,0,10,0,0,0,0,0,0,0,1,0,0
7385,1478,1,28,6,2751,0,1,0,0,0,0,0,1,0,0,0,0
7412,11564,1,32,19,1608,0,10,0,0,0,0,0,0,0,1,0,0
7413,1814,1,38,3,2583,0,6,0,0,0,1,0,0,0,0,0,0
7433,3480,1,37,12,2035,0,7,1,0,0,0,0,0,0,0,0,0
7476,7384,1,58,6,1762,0,1,0,0,0,0,0,1,0,0,0,0
7483,4623,1,50,19,2779,0,1,0,0,0,0,0,1,0,0,0,0
7500,3596,1,18,23,2822,0,7,1,0,0,0,0,0,0,0,0,0
7533,5206,1,24,4,3194,0,8,0,0,0,0,1,0,0,0,0,0
7540,7224,1,52,26,1643,0,4,0,0,0,0,0,0,1,0,0,0
7567,8069,1,36,8,2701,0,7,1,0,0,0,0,0,0,0,0,0
7576,4901,1,61,20,1352,0,6,0,0,0,1,0,0,0,0,0,0
7578,4108,1,45,29,2372,0,5,0,0,0,0,0,0,0,0,1,0
7643,11537,1,58,19,1763,0,8,0,0,0,0,1,0,0,0,0,0
7688,10402,1,40,16,1189,0,3,0,0,1,0,0,0,0,0,0,0
7692,3576,1,38,9,1517,0,5,0,0,0,0,0,0,0,0,1,0
7706,7104,1,25,1,2112,1,5,0,0,0,0,0,0,0,0,1,0
7728,5177,1,58,18,1796,0,7,1,0,0,0,0,0,0,0,0,0
7741,3548,1,25,1,3196,1,6,0,0,0,1,0,0,0,0,0,0
7776,5649,1,28,14,1432,0,3,0,0,1,0,0,0,0,0,0,0
7820,10930,1,23,12,1548,0,10,0,0,0,0,0,0,0,1,0,0
7898,8586,1,50,30,1725,0,2,0,0,0,0,0,0,0,0,0,1
7899,9166,1,54,24,2149,0,4,0,0,0,0,0,0,1,0,0,0
7927,6301,1,55,18,2347,0,7,1,0,0,0,0,0,0,0,0,0
8042,1288,1,40,17,1734,0,3,0,0,1,0,0,0,0,0,0,0
8168,9613,1,19,3,367,0,2,0,0,0,0,0,0,0,0,0,1
8177,3352,1,30,14,2219,0,7,1,0,0,0,0,0,0,0,0,0
8265,9759,1,19,17,2219,0,8,0,0,0,0,1,0,0,0,0,0
8273,9467,1,43,15,2272,0,10,0,0,0,0,0,0,0,1,0,0
8337,5069,1,36,28,1611,0,5,0,0,0,0,0,0,0,0,1,0
8380,5093,1,50,10,1761,0,10,0,0,0,0,0,0,0,1,0,0
8384,4788,1,19,12,1822,0,7,1,0,0,0,0,0,0,0,0,0
8406,615,1,41,12,2256,0,7,1,0,0,0,0,0,0,0,0,0
8434,2209,1,52,4,1458,0,10,0,0,0,0,0,0,0,1,0,0
8479,7224,1,28,26,1701,0,4,0,0,0,0,0,0,1,0,0,0
8497,1244,1,50,23,1950,0,8,0,0,0,0,1,0,0,0,0,0
8503,8964,1,30,28,2093,0,5,0,0,0,0,0,0,0,0,1,0
8506,11120,1,46,10,3470,0,8,0,0,0,0,1,0,0,0,0,0
8534,6380,1,35,23,1856,0,10,0,0,0,0,0,0,0,1,0,0
8556,3178,1,19,7,1778,1,1,0,0,0,0,0,1,0,0,0,0
8567,3634,1,48,29,2060,0,5,0,0,0,0,0,0,0,0,1,0
8578,3452,1,27,8,3087,0,8,0,0,0,0,1,0,0,0,0,0
8579,2370,1,21,20,2158,0,7,1,0,0,0,0,0,0,0,0,0
8633,8263,1,30,14,1862,0,3,0,0,1,0,0,0,0,0,0,0
8711,6540,1,50,13,2217,0,9,0,1,0,0,0,0,0,0,0,0
8789,2998,1,76,18,1759,0,1,0,0,0,0,0,1,0,0,0,0
8791,3139,1,65,9,1938,0,4,0,0,0,0,0,0,1,0,0,0
8797,2484,1,24,15,2466,0,3,0,0,1,0,0,0,0,0,0,0
8865,4623,1,27,19,2786,0,1,0,0,0,0,0,1,0,0,0,0
8889,6308,1,20,29,2519,0,6,0,0,0,1,0,0,0,0,0,0
8910,9626,1,50,17,2402,0,3,0,0,1,0,0,0,0,0,0,0
8926,9180,1,63,18,1534,0,10,0,0,0,0,0,0,0,1,0,0
8954,1846,1,32,10,1499,0,10,0,0,0,0,0,0,0,1,0,0
9022,5487,1,51,18,2329,0,3,0,0,1,0,0,0,0,0,0,0
9057,9228,1,49,23,1619,0,7,1,0,0,0,0,0,0,0,0,0
9116,9613,1,45,3,404,0,2,0,0,0,0,0,0,0,0,0,1
9119,1195,1,20,1,1885,1,6,0,0,0,1,0,0,0,0,0,0
9145,1067,1,21,6,1449,0,1,0,0,0,0,0,1,0,0,0,0
9162,4994,1,19,12,1855,0,10,0,0,0,0,0,0,0,1,0,0
9182,4592,1,60,3,688,0,2,0,0,0,0,0,0,0,0,0,1
9215,8960,1,19,20,2138,0,1,0,0,0,0,0,1,0,0,0,0
9223,1914,1,40,12,2576,0,7,1,0,0,0,0,0,0,0,0,0
9282,10657,1,45,4,1987,0,7,1,0,0,0,0,0,0,0,0,0
9294,796,1,38,5,2074,0,9,0,1,0,0,0,0,0,0,0,0
9332,5958,1,39,22,1592,0,5,0,0,0,0,0,0,0,0,1,0
9423,1831,1,19,17,1497,0,1,0,0,0,0,0,1,0,0,0,0
9491,1831,1,22,17,1732,0,1,0,0,0,0,0,1,0,0,0,0
9541,4212,1,55,30,1858,0,2,0,0,0,0,0,0,0,0,0,1
9550,10122,1,49,4,1843,0,2,0,0,0,0,0,0,0,0,0,1
9562,3767,1,42,23,344,0,1,0,0,0,0,0,1,0,0,0,0
9601,3515,1,50,21,1370,0,8,0,0,0,0,1,0,0,0,0,0
9604,11556,1,31,7,2128,1,9,0,1,0,0,0,0,0,0,0,0
9606,7676,1,53,6,1352,0,7,1,0,0,0,0,0,0,0,0,0
9613,7560,1,20,24,1323,0,5,0,0,0,0,0,0,0,0,1,0
9616,7994,1,50,12,2724,0,5,0,0,0,0,0,0,0,0,1,0
9654,6064,1,50,15,2518,0,3,0,0,1,0,0,0,0,0,0,0
9655,11377,1,36,12,2683,0,9,0,1,0,0,0,0,0,0,0,0
9667,3857,1,35,20,481,0,6,0,0,0,1,0,0,0,0,0,0
9700,269,1,35,5,961,0,1,0,0,0,0,0,1,0,0,0,0
9716,4860,1,56,10,2039,0,3,0,0,1,0,0,0,0,0,0,0
9720,9626,1,22,17,1851,0,3,0,0,1,0,0,0,0,0,0,0
9726,7770,1,31,20,2508,0,1,0,0,0,0,0,1,0,0,0,0
9787,395,1,55,4,1786,0,8,0,0,0,0,1,0,0,0,0,0
9807,1872,1,35,6,2555,0,3,0,0,1,0,0,0,0,0,0,0
9816,10376,1,36,5,3022,0,3,0,0,1,0,0,0,0,0,0,0
9819,7896,1,28,1,1983,1,5,0,0,0,0,0,0,0,0,1,0
9824,10657,1,19,4,1360,0,7,1,0,0,0,0,0,0,0,0,0
9825,3885,1,56,6,2889,0,8,0,0,0,0,1,0,0,0,0,0
9850,8316,1,50,31,2308,0,5,0,0,0,0,0,0,0,0,1,0
9880,9483,1,37,28,2380,0,1,0,0,0,0,0,1,0,0,0,0
9944,11463,1,42,15,2229,0,3,0,0,1,0,0,0,0,0,0,0
9958,3785,1,46,9,2010,0,9,0,1,0,0,0,0,0,0,0,0
9981,3489,1,60,5,447,0,1,0,0,0,0,0,1,0,0,0,0
9983,5966,1,21,22,1393,0,1,0,0,0,0,0,1,0,0,0,0
9994,2389,1,70,6,1856,0,10,0,0,0,0,0,0,0,1,0,0
10002,10421,1,48,18,3229,0,3,0,0,1,0,0,0,0,0,0,0
10065,1776,1,25,9,1545,0,5,0,0,0,0,0,0,0,0,1,0
10076,10685,1,45,9,786,0,1,0,0,0,0,0,1,0,0,0,0
10156,8943,1,27,26,1654,0,2,0,0,0,0,0,0,0,0,0,1
10160,2930,1,20,12,1681,0,9,0,1,0,0,0,0,0,0,0,0
10196,3771,1,40,28,2469,0,1,0,0,0,0,0,1,0,0,0,0
10209,7087,1,50,29,2548,0,6,0,0,0,1,0,0,0,0,0,0
10222,939,1,32,14,1736,0,3,0,0,1,0,0,0,0,0,0,0
10249,9812,1,21,4,2407,0,8,0,0,0,0,1,0,0,0,0,0
10260,10442,1,50,28,1550,0,5,0,0,0,0,0,0,0,0,1,0
10268,2046,1,49,28,2732,0,1,0,0,0,0,0,1,0,0,0,0
10275,11480,1,28,16,2343,0,3,0,0,1,0,0,0,0,0,0,0
10335,2173,1,37,24,1667,0,6,0,0,0,1,0,0,0,0,0,0
10345,9996,1,59,13,2511,0,9,0,1,0,0,0,0,0,0,0,0
10363,5158,1,35,15,1603,0,3,0,0,1,0,0,0,0,0,0,0
10396,1279,1,32,8,1919,0,7,1,0,0,0,0,0,0,0,0,0
10397,4793,1,56,31,2409,0,5,0,0,0,0,0,0,0,0,1,0
10402,4178,1,32,31,2175,0,5,0,0,0,0,0,0,0,0,1,0
10433,3620,1,70,29,1734,0,6,0,0,0,1,0,0,0,0,0,0
10459,5158,1,65,15,1745,0,3,0,0,1,0,0,0,0,0,0,0
10504,6614,1,24,28,1768,0,2,0,0,0,0,0,0,0,0,0,1
10554,2048,1,46,5,1951,0,5,0,0,0,0,0,0,0,0,1,0
10588,1146,1,55,8,2094,0,7,1,0,0,0,0,0,0,0,0,0
10666,4585,1,36,4,2522,0,10,0,0,0,0,0,0,0,1,0,0
10761,7064,1,19,22,1876,0,4,0,0,0,0,0,0,1,0,0,0
10866,2782,1,30,24,601,0,1,0,0,0,0,0,1,0,0,0,0
10889,10538,1,30,5,1785,0,9,0,1,0,0,0,0,0,0,0,0
10899,4091,1,61,28,1852,0,5,0,0,0,0,0,0,0,0,1,0
10923,167,1,20,10,1945,0,8,0,0,0,0,1,0,0,0,0,0
10942,7810,1,46,19,3206,0,1,0,0,0,0,0,1,0,0,0,0
10943,1146,1,30,8,2243,0,7,1,0,0,0,0,0,0,0,0,0
10995,8249,1,21,30,1928,0,5,0,0,0,0,0,0,0,0,1,0
11019,8145,1,40,24,1903,0,7,1,0,0,0,0,0,0,0,0,0
11035,7860,1,21,8,2111,0,7,1,0,0,0,0,0,0,0,0,0
11050,9557,1,30,12,2460,0,7,1,0,0,0,0,0,0,0,0,0
11066,7562,1,22,13,2431,0,9,0,1,0,0,0,0,0,0,0,0
11099,1201,1,50,5,2033,0,7,1,0,0,0,0,0,0,0,0,0
11101,1936,1,48,1,1549,1,9,0,1,0,0,0,0,0,0,0,0
11154,5206,1,32,4,2598,0,8,0,0,0,0,1,0,0,0,0,0
11162,11582,1,39,26,1449,0,2,0,0,0,0,0,0,0,0,0,1
11175,9274,1,70,30,3801,0,2,0,0,0,0,0,0,0,0,0,1
11183,4761,1,30,3,2721,0,6,0,0,0,1,0,0,0,0,0,0
11201,6338,1,28,21,2160,0,10,0,0,0,0,0,0,0,1,0,0
11241,295,1,54,4,2910,0,8,0,0,0,0,1,0,0,0,0,0
11268,7237,1,50,18,1882,0,3,0,0,1,0,0,0,0,0,0,0
11371,9182,1,25,31,2482,0,8,0,0,0,0,1,0,0,0,0,0
11400,929,1,18,25,1721,0,10,0,0,0,0,0,0,0,1,0,0
11428,11824,1,22,16,1833,0,10,0,0,0,0,0,0,0,1,0,0
11490,6504,1,42,10,2395,0,3,0,0,1,0,0,0,0,0,0,0
11518,3898,1,22,10,2232,0,8,0,0,0,0,1,0,0,0,0,0
11537,2959,1,58,18,1909,0,3,0,0,1,0,0,0,0,0,0,0
11540,5175,1,25,13,1448,0,9,0,1,0,0,0,0,0,0,0,0
11595,3700,1,65,24,3031,0,4,0,0,0,0,0,0,1,0,0,0
11616,7283,1,22,4,2514,0,1,0,0,0,0,0,1,0,0,0,0
11622,10265,1,60,21,1464,0,8,0,0,0,0,1,0,0,0,0,0
11625,9156,1,22,18,1701,0,10,0,0,0,0,0,0,0,1,0,0
11647,11846,1,55,16,2490,0,7,1,0,0,0,0,0,0,0,0,0
11655,3402,1,30,10,3259,0,3,0,0,1,0,0,0,0,0,0,0
11673,5523,1,26,21,1924,0,8,0,0,0,0,1,0,0,0,0,0
11705,7464,1,23,23,2505,0,10,0,0,0,0,0,0,0,1,0,0
11718,8999,1,71,17,2033,0,1,0,0,0,0,0,1,0,0,0,0
11722,3119,1,40,17,2181,0,10,0,0,0,0,0,0,0,1,0,0
11786,6088,1,65,24,1463,0,5,0,0,0,0,0,0,0,0,1,0
11871,6158,1,30,3,1921,0,2,0,0,0,0,0,0,0,0,0,1
11890,7502,1,48,22,1800,0,5,0,0,0,0,0,0,0,0,1,0
11906,1767,1,18,21,2841,0,3,0,0,1,0,0,0,0,0,0,0
11908,2101,1,55,4,3562,0,2,0,0,0,0,0,0,0,0,0,1
11952,9199,1,38,14,2475,0,7,1,0,0,0,0,0,0,0,0,0
12026,10823,1,28,22,1898,0,3,0,0,1,0,0,0,0,0,0,0
12032,3480,1,55,12,2075,0,7,1,0,0,0,0,0,0,0,0,0
12051,11081,1,40,22,2047,0,1,0,0,0,0,0,1,0,0,0,0
12060,609,1,25,14,2432,0,7,1,0,0,0,0,0,0,0,0,0
12123,3256,1,28,20,2096,0,3,0,0,1,0,0,0,0,0,0,0
12124,6264,1,40,4,2361,0,1,0,0,0,0,0,1,0,0,0,0
12125,6085,1,20,20,1834,0,7,1,0,0,0,0,0,0,0,0,0
12126,8650,1,26,16,454,0,10,0,0,0,0,0,0,0,1,0,0
12159,3398,1,18,20,1623,0,7,1,0,0,0,0,0,0,0,0,0
12216,9677,1,30,11,2483,0,9,0,1,0,0,0,0,0,0,0,0
12233,1067,1,24,6,1337,0,1,0,0,0,0,0,1,0,0,0,0
12235,11102,1,30,22,1428,0,5,0,0,0,0,0,0,0,0,1,0
12239,11790,1,72,11,1769,0,5,0,0,0,0,0,0,0,0,1,0
12241,2511,1,30,10,1858,0,7,1,0,0,0,0,0,0,0,0,0
12254,6442,1,25,21,2641,0,3,0,0,1,0,0,0,0,0,0,0
12277,5692,1,37,21,2266,0,8,0,0,0,0,1,0,0,0,0,0
12284,7853,1,28,5,2555,0,3,0,0,1,0,0,0,0,0,0,0
12308,6072,1,62,25,1126,0,8,0,0,0,0,1,0,0,0,0,0
12358,9180,1,31,18,1700,0,10,0,0,0,0,0,0,0,1,0,0
12415,244,1,51,17,3532,0,8,0,0,0,0,1,0,0,0,0,0
12434,8116,1,64,24,2062,0,7,1,0,0,0,0,0,0,0,0,0
12435,3404,1,52,14,1760,0,4,0,0,0,0,0,0,1,0,0,0
12461,11063,1,45,26,1371,0,2,0,0,0,0,0,0,0,0,0,1
12526,5468,1,27,11,1365,0,5,0,0,0,0,0,0,0,0,1,0
12542,2795,1,32,16,2420,0,7,1,0,0,0,0,0,0,0,0,0
12589,3508,1,40,22,2374,0,6,0,0,0,1,0,0,0,0,0,0
12591,3535,1,50,17,1348,0,10,0,0,0,0,0,0,0,1,0,0
12605,6728,1,33,17,4033,0,1,0,0,0,0,0,1,0,0,0,0
12641,2045,1,30,4,1389,0,1,0,0,0,0,0,1,0,0,0,0
12642,4233,1,28,28,3328,0,2,0,0,0,0,0,0,0,0,0,1
12654,8949,1,75,29,2004,0,5,0,0,0,0,0,0,0,0,1,0
12691,8411,1,42,5,3408,0,7,1,0,0,0,0,0,0,0,0,0
12710,11791,1,65,18,2842,0,1,0,0,0,0,0,1,0,0,0,0
12730,8214,1,40,8,2052,0,8,0,0,0,0,1,0,0,0,0,0
12747,8539,1,35,21,2252,0,3,0,0,1,0,0,0,0,0,0,0
12754,9612,1,75,12,2408,0,2,0,0,0,0,0,0,0,0,0,1
12771,4042,1,34,10,1560,0,7,1,0,0,0,0,0,0,0,0,0
12776,3504,1,38,21,1138,0,8,0,0,0,0,1,0,0,0,0,0
12782,5890,1,19,10,1575,0,7,1,0,0,0,0,0,0,0,0,0
12792,5056,1,46,6,2063,0,3,0,0,1,0,0,0,0,0,0,0
12816,5848,1,30,14,2031,0,4,0,0,0,0,0,0,1,0,0,0
12819,126,1,29,26,1638,0,1,0,0,0,0,0,1,0,0,0,0
12838,2707,1,33,12,3243,0,5,0,0,0,0,0,0,0,0,1,0
12849,4629,1,32,12,1890,0,10,0,0,0,0,0,0,0,1,0,0
12900,6301,1,80,18,1514,0,7,1,0,0,0,0,0,0,0,0,0
12923,5979,1,30,30,2091,0,2,0,0,0,0,0,0,0,0,0,1
13008,7365,1,30,14,2214,0,4,0,0,0,0,0,0,1,0,0,0
13015,11102,1,32,22,1598,0,5,0,0,0,0,0,0,0,0,1,0
13016,4672,1,48,7,1465,1,7,1,0,0,0,0,0,0,0,0,0
13024,6431,1,40,22,1742,0,1,0,0,0,0,0,1,0,0,0,0
13052,1344,1,24,13,1840,0,9,0,1,0,0,0,0,0,0,0,0
13077,3961,1,58,6,3179,0,8,0,0,0,0,1,0,0,0,0,0
13082,3163,1,40,23,1744,0,10,0,0,0,0,0,0,0,1,0,0
13139,3639,1,45,23,780,0,1,0,0,0,0,0,1,0,0,0,0
13195,7464,1,26,23,2904,0,10,0,0,0,0,0,0,0,1,0,0
13266,9198,1,52,7,2335,1,5,0,0,0,0,0,0,0,0,1,0
13267,9626,1,20,17,1863,0,3,0,0,1,0,0,0,0,0,0,0
13289,3506,1,62,21,1870,0,8,0,0,0,0,1,0,0,0,0,0
13303,8425,1,32,21,1040,0,8,0,0,0,0,1,0,0,0,0,0
13320,8547,1,45,8,2329,0,10,0,0,0,0,0,0,0,1,0,0
13361,4675,1,18,5,1561,0,5,0,0,0,0,0,0,0,0,1,0
13378,6764,1,31,8,1467,0,7,1,0,0,0,0,0,0,0,0,0
13381,2740,1,26,26,1446,0,2,0,0,0,0,0,0,0,0,0,1
13390,4811,1,32,2,3252,0,8,0,0,0,0,1,0,0,0,0,0
13405,1011,1,23,8,2217,0,8,0,0,0,0,1,0,0,0,0,0
13419,2317,1,19,23,1929,0,7,1,0,0,0,0,0,0,0,0,0
13434,8734,1,20,11,2065,0,5,0,0,0,0,0,0,0,0,1,0
13454,3058,1,44,12,1282,0,7,1,0,0,0,0,0,0,0,0,0
13458,5093,1,28,10,1947,0,10,0,0,0,0,0,0,0,1,0,0
13486,4411,1,20,20,1854,0,6,0,0,0,1,0,0,0,0,0,0
13519,4359,1,30,30,2064,0,5,0,0,0,0,0,0,0,0,1,0
13598,10281,1,18,5,1272,0,1,0,0,0,0,0,1,0,0,0,0
13656,8681,1,40,15,1020,0,10,0,0,0,0,0,0,0,1,0,0
13801,294,1,23,5,1420,0,9,0,1,0,0,0,0,0,0,0,0
13822,5462,1,19,7,975,1,1,0,0,0,0,0,1,0,0,0,0
13823,1560,1,32,5,2412,0,7,1,0,0,0,0,0,0,0,0,0
13840,2753,1,35,26,3704,0,1,0,0,0,0,0,1,0,0,0,0
13850,5190,1,45,7,1798,1,9,0,1,0,0,0,0,0,0,0,0
13871,3956,1,45,19,2191,0,1,0,0,0,0,0,1,0,0,0,0
13884,4591,1,46,10,1461,0,10,0,0,0,0,0,0,0,1,0,0
13891,6540,1,20,13,1485,0,9,0,1,0,0,0,0,0,0,0,0
13915,2651,1,26,23,2225,0,8,0,0,0,0,1,0,0,0,0,0
13924,2629,1,28,25,2005,0,8,0,0,0,0,1,0,0,0,0,0
13932,6312,1,70,8,1404,0,10,0,0,0,0,0,0,0,1,0,0
13941,6802,1,24,9,2097,0,3,0,0,1,0,0,0,0,0,0,0
13984,3620,1,32,29,1855,0,6,0,0,0,1,0,0,0,0,0,0
14000,7900,1,30,8,2361,0,4,0,0,0,0,0,0,1,0,0,0
14050,2340,1,77,20,3039,0,1,0,0,0,0,0,1,0,0,0,0
14054,8981,1,20,11,1966,0,5,0,0,0,0,0,0,0,0,1,0
14071,8804,1,46,20,1656,0,7,1,0,0,0,0,0,0,0,0,0
14113,596,1,20,9,615,0,1,0,0,0,0,0,1,0,0,0,0
14132,9484,1,45,21,1860,0,8,0,0,0,0,1,0,0,0,0,0
14208,3253,1,26,7,881,1,1,0,0,0,0,0,1,0,0,0,0
14271,1097,1,80,18,1308,0,3,0,0,1,0,0,0,0,0,0,0
14272,6801,1,45,15,608,0,10,0,0,0,0,0,0,0,1,0,0
14338,4655,1,38,10,2874,0,2,0,0,0,0,0,0,0,0,0,1
14354,6817,1,21,23,2380,0,8,0,0,0,0,1,0,0,0,0,0
14389,9467,1,60,15,2272,0,10,0,0,0,0,0,0,0,1,0,0
14398,6758,1,37,12,3248,0,7,1,0,0,0,0,0,0,0,0,0
14433,11894,1,55,26,1475,0,2,0,0,0,0,0,0,0,0,0,1
14460,10434,1,35,12,2690,0,10,0,0,0,0,0,0,0,1,0,0
14482,8538,1,35,20,2316,0,7,1,0,0,0,0,0,0,0,0,0
14486,4834,1,22,8,2727,0,7,1,0,0,0,0,0,0,0,0,0
14502,2303,1,38,6,3848,0,2,0,0,0,0,0,0,0,0,0,1
14539,8926,1,28,14,1407,0,4,0,0,0,0,0,0,1,0,0,0
14586,4766,1,62,23,432,0,1,0,0,0,0,0,1,0,0,0,0
14602,5372,1,38,12,1940,0,5,0,0,0,0,0,0,0,0,1,0
14608,10175,1,25,3,1825,0,9,0,1,0,0,0,0,0,0,0,0
14656,6757,1,40,23,3076,0,3,0,0,1,0,0,0,0,0,0,0
14658,3980,1,26,4,2704,0,3,0,0,1,0,0,0,0,0,0,0
14687,11114,1,50,11,2414,0,9,0,1,0,0,0,0,0,0,0,0
14765,8934,1,55,22,1310,0,4,0,0,0,0,0,0,1,0,0,0
14786,9555,1,23,14,1410,0,3,0,0,1,0,0,0,0,0,0,0
14833,9963,1,54,21,2061,0,10,0,0,0,0,0,0,0,1,0,0
14846,2858,1,45,7,1607,1,7,1,0,0,0,0,0,0,0,0,0
14855,2579,1,25,19,2100,0,10,0,0,0,0,0,0,0,1,0,0
14859,6911,1,46,12,1234,0,9,0,1,0,0,0,0,0,0,0,0
14869,9543,1,27,14,2014,0,4,0,0,0,0,0,0,1,0,0,0
14871,3361,1,37,8,1847,0,10,0,0,0,0,0,0,0,1,0,0
14890,6282,1,60,15,1311,0,3,0,0,1,0,0,0,0,0,0,0
14906,5966,1,45,22,1434,0,1,0,0,0,0,0,1,0,0,0,0
14940,7028,1,50,6,1854,0,7,1,0,0,0,0,0,0,0,0,0
14968,5619,1,55,23,1911,0,7,1,0,0,0,0,0,0,0,0,0
14987,5212,1,26,23,682,0,1,0,0,0,0,0,1,0,0,0,0
15005,4001,1,19,12,1193,0,7,1,0,0,0,0,0,0,0,0,0
15027,11791,1,30,18,3157,0,1,0,0,0,0,0,1,0,0,0,0
15034,11591,1,50,18,1153,0,10,0,0,0,0,0,0,0,1,0,0
15063,11503,1,50,14,2163,0,3,0,0,1,0,0,0,0,0,0,0
15111,283,1,19,23,1741,0,7,1,0,0,0,0,0,0,0,0,0
15143,10614,1,40,31,2156,0,5,0,0,0,0,0,0,0,0,1,0
15228,9412,1,27,5,510,0,1,0,0,0,0,0,1,0,0,0,0
15241,8204,1,27,23,2006,0,10,0,0,0,0,0,0,0,1,0,0
15272,8641,1,58,26,2538,0,1,0,0,0,0,0,1,0,0,0,0
15321,10709,1,32,6,2709,0,2,0,0,0,0,0,0,0,0,0,1
15328,6430,1,31,11,1651,0,5,0,0,0,0,0,0,0,0,1,0
15348,4212,1,25,30,1916,0,2,0,0,0,0,0,0,0,0,0,1
15360,9312,1,30,8,3979,0,7,1,0,0,0,0,0,0,0,0,0
15409,9921,1,26,7,1559,1,7,1,0,0,0,0,0,0,0,0,0
15427,4228,1,50,31,2446,0,8,0,0,0,0,1,0,0,0,0,0
15467,8666,1,40,10,2146,0,7,1,0,0,0,0,0,0,0,0,0
15524,3132,1,39,13,1679,0,9,0,1,0,0,0,0,0,0,0,0
15562,3906,1,29,4,2269,0,10,0,0,0,0,0,0,0,1,0,0
15573,10740,1,51,15,2216,0,3,0,0,1,0,0,0,0,0,0,0
15635,8297,1,34,23,2300,0,8,0,0,0,0,1,0,0,0,0,0
15671,8848,1,50,8,3614,0,8,0,0,0,0,1,0,0,0,0,0
15683,1107,1,25,26,1760,0,1,0,0,0,0,0,1,0,0,0,0
15724,3788,1,45,5,1929,0,3,0,0,1,0,0,0,0,0,0,0
15730,7670,1,20,28,3008,0,1,0,0,0,0,0,1,0,0,0,0
15770,9613,1,21,3,560,0,2,0,0,0,0,0,0,0,0,0,1
15843,8875,1,40,7,2243,1,5,0,0,0,0,0,0,0,0,1,0
15970,4201,1,52,21,1258,0,8,0,0,0,0,1,0,0,0,0,0
16008,6561,1,20,6,2645,0,8,0,0,0,0,1,0,0,0,0,0
16022,1287,1,60,25,1644,0,8,0,0,0,0,1,0,0,0,0,0
16040,6405,1,30,20,2281,0,1,0,0,0,0,0,1,0,0,0,0
16056,3769,1,25,15,1942,0,3,0,0,1,0,0,0,0,0,0,0
16078,6239,1,37,3,1989,0,6,0,0,0,1,0,0,0,0,0,0
16118,2182,1,18,26,2466,0,1,0,0,0,0,0,1,0,0,0,0
16146,6950,1,22,15,2195,0,10,0,0,0,0,0,0,0,1,0,0
16161,11895,1,30,5,1598,0,9,0,1,0,0,0,0,0,0,0,0
16173,4233,1,35,28,2544,0,2,0,0,0,0,0,0,0,0,0,1
16174,4001,1,26,12,1210,0,7,1,0,0,0,0,0,0,0,0,0
16176,7516,1,45,13,2118,0,9,0,1,0,0,0,0,0,0,0,0
16190,2352,1,30,1,2193,1,9,0,1,0,0,0,0,0,0,0,0
16247,9165,1,28,3,1760,0,9,0,1,0,0,0,0,0,0,0,0
16287,5229,1,24,24,2222,0,6,0,0,0,1,0,0,0,0,0,0
16292,7746,1,60,8,2194,0,2,0,0,0,0,0,0,0,0,0,1
16301,6085,1,50,20,1918,0,7,1,0,0,0,0,0,0,0,0,0
16309,2678,1,50,25,639,0,8,0,0,0,0,1,0,0,0,0,0
16349,7572,1,55,10,2480,0,8,0,0,0,0,1,0,0,0,0,0
16388,9658,1,50,19,1301,0,8,0,0,0,0,1,0,0,0,0,0
16394,2896,1,50,19,1934,0,1,0,0,0,0,0,1,0,0,0,0
16397,7703,1,38,23,2777,0,3,0,0,1,0,0,0,0,0,0,0
16452,9258,1,33,15,1562,0,3,0,0,1,0,0,0,0,0,0,0
16577,1787,1,45,16,1403,0,10,0,0,0,0,0,0,0,1,0,0
16586,498,1,26,7,2544,1,3,0,0,1,0,0,0,0,0,0,0
16607,2187,1,35,9,3583,0,9,0,1,0,0,0,0,0,0,0,0
16643,6018,1,35,24,1757,0,5,0,0,0,0,0,0,0,0,1,0
16680,10878,1,40,5,1542,0,1,0,0,0,0,0,1,0,0,0,0
16692,11037,1,28,29,1556,0,5,0,0,0,0,0,0,0,0,1,0
16751,4557,1,30,10,2722,0,2,0,0,0,0,0,0,0,0,0,1
16756,5021,1,23,21,1653,0,3,0,0,1,0,0,0,0,0,0,0
16810,3253,1,51,7,894,1,1,0,0,0,0,0,1,0,0,0,0
16834,7653,1,30,22,1842,0,4,0,0,0,0,0,0,1,0,0,0
16836,5071,1,21,4,2777,0,1,0,0,0,0,0,1,0,0,0,0
16890,4859,1,20,17,1153,0,10,0,0,0,0,0,0,0,1,0,0
16908,11102,1,53,22,1828,0,5,0,0,0,0,0,0,0,0,1,0
16968,2598,1,25,7,1389,1,5,0,0,0,0,0,0,0,0,1,0
16984,9730,1,40,7,2328,1,3,0,0,1,0,0,0,0,0,0,0
16996,5025,1,21,24,1565,0,5,0,0,0,0,0,0,0,0,1,0
17020,6055,1,42,22,2787,0,3,0,0,1,0,0,0,0,0,0,0
17031,7640,1,36,1,2849,1,6,0,0,0,1,0,0,0,0,0,0
17080,4585,1,40,4,1917,0,10,0,0,0,0,0,0,0,1,0,0
17098,6471,1,42,1,1682,1,9,0,1,0,0,0,0,0,0,0,0
17252,4882,1,28,22,2207,0,3,0,0,1,0,0,0,0,0,0,0
17258,7562,1,40,13,1883,0,9,0,1,0,0,0,0,0,0,0,0
17263,2614,1,35,22,1562,0,4,0,0,0,0,0,0,1,0,0,0
17294,2710,1,60,10,1581,0,7,1,0,0,0,0,0,0,0,0,0
17306,1402,1,60,28,1785,0,5,0,0,0,0,0,0,0,0,1,0
17330,6151,1,52,29,2536,0,6,0,0,0,1,0,0,0,0,0,0
17332,9149,1,60,9,1454,0,4,0,0,0,0,0,0,1,0,0,0
17334,10591,1,23,22,1967,0,1,0,0,0,0,0,1,0,0,0,0
17350,2215,1,48,8,2656,0,8,0,0,0,0,1,0,0,0,0,0
17352,5908,1,39,2,3930,0,8,0,0,0,0,1,0,0,0,0,0
17395,5369,1,70,9,1939,0,4,0,0,0,0,0,0,1,0,0,0
17490,3179,1,52,8,2713,0,8,0,0,0,0,1,0,0,0,0,0
17535,10132,1,42,24,1058,0,5,0,0,0,0,0,0,0,0,1,0
17559,1030,1,50,12,1171,0,7,1,0,0,0,0,0,0,0,0,0
17568,8427,1,35,23,2062,0,3,0,0,1,0,0,0,0,0,0,0
17599,7233,1,38,21,1824,0,3,0,0,1,0,0,0,0,0,0,0
17639,7623,1,42,5,3290,0,5,0,0,0,0,0,0,0,0,1,0
17641,4001,1,52,12,1228,0,7,1,0,0,0,0,0,0,0,0,0
17660,3215,1,27,23,2603,0,8,0,0,0,0,1,0,0,0,0,0
17677,6038,1,54,16,1379,0,10,0,0,0,0,0,0,0,1,0,0
17705,5854,1,60,1,497,1,2,0,0,0,0,0,0,0,0,0,1
17732,7537,1,25,11,2539,0,9,0,1,0,0,0,0,0,0,0,0
17740,9455,1,21,24,2043,0,6,0,0,0,1,0,0,0,0,0,0
17791,6186,1,47,5,724,0,1,0,0,0,0,0,1,0,0,0,0
17810,475,1,49,17,2610,0,8,0,0,0,0,1,0,0,0,0,0
17811,9395,1,45,18,643,0,10,0,0,0,0,0,0,0,1,0,0
17822,1752,1,42,5,1587,0,5,0,0,0,0,0,0,0,0,1,0
17836,7861,1,25,19,2847,0,8,0,0,0,0,1,0,0,0,0,0
17857,4675,1,47,5,1289,0,5,0,0,0,0,0,0,0,0,1,0
17890,7274,1,71,29,2812,0,5,0,0,0,0,0,0,0,0,1,0
17948,4192,1,38,6,1426,0,7,1,0,0,0,0,0,0,0,0,0
17988,7767,1,50,22,3683,0,1,0,0,0,0,0,1,0,0,0,0
18017,7426,1,27,10,3352,0,7,1,0,0,0,0,0,0,0,0,0
18027,3279,1,45,16,2202,0,7,1,0,0,0,0,0,0,0,0,0
18041,11558,1,80,4,1694,0,7,1,0,0,0,0,0,0,0,0,0
18103,7064,1,18,22,1760,0,4,0,0,0,0,0,0,1,0,0,0
18137,10587,1,18,6,2432,0,8,0,0,0,0,1,0,0,0,0,0
18141,5762,1,19,9,2092,0,5,0,0,0,0,0,0,0,0,1,0
18154,10486,1,60,11,1202,0,5,0,0,0,0,0,0,0,0,1,0
18162,10653,1,58,29,2912,0,6,0,0,0,1,0,0,0,0,0,0
18217,2741,1,42,12,2454,0,9,0,1,0,0,0,0,0,0,0,0
18235,4144,1,31,7,1829,1,9,0,1,0,0,0,0,0,0,0,0
18290,6420,1,49,11,2765,0,9,0,1,0,0,0,0,0,0,0,0
18307,6797,1,40,14,1915,0,3,0,0,1,0,0,0,0,0,0,0
18310,3216,1,60,26,3121,0,1,0,0,0,0,0,1,0,0,0,0
18376,3109,1,20,26,1621,0,1,0,0,0,0,0,1,0,0,0,0
18387,3903,1,60,1,630,1,2,0,0,0,0,0,0,0,0,0,1
18461,8799,1,21,8,3482,0,8,0,0,0,0,1,0,0,0,0,0
18511,2904,1,24,12,1653,0,9,0,1,0,0,0,0,0,0,0,0
18520,3227,1,22,30,1775,0,5,0,0,0,0,0,0,0,0,1,0
18562,8623,1,38,16,1422,0,10,0,0,0,0,0,0,0,1,0,0
18574,5175,1,50,13,1640,0,9,0,1,0,0,0,0,0,0,0,0
18675,8827,1,26,17,1978,0,8,0,0,0,0,1,0,0,0,0,0
18728,2821,1,42,7,2678,1,3,0,0,1,0,0,0,0,0,0,0
18769,9754,1,30,20,2173,0,6,0,0,0,1,0,0,0,0,0,0
18775,4584,1,72,4,2529,0,10,0,0,0,0,0,0,0,1,0,0
18820,4841,1,81,23,1576,0,10,0,0,0,0,0,0,0,1,0,0
18858,1195,1,46,1,2709,1,6,0,0,0,1,0,0,0,0,0,0
18859,8906,1,42,28,4471,0,5,0,0,0,0,0,0,0,0,1,0
18861,4073,1,37,17,2508,0,3,0,0,1,0,0,0,0,0,0,0
18869,7994,1,20,12,2431,0,5,0,0,0,0,0,0,0,0,1,0
18955,7081,1,38,28,2047,0,5,0,0,0,0,0,0,0,0,1,0
18971,2257,1,26,16,737,0,7,1,0,0,0,0,0,0,0,0,0
18980,11480,1,50,16,2425,0,3,0,0,1,0,0,0,0,0,0,0
18985,1107,1,51,26,2344,0,1,0,0,0,0,0,1,0,0,0,0
18988,5440,1,45,23,2485,0,8,0,0,0,0,1,0,0,0,0,0
19005,242,1,22,21,1526,0,8,0,0,0,0,1,0,0,0,0,0
19094,5037,1,24,22,2518,0,3,0,0,1,0,0,0,0,0,0,0
19130,5559,1,40,28,3266,0,2,0,0,0,0,0,0,0,0,0,1
19193,8878,1,40,15,1441,0,3,0,0,1,0,0,0,0,0,0,0
19196,3089,1,22,20,1830,0,6,0,0,0,1,0,0,0,0,0,0
19203,6540,1,28,13,1753,0,9,0,1,0,0,0,0,0,0,0,0
19219,8104,1,67,11,1975,0,5,0,0,0,0,0,0,0,0,1,0
19242,5297,1,30,4,3009,0,2,0,0,0,0,0,0,0,0,0,1
19271,9010,1,24,21,1181,0,8,0,0,0,0,1,0,0,0,0,0
19290,2075,1,18,28,3734,0,1,0,0,0,0,0,1,0,0,0,0
19438,11604,1,22,24,1626,0,4,0,0,0,0,0,0,1,0,0,0
19456,3089,1,48,20,1996,0,6,0,0,0,1,0,0,0,0,0,0
19494,10133,1,50,1,1991,1,9,0,1,0,0,0,0,0,0,0,0
19542,1701,1,26,14,2071,0,3,0,0,1,0,0,0,0,0,0,0
19561,3973,1,32,24,1618,0,5,0,0,0,0,0,0,0,0,1,0
19596,9812,1,42,4,2397,0,8,0,0,0,0,1,0,0,0,0,0
19610,3489,1,35,5,1580,0,1,0,0,0,0,0,1,0,0,0,0
19611,10132,1,26,24,1733,0,5,0,0,0,0,0,0,0,0,1,0
19660,11365,1,48,10,1461,0,7,1,0,0,0,0,0,0,0,0,0
19707,1244,1,24,23,2122,0,8,0,0,0,0,1,0,0,0,0,0
19806,10614,1,19,31,2413,0,5,0,0,0,0,0,0,0,0,1,0
19808,10941,1,38,21,1227,0,8,0,0,0,0,1,0,0,0,0,0
19886,11771,1,35,22,2711,0,3,0,0,1,0,0,0,0,0,0,0
19912,9815,1,35,11,1842,0,5,0,0,0,0,0,0,0,0,1,0
19954,885,1,30,16,2103,0,7,1,0,0,0,0,0,0,0,0,0
19974,4003,1,22,11,1925,0,5,0,0,0,0,0,0,0,0,1,0
19987,8958,1,22,19,1637,0,8,0,0,0,0,1,0,0,0,0,0
19995,6774,1,18,21,1695,0,3,0,0,1,0,0,0,0,0,0,0
19997,4947,1,65,8,2035,0,7,1,0,0,0,0,0,0,0,0,0
20034,10720,1,27,23,1834,0,8,0,0,0,0,1,0,0,0,0,0
20037,11563,1,32,4,2586,0,3,0,0,1,0,0,0,0,0,0,0
20106,10281,1,70,5,580,0,1,0,0,0,0,0,1,0,0,0,0
20257,1379,1,23,26,1581,0,2,0,0,0,0,0,0,0,0,0,1
20300,10218,1,18,12,1695,0,9,0,1,0,0,0,0,0,0,0,0
20328,5481,1,30,9,2307,0,9,0,1,0,0,0,0,0,0,0,0
20415,3243,1,68,5,2281,0,7,1,0,0,0,0,0,0,0,0,0
20447,5845,1,80,28,1962,0,5,0,0,0,0,0,0,0,0,1,0
20451,2123,1,18,19,2222,0,1,0,0,0,0,0,1,0,0,0,0
20454,3771,1,18,28,2173,0,1,0,0,0,0,0,1,0,0,0,0
20465,8856,1,20,9,2142,0,4,0,0,0,0,0,0,1,0,0,0
20486,6656,1,25,1,725,1,2,0,0,0,0,0,0,0,0,0,1
20500,11554,1,32,19,2652,0,8,0,0,0,0,1,0,0,0,0,0
20503,8238,1,42,2,2306,0,8,0,0,0,0,1,0,0,0,0,0
20504,5762,1,24,9,1334,0,5,0,0,0,0,0,0,0,0,1,0
20525,1091,1,30,17,2205,0,8,0,0,0,0,1,0,0,0,0,0
20552,3785,1,23,9,1656,0,9,0,1,0,0,0,0,0,0,0,0
20623,9737,1,70,22,1928,0,5,0,0,0,0,0,0,0,0,1,0
20671,7429,1,65,8,1755,0,7,1,0,0,0,0,0,0,0,0,0
20678,7316,1,40,5,1663,0,5,0,0,0,0,0,0,0,0,1,0
20681,4873,1,55,10,3242,0,8,0,0,0,0,1,0,0,0,0,0
20717,7988,1,18,30,2555,0,5,0,0,0,0,0,0,0,0,1,0
20740,137,1,27,29,2162,0,5,0,0,0,0,0,0,0,0,1,0
20745,4873,1,27,10,3200,0,8,0,0,0,0,1,0,0,0,0,0
20797,308,1,68,24,380,0,1,0,0,0,0,0,1,0,0,0,0
20828,11352,1,18,5,2076,0,5,0,0,0,0,0,0,0,0,1,0
20872,7247,1,30,12,2927,0,7,1,0,0,0,0,0,0,0,0,0
20887,9425,1,35,5,2437,0,3,0,0,1,0,0,0,0,0,0,0
20958,10121,1,35,9,3074,0,3,0,0,1,0,0,0,0,0,0,0
21013,4769,1,22,12,2434,0,5,0,0,0,0,0,0,0,0,1,0
21045,6175,1,22,14,2178,0,4,0,0,0,0,0,0,1,0,0,0
21048,3059,1,25,25,2418,0,8,0,0,0,0,1,0,0,0,0,0
21069,7827,1,50,12,2087,0,7,1,0,0,0,0,0,0,0,0,0
21093,6561,1,45,6,2664,0,8,0,0,0,0,1,0,0,0,0,0
21129,9667,1,50,5,2257,0,7,1,0,0,0,0,0,0,0,0,0
21179,7184,1,39,28,1758,0,5,0,0,0,0,0,0,0,0,1,0
21195,7380,1,25,21,3157,0,8,0,0,0,0,1,0,0,0,0,0
21209,929,1,52,25,2450,0,10,0,0,0,0,0,0,0,1,0,0
21258,4233,1,30,28,3482,0,2,0,0,0,0,0,0,0,0,0,1
21262,5217,1,30,18,2126,0,7,1,0,0,0,0,0,0,0,0,0
21294,6677,1,27,19,2414,0,8,0,0,0,0,1,0,0,0,0,0
21300,1700,1,32,30,2079,0,5,0,0,0,0,0,0,0,0,1,0
21309,4407,1,35,22,1281,0,1,0,0,0,0,0,1,0,0,0,0
21320,9963,1,26,21,2311,0,10,0,0,0,0,0,0,0,1,0,0
21332,7489,1,35,17,3145,0,3,0,0,1,0,0,0,0,0,0,0
21456,3059,1,55,25,1976,0,8,0,0,0,0,1,0,0,0,0,0
21499,5505,1,65,24,2237,0,4,0,0,0,0,0,0,1,0,0,0
21567,5556,1,36,10,1553,0,8,0,0,0,0,1,0,0,0,0,0
21579,3010,1,40,5,1192,0,5,0,0,0,0,0,0,0,0,1,0
21584,9629,1,19,6,1557,0,7,1,0,0,0,0,0,0,0,0,0
21639,1011,1,18,8,2221,0,8,0,0,0,0,1,0,0,0,0,0
21651,10722,1,39,21,1970,0,10,0,0,0,0,0,0,0,1,0,0
21677,4758,1,35,30,3550,0,2,0,0,0,0,0,0,0,0,0,1
21712,410,1,75,8,1732,0,4,0,0,0,0,0,0,1,0,0,0
21719,2915,1,35,12,2675,0,5,0,0,0,0,0,0,0,0,1,0
21796,8983,1,45,4,2451,0,10,0,0,0,0,0,0,0,1,0,0
21823,11476,1,48,17,2010,0,8,0,0,0,0,1,0,0,0,0,0
21829,5909,1,58,7,770,1,1,0,0,0,0,0,1,0,0,0,0
21885,9185,1,37,4,3544,0,8,0,0,0,0,1,0,0,0,0,0
21940,4860,1,22,10,2291,0,3,0,0,1,0,0,0,0,0,0,0
21941,814,1,24,5,1218,0,9,0,1,0,0,0,0,0,0,0,0
21992,11476,1,26,17,2165,0,8,0,0,0,0,1,0,0,0,0,0
21994,9454,1,32,22,2102,0,4,0,0,0,0,0,0,1,0,0,0
21998,11558,1,35,4,2582,0,7,1,0,0,0,0,0,0,0,0,0
22071,10092,1,40,23,1714,0,10,0,0,0,0,0,0,0,1,0,0
22082,10475,1,34,19,2181,0,8,0,0,0,0,1,0,0,0,0,0
22085,9043,1,30,14,1885,0,4,0,0,0,0,0,0,1,0,0,0
22144,2648,1,39,21,2354,0,1,0,0,0,0,0,1,0,0,0,0
22153,7858,1,62,23,2571,0,3,0,0,1,0,0,0,0,0,0,0
22217,486,1,65,7,1839,1,1,0,0,0,0,0,1,0,0,0,0
22252,7464,1,48,23,2916,0,10,0,0,0,0,0,0,0,1,0,0
22283,10695,1,35,10,2057,0,7,1,0,0,0,0,0,0,0,0,0
22294,3026,1,44,12,2204,0,7,1,0,0,0,0,0,0,0,0,0
22295,9190,1,45,31,2419,0,8,0,0,0,0,1,0,0,0,0,0
22340,3898,1,19,10,1466,0,8,0,0,0,0,1,0,0,0,0,0
22417,6896,1,42,10,2330,0,3,0,0,1,0,0,0,0,0,0,0
22476,6614,1,21,28,1585,0,2,0,0,0,0,0,0,0,0,0,1
22495,5737,1,24,9,1857,0,9,0,1,0,0,0,0,0,0,0,0
22569,3216,1,25,26,3047,0,1,0,0,0,0,0,1,0,0,0,0
22573,8297,1,61,23,2224,0,8,0,0,0,0,1,0,0,0,0,0
22742,6496,1,34,14,1774,0,4,0,0,0,0,0,0,1,0,0,0
22751,5481,1,50,9,2203,0,9,0,1,0,0,0,0,0,0,0,0
22752,2495,1,30,5,2338,0,3,0,0,1,0,0,0,0,0,0,0
22762,4641,1,52,26,1412,0,4,0,0,0,0,0,0,1,0,0,0
22984,6617,1,25,8,1335,0,7,1,0,0,0,0,0,0,0,0,0
22996,972,1,30,11,2645,0,9,0,1,0,0,0,0,0,0,0,0
23024,5979,1,60,30,2812,0,2,0,0,0,0,0,0,0,0,0,1
23082,4769,1,46,12,2723,0,5,0,0,0,0,0,0,0,0,1,0
23100,6601,1,35,4,2082,0,7,1,0,0,0,0,0,0,0,0,0
23138,2323,1,28,21,2450,0,10,0,0,0,0,0,0,0,1,0,0
23152,1280,1,42,23,1689,0,3,0,0,1,0,0,0,0,0,0,0
23163,9891,1,59,12,2167,0,2,0,0,0,0,0,0,0,0,0,1
23165,1201,1,32,5,2490,0,7,1,0,0,0,0,0,0,0,0,0
23168,6335,1,69,10,1883,0,7,1,0,0,0,0,0,0,0,0,0
23191,7012,1,52,12,1409,0,2,0,0,0,0,0,0,0,0,0,1
23193,6093,1,30,9,1597,0,1,0,0,0,0,0,1,0,0,0,0
23219,10690,1,30,6,2204,0,1,0,0,0,0,0,1,0,0,0,0
23247,6502,1,50,28,1587,0,5,0,0,0,0,0,0,0,0,1,0
23254,11892,1,33,23,605,0,1,0,0,0,0,0,1,0,0,0,0
23270,4122,1,50,31,2121,0,8,0,0,0,0,1,0,0,0,0,0
23276,7653,1,60,22,1714,0,4,0,0,0,0,0,0,1,0,0,0
23277,2862,1,42,22,1479,0,4,0,0,0,0,0,0,1,0,0,0
23285,10727,1,40,17,1704,0,3,0,0,1,0,0,0,0,0,0,0
23323,8113,1,35,9,2935,0,9,0,1,0,0,0,0,0,0,0,0
23325,893,1,45,1,650,1,2,0,0,0,0,0,0,0,0,0,1
23394,2123,1,42,19,2586,0,1,0,0,0,0,0,1,0,0,0,0
23403,6832,1,35,10,2347,0,10,0,0,0,0,0,0,0,1,0,0
23440,10443,1,56,24,1708,0,6,0,0,0,1,0,0,0,0,0,0
23569,259,1,45,23,568,0,1,0,0,0,0,0,1,0,0,0,0
23618,2896,1,24,19,2119,0,1,0,0,0,0,0,1,0,0,0,0
23658,1831,1,48,17,509,0,1,0,0,0,0,0,1,0,0,0,0
23662,7322,1,19,9,1285,0,1,0,0,0,0,0,1,0,0,0,0
23670,699,1,23,21,2727,0,8,0,0,0,0,1,0,0,0,0,0
23693,2906,1,25,6,2066,0,10,0,0,0,0,0,0,0,1,0,0
23703,8949,1,38,29,2169,0,5,0,0,0,0,0,0,0,0,1,0
23720,5523,1,60,21,1843,0,8,0,0,0,0,1,0,0,0,0,0
23730,5908,1,63,2,3506,0,8,0,0,0,0,1,0,0,0,0,0
23749,8066,1,52,9,1874,0,5,0,0,0,0,0,0,0,0,1,0
23757,3903,1,28,1,630,1,2,0,0,0,0,0,0,0,0,0,1
23785,210,1,45,23,2136,0,3,0,0,1,0,0,0,0,0,0,0
23821,9439,1,50,7,2065,1,9,0,1,0,0,0,0,0,0,0,0
23837,10662,1,45,12,1797,0,5,0,0,0,0,0,0,0,0,1,0
23845,4830,1,41,16,1832,0,3,0,0,1,0,0,0,0,0,0,0
23896,2078,1,40,8,1898,0,10,0,0,0,0,0,0,0,1,0,0
23911,4605,1,28,17,2129,0,3,0,0,1,0,0,0,0,0,0,0
23944,2665,1,55,31,3190,0,8,0,0,0,0,1,0,0,0,0,0
23959,1644,1,48,25,1663,0,8,0,0,0,0,1,0,0,0,0,0
24072,6591,1,25,4,1785,0,2,0,0,0,0,0,0,0,0,0,1
24094,1517,1,27,19,2554,0,1,0,0,0,0,0,1,0,0,0,0
24139,7810,1,19,19,2875,0,1,0,0,0,0,0,1,0,0,0,0
24149,1460,1,60,22,1552,0,4,0,0,0,0,0,0,1,0,0,0
24180,11620,1,43,2,3672,0,2,0,0,0,0,0,0,0,0,0,1
24204,8902,1,48,12,899,0,7,1,0,0,0,0,0,0,0,0,0
24217,1726,1,30,16,4208,0,3,0,0,1,0,0,0,0,0,0,0
24247,11051,1,65,19,1247,0,8,0,0,0,0,1,0,0,0,0,0
24307,2209,1,20,4,1429,0,10,0,0,0,0,0,0,0,1,0,0
24352,699,1,45,21,3318,0,8,0,0,0,0,1,0,0,0,0,0
24402,7014,1,70,8,1957,0,2,0,0,0,0,0,0,0,0,0,1
24496,7746,1,28,8,2379,0,2,0,0,0,0,0,0,0,0,0,1
24497,4901,1,25,20,1696,0,6,0,0,0,1,0,0,0,0,0,0
24550,8679,1,40,28,3970,0,5,0,0,0,0,0,0,0,0,1,0
24626,5461,1,36,30,2267,0,5,0,0,0,0,0,0,0,0,1,0
24650,9073,1,31,23,2323,0,7,1,0,0,0,0,0,0,0,0,0
24766,6507,1,55,11,1390,0,5,0,0,0,0,0,0,0,0,1,0
24818,3014,1,45,19,2656,0,1,0,0,0,0,0,1,0,0,0,0
24826,10022,1,27,21,1744,0,3,0,0,1,0,0,0,0,0,0,0
24827,3527,1,55,6,2813,0,8,0,0,0,0,1,0,0,0,0,0
24837,3120,1,33,4,2179,0,7,1,0,0,0,0,0,0,0,0,0
25007,6208,1,45,21,1607,0,1,0,0,0,0,0,1,0,0,0,0
25020,5768,1,18,16,1893,0,7,1,0,0,0,0,0,0,0,0,0
25029,875,1,30,31,2330,0,5,0,0,0,0,0,0,0,0,1,0
25105,7770,1,80,20,2601,0,1,0,0,0,0,0,1,0,0,0,0
25157,3885,1,24,6,2924,0,8,0,0,0,0,1,0,0,0,0,0
25164,4506,1,25,13,1313,0,9,0,1,0,0,0,0,0,0,0,0
25169,6450,1,32,6,2133,0,10,0,0,0,0,0,0,0,1,0,0
25200,6282,1,32,15,1137,0,3,0,0,1,0,0,0,0,0,0,0
25225,5177,1,21,18,1779,0,7,1,0,0,0,0,0,0,0,0,0
25336,11465,1,63,17,3508,0,1,0,0,0,0,0,1,0,0,0,0
25369,7757,1,42,9,2480,0,3,0,0,1,0,0,0,0,0,0,0
25377,5830,1,45,4,2556,0,1,0,0,0,0,0,1,0,0,0,0
25379,2358,1,26,4,3259,0,8,0,0,0,0,1,0,0,0,0,0
25401,3937,1,65,1,1378,1,2,0,0,0,0,0,0,0,0,0,1
25406,1620,1,62,23,1472,0,8,0,0,0,0,1,0,0,0,0,0
25457,3163,1,20,23,1872,0,10,0,0,0,0,0,0,0,1,0,0
25468,2462,1,45,17,825,0,10,0,0,0,0,0,0,0,1,0,0
25507,7452,1,48,4,2991,0,2,0,0,0,0,0,0,0,0,0,1
25539,11063,1,26,26,1446,0,2,0,0,0,0,0,0,0,0,0,1
25565,260,1,21,4,2197,0,10,0,0,0,0,0,0,0,1,0,0
25616,8160,1,45,4,1956,0,8,0,0,0,0,1,0,0,0,0,0
25620,8206,1,38,7,1638,1,7,1,0,0,0,0,0,0,0,0,0
25639,1560,1,60,5,2479,0,7,1,0,0,0,0,0,0,0,0,0
25652,3911,1,27,16,2425,0,3,0,0,1,0,0,0,0,0,0,0
25663,9468,1,58,24,2513,0,6,0,0,0,1,0,0,0,0,0,0
25707,260,1,23,4,2269,0,10,0,0,0,0,0,0,0,1,0,0
25730,214,1,18,17,2624,0,8,0,0,0,0,1,0,0,0,0,0
25737,8517,1,65,8,2591,0,2,0,0,0,0,0,0,0,0,0,1
25776,6632,1,38,16,2663,0,3,0,0,1,0,0,0,0,0,0,0
25785,3527,1,21,6,2257,0,8,0,0,0,0,1,0,0,0,0,0
25806,8230,1,65,12,2094,0,5,0,0,0,0,0,0,0,0,1,0
25935,9198,1,24,7,2602,1,5,0,0,0,0,0,0,0,0,1,0
25960,1344,1,49,13,2731,0,9,0,1,0,0,0,0,0,0,0,0
26001,7670,1,45,28,3158,0,1,0,0,0,0,0,1,0,0,0,0
26050,10925,1,30,23,1453,0,8,0,0,0,0,1,0,0,0,0,0
26062,9752,1,37,7,2442,1,5,0,0,0,0,0,0,0,0,1,0
26109,4263,1,35,31,2398,0,5,0,0,0,0,0,0,0,0,1,0
26134,4648,1,51,18,2549,0,7,1,0,0,0,0,0,0,0,0,0
26163,6758,1,60,12,2794,0,7,1,0,0,0,0,0,0,0,0,0
26165,5128,1,64,29,2080,0,5,0,0,0,0,0,0,0,0,1,0
26179,10755,1,40,16,2061,0,7,1,0,0,0,0,0,0,0,0,0
26239,929,1,25,25,2464,0,10,0,0,0,0,0,0,0,1,0,0
26255,8487,1,30,25,1991,0,8,0,0,0,0,1,0,0,0,0,0
26264,3770,1,36,15,1800,0,3,0,0,1,0,0,0,0,0,0,0
26310,4163,1,24,5,2861,0,3,0,0,1,0,0,0,0,0,0,0
26368,1288,1,19,17,1387,0,3,0,0,1,0,0,0,0,0,0,0
26436,701,1,32,9,1608,0,5,0,0,0,0,0,0,0,0,1,0
26473,5971,1,38,23,2082,0,8,0,0,0,0,1,0,0,0,0,0
26505,1997,1,24,26,2387,0,1,0,0,0,0,0,1,0,0,0,0
26552,4584,1,45,4,2553,0,10,0,0,0,0,0,0,0,1,0,0
26624,8433,1,30,8,2721,0,2,0,0,0,0,0,0,0,0,0,1
26647,10663,1,43,25,1696,0,10,0,0,0,0,0,0,0,1,0,0
26651,10842,1,47,7,2035,1,5,0,0,0,0,0,0,0,0,1,0
26668,2317,1,40,23,1451,0,7,1,0,0,0,0,0,0,0,0,0
26708,9601,1,65,14,1623,0,4,0,0,0,0,0,0,1,0,0,0
26757,9043,1,55,14,1202,0,4,0,0,0,0,0,0,1,0,0,0
26791,5515,1,29,26,1692,0,2,0,0,0,0,0,0,0,0,0,1
26805,8697,1,60,19,1915,0,8,0,0,0,0,1,0,0,0,0,0
26871,10709,1,55,6,2607,0,2,0,0,0,0,0,0,0,0,0,1
26884,9911,1,35,25,1532,0,8,0,0,0,0,1,0,0,0,0,0
26900,11299,1,26,1,1524,1,9,0,1,0,0,0,0,0,0,0,0
26917,6570,1,70,29,2202,0,6,0,0,0,1,0,0,0,0,0,0
26919,5021,1,50,21,1646,0,3,0,0,1,0,0,0,0,0,0,0
26920,5966,1,20,22,1198,0,1,0,0,0,0,0,1,0,0,0,0
26940,227,1,40,2,2407,0,8,0,0,0,0,1,0,0,0,0,0
26967,9395,1,65,18,437,0,10,0,0,0,0,0,0,0,1,0,0
26993,8734,1,46,11,1743,0,5,0,0,0,0,0,0,0,0,1,0
27031,5943,1,55,16,1734,0,10,0,0,0,0,0,0,0,1,0,0
27055,4834,1,50,8,2976,0,7,1,0,0,0,0,0,0,0,0,0
27071,8177,1,70,22,2564,0,6,0,0,0,1,0,0,0,0,0,0
27120,8926,1,24,14,1316,0,4,0,0,0,0,0,0,1,0,0,0
27143,4883,1,49,23,1967,0,8,0,0,0,0,1,0,0,0,0,0
27190,5071,1,19,4,2227,0,1,0,0,0,0,0,1,0,0,0,0
27191,5015,1,32,28,1540,0,5,0,0,0,0,0,0,0,0,1,0
27205,885,1,55,16,1662,0,7,1,0,0,0,0,0,0,0,0,0
27249,2807,1,45,12,1977,0,7,1,0,0,0,0,0,0,0,0,0
27297,10022,1,30,21,2437,0,3,0,0,1,0,0,0,0,0,0,0
27323,5968,1,48,16,1128,0,3,0,0,1,0,0,0,0,0,0,0
27361,5487,1,25,18,1965,0,3,0,0,1,0,0,0,0,0,0,0
27437,5845,1,42,28,1646,0,5,0,0,0,0,0,0,0,0,1,0
27446,2215,1,27,8,3048,0,8,0,0,0,0,1,0,0,0,0,0
27514,6966,1,28,10,1712,0,10,0,0,0,0,0,0,0,1,0,0
27547,8045,1,40,23,1025,0,1,0,0,0,0,0,1,0,0,0,0
27610,7345,1,30,29,1961,0,6,0,0,0,1,0,0,0,0,0,0
27614,750,1,45,22,1591,0,5,0,0,0,0,0,0,0,0,1,0
27672,9972,1,45,2,2645,0,8,0,0,0,0,1,0,0,0,0,0
27707,424,1,22,8,1996,0,2,0,0,0,0,0,0,0,0,0,1
27711,2321,1,70,11,2036,0,5,0,0,0,0,0,0,0,0,1,0
27746,7198,1,70,5,792,0,1,0,0,0,0,0,1,0,0,0,0
27750,5721,1,25,26,1732,0,1,0,0,0,0,0,1,0,0,0,0
27791,6657,1,36,15,2177,0,10,0,0,0,0,0,0,0,1,0,0
27853,6392,1,65,21,2943,0,3,0,0,1,0,0,0,0,0,0,0
27865,2904,1,52,12,1657,0,9,0,1,0,0,0,0,0,0,0,0
27867,3628,1,35,8,1475,0,7,1,0,0,0,0,0,0,0,0,0
27892,5687,1,23,23,1672,0,7,1,0,0,0,0,0,0,0,0,0
27904,2257,1,32,16,862,0,7,1,0,0,0,0,0,0,0,0,0
27940,7013,1,20,7,1670,1,7,1,0,0,0,0,0,0,0,0,0
27958,5670,1,20,15,2435,0,10,0,0,0,0,0,0,0,1,0,0
27969,9241,1,30,6,3060,0,3,0,0,1,0,0,0,0,0,0,0
28013,11626,1,57,10,2519,0,2,0,0,0,0,0,0,0,0,0,1
28086,585,1,48,30,3385,0,2,0,0,0,0,0,0,0,0,0,1
28119,2931,1,18,23,1534,0,10,0,0,0,0,0,0,0,1,0,0
28151,8926,1,44,14,1392,0,4,0,0,0,0,0,0,1,0,0,0
28191,11620,1,21,2,2542,0,2,0,0,0,0,0,0,0,0,0,1
28212,5890,1,42,10,1583,0,7,1,0,0,0,0,0,0,0,0,0
28248,11365,1,23,10,2204,0,7,1,0,0,0,0,0,0,0,0,0
28276,5175,1,19,13,1334,0,9,0,1,0,0,0,0,0,0,0,0
28278,9409,1,70,20,1388,0,7,1,0,0,0,0,0,0,0,0,0
28318,7881,1,32,6,2718,0,7,1,0,0,0,0,0,0,0,0,0
28324,10449,1,52,18,2292,0,3,0,0,1,0,0,0,0,0,0,0
28326,8481,1,68,6,2382,0,3,0,0,1,0,0,0,0,0,0,0
28350,11429,1,42,12,1860,0,9,0,1,0,0,0,0,0,0,0,0
28362,2982,1,26,11,1920,0,5,0,0,0,0,0,0,0,0,1,0
28397,4249,1,27,16,3195,0,3,0,0,1,0,0,0,0,0,0,0
28424,390,1,72,20,2287,0,7,1,0,0,0,0,0,0,0,0,0
28426,5345,1,26,7,2206,1,9,0,1,0,0,0,0,0,0,0,0
28436,10267,1,40,8,2925,0,2,0,0,0,0,0,0,0,0,0,1
28446,8681,1,32,15,1093,0,10,0,0,0,0,0,0,0,1,0,0
28495,442,1,52,30,2834,0,5,0,0,0,0,0,0,0,0,1,0
28525,3897,1,50,22,1684,0,5,0,0,0,0,0,0,0,0,1,0
28543,10591,1,43,22,2029,0,1,0,0,0,0,0,1,0,0,0,0
28564,3965,1,30,10,2185,0,7,1,0,0,0,0,0,0,0,0,0
28571,10313,1,18,31,2618,0,8,0,0,0,0,1,0,0,0,0,0
28585,6801,1,21,15,608,0,10,0,0,0,0,0,0,0,1,0,0
28600,9995,1,32,21,2487,0,10,0,0,0,0,0,0,0,1,0,0
28612,9322,1,33,4,2772,0,2,0,0,0,0,0,0,0,0,0,1
28629,1188,1,40,20,2883,0,1,0,0,0,0,0,1,0,0,0,0
28680,8011,1,30,7,1407,1,7,1,0,0,0,0,0,0,0,0,0
28694,2906,1,57,6,2007,0,10,0,0,0,0,0,0,0,1,0,0
28741,780,1,26,24,2838,0,5,0,0,0,0,0,0,0,0,1,0
28776,3889,1,47,20,2558,0,3,0,0,1,0,0,0,0,0,0,0
28816,9642,1,46,4,2035,0,1,0,0,0,0,0,1,0,0,0,0
28857,11265,1,20,12,1089,0,9,0,1,0,0,0,0,0,0,0,0
28858,3737,1,30,10,2419,0,7,1,0,0,0,0,0,0,0,0,0
28861,8509,1,25,5,1467,0,9,0,1,0,0,0,0,0,0,0,0
28918,3655,1,30,23,1935,0,3,0,0,1,0,0,0,0,0,0,0
28937,7280,1,37,16,2150,0,7,1,0,0,0,0,0,0,0,0,0
28962,10740,1,22,15,2244,0,3,0,0,1,0,0,0,0,0,0,0
28989,4265,1,38,25,1511,0,10,0,0,0,0,0,0,0,1,0,0
29000,6485,1,55,13,2801,0,9,0,1,0,0,0,0,0,0,0,0
29048,3452,1,62,8,3507,0,8,0,0,0,0,1,0,0,0,0,0
29058,5071,1,50,4,2918,0,1,0,0,0,0,0,1,0,0,0,0
29064,7510,1,30,11,3625,0,9,0,1,0,0,0,0,0,0,0,0
29094,3700,1,33,24,3015,0,4,0,0,0,0,0,0,1,0,0,0
29166,9964,1,22,10,2123,0,3,0,0,1,0,0,0,0,0,0,0
29209,2800,1,50,1,117,1,2,0,0,0,0,0,0,0,0,0,1
29337,558,1,35,8,1153,0,10,0,0,0,0,0,0,0,1,0,0
29350,7476,1,36,7,1616,1,5,0,0,0,0,0,0,0,0,1,0
29444,8124,1,61,6,2934,0,3,0,0,1,0,0,0,0,0,0,0
29452,8987,1,33,23,1917,0,8,0,0,0,0,1,0,0,0,0,0
29459,11571,1,32,31,2508,0,5,0,0,0,0,0,0,0,0,1,0
29476,8009,1,50,10,1961,0,7,1,0,0,0,0,0,0,0,0,0
29495,11515,1,32,8,2157,0,4,0,0,0,0,0,0,1,0,0,0
29522,9926,1,40,23,1850,0,7,1,0,0,0,0,0,0,0,0,0
29607,2350,1,56,6,2174,0,10,0,0,0,0,0,0,0,1,0,0
29647,11080,1,55,6,2785,0,10,0,0,0,0,0,0,0,1,0,0
29683,1201,1,45,5,1786,0,7,1,0,0,0,0,0,0,0,0,0
29686,5128,1,32,29,2359,0,5,0,0,0,0,0,0,0,0,1,0
29721,3016,1,70,22,1247,0,6,0,0,0,1,0,0,0,0,0,0
29777,8451,1,18,6,1964,0,3,0,0,1,0,0,0,0,0,0,0
29782,3349,1,35,15,2738,0,3,0,0,1,0,0,0,0,0,0,0
29794,4808,1,48,3,1187,0,2,0,0,0,0,0,0,0,0,0,1
29801,1011,1,49,8,2284,0,8,0,0,0,0,1,0,0,0,0,0
29841,3063,1,47,19,1176,0,8,0,0,0,0,1,0,0,0,0,0
29845,285,1,40,26,1771,0,2,0,0,0,0,0,0,0,0,0,1
29926,8468,1,50,4,2334,0,7,1,0,0,0,0,0,0,0,0,0
29940,4245,1,60,13,1760,0,9,0,1,0,0,0,0,0,0,0,0
29968,4065,1,45,20,1663,0,6,0,0,0,1,0,0,0,0,0,0
30011,7535,1,19,20,1728,0,3,0,0,1,0,0,0,0,0,0,0
30020,8981,1,70,11,832,0,5,0,0,0,0,0,0,0,0,1,0
30030,5116,1,44,10,2158,0,7,1,0,0,0,0,0,0,0,0,0
30074,1097,1,45,18,2166,0,3,0,0,1,0,0,0,0,0,0,0
30087,3114,1,26,8,2631,0,2,0,0,0,0,0,0,0,0,0,1
30088,2376,1,25,1,3000,1,6,0,0,0,1,0,0,0,0,0,0
30107,9037,1,55,19,1840,0,10,0,0,0,0,0,0,0,1,0,0
30189,7627,1,52,8,2428,0,2,0,0,0,0,0,0,0,0,0,1
30190,7354,1,70,8,1461,0,7,1,0,0,0,0,0,0,0,0,0
30215,9553,1,55,3,2279,0,9,0,1,0,0,0,0,0,0,0,0
30265,9228,1,32,23,1768,0,7,1,0,0,0,0,0,0,0,0,0
30272,3220,1,30,22,1518,0,6,0,0,0,1,0,0,0,0,0,0
30297,1239,1,35,21,2152,0,10,0,0,0,0,0,0,0,1,0,0
30312,10944,1,38,19,2415,0,8,0,0,0,0,1,0,0,0,0,0
30351,4773,1,25,12,2472,0,2,0,0,0,0,0,0,0,0,0,1
30355,7427,1,32,11,2417,0,9,0,1,0,0,0,0,0,0,0,0
30373,11452,1,65,23,1265,0,10,0,0,0,0,0,0,0,1,0,0
30396,9731,1,40,6,2600,0,10,0,0,0,0,0,0,0,1,0,0
30409,1286,1,30,19,1804,0,10,0,0,0,0,0,0,0,1,0,0
30461,5289,1,25,20,1991,0,6,0,0,0,1,0,0,0,0,0,0
30498,6180,1,25,6,1924,0,7,1,0,0,0,0,0,0,0,0,0
30521,8746,1,19,11,1896,0,5,0,0,0,0,0,0,0,0,1,0
30542,6614,1,19,28,1926,0,2,0,0,0,0,0,0,0,0,0,1
30552,1805,1,40,7,1913,1,9,0,1,0,0,0,0,0,0,0,0
30578,6956,1,40,5,2217,0,7,1,0,0,0,0,0,0,0,0,0
30580,4503,1,35,29,860,0,6,0,0,0,1,0,0,0,0,0,0
30596,729,1,18,6,1870,0,2,0,0,0,0,0,0,0,0,0,1
30599,10755,1,70,16,1825,0,7,1,0,0,0,0,0,0,0,0,0
30630,2785,1,50,16,1830,0,3,0,0,1,0,0,0,0,0,0,0
30644,3235,1,22,13,2311,0,9,0,1,0,0,0,0,0,0,0,0
30717,5909,1,23,7,672,1,1,0,0,0,0,0,1,0,0,0,0
30738,11189,1,36,10,1394,0,10,0,0,0,0,0,0,0,1,0,0
30749,10587,1,45,6,2370,0,8,0,0,0,0,1,0,0,0,0,0
30752,5762,1,46,9,1578,0,5,0,0,0,0,0,0,0,0,1,0
30799,11894,1,32,26,1416,0,2,0,0,0,0,0,0,0,0,0,1
30801,6380,1,60,23,1454,0,10,0,0,0,0,0,0,0,1,0,0
30816,10493,1,26,8,2261,0,7,1,0,0,0,0,0,0,0,0,0
30831,2331,1,32,21,2599,0,3,0,0,1,0,0,0,0,0,0,0
30839,6236,1,28,26,2399,0,4,0,0,0,0,0,0,1,0,0,0
30886,2633,1,23,24,3094,0,4,0,0,0,0,0,0,1,0,0,0
30894,4814,1,70,29,2464,0,5,0,0,0,0,0,0,0,0,1,0
30979,9168,1,38,26,2342,0,2,0,0,0,0,0,0,0,0,0,1
30987,4729,1,46,23,1561,0,1,0,0,0,0,0,1,0,0,0,0
31015,7535,1,40,20,1650,0,3,0,0,1,0,0,0,0,0,0,0
31080,3798,1,63,16,1902,0,3,0,0,1,0,0,0,0,0,0,0
31111,8462,1,39,9,1430,0,5,0,0,0,0,0,0,0,0,1,0
31142,468,1,63,14,1710,0,4,0,0,0,0,0,0,1,0,0,0
31144,3402,1,55,10,3593,0,3,0,0,1,0,0,0,0,0,0,0
31237,3775,1,40,3,1434,0,2,0,0,0,0,0,0,0,0,0,1
31294,8878,1,19,15,960,0,3,0,0,1,0,0,0,0,0,0,0
31329,2075,1,53,28,3381,0,1,0,0,0,0,0,1,0,0,0,0
31377,6496,1,58,14,1793,0,4,0,0,0,0,0,0,1,0,0,0
31467,6656,1,30,1,725,1,2,0,0,0,0,0,0,0,0,0,1
31474,9280,1,21,9,1400,0,5,0,0,0,0,0,0,0,0,1,0
31484,9428,1,65,30,1593,0,5,0,0,0,0,0,0,0,0,1,0
31586,7326,1,20,25,2289,0,10,0,0,0,0,0,0,0,1,0,0
31606,1000,1,54,12,1421,0,9,0,1,0,0,0,0,0,0,0,0
31725,6362,1,60,11,2602,0,9,0,1,0,0,0,0,0,0,0,0
31772,10989,1,18,20,1188,0,1,0,0,0,0,0,1,0,0,0,0
31798,10878,1,65,5,1182,0,1,0,0,0,0,0,1,0,0,0,0
31843,2490,1,31,3,1703,0,9,0,1,0,0,0,0,0,0,0,0
31852,11490,1,30,9,655,0,1,0,0,0,0,0,1,0,0,0,0
31881,9165,1,49,3,1898,0,9,0,1,0,0,0,0,0,0,0,0
32013,5468,1,47,11,1497,0,5,0,0,0,0,0,0,0,0,1,0
32048,8197,1,34,21,1707,0,10,0,0,0,0,0,0,0,1,0,0
32076,81,1,34,26,1888,0,1,0,0,0,0,0,1,0,0,0,0
32090,8509,1,50,5,1269,0,9,0,1,0,0,0,0,0,0,0,0
32093,10100,1,32,21,2476,0,8,0,0,0,0,1,0,0,0,0,0
32107,11850,1,26,24,2181,0,5,0,0,0,0,0,0,0,0,1,0
32169,4861,1,40,10,1813,0,10,0,0,0,0,0,0,0,1,0,0
32173,2626,1,45,8,3139,0,8,0,0,0,0,1,0,0,0,0,0
32206,5515,1,27,26,1817,0,2,0,0,0,0,0,0,0,0,0,1
32274,7528,1,35,5,1444,0,9,0,1,0,0,0,0,0,0,0,0
32290,10334,1,36,18,2679,0,1,0,0,0,0,0,1,0,0,0,0
32313,5515,1,57,26,1873,0,2,0,0,0,0,0,0,0,0,0,1
32316,10214,1,35,3,598,0,2,0,0,0,0,0,0,0,0,0,1
32317,1789,1,30,16,1126,0,3,0,0,1,0,0,0,0,0,0,0
32379,3657,1,60,2,2172,0,2,0,0,0,0,0,0,0,0,0,1
32443,1107,1,23,26,1493,0,1,0,0,0,0,0,1,0,0,0,0
32515,9070,1,38,14,2291,0,4,0,0,0,0,0,0,1,0,0,0
32519,11299,1,45,1,1728,1,9,0,1,0,0,0,0,0,0,0,0
32526,3009,1,75,18,2056,0,3,0,0,1,0,0,0,0,0,0,0
32599,7502,1,20,22,1865,0,5,0,0,0,0,0,0,0,0,1,0
32620,3156,1,45,15,1914,0,3,0,0,1,0,0,0,0,0,0,0
32644,11796,1,40,24,2153,0,5,0,0,0,0,0,0,0,0,1,0
32649,10022,1,55,21,2211,0,3,0,0,1,0,0,0,0,0,0,0
32705,5078,1,55,29,1587,0,5,0,0,0,0,0,0,0,0,1,0
32721,5494,1,60,16,760,0,10,0,0,0,0,0,0,0,1,0,0
32750,10342,1,23,20,2180,0,7,1,0,0,0,0,0,0,0,0,0
32895,1402,1,35,28,1835,0,5,0,0,0,0,0,0,0,0,1,0
32987,2754,1,57,15,1913,0,3,0,0,1,0,0,0,0,0,0,0
33037,7297,1,26,7,1606,1,5,0,0,0,0,0,0,0,0,1,0
33049,5440,1,22,23,2661,0,8,0,0,0,0,1,0,0,0,0,0
33056,10681,1,30,10,3306,0,3,0,0,1,0,0,0,0,0,0,0
33064,10997,1,59,18,2407,0,7,1,0,0,0,0,0,0,0,0,0
33084,5238,1,22,16,3012,0,7,1,0,0,0,0,0,0,0,0,0
33086,11044,1,35,2,3038,0,2,0,0,0,0,0,0,0,0,0,1
33104,2369,1,45,12,1896,0,7,1,0,0,0,0,0,0,0,0,0
33157,5469,1,37,19,1482,0,8,0,0,0,0,1,0,0,0,0,0
33245,4677,1,50,2,2446,0,8,0,0,0,0,1,0,0,0,0,0
33275,5462,1,21,7,1023,1,1,0,0,0,0,0,1,0,0,0,0
33301,5675,1,35,12,1400,0,7,1,0,0,0,0,0,0,0,0,0
33337,9997,1,40,6,1714,0,1,0,0,0,0,0,1,0,0,0,0
33358,2430,1,44,22,1505,0,4,0,0,0,0,0,0,1,0,0,0
33373,5056,1,25,6,2839,0,3,0,0,1,0,0,0,0,0,0,0
33402,8349,1,26,12,2955,0,5,0,0,0,0,0,0,0,0,1,0
33410,9955,1,29,24,1761,0,5,0,0,0,0,0,0,0,0,1,0
33412,10195,1,55,12,2532,0,7,1,0,0,0,0,0,0,0,0,0
33481,7365,1,60,14,1896,0,4,0,0,0,0,0,0,1,0,0,0
33502,7062,1,27,14,2948,0,3,0,0,1,0,0,0,0,0,0,0
33504,1890,1,35,10,2112,0,3,0,0,1,0,0,0,0,0,0,0
33518,6267,1,22,10,2797,0,7,1,0,0,0,0,0,0,0,0,0
33524,6420,1,18,11,2911,0,9,0,1,0,0,0,0,0,0,0,0
33556,1174,1,32,5,3158,0,3,0,0,1,0,0,0,0,0,0,0
33558,558,1,42,8,1961,0,10,0,0,0,0,0,0,0,1,0,0
33573,6046,1,19,28,2883,0,1,0,0,0,0,0,1,0,0,0,0
33580,8985,1,25,6,3217,0,2,0,0,0,0,0,0,0,0,0,1
33586,5943,1,23,16,1712,0,10,0,0,0,0,0,0,0,1,0,0
33681,11742,1,50,7,1696,1,3,0,0,1,0,0,0,0,0,0,0
33733,6338,1,50,21,1920,0,10,0,0,0,0,0,0,0,1,0,0
33757,5718,1,38,28,1801,0,5,0,0,0,0,0,0,0,0,1,0
33766,3398,1,21,20,1699,0,7,1,0,0,0,0,0,0,0,0,0
33776,2005,1,60,6,3220,0,8,0,0,0,0,1,0,0,0,0,0
33781,3179,1,20,8,2337,0,8,0,0,0,0,1,0,0,0,0,0
33798,9714,1,90,28,1771,0,5,0,0,0,0,0,0,0,0,1,0
33801,8978,1,25,26,2631,0,4,0,0,0,0,0,0,1,0,0,0
33817,8960,1,30,20,833,0,1,0,0,0,0,0,1,0,0,0,0
33818,7728,1,36,21,1725,0,10,0,0,0,0,0,0,0,1,0,0
33851,11170,1,30,5,945,0,1,0,0,0,0,0,1,0,0,0,0
33865,10940,1,45,10,2304,0,2,0,0,0,0,0,0,0,0,0,1
33872,8080,1,30,23,2308,0,8,0,0,0,0,1,0,0,0,0,0
33909,10725,1,45,3,620,0,2,0,0,0,0,0,0,0,0,0,1
33935,7167,1,35,28,2753,0,5,0,0,0,0,0,0,0,0,1,0
33944,472,1,23,10,2302,0,7,1,0,0,0,0,0,0,0,0,0
34049,10899,1,28,2,1948,0,2,0,0,0,0,0,0,0,0,0,1
34075,8799,1,45,8,3596,0,8,0,0,0,0,1,0,0,0,0,0
34205,3986,1,58,28,3038,0,1,0,0,0,0,0,1,0,0,0,0
34239,2412,1,48,4,2980,0,1,0,0,0,0,0,1,0,0,0,0
34263,2710,1,21,10,2453,0,7,1,0,0,0,0,0,0,0,0,0
34269,2968,1,30,23,1960,0,8,0,0,0,0,1,0,0,0,0,0
34297,191,1,50,19,2543,0,10,0,0,0,0,0,0,0,1,0,0
34339,8934,1,30,22,1279,0,4,0,0,0,0,0,0,1,0,0,0
34346,1964,1,31,12,2890,0,5,0,0,0,0,0,0,0,0,1,0
34358,6614,1,45,28,1701,0,2,0,0,0,0,0,0,0,0,0,1
34359,9163,1,34,9,3669,0,3,0,0,1,0,0,0,0,0,0,0
34390,4766,1,32,23,805,0,1,0,0,0,0,0,1,0,0,0,0
34394,8138,1,40,21,1044,0,8,0,0,0,0,1,0,0,0,0,0
34412,3561,1,23,12,2049,0,10,0,0,0,0,0,0,0,1,0,0
34414,10443,1,25,24,1744,0,6,0,0,0,1,0,0,0,0,0,0
34425,10367,1,42,4,3256,0,2,0,0,0,0,0,0,0,0,0,1
34433,11631,1,36,30,2295,0,5,0,0,0,0,0,0,0,0,1,0
34474,2579,1,55,19,2096,0,10,0,0,0,0,0,0,0,1,0,0
34495,63,1,30,31,2692,0,5,0,0,0,0,0,0,0,0,1,0
34546,3404,1,28,14,1159,0,4,0,0,0,0,0,0,1,0,0,0
34548,7321,1,28,2,2858,0,2,0,0,0,0,0,0,0,0,0,1
34576,3883,1,63,2,2389,0,8,0,0,0,0,1,0,0,0,0,0
34588,9092,1,40,23,2114,0,10,0,0,0,0,0,0,0,1,0,0
34647,10550,1,49,1,1179,1,2,0,0,0,0,0,0,0,0,0,1
34649,7275,1,48,26,987,0,2,0,0,0,0,0,0,0,0,0,1
34689,2013,1,69,4,1939,0,7,1,0,0,0,0,0,0,0,0,0
34747,1039,1,32,21,2052,0,8,0,0,0,0,1,0,0,0,0,0
34811,9909,1,42,12,1333,0,7,1,0,0,0,0,0,0,0,0,0
34823,1091,1,58,17,2185,0,8,0,0,0,0,1,0,0,0,0,0
34828,8149,1,42,11,2106,0,5,0,0,0,0,0,0,0,0,1,0
34834,10816,1,28,11,2333,0,9,0,1,0,0,0,0,0,0,0,0
34849,9010,1,45,21,1156,0,8,0,0,0,0,1,0,0,0,0,0
34864,116,1,38,20,1103,0,7,1,0,0,0,0,0,0,0,0,0
34875,10047,1,51,12,3011,0,7,1,0,0,0,0,0,0,0,0,0
34884,1833,1,75,16,2399,0,7,1,0,0,0,0,0,0,0,0,0
34903,4834,1,20,8,2020,0,7,1,0,0,0,0,0,0,0,0,0
34910,9010,1,20,21,1061,0,8,0,0,0,0,1,0,0,0,0,0
34927,10703,1,40,17,2195,0,3,0,0,1,0,0,0,0,0,0,0
34953,7931,1,50,26,1546,0,4,0,0,0,0,0,0,1,0,0,0
34960,6197,1,36,14,1763,0,4,0,0,0,0,0,0,1,0,0,0
34965,6389,1,50,21,1926,0,8,0,0,0,0,1,0,0,0,0,0
35028,10254,1,45,14,1759,0,3,0,0,1,0,0,0,0,0,0,0
35056,11893,1,38,20,2292,0,6,0,0,0,1,0,0,0,0,0,0
35057,4559,1,45,1,1873,1,9,0,1,0,0,0,0,0,0,0,0
35094,2959,1,25,18,1867,0,3,0,0,1,0,0,0,0,0,0,0
35203,8292,1,54,24,1659,0,6,0,0,0,1,0,0,0,0,0,0
35212,1644,1,27,25,1663,0,8,0,0,0,0,1,0,0,0,0,0
35214,2598,1,54,7,1468,1,5,0,0,0,0,0,0,0,0,1,0
35218,10791,1,50,4,1591,0,8,0,0,0,0,1,0,0,0,0,0
35224,3874,1,55,22,1505,0,5,0,0,0,0,0,0,0,0,1,0
35270,1425,1,32,23,1468,0,8,0,0,0,0,1,0,0,0,0,0
35284,11497,1,42,23,1886,0,7,1,0,0,0,0,0,0,0,0,0
35298,3295,1,58,23,1918,0,8,0,0,0,0,1,0,0,0,0,0
35457,6692,1,35,12,2341,0,10,0,0,0,0,0,0,0,1,0,0
35467,7326,1,50,25,2280,0,10,0,0,0,0,0,0,0,1,0,0
35471,210,1,20,23,2485,0,3,0,0,1,0,0,0,0,0,0,0
35531,7283,1,40,4,3574,0,1,0,0,0,0,0,1,0,0,0,0
35538,10541,1,23,9,2279,0,9,0,1,0,0,0,0,0,0,0,0
35572,5372,1,19,12,1944,0,5,0,0,0,0,0,0,0,0,1,0
35579,5840,1,33,28,2375,0,1,0,0,0,0,0,1,0,0,0,0
35612,3534,1,28,28,2098,0,5,0,0,0,0,0,0,0,0,1,0
35623,2609,1,44,22,1985,0,6,0,0,0,1,0,0,0,0,0,0
35688,8393,1,50,25,1409,0,10,0,0,0,0,0,0,0,1,0,0
35705,11439,1,30,10,1496,0,10,0,0,0,0,0,0,0,1,0,0
35708,10212,1,47,2,2190,0,8,0,0,0,0,1,0,0,0,0,0
35772,9730,1,22,7,2243,1,3,0,0,1,0,0,0,0,0,0,0
35790,2025,1,29,14,2030,0,4,0,0,0,0,0,0,1,0,0,0
35806,4740,1,22,3,979,0,9,0,1,0,0,0,0,0,0,0,0
35826,875,1,65,31,2530,0,5,0,0,0,0,0,0,0,0,1,0
35842,9964,1,18,10,1996,0,3,0,0,1,0,0,0,0,0,0,0
35939,1880,1,23,4,2002,0,1,0,0,0,0,0,1,0,0,0,0
35987,8799,1,24,8,3218,0,8,0,0,0,0,1,0,0,0,0,0
35989,294,1,52,5,1416,0,9,0,1,0,0,0,0,0,0,0,0
35997,7275,1,30,26,927,0,2,0,0,0,0,0,0,0,0,0,1
36002,6842,1,45,3,2227,0,6,0,0,0,1,0,0,0,0,0,0
36041,6507,1,32,11,1362,0,5,0,0,0,0,0,0,0,0,1,0
36048,10252,1,40,8,1270,0,8,0,0,0,0,1,0,0,0,0,0
36049,4433,1,28,7,1509,1,7,1,0,0,0,0,0,0,0,0,0
36056,1767,1,39,21,3784,0,3,0,0,1,0,0,0,0,0,0,0
36078,3013,1,20,25,1408,0,8,0,0,0,0,1,0,0,0,0,0
36139,5840,1,55,28,2949,0,1,0,0,0,0,0,1,0,0,0,0
36201,9156,1,54,18,1499,0,10,0,0,0,0,0,0,0,1,0,0
36203,7560,1,45,24,1611,0,5,0,0,0,0,0,0,0,0,1,0
36345,1865,1,36,4,3610,0,8,0,0,0,0,1,0,0,0,0,0
36358,4411,1,60,20,1653,0,6,0,0,0,1,0,0,0,0,0,0
36395,8075,1,21,5,2394,0,3,0,0,1,0,0,0,0,0,0,0
36397,8639,1,50,24,2015,0,7,1,0,0,0,0,0,0,0,0,0
36430,11132,1,51,13,1966,0,9,0,1,0,0,0,0,0,0,0,0
36476,4212,1,21,30,2449,0,2,0,0,0,0,0,0,0,0,0,1
36494,1244,1,26,23,2145,0,8,0,0,0,0,1,0,0,0,0,0
36528,9676,1,18,19,2664,0,8,0,0,0,0,1,0,0,0,0,0
36547,3464,1,65,23,2180,0,3,0,0,1,0,0,0,0,0,0,0
36603,295,1,32,4,2685,0,8,0,0,0,0,1,0,0,0,0,0
36617,3869,1,45,11,1753,0,5,0,0,0,0,0,0,0,0,1,0
36623,8749,1,65,25,1552,0,8,0,0,0,0,1,0,0,0,0,0
36687,814,1,49,5,1848,0,9,0,1,0,0,0,0,0,0,0,0
36701,167,1,22,10,2068,0,8,0,0,0,0,1,0,0,0,0,0
36714,2321,1,34,11,2089,0,5,0,0,0,0,0,0,0,0,1,0
36803,1885,1,30,29,2519,0,6,0,0,0,1,0,0,0,0,0,0
36807,5093,1,20,10,2085,0,10,0,0,0,0,0,0,0,1,0,0
36904,4446,1,70,18,1451,0,7,1,0,0,0,0,0,0,0,0,0
36912,6774,1,62,21,1975,0,3,0,0,1,0,0,0,0,0,0,0
36934,10037,1,42,20,1321,0,1,0,0,0,0,0,1,0,0,0,0
36946,7419,1,39,4,2507,0,3,0,0,1,0,0,0,0,0,0,0
36973,5238,1,48,16,2652,0,7,1,0,0,0,0,0,0,0,0,0
37073,9490,1,23,31,2232,0,5,0,0,0,0,0,0,0,0,1,0
37120,6817,1,42,23,2349,0,8,0,0,0,0,1,0,0,0,0,0
37139,9921,1,48,7,1585,1,7,1,0,0,0,0,0,0,0,0,0
37179,4065,1,20,20,2096,0,6,0,0,0,1,0,0,0,0,0,0
37223,249,1,55,10,1709,0,7,1,0,0,0,0,0,0,0,0,0
37286,4263,1,39,31,2844,0,5,0,0,0,0,0,0,0,0,1,0
37340,9166,1,28,24,1454,0,4,0,0,0,0,0,0,1,0,0,0
37371,4051,1,30,15,1882,0,10,0,0,0,0,0,0,0,1,0,0
37378,4883,1,28,23,2273,0,8,0,0,0,0,1,0,0,0,0,0
37404,5296,1,50,24,1527,0,6,0,0,0,1,0,0,0,0,0,0
37416,3596,1,60,23,1492,0,7,1,0,0,0,0,0,0,0,0,0
37425,9630,1,26,10,2633,0,8,0,0,0,0,1,0,0,0,0,0
37443,8393,1,34,25,1646,0,10,0,0,0,0,0,0,0,1,0,0
37457,5116,1,19,10,1531,0,7,1,0,0,0,0,0,0,0,0,0
37462,1067,1,48,6,1140,0,1,0,0,0,0,0,1,0,0,0,0
37465,5405,1,21,5,1217,0,5,0,0,0,0,0,0,0,0,1,0
37477,5190,1,26,7,1891,1,9,0,1,0,0,0,0,0,0,0,0
37508,4814,1,28,29,1827,0,5,0,0,0,0,0,0,0,0,1,0
37560,1060,1,32,22,2965,0,5,0,0,0,0,0,0,0,0,1,0
37617,10634,1,50,22,1925,0,3,0,0,1,0,0,0,0,0,0,0
37624,8481,1,42,6,1585,0,3,0,0,1,0,0,0,0,0,0,0
37694,2785,1,22,16,1654,0,3,0,0,1,0,0,0,0,0,0,0
37708,4178,1,55,31,2508,0,5,0,0,0,0,0,0,0,0,1,0
37729,10411,1,23,31,2448,0,5,0,0,0,0,0,0,0,0,1,0
37762,1732,1,67,5,1900,0,7,1,0,0,0,0,0,0,0,0,0
37829,11071,1,35,8,2381,0,4,0,0,0,0,0,0,1,0,0,0
37860,9898,1,32,7,1818,1,1,0,0,0,0,0,1,0,0,0,0
37869,4860,1,26,10,1198,0,3,0,0,1,0,0,0,0,0,0,0
37937,2906,1,22,6,1802,0,10,0,0,0,0,0,0,0,1,0,0
37944,8592,1,58,8,1722,0,10,0,0,0,0,0,0,0,1,0,0
37969,8094,1,22,28,1700,0,1,0,0,0,0,0,1,0,0,0,0
37973,2412,1,28,4,2737,0,1,0,0,0,0,0,1,0,0,0,0
37985,11489,1,20,24,1554,0,7,1,0,0,0,0,0,0,0,0,0
38010,1227,1,42,5,1433,0,9,0,1,0,0,0,0,0,0,0,0
38048,9412,1,53,5,1268,0,1,0,0,0,0,0,1,0,0,0,0
38072,8441,1,24,8,1638,0,4,0,0,0,0,0,0,1,0,0,0
38191,9676,1,41,19,2697,0,8,0,0,0,0,1,0,0,0,0,0
38206,4475,1,42,7,1984,1,1,0,0,0,0,0,1,0,0,0,0
38232,8815,1,34,4,2677,0,1,0,0,0,0,0,1,0,0,0,0
38246,8089,1,43,9,2455,0,3,0,0,1,0,0,0,0,0,0,0
38248,3303,1,30,19,1685,0,10,0,0,0,0,0,0,0,1,0,0
38252,9647,1,60,19,1593,0,10,0,0,0,0,0,0,0,1,0,0
38259,1322,1,40,14,2037,0,4,0,0,0,0,0,0,1,0,0,0
38263,7325,1,37,3,2340,0,9,0,1,0,0,0,0,0,0,0,0
38268,2576,1,55,16,2149,0,3,0,0,1,0,0,0,0,0,0,0
38286,11487,1,70,8,1666,0,10,0,0,0,0,0,0,0,1,0,0
38316,722,1,45,4,2937,0,8,0,0,0,0,1,0,0,0,0,0
38340,9791,1,60,2,2064,0,2,0,0,0,0,0,0,0,0,0,1
38343,5092,1,30,2,2272,0,2,0,0,0,0,0,0,0,0,0,1
38388,9490,1,59,31,2438,0,5,0,0,0,0,0,0,0,0,1,0
38453,6516,1,40,1,1962,1,5,0,0,0,0,0,0,0,0,1,0
38477,10492,1,65,5,2182,0,7,1,0,0,0,0,0,0,0,0,0
38488,5859,1,55,14,1558,0,4,0,0,0,0,0,0,1,0,0,0
38492,8958,1,45,19,2276,0,8,0,0,0,0,1,0,0,0,0,0
38497,5505,1,25,24,1778,0,4,0,0,0,0,0,0,1,0,0,0
38526,11757,1,18,5,1836,0,7,1,0,0,0,0,0,0,0,0,0
38528,4691,1,28,1,1859,1,9,0,1,0,0,0,0,0,0,0,0
38557,1029,1,18,24,1832,0,6,0,0,0,1,0,0,0,0,0,0
38606,2471,1,46,18,2956,0,7,1,0,0,0,0,0,0,0,0,0
38635,11824,1,62,16,1541,0,10,0,0,0,0,0,0,0,1,0,0
38683,5787,1,78,29,2785,0,5,0,0,0,0,0,0,0,0,1,0
38710,8230,1,35,12,2208,0,5,0,0,0,0,0,0,0,0,1,0
38750,9557,1,55,12,1727,0,7,1,0,0,0,0,0,0,0,0,0
38849,5670,1,46,15,2765,0,10,0,0,0,0,0,0,0,1,0,0
38856,683,1,45,20,1678,0,3,0,0,1,0,0,0,0,0,0,0
38871,2100,1,30,9,3067,0,3,0,0,1,0,0,0,0,0,0,0
38878,11429,1,22,12,1809,0,9,0,1,0,0,0,0,0,0,0,0
38880,3098,1,38,6,1482,0,8,0,0,0,0,1,0,0,0,0,0
38905,9759,1,42,17,2166,0,8,0,0,0,0,1,0,0,0,0,0
38906,6175,1,45,14,2021,0,4,0,0,0,0,0,0,1,0,0,0
38915,5968,1,23,16,1726,0,3,0,0,1,0,0,0,0,0,0,0
38920,9800,1,25,5,2518,0,7,1,0,0,0,0,0,0,0,0,0
38921,5154,1,50,8,1643,0,4,0,0,0,0,0,0,1,0,0,0
38923,6087,1,28,6,2915,0,7,1,0,0,0,0,0,0,0,0,0
38932,2085,1,35,6,1183,0,7,1,0,0,0,0,0,0,0,0,0
39003,4368,1,35,20,2714,0,3,0,0,1,0,0,0,0,0,0,0
39062,7527,1,28,17,3196,0,1,0,0,0,0,0,1,0,0,0,0
39080,3320,1,38,22,1974,0,1,0,0,0,0,0,1,0,0,0,0
39202,4091,1,28,28,1851,0,5,0,0,0,0,0,0,0,0,1,0
39273,2081,1,40,16,1784,0,3,0,0,1,0,0,0,0,0,0,0
39304,5462,1,50,7,476,1,1,0,0,0,0,0,1,0,0,0,0
39305,1039,1,60,21,1965,0,8,0,0,0,0,1,0,0,0,0,0
39327,214,1,41,17,2034,0,8,0,0,0,0,1,0,0,0,0,0
39332,11768,1,35,10,1846,0,3,0,0,1,0,0,0,0,0,0,0
39354,3565,1,26,16,1462,0,10,0,0,0,0,0,0,0,1,0,0
39360,8224,1,50,20,1452,0,6,0,0,0,1,0,0,0,0,0,0
39432,8509,1,22,5,1529,0,9,0,1,0,0,0,0,0,0,0,0
39434,9211,1,30,30,2508,0,5,0,0,0,0,0,0,0,0,1,0
39456,4641,1,23,26,1954,0,4,0,0,0,0,0,0,1,0,0,0
39519,5072,1,19,21,1439,0,10,0,0,0,0,0,0,0,1,0,0
39523,486,1,26,7,1517,1,1,0,0,0,0,0,1,0,0,0,0
39526,8075,1,40,5,2377,0,3,0,0,1,0,0,0,0,0,0,0
39552,8468,1,28,4,1739,0,7,1,0,0,0,0,0,0,0,0,0
39570,6617,1,50,8,1670,0,7,1,0,0,0,0,0,0,0,0,0
39572,7281,1,40,4,2142,0,3,0,0,1,0,0,0,0,0,0,0
39631,10396,1,35,19,3049,0,8,0,0,0,0,1,0,0,0,0,0
39679,6411,1,36,4,2045,0,7,1,0,0,0,0,0,0,0,0,0
