SUBJECT,HOUSEHOLD,SEX,AGE_YEAR,CONSUMPTION_DAY,sum_ENERGY_kcal,WEEKEND,adm2_,adm2_9,adm2_11,adm2_10,adm2_4,adm2_5,adm2_3,adm2_7,adm2_8,adm2_12,adm2_6,adm2_2,adm2_1
28,2867,1,62,8,3645,0,9,1,0,0,0,0,0,0,0,0,0,0,0
67,5686,1,65,27,1944,0,11,0,1,0,0,0,0,0,0,0,0,0,0
81,4580,1,25,29,2332,0,10,0,0,1,0,0,0,0,0,0,0,0,0
83,7836,1,29.1,20,1945,0,4,0,0,0,1,0,0,0,0,0,0,0,0
89,1897,1,59,18,2410,0,4,0,0,0,1,0,0,0,0,0,0,0,0
175,2793,1,50,11,3027,0,5,0,0,0,0,1,0,0,0,0,0,0,0
187,3492,1,18,29,1310,0,10,0,0,1,0,0,0,0,0,0,0,0,0
217,11124,1,55,28,1741,0,10,0,0,1,0,0,0,0,0,0,0,0,0
323,368,1,27,28,4356,0,11,0,1,0,0,0,0,0,0,0,0,0,0
341,6142,1,40,8,1675,0,11,0,1,0,0,0,0,0,0,0,0,0,0
366,579,1,24,29,2338,0,3,0,0,0,0,0,1,0,0,0,0,0,0
374,1558,1,45,18,1592,0,5,0,0,0,0,1,0,0,0,0,0,0,0
377,7625,1,60,18,3573,0,4,0,0,0,1,0,0,0,0,0,0,0,0
380,3389,1,35,13,1785,0,9,1,0,0,0,0,0,0,0,0,0,0,0
403,6622,1,23,13,744,0,7,0,0,0,0,0,0,1,0,0,0,0,0
419,11274,1,21,13,464,0,7,0,0,0,0,0,0,1,0,0,0,0,0
420,10058,1,60,9,1923,0,8,0,0,0,0,0,0,0,1,0,0,0,0
433,10608,1,54,22,2733,0,9,1,0,0,0,0,0,0,0,0,0,0,0
449,3230,1,60,18,1845,0,5,0,0,0,0,1,0,0,0,0,0,0,0
458,577,1,80,11,1426,0,5,0,0,0,0,1,0,0,0,0,0,0,0
482,8007,1,65,4,3582,0,7,0,0,0,0,0,0,1,0,0,0,0,0
510,10671,1,23,21,3658,0,12,0,0,0,0,0,0,0,0,1,0,0,0
531,563,1,65,28,2060,0,3,0,0,0,0,0,1,0,0,0,0,0,0
544,4734,1,44,11,1498,0,9,1,0,0,0,0,0,0,0,0,0,0,0
553,11428,1,45,17,1689,0,5,0,0,0,0,1,0,0,0,0,0,0,0
587,1110,1,32,28,2189,0,3,0,0,0,0,0,1,0,0,0,0,0,0
613,8053,1,45,28,1083,0,7,0,0,0,0,0,0,1,0,0,0,0,0
637,4792,1,45,14,1090,0,4,0,0,0,1,0,0,0,0,0,0,0,0
638,7617,1,50,18,1868,0,4,0,0,0,1,0,0,0,0,0,0,0,0
654,9619,1,66,16,2252,0,6,0,0,0,0,0,0,0,0,0,1,0,0
660,4857,1,42,11,952,0,4,0,0,0,1,0,0,0,0,0,0,0,0
681,7124,1,22,18,2546,0,6,0,0,0,0,0,0,0,0,0,1,0,0
689,8383,1,38,6,4901,0,9,1,0,0,0,0,0,0,0,0,0,0,0
751,5990,1,29,21,2936,0,12,0,0,0,0,0,0,0,0,1,0,0,0
754,9097,1,27,26,1394,0,7,0,0,0,0,0,0,1,0,0,0,0,0
773,7225,1,43,18,1636,0,5,0,0,0,0,1,0,0,0,0,0,0,0
787,4520,1,40,13,1708,0,6,0,0,0,0,0,0,0,0,0,1,0,0
849,1656,1,50,20,1776,0,4,0,0,0,1,0,0,0,0,0,0,0,0
857,11062,1,21,22,2872,0,11,0,1,0,0,0,0,0,0,0,0,0,0
868,2480,1,70,22,1526,0,4,0,0,0,1,0,0,0,0,0,0,0,0
875,5623,1,42,11,2336,0,5,0,0,0,0,1,0,0,0,0,0,0,0
920,4794,1,39,17,1514,0,5,0,0,0,0,1,0,0,0,0,0,0,0
946,9034,1,18,21,1338,0,6,0,0,0,0,0,0,0,0,0,1,0,0
953,6622,1,26,13,716,0,7,0,0,0,0,0,0,1,0,0,0,0,0
972,8576,1,58,15,2398,0,5,0,0,0,0,1,0,0,0,0,0,0,0
975,8337,1,53,19,2454,0,2,0,0,0,0,0,0,0,0,0,0,1,0
1072,7134,1,38,6,2168,0,11,0,1,0,0,0,0,0,0,0,0,0,0
1083,10948,1,70,21,302,0,4,0,0,0,1,0,0,0,0,0,0,0,0
1090,6059,1,75,16,2012,0,4,0,0,0,1,0,0,0,0,0,0,0,0
1094,1999,1,51,29,1397,0,10,0,0,1,0,0,0,0,0,0,0,0,0
1140,4460,1,39,18,1673,0,7,0,0,0,0,0,0,1,0,0,0,0,0
1142,4583,1,32,21,1784,0,10,0,0,1,0,0,0,0,0,0,0,0,0
1234,10372,1,25,24,1331,0,12,0,0,0,0,0,0,0,0,1,0,0,0
1296,3151,1,35,18,2628,0,8,0,0,0,0,0,0,0,1,0,0,0,0
1371,8948,1,60,14,1868,0,8,0,0,0,0,0,0,0,1,0,0,0,0
1385,6736,1,25,26,2213,0,12,0,0,0,0,0,0,0,0,1,0,0,0
1400,4906,1,38,20,3446,0,1,0,0,0,0,0,0,0,0,0,0,0,1
1410,6337,1,18,29,2574,0,10,0,0,1,0,0,0,0,0,0,0,0,0
1412,5267,1,38,10,2232,0,7,0,0,0,0,0,0,1,0,0,0,0,0
1415,6404,1,60,6,2994,0,7,0,0,0,0,0,0,1,0,0,0,0,0
1502,8358,1,40,18,1540,0,10,0,0,1,0,0,0,0,0,0,0,0,0
1559,10287,1,18,29,2815,0,10,0,0,1,0,0,0,0,0,0,0,0,0
1569,6036,1,59,24,764,0,12,0,0,0,0,0,0,0,0,1,0,0,0
1591,3708,1,50,6,2965,0,9,1,0,0,0,0,0,0,0,0,0,0,0
1593,1595,1,30,8,3329,0,11,0,1,0,0,0,0,0,0,0,0,0,0
1689,606,1,30,18,2473,0,12,0,0,0,0,0,0,0,0,1,0,0,0
1733,1112,1,38,13,1960,0,12,0,0,0,0,0,0,0,0,1,0,0,0
1858,11096,1,32,6,2018,0,11,0,1,0,0,0,0,0,0,0,0,0,0
1921,10300,1,35,17,2058,0,2,0,0,0,0,0,0,0,0,0,0,1,0
1940,113,1,24,29,1346,0,3,0,0,0,0,0,1,0,0,0,0,0,0
1948,6099,1,38,13,2650,0,6,0,0,0,0,0,0,0,0,0,1,0,0
1964,2307,1,45,21,3374,0,6,0,0,0,0,0,0,0,0,0,1,0,0
1968,11017,1,27,21,750,0,12,0,0,0,0,0,0,0,0,1,0,0,0
1989,2492,1,65,27,2112,0,11,0,1,0,0,0,0,0,0,0,0,0,0
2002,5995,1,36,30,1902,0,5,0,0,0,0,1,0,0,0,0,0,0,0
2034,500,1,58,18,1142,0,10,0,0,1,0,0,0,0,0,0,0,0,0
2074,5346,1,55,2,2296,0,3,0,0,0,0,0,1,0,0,0,0,0,0
2115,11109,1,45,6,2070,0,11,0,1,0,0,0,0,0,0,0,0,0,0
2148,5386,1,20,20,2072,0,5,0,0,0,0,1,0,0,0,0,0,0,0
2244,3533,1,45,21,1644,0,6,0,0,0,0,0,0,0,0,0,1,0,0
2303,11819,1,30,6,2486,0,7,0,0,0,0,0,0,1,0,0,0,0,0
2318,5711,1,20,24,1419,0,10,0,0,1,0,0,0,0,0,0,0,0,0
2324,4468,1,50,29,2458,0,5,0,0,0,0,1,0,0,0,0,0,0,0
2382,7193,1,61,19,2737,0,11,0,1,0,0,0,0,0,0,0,0,0,0
2404,387,1,80,11,2050,0,7,0,0,0,0,0,0,1,0,0,0,0,0
2417,10847,1,32,18,2261,0,12,0,0,0,0,0,0,0,0,1,0,0,0
2420,6493,1,75,25,1538,0,6,0,0,0,0,0,0,0,0,0,1,0,0
2484,2547,1,53,27,2054,0,5,0,0,0,0,1,0,0,0,0,0,0,0
2497,7042,1,21,20,2396,0,7,0,0,0,0,0,0,1,0,0,0,0,0
2501,715,1,40,20,1550,0,1,0,0,0,0,0,0,0,0,0,0,0,1
2535,430,1,18,16,1894,0,8,0,0,0,0,0,0,0,1,0,0,0,0
2594,11792,1,39,30,925,0,5,0,0,0,0,1,0,0,0,0,0,0,0
2596,5330,1,54,8,1865,0,7,0,0,0,0,0,0,1,0,0,0,0,0
2598,5392,1,50,8,2010,0,8,0,0,0,0,0,0,0,1,0,0,0,0
2665,2770,1,62,14,2609,0,9,1,0,0,0,0,0,0,0,0,0,0,0
2699,3364,1,42,21,2013,0,4,0,0,0,1,0,0,0,0,0,0,0,0
2748,8077,1,60,11,2598,0,8,0,0,0,0,0,0,0,1,0,0,0,0
2771,19,1,40,21,2799,0,4,0,0,0,1,0,0,0,0,0,0,0,0
2773,1161,1,70,12,3640,0,9,1,0,0,0,0,0,0,0,0,0,0,0
2845,2946,1,23,13,2544,0,2,0,0,0,0,0,0,0,0,0,0,1,0
2849,341,1,19,22,2879,0,10,0,0,1,0,0,0,0,0,0,0,0,0
2871,886,1,18,20,4196,0,2,0,0,0,0,0,0,0,0,0,0,1,0
2875,10287,1,60,29,2304,0,10,0,0,1,0,0,0,0,0,0,0,0,0
2933,1655,1,37,25,1142,0,11,0,1,0,0,0,0,0,0,0,0,0,0
2971,2452,1,35,21,3753,0,12,0,0,0,0,0,0,0,0,1,0,0,0
3028,3765,1,72,23,3208,0,11,0,1,0,0,0,0,0,0,0,0,0,0
3075,2939,1,39,11,1882,0,12,0,0,0,0,0,0,0,0,1,0,0,0
3082,3934,1,43,20,1751,0,4,0,0,0,1,0,0,0,0,0,0,0,0
3118,2759,1,56,17,2509,0,12,0,0,0,0,0,0,0,0,1,0,0,0
3143,9002,1,45,13,4684,0,5,0,0,0,0,1,0,0,0,0,0,0,0
3164,9147,1,18,26,1240,0,12,0,0,0,0,0,0,0,0,1,0,0,0
3187,1111,1,32,21,1252,0,5,0,0,0,0,1,0,0,0,0,0,0,0
3208,1507,1,35,12,2177,0,7,0,0,0,0,0,0,1,0,0,0,0,0
3221,8925,1,50,10,964,0,9,1,0,0,0,0,0,0,0,0,0,0,0
3227,2400,1,30,25,1617,0,6,0,0,0,0,0,0,0,0,0,1,0,0
3259,3755,1,25,18,2162,0,10,0,0,1,0,0,0,0,0,0,0,0,0
3271,7740,1,38,12,2345,0,10,0,0,1,0,0,0,0,0,0,0,0,0
3329,5254,1,22,22,1754,0,9,1,0,0,0,0,0,0,0,0,0,0,0
3350,8169,1,35,18,3065,0,6,0,0,0,0,0,0,0,0,0,1,0,0
3351,1897,1,34,18,2749,0,4,0,0,0,1,0,0,0,0,0,0,0,0
3359,11251,1,18,16,2102,0,6,0,0,0,0,0,0,0,0,0,1,0,0
3372,9655,1,47,12,1826,0,7,0,0,0,0,0,0,1,0,0,0,0,0
3543,6935,1,51,17,2841,0,2,0,0,0,0,0,0,0,0,0,0,1,0
3561,8631,1,40,1,1493,1,7,0,0,0,0,0,0,1,0,0,0,0,0
3580,2427,1,33,19,1541,0,7,0,0,0,0,0,0,1,0,0,0,0,0
3663,2115,1,35,8,1545,0,7,0,0,0,0,0,0,1,0,0,0,0,0
3670,9984,1,28,16,3381,0,6,0,0,0,0,0,0,0,0,0,1,0,0
3679,3977,1,48,22,1642,0,12,0,0,0,0,0,0,0,0,1,0,0,0
3694,5986,1,68,2,1798,0,6,0,0,0,0,0,0,0,0,0,1,0,0
3752,1234,1,58,10,1684,0,9,1,0,0,0,0,0,0,0,0,0,0,0
3801,7092,1,35,13,3444,0,6,0,0,0,0,0,0,0,0,0,1,0,0
3836,7098,1,54,22,2401,0,10,0,0,1,0,0,0,0,0,0,0,0,0
3847,6554,1,36,18,2500,0,7,0,0,0,0,0,0,1,0,0,0,0,0
3927,6649,1,60,26,3124,0,7,0,0,0,0,0,0,1,0,0,0,0,0
3951,72,1,51,15,1741,0,12,0,0,0,0,0,0,0,0,1,0,0,0
3957,3966,1,63,22,2827,0,9,1,0,0,0,0,0,0,0,0,0,0,0
3969,2204,1,25,15,1967,0,12,0,0,0,0,0,0,0,0,1,0,0,0
3970,6473,1,26,13,2682,0,4,0,0,0,1,0,0,0,0,0,0,0,0
4041,10266,1,18,20,1855,0,7,0,0,0,0,0,0,1,0,0,0,0,0
4055,6823,1,27,2,855,0,7,0,0,0,0,0,0,1,0,0,0,0,0
4066,869,1,19,28,2222,0,12,0,0,0,0,0,0,0,0,1,0,0,0
4087,3205,1,19,23,2075,0,6,0,0,0,0,0,0,0,0,0,1,0,0
4122,6935,1,19,17,1942,0,2,0,0,0,0,0,0,0,0,0,0,1,0
4125,2891,1,35,15,3457,0,2,0,0,0,0,0,0,0,0,0,0,1,0
4128,5626,1,52,4,1992,0,3,0,0,0,0,0,1,0,0,0,0,0,0
4209,10847,1,68,18,3318,0,12,0,0,0,0,0,0,0,0,1,0,0,0
4214,6717,1,68,12,1414,0,10,0,0,1,0,0,0,0,0,0,0,0,0
4224,4775,1,52,25,1786,0,4,0,0,0,1,0,0,0,0,0,0,0,0
4288,7614,1,21,20,1423,0,11,0,1,0,0,0,0,0,0,0,0,0,0
4360,9732,1,38,11,2890,0,5,0,0,0,0,1,0,0,0,0,0,0,0
4382,9020,1,55,7,2829,1,9,1,0,0,0,0,0,0,0,0,0,0,0
4391,5763,1,55,16,763,0,4,0,0,0,1,0,0,0,0,0,0,0,0
4392,11832,1,65,4,1843,0,7,0,0,0,0,0,0,1,0,0,0,0,0
4405,934,1,64,6,2147,0,3,0,0,0,0,0,1,0,0,0,0,0,0
4451,1494,1,20,8,1867,0,11,0,1,0,0,0,0,0,0,0,0,0,0
4459,8205,1,43,18,2446,0,1,0,0,0,0,0,0,0,0,0,0,0,1
4463,5010,1,46,19,3607,0,5,0,0,0,0,1,0,0,0,0,0,0,0
4484,1892,1,26,28,1120,0,11,0,1,0,0,0,0,0,0,0,0,0,0
4485,7197,1,30,21,1992,0,10,0,0,1,0,0,0,0,0,0,0,0,0
4545,10204,1,70,15,1424,0,5,0,0,0,0,1,0,0,0,0,0,0,0
4552,4207,1,75,22,2088,0,4,0,0,0,1,0,0,0,0,0,0,0,0
4615,10088,1,32,17,2502,0,4,0,0,0,1,0,0,0,0,0,0,0,0
4626,7730,1,53,18,2513,0,6,0,0,0,0,0,0,0,0,0,1,0,0
4645,7730,1,18,18,2351,0,6,0,0,0,0,0,0,0,0,0,1,0,0
4657,6807,1,20,25,2336,0,6,0,0,0,0,0,0,0,0,0,1,0,0
4692,9489,1,23,1,1790,1,6,0,0,0,0,0,0,0,0,0,1,0,0
4727,6218,1,22,21,2213,0,1,0,0,0,0,0,0,0,0,0,0,0,1
4731,7048,1,39,21,1485,0,4,0,0,0,1,0,0,0,0,0,0,0,0
4737,7722,1,20,23,2708,0,4,0,0,0,1,0,0,0,0,0,0,0,0
4743,7252,1,30,4,1867,0,7,0,0,0,0,0,0,1,0,0,0,0,0
4781,9886,1,52,13,637,0,5,0,0,0,0,1,0,0,0,0,0,0,0
4786,2951,1,70,4,1994,0,7,0,0,0,0,0,0,1,0,0,0,0,0
4793,1175,1,55,26,1880,0,7,0,0,0,0,0,0,1,0,0,0,0,0
4817,3472,1,28,23,1624,0,4,0,0,0,1,0,0,0,0,0,0,0,0
4845,8093,1,38,10,2284,0,11,0,1,0,0,0,0,0,0,0,0,0,0
4847,7315,1,38,27,1030,0,5,0,0,0,0,1,0,0,0,0,0,0,0
4873,4329,1,60,13,3438,0,12,0,0,0,0,0,0,0,0,1,0,0,0
4887,614,1,35,14,1367,0,10,0,0,1,0,0,0,0,0,0,0,0,0
4928,3664,1,55,2,1455,0,6,0,0,0,0,0,0,0,0,0,1,0,0
4959,9956,1,65,5,1688,0,1,0,0,0,0,0,0,0,0,0,0,0,1
4976,11363,1,65,4,3139,0,3,0,0,0,0,0,1,0,0,0,0,0,0
5003,6577,1,70,28,1796,0,11,0,1,0,0,0,0,0,0,0,0,0,0
5038,6958,1,35,15,2439,0,2,0,0,0,0,0,0,0,0,0,0,1,0
5168,8594,1,29,15,2489,0,2,0,0,0,0,0,0,0,0,0,0,1,0
5198,9172,1,43,28,2223,0,12,0,0,0,0,0,0,0,0,1,0,0,0
5248,451,1,50,12,1781,0,7,0,0,0,0,0,0,1,0,0,0,0,0
5287,8337,1,26,19,3389,0,2,0,0,0,0,0,0,0,0,0,0,1,0
5326,7672,1,22,29,2952,0,10,0,0,1,0,0,0,0,0,0,0,0,0
5347,2204,1,40,15,1912,0,12,0,0,0,0,0,0,0,0,1,0,0,0
5409,7715,1,45,2,1881,0,3,0,0,0,0,0,1,0,0,0,0,0,0
5440,4734,1,19,11,2031,0,9,1,0,0,0,0,0,0,0,0,0,0,0
5444,10287,1,30,29,2242,0,10,0,0,1,0,0,0,0,0,0,0,0,0
5451,7665,1,28,27,2375,0,10,0,0,1,0,0,0,0,0,0,0,0,0
5485,6899,1,30,29,2614,0,5,0,0,0,0,1,0,0,0,0,0,0,0
5570,2783,1,57,11,1395,0,4,0,0,0,1,0,0,0,0,0,0,0,0
5578,9852,1,22,12,2528,0,9,1,0,0,0,0,0,0,0,0,0,0,0
5610,3658,1,70,23,1562,0,4,0,0,0,1,0,0,0,0,0,0,0,0
5659,4119,1,41,10,664,0,9,1,0,0,0,0,0,0,0,0,0,0,0
5663,535,1,62,23,2493,0,4,0,0,0,1,0,0,0,0,0,0,0,0
5729,8186,1,48,10,1371,0,11,0,1,0,0,0,0,0,0,0,0,0,0
5849,5422,1,25,15,1920,0,3,0,0,0,0,0,1,0,0,0,0,0,0
5889,9857,1,40,23,1782,0,9,1,0,0,0,0,0,0,0,0,0,0,0
5897,4541,1,21,13,2478,0,6,0,0,0,0,0,0,0,0,0,1,0,0
5959,7188,1,24,18,3566,0,12,0,0,0,0,0,0,0,0,1,0,0,0
6148,7974,1,37,27,2176,0,10,0,0,1,0,0,0,0,0,0,0,0,0
6165,3842,1,68,16,1200,0,8,0,0,0,0,0,0,0,1,0,0,0,0
6183,5886,1,18,2,1087,0,6,0,0,0,0,0,0,0,0,0,1,0,0
6203,8497,1,60,2,1887,0,7,0,0,0,0,0,0,1,0,0,0,0,0
6265,6944,1,60,6,1722,0,7,0,0,0,0,0,0,1,0,0,0,0,0
6271,7441,1,59,28,948,0,7,0,0,0,0,0,0,1,0,0,0,0,0
6286,1274,1,19,23,3466,0,4,0,0,0,1,0,0,0,0,0,0,0,0
6290,9223,1,25,20,1751,0,6,0,0,0,0,0,0,0,0,0,1,0,0
6299,9473,1,31,27,3492,0,11,0,1,0,0,0,0,0,0,0,0,0,0
6306,1611,1,23,15,1964,0,3,0,0,0,0,0,1,0,0,0,0,0,0
6312,9049,1,28,14,2247,0,8,0,0,0,0,0,0,0,1,0,0,0,0
6315,10299,1,45,12,2150,0,8,0,0,0,0,0,0,0,1,0,0,0,0
6354,2951,1,28,4,1960,0,7,0,0,0,0,0,0,1,0,0,0,0,0
6374,7713,1,28,17,1114,0,2,0,0,0,0,0,0,0,0,0,0,1,0
6459,755,1,25,1,3969,1,7,0,0,0,0,0,0,1,0,0,0,0,0
6484,9478,1,48,13,803,0,7,0,0,0,0,0,0,1,0,0,0,0,0
6515,6715,1,45,20,3479,0,5,0,0,0,0,1,0,0,0,0,0,0,0
6578,2817,1,30,25,2157,0,9,1,0,0,0,0,0,0,0,0,0,0,0
6603,1974,1,35,24,3126,0,10,0,0,1,0,0,0,0,0,0,0,0,0
6680,9060,1,48,17,1419,0,2,0,0,0,0,0,0,0,0,0,0,1,0
6732,10069,1,35,8,2640,0,11,0,1,0,0,0,0,0,0,0,0,0,0
6803,4816,1,60,17,1958,0,2,0,0,0,0,0,0,0,0,0,0,1,0
6818,4469,1,35,24,1192,0,9,1,0,0,0,0,0,0,0,0,0,0,0
6913,8975,1,27,8,1732,0,11,0,1,0,0,0,0,0,0,0,0,0,0
6923,7654,1,58,10,1916,0,12,0,0,0,0,0,0,0,0,1,0,0,0
6930,579,1,22,29,2186,0,3,0,0,0,0,0,1,0,0,0,0,0,0
6941,1072,1,55,27,1940,0,5,0,0,0,0,1,0,0,0,0,0,0,0
7036,4135,1,28,11,1441,0,5,0,0,0,0,1,0,0,0,0,0,0,0
7040,9478,1,28,13,838,0,7,0,0,0,0,0,0,1,0,0,0,0,0
7050,4892,1,36,25,1502,0,9,1,0,0,0,0,0,0,0,0,0,0,0
7079,8775,1,30,10,1363,0,7,0,0,0,0,0,0,1,0,0,0,0,0
7131,3991,1,21,22,3393,0,11,0,1,0,0,0,0,0,0,0,0,0,0
7143,1985,1,32,8,1358,0,11,0,1,0,0,0,0,0,0,0,0,0,0
7243,11761,1,26,21,2477,0,10,0,0,1,0,0,0,0,0,0,0,0,0
7262,5686,1,27,27,2607,0,11,0,1,0,0,0,0,0,0,0,0,0,0
7298,7120,1,44,16,2742,0,4,0,0,0,1,0,0,0,0,0,0,0,0
7305,7836,1,70,20,1093,0,4,0,0,0,1,0,0,0,0,0,0,0,0
7337,4996,1,45,18,638,0,10,0,0,1,0,0,0,0,0,0,0,0,0
7358,1549,1,40,15,869,0,2,0,0,0,0,0,0,0,0,0,0,1,0
7367,7309,1,18,11,1885,0,4,0,0,0,1,0,0,0,0,0,0,0,0
7427,8276,1,42,12,2826,0,8,0,0,0,0,0,0,0,1,0,0,0,0
7439,10105,1,56,16,1877,0,6,0,0,0,0,0,0,0,0,0,1,0,0
7467,2832,1,27,27,2340,0,3,0,0,0,0,0,1,0,0,0,0,0,0
7482,5969,1,25,13,1690,0,6,0,0,0,0,0,0,0,0,0,1,0,0
7486,3611,1,37,2,1547,0,7,0,0,0,0,0,0,1,0,0,0,0,0
7518,1870,1,55,29,2569,0,10,0,0,1,0,0,0,0,0,0,0,0,0
7520,1656,1,18,20,1503,0,4,0,0,0,1,0,0,0,0,0,0,0,0
7549,9854,1,21,18,1971,0,5,0,0,0,0,1,0,0,0,0,0,0,0
7570,2543,1,30,10,732,0,9,1,0,0,0,0,0,0,0,0,0,0,0
7581,528,1,62,9,1970,0,8,0,0,0,0,0,0,0,1,0,0,0,0
7590,11849,1,24,14,1849,0,8,0,0,0,0,0,0,0,1,0,0,0,0
7667,7381,1,62,21,1430,0,11,0,1,0,0,0,0,0,0,0,0,0,0
7760,11215,1,58,27,1229,0,10,0,0,1,0,0,0,0,0,0,0,0,0
7764,4573,1,18,11,1452,0,12,0,0,0,0,0,0,0,0,1,0,0,0
7821,7725,1,45,12,1123,0,9,1,0,0,0,0,0,0,0,0,0,0,0
7824,11794,1,23,20,3049,0,2,0,0,0,0,0,0,0,0,0,0,1,0
7827,9549,1,45,25,2452,0,4,0,0,0,1,0,0,0,0,0,0,0,0
7932,198,1,23,18,3236,0,10,0,0,1,0,0,0,0,0,0,0,0,0
7936,8643,1,36,6,3001,0,9,1,0,0,0,0,0,0,0,0,0,0,0
7942,6073,1,75,21,1958,0,12,0,0,0,0,0,0,0,0,1,0,0,0
7997,436,1,42,20,1835,0,7,0,0,0,0,0,0,1,0,0,0,0,0
8048,3989,1,34,13,3066,0,6,0,0,0,0,0,0,0,0,0,1,0,0
8053,7514,1,22,6,1917,0,7,0,0,0,0,0,0,1,0,0,0,0,0
8055,11861,1,45,20,2169,0,6,0,0,0,0,0,0,0,0,0,1,0,0
8062,1539,1,65,19,2654,0,7,0,0,0,0,0,0,1,0,0,0,0,0
8079,4817,1,19,17,1209,0,11,0,1,0,0,0,0,0,0,0,0,0,0
8086,6944,1,24,6,2372,0,7,0,0,0,0,0,0,1,0,0,0,0,0
8099,10239,1,21,2,1168,0,6,0,0,0,0,0,0,0,0,0,1,0,0
8117,1367,1,22,21,2501,0,4,0,0,0,1,0,0,0,0,0,0,0,0
8161,4906,1,68,20,2604,0,1,0,0,0,0,0,0,0,0,0,0,0,1
8188,11598,1,27,15,2876,0,7,0,0,0,0,0,0,1,0,0,0,0,0
8215,9779,1,72,25,1797,0,11,0,1,0,0,0,0,0,0,0,0,0,0
8230,11485,1,64,20,1852,0,2,0,0,0,0,0,0,0,0,0,0,1,0
8241,5003,1,25,8,1705,0,8,0,0,0,0,0,0,0,1,0,0,0,0
8255,8173,1,42,13,1849,0,8,0,0,0,0,0,0,0,1,0,0,0,0
8269,3755,1,54,18,1974,0,10,0,0,1,0,0,0,0,0,0,0,0,0
8271,11464,1,30,20,2413,0,4,0,0,0,1,0,0,0,0,0,0,0,0
8282,5881,1,20,27,2345,0,3,0,0,0,0,0,1,0,0,0,0,0,0
8330,5254,1,18,22,1642,0,9,1,0,0,0,0,0,0,0,0,0,0,0
8425,7470,1,60,10,2140,0,9,1,0,0,0,0,0,0,0,0,0,0,0
8482,604,1,32,29,2315,0,3,0,0,0,0,0,1,0,0,0,0,0,0
8505,3558,1,34,18,1466,0,12,0,0,0,0,0,0,0,0,1,0,0,0
8557,10573,1,66,12,2118,0,10,0,0,1,0,0,0,0,0,0,0,0,0
8592,5036,1,30,8,1805,0,7,0,0,0,0,0,0,1,0,0,0,0,0
8628,10726,1,56,24,1955,0,11,0,1,0,0,0,0,0,0,0,0,0,0
8638,10545,1,55,24,2146,0,12,0,0,0,0,0,0,0,0,1,0,0,0
8661,4452,1,50,17,2391,0,2,0,0,0,0,0,0,0,0,0,0,1,0
8665,1338,1,57,2,2054,0,7,0,0,0,0,0,0,1,0,0,0,0,0
8688,7716,1,70,15,1374,0,4,0,0,0,1,0,0,0,0,0,0,0,0
8708,9931,1,65,12,2971,0,8,0,0,0,0,0,0,0,1,0,0,0,0
8749,4545,1,23,16,2754,0,12,0,0,0,0,0,0,0,0,1,0,0,0
8750,5977,1,50,2,1593,0,6,0,0,0,0,0,0,0,0,0,1,0,0
8763,5253,1,30,20,2312,0,1,0,0,0,0,0,0,0,0,0,0,0,1
8792,2848,1,65,21,875,0,3,0,0,0,0,0,1,0,0,0,0,0,0
8806,10430,1,36,19,3138,0,4,0,0,0,1,0,0,0,0,0,0,0,0
8863,9269,1,38,13,1741,0,6,0,0,0,0,0,0,0,0,0,1,0,0
8881,6238,1,31,22,1825,0,9,1,0,0,0,0,0,0,0,0,0,0,0
8904,11034,1,47,24,1835,0,12,0,0,0,0,0,0,0,0,1,0,0,0
8917,11274,1,45,13,464,0,7,0,0,0,0,0,0,1,0,0,0,0,0
8928,432,1,18,14,1756,0,4,0,0,0,1,0,0,0,0,0,0,0,0
8974,6713,1,31,18,2661,0,12,0,0,0,0,0,0,0,0,1,0,0,0
9003,8876,1,25,14,3158,0,7,0,0,0,0,0,0,1,0,0,0,0,0
9008,5340,1,54,22,1162,0,12,0,0,0,0,0,0,0,0,1,0,0,0
9020,9162,1,27,17,1820,0,5,0,0,0,0,1,0,0,0,0,0,0,0
9059,4609,1,37,8,3786,0,9,1,0,0,0,0,0,0,0,0,0,0,0
9113,1669,1,24,14,2757,0,5,0,0,0,0,1,0,0,0,0,0,0,0
9160,1683,1,18,8,1551,0,11,0,1,0,0,0,0,0,0,0,0,0,0
9302,619,1,40,13,3875,0,6,0,0,0,0,0,0,0,0,0,1,0,0
9306,8496,1,58,20,1935,0,6,0,0,0,0,0,0,0,0,0,1,0,0
9324,6307,1,32,15,1028,0,6,0,0,0,0,0,0,0,0,0,1,0,0
9341,2846,1,40,21,2386,0,3,0,0,0,0,0,1,0,0,0,0,0,0
9365,10118,1,32,22,3451,0,4,0,0,0,1,0,0,0,0,0,0,0,0
9431,946,1,50,27,2372,0,10,0,0,1,0,0,0,0,0,0,0,0,0
9499,1892,1,60,28,1551,0,11,0,1,0,0,0,0,0,0,0,0,0,0
9504,9238,1,21,11,2761,0,9,1,0,0,0,0,0,0,0,0,0,0,0
9531,1439,1,65,22,2962,0,9,1,0,0,0,0,0,0,0,0,0,0,0
9561,3472,1,30,23,1985,0,4,0,0,0,1,0,0,0,0,0,0,0,0
9579,1291,1,38,21,1864,0,10,0,0,1,0,0,0,0,0,0,0,0,0
9620,7876,1,75,17,2330,0,5,0,0,0,0,1,0,0,0,0,0,0,0
9793,6256,1,28,25,1602,0,11,0,1,0,0,0,0,0,0,0,0,0,0
9797,5395,1,62,21,2737,0,6,0,0,0,0,0,0,0,0,0,1,0,0
9808,8640,1,40,20,2438,0,1,0,0,0,0,0,0,0,0,0,0,0,1
9818,11409,1,45,25,2583,0,9,1,0,0,0,0,0,0,0,0,0,0,0
9861,321,1,45,17,3245,0,2,0,0,0,0,0,0,0,0,0,0,1,0
9915,6404,1,20,6,1765,0,7,0,0,0,0,0,0,1,0,0,0,0,0
9916,2748,1,25,28,1135,0,7,0,0,0,0,0,0,1,0,0,0,0,0
9978,8050,1,33,18,2095,0,5,0,0,0,0,1,0,0,0,0,0,0,0
9998,6336,1,55,23,2500,0,9,1,0,0,0,0,0,0,0,0,0,0,0
10073,7886,1,30,28,2114,0,10,0,0,1,0,0,0,0,0,0,0,0,0
10077,9408,1,48,10,4140,0,9,1,0,0,0,0,0,0,0,0,0,0,0
10113,9238,1,19,11,2679,0,9,1,0,0,0,0,0,0,0,0,0,0,0
10250,7269,1,53,17,1065,0,11,0,1,0,0,0,0,0,0,0,0,0,0
10256,11794,1,18,20,2799,0,2,0,0,0,0,0,0,0,0,0,0,1,0
10315,8453,1,32,13,1976,0,9,1,0,0,0,0,0,0,0,0,0,0,0
10316,26,1,35,28,1751,0,12,0,0,0,0,0,0,0,0,1,0,0,0
10340,10127,1,37,20,2276,0,7,0,0,0,0,0,0,1,0,0,0,0,0
10350,11636,1,35,28,1912,0,11,0,1,0,0,0,0,0,0,0,0,0,0
10357,11019,1,32,14,3596,0,4,0,0,0,1,0,0,0,0,0,0,0,0
10361,7710,1,55,19,2783,0,4,0,0,0,1,0,0,0,0,0,0,0,0
10362,2510,1,45,22,3344,0,12,0,0,0,0,0,0,0,0,1,0,0,0
10400,2767,1,60,21,1717,0,1,0,0,0,0,0,0,0,0,0,0,0,1
10424,9619,1,38,16,3099,0,6,0,0,0,0,0,0,0,0,0,1,0,0
10451,7737,1,62,22,3472,0,11,0,1,0,0,0,0,0,0,0,0,0,0
10488,5565,1,18,21,2012,0,3,0,0,0,0,0,1,0,0,0,0,0,0
10493,89,1,25,16,3154,0,6,0,0,0,0,0,0,0,0,0,1,0,0
10519,2465,1,22,16,2874,0,6,0,0,0,0,0,0,0,0,0,1,0,0
10593,3989,1,28,13,2899,0,6,0,0,0,0,0,0,0,0,0,1,0,0
10622,5763,1,22,16,1546,0,4,0,0,0,1,0,0,0,0,0,0,0,0
10640,8655,1,47,15,3089,0,6,0,0,0,0,0,0,0,0,0,1,0,0
10647,1161,1,36,12,3697,0,9,1,0,0,0,0,0,0,0,0,0,0,0
10673,1113,1,49,4,2207,0,7,0,0,0,0,0,0,1,0,0,0,0,0
10715,198,1,46,18,3406,0,10,0,0,1,0,0,0,0,0,0,0,0,0
10739,2793,1,22,11,3012,0,5,0,0,0,0,1,0,0,0,0,0,0,0
10743,7659,1,23,18,1637,0,12,0,0,0,0,0,0,0,0,1,0,0,0
10746,1213,1,45,21,2448,0,1,0,0,0,0,0,0,0,0,0,0,0,1
10747,9524,1,42,14,2282,0,9,1,0,0,0,0,0,0,0,0,0,0,0
10796,10683,1,60,14,2890,0,10,0,0,1,0,0,0,0,0,0,0,0,0
10831,10062,1,55,20,3691,0,4,0,0,0,1,0,0,0,0,0,0,0,0
10885,3343,1,76,24,1314,0,11,0,1,0,0,0,0,0,0,0,0,0,0
10959,5317,1,46,18,1238,0,12,0,0,0,0,0,0,0,0,1,0,0,0
11024,4485,1,50,25,2991,0,9,1,0,0,0,0,0,0,0,0,0,0,0
11123,8173,1,40,13,417,0,8,0,0,0,0,0,0,0,1,0,0,0,0
11275,10645,1,44,15,2907,0,6,0,0,0,0,0,0,0,0,0,1,0,0
11312,4930,1,35,20,256,0,11,0,1,0,0,0,0,0,0,0,0,0,0
11320,6229,1,42,19,2357,0,2,0,0,0,0,0,0,0,0,0,0,1,0
11326,7063,1,30,12,2305,0,10,0,0,1,0,0,0,0,0,0,0,0,0
11328,11886,1,34,9,2077,0,8,0,0,0,0,0,0,0,1,0,0,0,0
11331,7458,1,65,15,2723,0,2,0,0,0,0,0,0,0,0,0,0,1,0
11335,2431,1,35,1,2357,1,7,0,0,0,0,0,0,1,0,0,0,0,0
11351,8217,1,53,15,1229,0,12,0,0,0,0,0,0,0,0,1,0,0,0
11394,7737,1,25,22,2755,0,11,0,1,0,0,0,0,0,0,0,0,0,0
11407,6462,1,75,17,1506,0,4,0,0,0,1,0,0,0,0,0,0,0,0
11418,2037,1,50,26,2611,0,10,0,0,1,0,0,0,0,0,0,0,0,0
11447,3300,1,46,14,855,0,4,0,0,0,1,0,0,0,0,0,0,0,0
11453,10239,1,28,2,1296,0,6,0,0,0,0,0,0,0,0,0,1,0,0
11467,11019,1,60,14,2426,0,4,0,0,0,1,0,0,0,0,0,0,0,0
11544,6443,1,36,24,2924,0,11,0,1,0,0,0,0,0,0,0,0,0,0
11596,11349,1,38,19,2742,0,11,0,1,0,0,0,0,0,0,0,0,0,0
11609,3755,1,38,18,874,0,10,0,0,1,0,0,0,0,0,0,0,0,0
11667,4429,1,54,24,3679,0,12,0,0,0,0,0,0,0,0,1,0,0,0
11917,9132,1,29,20,1564,0,4,0,0,0,1,0,0,0,0,0,0,0,0
11931,7876,1,30,17,2991,0,5,0,0,0,0,1,0,0,0,0,0,0,0
11955,10138,1,64,19,2374,0,2,0,0,0,0,0,0,0,0,0,0,1,0
11964,3076,1,71,23,1957,0,11,0,1,0,0,0,0,0,0,0,0,0,0
11991,10433,1,66,14,1993,0,10,0,0,1,0,0,0,0,0,0,0,0,0
12037,9350,1,29,18,2305,0,12,0,0,0,0,0,0,0,0,1,0,0,0
12050,11412,1,62,16,2023,0,12,0,0,0,0,0,0,0,0,1,0,0,0
12079,10013,1,38,19,1287,0,4,0,0,0,1,0,0,0,0,0,0,0,0
12085,3268,1,65,24,649,0,9,1,0,0,0,0,0,0,0,0,0,0,0
12105,5145,1,35,14,1698,0,10,0,0,1,0,0,0,0,0,0,0,0,0
12138,3900,1,38,17,1742,0,7,0,0,0,0,0,0,1,0,0,0,0,0
12204,8975,1,70,8,1814,0,11,0,1,0,0,0,0,0,0,0,0,0,0
12206,3801,1,44,27,1366,0,5,0,0,0,0,1,0,0,0,0,0,0,0
12237,5134,1,32,14,2036,0,10,0,0,1,0,0,0,0,0,0,0,0,0
12333,11673,1,26,28,2208,0,12,0,0,0,0,0,0,0,0,1,0,0,0
12353,3006,1,52,26,1845,0,10,0,0,1,0,0,0,0,0,0,0,0,0
12377,1537,1,31,16,3166,0,4,0,0,0,1,0,0,0,0,0,0,0,0
12402,6872,1,21,28,1656,0,3,0,0,0,0,0,1,0,0,0,0,0,0
12407,5955,1,38,11,2420,0,9,1,0,0,0,0,0,0,0,0,0,0,0
12431,4128,1,44,24,1604,0,11,0,1,0,0,0,0,0,0,0,0,0,0
12520,3989,1,66,13,1023,0,6,0,0,0,0,0,0,0,0,0,1,0,0
12541,432,1,60,14,1637,0,4,0,0,0,1,0,0,0,0,0,0,0,0
12552,5831,1,38,9,1961,0,8,0,0,0,0,0,0,0,1,0,0,0,0
12569,9639,1,60,20,2386,0,7,0,0,0,0,0,0,1,0,0,0,0,0
12571,10850,1,23,7,3521,1,11,0,1,0,0,0,0,0,0,0,0,0,0
12574,450,1,50,11,3146,0,5,0,0,0,0,1,0,0,0,0,0,0,0
12608,7705,1,43,6,1851,0,11,0,1,0,0,0,0,0,0,0,0,0,0
12621,1282,1,30,18,919,0,1,0,0,0,0,0,0,0,0,0,0,0,1
12624,10373,1,40,21,1896,0,6,0,0,0,0,0,0,0,0,0,1,0,0
12684,7124,1,55,18,2028,0,6,0,0,0,0,0,0,0,0,0,1,0,0
12692,10773,1,36,29,2737,0,5,0,0,0,0,1,0,0,0,0,0,0,0
12696,2356,1,64,24,2640,0,12,0,0,0,0,0,0,0,0,1,0,0,0
12794,3820,1,45,6,2329,0,7,0,0,0,0,0,0,1,0,0,0,0,0
12814,10164,1,42,13,1778,0,2,0,0,0,0,0,0,0,0,0,0,1,0
12839,8150,1,55,6,2301,0,11,0,1,0,0,0,0,0,0,0,0,0,0
12890,2941,1,50,12,606,0,10,0,0,1,0,0,0,0,0,0,0,0,0
12898,2204,1,55,15,1923,0,12,0,0,0,0,0,0,0,0,1,0,0,0
12911,7941,1,45,31,2251,0,6,0,0,0,0,0,0,0,0,0,1,0,0
12924,7470,1,26,10,2260,0,9,1,0,0,0,0,0,0,0,0,0,0,0
12931,5686,1,20,27,2328,0,11,0,1,0,0,0,0,0,0,0,0,0,0
12965,7750,1,27,26,2035,0,7,0,0,0,0,0,0,1,0,0,0,0,0
12994,7252,1,65,4,1614,0,7,0,0,0,0,0,0,1,0,0,0,0,0
13021,10148,1,50,16,2442,0,1,0,0,0,0,0,0,0,0,0,0,0,1
13039,2593,1,25,20,2746,0,7,0,0,0,0,0,0,1,0,0,0,0,0
13074,5571,1,49,22,2288,0,11,0,1,0,0,0,0,0,0,0,0,0,0
13103,10881,1,23,4,1716,0,3,0,0,0,0,0,1,0,0,0,0,0,0
13110,9705,1,22,8,1967,0,7,0,0,0,0,0,0,1,0,0,0,0,0
13124,3011,1,45,11,5369,0,5,0,0,0,0,1,0,0,0,0,0,0,0
13210,7519,1,32,18,2260,0,1,0,0,0,0,0,0,0,0,0,0,0,1
13237,11009,1,38,19,2618,0,4,0,0,0,1,0,0,0,0,0,0,0,0
13268,10457,1,49,16,2991,0,12,0,0,0,0,0,0,0,0,1,0,0,0
13323,4170,1,22,10,3448,0,9,1,0,0,0,0,0,0,0,0,0,0,0
13328,10287,1,20,29,2813,0,10,0,0,1,0,0,0,0,0,0,0,0,0
13357,358,1,45,15,1569,0,6,0,0,0,0,0,0,0,0,0,1,0,0
13362,3242,1,24,19,2150,0,3,0,0,0,0,0,1,0,0,0,0,0,0
13371,5366,1,45,19,2645,0,5,0,0,0,0,1,0,0,0,0,0,0,0
13392,3910,1,42,18,1360,0,11,0,1,0,0,0,0,0,0,0,0,0,0
13476,1876,1,50,26,1275,0,12,0,0,0,0,0,0,0,0,1,0,0,0
13533,8288,1,65,15,2571,0,2,0,0,0,0,0,0,0,0,0,0,1,0
13555,8553,1,46,5,2225,0,1,0,0,0,0,0,0,0,0,0,0,0,1
13560,9705,1,59,8,1560,0,7,0,0,0,0,0,0,1,0,0,0,0,0
13591,9223,1,60,20,1708,0,6,0,0,0,0,0,0,0,0,0,1,0,0
13648,9251,1,30,17,1231,0,11,0,1,0,0,0,0,0,0,0,0,0,0
13651,6235,1,22,22,2461,0,5,0,0,0,0,1,0,0,0,0,0,0,0
13679,6756,1,35,24,843,0,12,0,0,0,0,0,0,0,0,1,0,0,0
13682,6433,1,47,21,3351,0,4,0,0,0,1,0,0,0,0,0,0,0,0
13683,8122,1,65,14,1456,0,7,0,0,0,0,0,0,1,0,0,0,0,0
13687,10454,1,45,16,2071,0,6,0,0,0,0,0,0,0,0,0,1,0,0
13745,2695,1,33,10,2840,0,11,0,1,0,0,0,0,0,0,0,0,0,0
13764,10560,1,45,25,2436,0,6,0,0,0,0,0,0,0,0,0,1,0,0
13775,4334,1,56,6,1815,0,7,0,0,0,0,0,0,1,0,0,0,0,0
13776,11124,1,22,28,1647,0,10,0,0,1,0,0,0,0,0,0,0,0,0
13800,1109,1,20,17,1469,0,2,0,0,0,0,0,0,0,0,0,0,1,0
13848,6551,1,42,2,2133,0,7,0,0,0,0,0,0,1,0,0,0,0,0
13934,6807,1,60,25,2522,0,6,0,0,0,0,0,0,0,0,0,1,0,0
13981,3979,1,27,11,2509,0,9,1,0,0,0,0,0,0,0,0,0,0,0
14014,4211,1,70,21,2839,0,6,0,0,0,0,0,0,0,0,0,1,0,0
14015,9669,1,32,18,1730,0,4,0,0,0,1,0,0,0,0,0,0,0,0
14073,909,1,47,17,3721,0,5,0,0,0,0,1,0,0,0,0,0,0,0
14075,7614,1,24,20,1668,0,11,0,1,0,0,0,0,0,0,0,0,0,0
14116,1092,1,56,15,2351,0,3,0,0,0,0,0,1,0,0,0,0,0,0
14135,11245,1,24,13,1827,0,4,0,0,0,1,0,0,0,0,0,0,0,0
14142,4662,1,50,22,1961,0,9,1,0,0,0,0,0,0,0,0,0,0,0
14152,5422,1,52,15,2298,0,3,0,0,0,0,0,1,0,0,0,0,0,0
14170,6463,1,66,8,2287,0,11,0,1,0,0,0,0,0,0,0,0,0,0
14179,263,1,25,17,1323,0,2,0,0,0,0,0,0,0,0,0,0,1,0
14202,378,1,56,27,3036,0,10,0,0,1,0,0,0,0,0,0,0,0,0
14206,5335,1,43,16,2002,0,4,0,0,0,1,0,0,0,0,0,0,0,0
14216,10457,1,20,16,2913,0,12,0,0,0,0,0,0,0,0,1,0,0,0
14227,7328,1,31,15,2066,0,3,0,0,0,0,0,1,0,0,0,0,0,0
14232,2842,1,45,14,2598,0,8,0,0,0,0,0,0,0,1,0,0,0,0
14243,3571,1,56,18,3055,0,5,0,0,0,0,1,0,0,0,0,0,0,0
14276,5125,1,35,30,1626,0,3,0,0,0,0,0,1,0,0,0,0,0,0
14285,11751,1,59,14,2214,0,5,0,0,0,0,1,0,0,0,0,0,0,0
14293,10594,1,60,28,1961,0,3,0,0,0,0,0,1,0,0,0,0,0,0
14349,5886,1,45,2,1208,0,6,0,0,0,0,0,0,0,0,0,1,0,0
14386,2951,1,45,4,1913,0,7,0,0,0,0,0,0,1,0,0,0,0,0
14396,1102,1,58,21,2904,0,6,0,0,0,0,0,0,0,0,0,1,0,0
14442,2479,1,39,24,2703,0,12,0,0,0,0,0,0,0,0,1,0,0,0
14469,1405,1,28,8,3087,0,11,0,1,0,0,0,0,0,0,0,0,0,0
14489,4531,1,72,17,1656,0,4,0,0,0,1,0,0,0,0,0,0,0,0
14507,2788,1,20,22,2037,0,5,0,0,0,0,1,0,0,0,0,0,0,0
14529,10126,1,40,19,2351,0,2,0,0,0,0,0,0,0,0,0,0,1,0
14641,5631,1,48,7,1206,1,11,0,1,0,0,0,0,0,0,0,0,0,0
14672,8576,1,25,15,2901,0,5,0,0,0,0,1,0,0,0,0,0,0,0
14709,1781,1,56,29,1710,0,3,0,0,0,0,0,1,0,0,0,0,0,0
14728,4230,1,30,2,2245,0,3,0,0,0,0,0,1,0,0,0,0,0,0
14800,4519,1,25,20,1810,0,6,0,0,0,0,0,0,0,0,0,1,0,0
14808,6577,1,40,28,912,0,11,0,1,0,0,0,0,0,0,0,0,0,0
14879,6460,1,20,17,3735,0,4,0,0,0,1,0,0,0,0,0,0,0,0
14919,4615,1,66,20,2208,0,2,0,0,0,0,0,0,0,0,0,0,1,0
14971,10451,1,44,15,2335,0,2,0,0,0,0,0,0,0,0,0,0,1,0
15017,3876,1,29,4,1725,0,3,0,0,0,0,0,1,0,0,0,0,0,0
15031,9489,1,18,1,1723,1,6,0,0,0,0,0,0,0,0,0,1,0,0
15069,7625,1,38,18,3511,0,4,0,0,0,1,0,0,0,0,0,0,0,0
15085,8574,1,60,23,2820,0,4,0,0,0,1,0,0,0,0,0,0,0,0
15102,11585,1,20,19,2993,0,3,0,0,0,0,0,1,0,0,0,0,0,0
15134,2510,1,30,22,2945,0,12,0,0,0,0,0,0,0,0,1,0,0,0
15171,1913,1,22,10,1933,0,11,0,1,0,0,0,0,0,0,0,0,0,0
15180,9632,1,35,16,2609,0,8,0,0,0,0,0,0,0,1,0,0,0,0
15199,3289,1,28,21,3015,0,1,0,0,0,0,0,0,0,0,0,0,0,1
15242,2227,1,22,18,1165,0,1,0,0,0,0,0,0,0,0,0,0,0,1
15246,1345,1,46,13,3295,0,5,0,0,0,0,1,0,0,0,0,0,0,0
15322,6147,1,48,12,2228,0,12,0,0,0,0,0,0,0,0,1,0,0,0
15346,7654,1,28,10,1464,0,12,0,0,0,0,0,0,0,0,1,0,0,0
15440,1,1,30,2,1899,0,3,0,0,0,0,0,1,0,0,0,0,0,0
15452,3335,1,58,5,2656,0,1,0,0,0,0,0,0,0,0,0,0,0,1
15464,5424,1,45,18,3285,0,4,0,0,0,1,0,0,0,0,0,0,0,0
15470,11845,1,32,23,2118,0,10,0,0,1,0,0,0,0,0,0,0,0,0
15480,4902,1,21,20,3135,0,2,0,0,0,0,0,0,0,0,0,0,1,0
15592,6307,1,40,15,3297,0,6,0,0,0,0,0,0,0,0,0,1,0,0
15613,1965,1,61,25,2643,0,9,1,0,0,0,0,0,0,0,0,0,0,0
15642,5708,1,76,25,1292,0,9,1,0,0,0,0,0,0,0,0,0,0,0
15679,4671,1,28,13,1927,0,6,0,0,0,0,0,0,0,0,0,1,0,0
15690,8364,1,38,24,724,0,10,0,0,1,0,0,0,0,0,0,0,0,0
15729,4615,1,34,20,3718,0,2,0,0,0,0,0,0,0,0,0,0,1,0
15734,4167,1,50,24,1999,0,9,1,0,0,0,0,0,0,0,0,0,0,0
15789,387,1,24,11,510,0,7,0,0,0,0,0,0,1,0,0,0,0,0
15855,11539,1,65,21,719,0,5,0,0,0,0,1,0,0,0,0,0,0,0
15911,7124,1,24,18,2546,0,6,0,0,0,0,0,0,0,0,0,1,0,0
15918,2547,1,21,27,2030,0,5,0,0,0,0,1,0,0,0,0,0,0,0
15925,5903,1,52,13,1770,0,12,0,0,0,0,0,0,0,0,1,0,0,0
15932,10404,1,30,15,2032,0,2,0,0,0,0,0,0,0,0,0,0,1,0
15987,845,1,32,17,2197,0,2,0,0,0,0,0,0,0,0,0,0,1,0
16015,8295,1,56,24,1967,0,9,1,0,0,0,0,0,0,0,0,0,0,0
16016,2597,1,70,10,1689,0,11,0,1,0,0,0,0,0,0,0,0,0,0
16066,5208,1,48,26,3341,0,7,0,0,0,0,0,0,1,0,0,0,0,0
16226,1528,1,40,18,2627,0,10,0,0,1,0,0,0,0,0,0,0,0,0
16324,3356,1,47,17,406,0,11,0,1,0,0,0,0,0,0,0,0,0,0
16344,1669,1,70,14,2571,0,5,0,0,0,0,1,0,0,0,0,0,0,0
16353,8976,1,34,30,1984,0,7,0,0,0,0,0,0,1,0,0,0,0,0
16434,5046,1,27,4,2707,0,7,0,0,0,0,0,0,1,0,0,0,0,0
16468,7508,1,32,8,3885,0,9,1,0,0,0,0,0,0,0,0,0,0,0
16488,6944,1,21,6,2357,0,7,0,0,0,0,0,0,1,0,0,0,0,0
16516,7589,1,65,15,1023,0,2,0,0,0,0,0,0,0,0,0,0,1,0
16525,11019,1,28,14,2680,0,4,0,0,0,1,0,0,0,0,0,0,0,0
16530,2231,1,42,11,2841,0,7,0,0,0,0,0,0,1,0,0,0,0,0
16540,947,1,55,18,2557,0,5,0,0,0,0,1,0,0,0,0,0,0,0
16636,11317,1,42,17,2805,0,7,0,0,0,0,0,0,1,0,0,0,0,0
16646,450,1,18,11,2365,0,5,0,0,0,0,1,0,0,0,0,0,0,0
16682,11761,1,65,21,3874,0,10,0,0,1,0,0,0,0,0,0,0,0,0
16684,5125,1,62,30,1877,0,3,0,0,0,0,0,1,0,0,0,0,0,0
16711,11606,1,80,25,1807,0,11,0,1,0,0,0,0,0,0,0,0,0,0
16727,11652,1,49,25,2342,0,9,1,0,0,0,0,0,0,0,0,0,0,0
16764,10671,1,50,21,2341,0,12,0,0,0,0,0,0,0,0,1,0,0,0
16783,10246,1,37,5,1989,0,1,0,0,0,0,0,0,0,0,0,0,0,1
16817,7180,1,38,7,4887,1,9,1,0,0,0,0,0,0,0,0,0,0,0
16822,11832,1,73,4,2408,0,7,0,0,0,0,0,0,1,0,0,0,0,0
16932,9342,1,37,18,3597,0,1,0,0,0,0,0,0,0,0,0,0,0,1
16946,5591,1,18,24,1739,0,6,0,0,0,0,0,0,0,0,0,1,0,0
16977,4434,1,38,24,721,0,11,0,1,0,0,0,0,0,0,0,0,0,0
16978,10316,1,28,22,3670,0,10,0,0,1,0,0,0,0,0,0,0,0,0
17008,9460,1,36,18,1831,0,6,0,0,0,0,0,0,0,0,0,1,0,0
17025,4970,1,70,23,2048,0,5,0,0,0,0,1,0,0,0,0,0,0,0
17061,5923,1,40,22,2434,0,9,1,0,0,0,0,0,0,0,0,0,0,0
17063,3231,1,45,17,3905,0,5,0,0,0,0,1,0,0,0,0,0,0,0
17065,810,1,75,11,1683,0,7,0,0,0,0,0,0,1,0,0,0,0,0
17121,7335,1,49,4,1962,0,7,0,0,0,0,0,0,1,0,0,0,0,0
17125,27,1,28,19,1613,0,2,0,0,0,0,0,0,0,0,0,0,1,0
17200,7188,1,19,18,3636,0,12,0,0,0,0,0,0,0,0,1,0,0,0
17237,8735,1,40,24,1643,0,12,0,0,0,0,0,0,0,0,1,0,0,0
17238,3429,1,23,8,3794,0,7,0,0,0,0,0,0,1,0,0,0,0,0
17285,10062,1,22,20,2964,0,4,0,0,0,1,0,0,0,0,0,0,0,0
17391,11841,1,40,21,2794,0,6,0,0,0,0,0,0,0,0,0,1,0,0
17393,2431,1,28,1,1906,1,7,0,0,0,0,0,0,1,0,0,0,0,0
17501,10066,1,48,14,3000,0,9,1,0,0,0,0,0,0,0,0,0,0,0
17527,10573,1,25,12,2437,0,10,0,0,1,0,0,0,0,0,0,0,0,0
17531,9513,1,48,25,4316,0,11,0,1,0,0,0,0,0,0,0,0,0,0
17565,4930,1,70,20,1002,0,11,0,1,0,0,0,0,0,0,0,0,0,0
17629,4545,1,67,16,2021,0,12,0,0,0,0,0,0,0,0,1,0,0,0
17682,8006,1,41,15,1859,0,3,0,0,0,0,0,1,0,0,0,0,0,0
17686,3917,1,50,18,2862,0,6,0,0,0,0,0,0,0,0,0,1,0,0
17761,4166,1,26,16,2584,0,12,0,0,0,0,0,0,0,0,1,0,0,0
17768,10963,1,60,15,1127,0,2,0,0,0,0,0,0,0,0,0,0,1,0
17860,10209,1,56,21,2025,0,1,0,0,0,0,0,0,0,0,0,0,0,1
17908,3103,1,38,8,2379,0,11,0,1,0,0,0,0,0,0,0,0,0,0
17919,4106,1,56,21,1243,0,6,0,0,0,0,0,0,0,0,0,1,0,0
17941,1124,1,29,28,1360,0,7,0,0,0,0,0,0,1,0,0,0,0,0
17991,994,1,60,22,1693,0,10,0,0,1,0,0,0,0,0,0,0,0,0
18005,10850,1,56,7,3205,1,11,0,1,0,0,0,0,0,0,0,0,0,0
18010,3523,1,42,7,3697,1,11,0,1,0,0,0,0,0,0,0,0,0,0
18026,10404,1,65,15,455,0,2,0,0,0,0,0,0,0,0,0,0,1,0
18037,3,1,28,13,3378,0,2,0,0,0,0,0,0,0,0,0,0,1,0
18044,1009,1,30,25,2183,0,9,1,0,0,0,0,0,0,0,0,0,0,0
18051,6983,1,65,13,1761,0,2,0,0,0,0,0,0,0,0,0,0,1,0
18118,8698,1,38,20,1878,0,6,0,0,0,0,0,0,0,0,0,1,0,0
18129,1113,1,66,4,1715,0,7,0,0,0,0,0,0,1,0,0,0,0,0
18169,1595,1,26,8,2427,0,11,0,1,0,0,0,0,0,0,0,0,0,0
18229,1544,1,29,13,3154,0,12,0,0,0,0,0,0,0,0,1,0,0,0
18262,4296,1,35,8,705,0,8,0,0,0,0,0,0,0,1,0,0,0,0
18280,5867,1,35,11,3791,0,7,0,0,0,0,0,0,1,0,0,0,0,0
18341,1,1,70,2,1474,0,3,0,0,0,0,0,1,0,0,0,0,0,0
18373,7665,1,34,27,2217,0,10,0,0,1,0,0,0,0,0,0,0,0,0
18416,984,1,36,24,1793,0,12,0,0,0,0,0,0,0,0,1,0,0,0
18437,2090,1,62,28,1669,0,12,0,0,0,0,0,0,0,0,1,0,0,0
18449,2011,1,65,7,3171,1,11,0,1,0,0,0,0,0,0,0,0,0,0
18454,3448,1,33,18,1209,0,12,0,0,0,0,0,0,0,0,1,0,0,0
18502,4935,1,72,24,2635,0,11,0,1,0,0,0,0,0,0,0,0,0,0
18561,11251,1,43,16,2339,0,6,0,0,0,0,0,0,0,0,0,1,0,0
18584,11062,1,55,22,3241,0,11,0,1,0,0,0,0,0,0,0,0,0,0
18637,3456,1,38,21,1520,0,4,0,0,0,1,0,0,0,0,0,0,0,0
18641,4414,1,30,8,2408,0,8,0,0,0,0,0,0,0,1,0,0,0,0
18694,11253,1,48,7,2817,1,11,0,1,0,0,0,0,0,0,0,0,0,0
18722,1566,1,48,21,959,0,6,0,0,0,0,0,0,0,0,0,1,0,0
18799,11849,1,36,14,1849,0,8,0,0,0,0,0,0,0,1,0,0,0,0
18836,7234,1,55,20,1823,0,6,0,0,0,0,0,0,0,0,0,1,0,0
18884,4286,1,21,23,2814,0,4,0,0,0,1,0,0,0,0,0,0,0,0
19008,9699,1,61,17,1770,0,2,0,0,0,0,0,0,0,0,0,0,1,0
19038,7095,1,35,24,1751,0,11,0,1,0,0,0,0,0,0,0,0,0,0
19052,1870,1,21,29,3679,0,10,0,0,1,0,0,0,0,0,0,0,0,0
19068,11013,1,38,30,1653,0,7,0,0,0,0,0,0,1,0,0,0,0,0
19097,3096,1,48,21,2167,0,6,0,0,0,0,0,0,0,0,0,1,0,0
19124,10139,1,40,30,2554,0,7,0,0,0,0,0,0,1,0,0,0,0,0
19142,4017,1,38,11,2165,0,12,0,0,0,0,0,0,0,0,1,0,0,0
19149,10287,1,25,29,2796,0,10,0,0,1,0,0,0,0,0,0,0,0,0
19165,10576,1,60,22,3012,0,11,0,1,0,0,0,0,0,0,0,0,0,0
19175,2164,1,25,25,2977,0,9,1,0,0,0,0,0,0,0,0,0,0,0
19256,2090,1,18,28,1490,0,12,0,0,0,0,0,0,0,0,1,0,0,0
19261,10395,1,29,14,2224,0,8,0,0,0,0,0,0,0,1,0,0,0,0
19307,6734,1,46,4,1745,0,3,0,0,0,0,0,1,0,0,0,0,0,0
19314,500,1,25,18,1872,0,10,0,0,1,0,0,0,0,0,0,0,0,0
19326,9466,1,45,8,2024,0,11,0,1,0,0,0,0,0,0,0,0,0,0
19331,1568,1,32,24,1050,0,6,0,0,0,0,0,0,0,0,0,1,0,0
19345,3264,1,50,16,3771,0,4,0,0,0,1,0,0,0,0,0,0,0,0
19381,700,1,45,11,1965,0,4,0,0,0,1,0,0,0,0,0,0,0,0
19402,4468,1,48,29,2510,0,5,0,0,0,0,1,0,0,0,0,0,0,0
19410,1387,1,19,16,2230,0,1,0,0,0,0,0,0,0,0,0,0,0,1
19422,2379,1,30,6,2660,0,3,0,0,0,0,0,1,0,0,0,0,0,0
19457,10415,1,25,28,1879,0,7,0,0,0,0,0,0,1,0,0,0,0,0
19477,1134,1,30,6,2070,0,11,0,1,0,0,0,0,0,0,0,0,0,0
19503,4975,1,18,12,3300,0,10,0,0,1,0,0,0,0,0,0,0,0,0
19526,1539,1,28,19,2843,0,7,0,0,0,0,0,0,1,0,0,0,0,0
19531,11585,1,18,19,2996,0,3,0,0,0,0,0,1,0,0,0,0,0,0
19545,2161,1,22,2,985,0,6,0,0,0,0,0,0,0,0,0,1,0,0
19549,6899,1,72,29,2423,0,5,0,0,0,0,1,0,0,0,0,0,0,0
19568,1903,1,46,6,1792,0,11,0,1,0,0,0,0,0,0,0,0,0,0
19582,11278,1,20,28,1889,0,3,0,0,0,0,0,1,0,0,0,0,0,0
19592,5478,1,32,10,779,0,9,1,0,0,0,0,0,0,0,0,0,0,0
19595,8157,1,40,28,2091,0,7,0,0,0,0,0,0,1,0,0,0,0,0
19597,5617,1,42,15,3227,0,4,0,0,0,1,0,0,0,0,0,0,0,0
19620,9473,1,67,27,2728,0,11,0,1,0,0,0,0,0,0,0,0,0,0
19657,7600,1,28,4,2038,0,3,0,0,0,0,0,1,0,0,0,0,0,0
19675,8172,1,19,25,2026,0,9,1,0,0,0,0,0,0,0,0,0,0,0
19681,5003,1,48,8,2119,0,8,0,0,0,0,0,0,0,1,0,0,0,0
19682,1282,1,75,18,3020,0,1,0,0,0,0,0,0,0,0,0,0,0,1
19695,11272,1,48,13,2564,0,12,0,0,0,0,0,0,0,0,1,0,0,0
19729,2480,1,23,22,1993,0,4,0,0,0,1,0,0,0,0,0,0,0,0
19778,6769,1,30,21,2029,0,6,0,0,0,0,0,0,0,0,0,1,0,0
19796,5253,1,65,20,2975,0,1,0,0,0,0,0,0,0,0,0,0,0,1
19827,6626,1,59,29,1529,0,5,0,0,0,0,1,0,0,0,0,0,0,0
19896,7726,1,42,25,3956,0,11,0,1,0,0,0,0,0,0,0,0,0,0
19944,8151,1,23,21,1164,0,1,0,0,0,0,0,0,0,0,0,0,0,1
20001,10908,1,32,28,1120,0,11,0,1,0,0,0,0,0,0,0,0,0,0
20018,7750,1,22,26,1551,0,7,0,0,0,0,0,0,1,0,0,0,0,0
20025,8081,1,24,30,2500,0,7,0,0,0,0,0,0,1,0,0,0,0,0
20056,6649,1,29,26,2654,0,7,0,0,0,0,0,0,1,0,0,0,0,0
20063,8802,1,45,18,2327,0,10,0,0,1,0,0,0,0,0,0,0,0,0
20100,8172,1,48,25,497,0,9,1,0,0,0,0,0,0,0,0,0,0,0
20129,2487,1,53,28,2089,0,12,0,0,0,0,0,0,0,0,1,0,0,0
20189,6238,1,58,22,2128,0,9,1,0,0,0,0,0,0,0,0,0,0,0
20198,9002,1,20,13,2371,0,5,0,0,0,0,1,0,0,0,0,0,0,0
20199,5253,1,25,20,1939,0,1,0,0,0,0,0,0,0,0,0,0,0,1
20230,2832,1,61,27,1999,0,3,0,0,0,0,0,1,0,0,0,0,0,0
20247,6300,1,25,13,2070,0,2,0,0,0,0,0,0,0,0,0,0,1,0
20248,4498,1,40,13,1302,0,6,0,0,0,0,0,0,0,0,0,1,0,0
20271,5810,1,75,27,1495,0,5,0,0,0,0,1,0,0,0,0,0,0,0
20298,8789,1,40,27,2821,0,5,0,0,0,0,1,0,0,0,0,0,0,0
20339,6652,1,48,20,3265,0,1,0,0,0,0,0,0,0,0,0,0,0,1
20342,5346,1,25,2,3164,0,3,0,0,0,0,0,1,0,0,0,0,0,0
20360,2174,1,30,29,2104,0,10,0,0,1,0,0,0,0,0,0,0,0,0
20369,3691,1,22,11,1541,0,12,0,0,0,0,0,0,0,0,1,0,0,0
20397,8594,1,40,15,2491,0,2,0,0,0,0,0,0,0,0,0,0,1,0
20621,1771,1,50,25,1022,0,9,1,0,0,0,0,0,0,0,0,0,0,0
20651,1834,1,35,19,4057,0,3,0,0,0,0,0,1,0,0,0,0,0,0
20687,3939,1,40,22,3441,0,6,0,0,0,0,0,0,0,0,0,1,0,0
20758,1949,1,60,19,1680,0,3,0,0,0,0,0,1,0,0,0,0,0,0
20877,3244,1,60,15,2142,0,12,0,0,0,0,0,0,0,0,1,0,0,0
20889,461,1,45,11,2157,0,4,0,0,0,1,0,0,0,0,0,0,0,0
20921,6333,1,40,22,2000,0,12,0,0,0,0,0,0,0,0,1,0,0,0
20945,1847,1,40,14,1579,0,7,0,0,0,0,0,0,1,0,0,0,0,0
21008,2946,1,49,13,3048,0,2,0,0,0,0,0,0,0,0,0,0,1,0
21022,7332,1,23,8,1647,0,11,0,1,0,0,0,0,0,0,0,0,0,0
21106,3801,1,21,27,704,0,5,0,0,0,0,1,0,0,0,0,0,0,0
21117,3566,1,30,27,2186,0,11,0,1,0,0,0,0,0,0,0,0,0,0
21136,9649,1,19,11,1504,0,9,1,0,0,0,0,0,0,0,0,0,0,0
21200,7183,1,69,11,1670,0,12,0,0,0,0,0,0,0,0,1,0,0,0
21212,2281,1,52,24,2336,0,10,0,0,1,0,0,0,0,0,0,0,0,0
21231,11298,1,62,8,3207,0,11,0,1,0,0,0,0,0,0,0,0,0,0
21260,5855,1,27,25,890,0,4,0,0,0,1,0,0,0,0,0,0,0,0
21303,11136,1,23,11,2006,0,8,0,0,0,0,0,0,0,1,0,0,0,0
21314,5068,1,45,11,2012,0,9,1,0,0,0,0,0,0,0,0,0,0,0
21433,6142,1,21,8,1495,0,11,0,1,0,0,0,0,0,0,0,0,0,0
21515,8466,1,60,25,2244,0,6,0,0,0,0,0,0,0,0,0,1,0,0
21536,5739,1,51,25,2274,0,9,1,0,0,0,0,0,0,0,0,0,0,0
21542,9284,1,35,29,3576,0,5,0,0,0,0,1,0,0,0,0,0,0,0
21552,8496,1,28,20,1312,0,6,0,0,0,0,0,0,0,0,0,1,0,0
21554,9075,1,36,13,1811,0,4,0,0,0,1,0,0,0,0,0,0,0,0
21582,10938,1,40,12,2302,0,8,0,0,0,0,0,0,0,1,0,0,0,0
21645,10986,1,45,20,2787,0,2,0,0,0,0,0,0,0,0,0,0,1,0
21844,4207,1,38,22,2568,0,4,0,0,0,1,0,0,0,0,0,0,0,0
21897,8559,1,27,11,873,0,8,0,0,0,0,0,0,0,1,0,0,0,0
22010,3842,1,35,16,960,0,8,0,0,0,0,0,0,0,1,0,0,0,0
22050,10604,1,24,15,2879,0,2,0,0,0,0,0,0,0,0,0,0,1,0
22057,6080,1,52,23,1900,0,4,0,0,0,1,0,0,0,0,0,0,0,0
22108,11681,1,54,26,2251,0,10,0,0,1,0,0,0,0,0,0,0,0,0
22113,9916,1,35,24,2320,0,12,0,0,0,0,0,0,0,0,1,0,0,0
22115,7042,1,56,20,2085,0,7,0,0,0,0,0,0,1,0,0,0,0,0
22117,976,1,74,27,1603,0,3,0,0,0,0,0,1,0,0,0,0,0,0
22142,7725,1,20,12,793,0,9,1,0,0,0,0,0,0,0,0,0,0,0
22168,6161,1,20,15,3336,0,2,0,0,0,0,0,0,0,0,0,0,1,0
22218,6337,1,55,29,1890,0,10,0,0,1,0,0,0,0,0,0,0,0,0
22245,10275,1,40,24,1785,0,11,0,1,0,0,0,0,0,0,0,0,0,0
22260,9935,1,18,23,2149,0,4,0,0,0,1,0,0,0,0,0,0,0,0
22296,5747,1,47,16,2034,0,8,0,0,0,0,0,0,0,1,0,0,0,0
22348,9223,1,22,20,1628,0,6,0,0,0,0,0,0,0,0,0,1,0,0
22365,5701,1,50,9,2358,0,8,0,0,0,0,0,0,0,1,0,0,0,0
22386,10852,1,38,24,4449,0,11,0,1,0,0,0,0,0,0,0,0,0,0
22492,4485,1,18,25,3432,0,9,1,0,0,0,0,0,0,0,0,0,0,0
22634,6713,1,67,18,1788,0,12,0,0,0,0,0,0,0,0,1,0,0,0
22672,7092,1,40,13,2142,0,6,0,0,0,0,0,0,0,0,0,1,0,0
22688,2164,1,55,25,2377,0,9,1,0,0,0,0,0,0,0,0,0,0,0
22728,153,1,68,1,3139,1,7,0,0,0,0,0,0,1,0,0,0,0,0
22804,4975,1,21,12,3461,0,10,0,0,1,0,0,0,0,0,0,0,0,0
22838,4283,1,40,16,2898,0,6,0,0,0,0,0,0,0,0,0,1,0,0
22886,7905,1,61,15,3724,0,3,0,0,0,0,0,1,0,0,0,0,0,0
22909,7488,1,21,11,1133,0,9,1,0,0,0,0,0,0,0,0,0,0,0
22981,7332,1,19,8,2116,0,11,0,1,0,0,0,0,0,0,0,0,0,0
23009,5985,1,42,16,3051,0,8,0,0,0,0,0,0,0,1,0,0,0,0
23013,6506,1,45,5,2450,0,1,0,0,0,0,0,0,0,0,0,0,0,1
23044,4429,1,18,24,3176,0,12,0,0,0,0,0,0,0,0,1,0,0,0
23045,4906,1,30,20,2997,0,1,0,0,0,0,0,0,0,0,0,0,0,1
23060,4414,1,64,8,2221,0,8,0,0,0,0,0,0,0,1,0,0,0,0
23083,844,1,44,10,2260,0,11,0,1,0,0,0,0,0,0,0,0,0,0
23112,3918,1,55,24,2746,0,11,0,1,0,0,0,0,0,0,0,0,0,0
23120,198,1,25,18,2905,0,10,0,0,1,0,0,0,0,0,0,0,0,0
23148,9773,1,45,19,3477,0,2,0,0,0,0,0,0,0,0,0,0,1,0
23177,7183,1,30,11,2217,0,12,0,0,0,0,0,0,0,0,1,0,0,0
23187,2167,1,36,11,3850,0,5,0,0,0,0,1,0,0,0,0,0,0,0
23213,3411,1,34,11,3220,0,4,0,0,0,1,0,0,0,0,0,0,0,0
23253,11708,1,40,21,1434,0,4,0,0,0,1,0,0,0,0,0,0,0,0
23259,9461,1,40,12,2223,0,8,0,0,0,0,0,0,0,1,0,0,0,0
23292,9588,1,45,17,2117,0,2,0,0,0,0,0,0,0,0,0,0,1,0
23349,10970,1,82,13,2835,0,2,0,0,0,0,0,0,0,0,0,0,1,0
23384,1611,1,70,15,2380,0,3,0,0,0,0,0,1,0,0,0,0,0,0
23388,8185,1,55,6,2000,0,7,0,0,0,0,0,0,1,0,0,0,0,0
23425,4671,1,72,13,1482,0,6,0,0,0,0,0,0,0,0,0,1,0,0
23458,2394,1,56,13,1540,0,5,0,0,0,0,1,0,0,0,0,0,0,0
23471,6099,1,63,13,1934,0,6,0,0,0,0,0,0,0,0,0,1,0,0
23488,7488,1,19,11,2242,0,9,1,0,0,0,0,0,0,0,0,0,0,0
23498,8768,1,34,22,2724,0,10,0,0,1,0,0,0,0,0,0,0,0,0
23513,9609,1,50,17,1663,0,2,0,0,0,0,0,0,0,0,0,0,1,0
23560,10557,1,50,20,1497,0,6,0,0,0,0,0,0,0,0,0,1,0,0
23573,1568,1,21,24,2654,0,6,0,0,0,0,0,0,0,0,0,1,0,0
23587,5232,1,39,29,1279,0,3,0,0,0,0,0,1,0,0,0,0,0,0
23631,733,1,19,31,1615,0,6,0,0,0,0,0,0,0,0,0,1,0,0
23855,4658,1,45,19,2144,0,7,0,0,0,0,0,0,1,0,0,0,0,0
23860,9749,1,40,15,608,0,2,0,0,0,0,0,0,0,0,0,0,1,0
23880,8322,1,62,11,1798,0,4,0,0,0,1,0,0,0,0,0,0,0,0
23887,8279,1,24,16,3179,0,4,0,0,0,1,0,0,0,0,0,0,0,0
23892,7738,1,48,19,2518,0,12,0,0,0,0,0,0,0,0,1,0,0,0
23923,3346,1,26,27,1695,0,10,0,0,1,0,0,0,0,0,0,0,0,0
23940,1662,1,34,28,3041,0,11,0,1,0,0,0,0,0,0,0,0,0,0
23955,3206,1,39,22,2574,0,11,0,1,0,0,0,0,0,0,0,0,0,0
24000,2745,1,32,6,2394,0,7,0,0,0,0,0,0,1,0,0,0,0,0
24067,7847,1,43,10,1414,0,11,0,1,0,0,0,0,0,0,0,0,0,0
24071,10204,1,36,15,2233,0,5,0,0,0,0,1,0,0,0,0,0,0,0
24115,6364,1,38,24,4248,0,10,0,0,1,0,0,0,0,0,0,0,0,0
24142,634,1,23,24,1534,0,6,0,0,0,0,0,0,0,0,0,1,0,0
24167,2814,1,35,21,2361,0,6,0,0,0,0,0,0,0,0,0,1,0,0
24215,10573,1,20,12,2683,0,10,0,0,1,0,0,0,0,0,0,0,0,0
24229,4545,1,18,16,2326,0,12,0,0,0,0,0,0,0,0,1,0,0,0
24241,3531,1,27,19,1957,0,2,0,0,0,0,0,0,0,0,0,0,1,0
24305,9118,1,53,21,2234,0,12,0,0,0,0,0,0,0,0,1,0,0,0
24306,7273,1,30,24,3026,0,9,1,0,0,0,0,0,0,0,0,0,0,0
24337,2670,1,30,23,2284,0,11,0,1,0,0,0,0,0,0,0,0,0,0
24350,11794,1,55,20,2566,0,2,0,0,0,0,0,0,0,0,0,0,1,0
24353,471,1,27,21,1834,0,6,0,0,0,0,0,0,0,0,0,1,0,0
24396,3271,1,26,11,2541,0,5,0,0,0,0,1,0,0,0,0,0,0,0
24502,11176,1,33,12,2412,0,9,1,0,0,0,0,0,0,0,0,0,0,0
24522,2543,1,58,10,735,0,9,1,0,0,0,0,0,0,0,0,0,0,0
24549,11832,1,42,4,2417,0,7,0,0,0,0,0,0,1,0,0,0,0,0
24564,5763,1,25,16,2193,0,4,0,0,0,1,0,0,0,0,0,0,0,0
24575,3991,1,54,22,3061,0,11,0,1,0,0,0,0,0,0,0,0,0,0
24625,10395,1,60,14,1619,0,8,0,0,0,0,0,0,0,1,0,0,0,0
24654,9007,1,42,27,793,0,5,0,0,0,0,1,0,0,0,0,0,0,0
24731,6370,1,45,26,1815,0,6,0,0,0,0,0,0,0,0,0,1,0,0
24752,4746,1,44,11,2602,0,12,0,0,0,0,0,0,0,0,1,0,0,0
24767,9301,1,39,17,4404,0,5,0,0,0,0,1,0,0,0,0,0,0,0
24833,8077,1,20,11,2150,0,8,0,0,0,0,0,0,0,1,0,0,0,0
24926,8038,1,48,26,2198,0,12,0,0,0,0,0,0,0,0,1,0,0,0
24948,5887,1,28,18,861,0,7,0,0,0,0,0,0,1,0,0,0,0,0
24959,7713,1,65,17,825,0,2,0,0,0,0,0,0,0,0,0,0,1,0
24968,6769,1,68,21,2967,0,6,0,0,0,0,0,0,0,0,0,1,0,0
24987,10264,1,42,14,3043,0,7,0,0,0,0,0,0,1,0,0,0,0,0
24989,9027,1,23,10,1103,0,8,0,0,0,0,0,0,0,1,0,0,0,0
24994,1698,1,43,25,2160,0,9,1,0,0,0,0,0,0,0,0,0,0,0
25043,140,1,55,17,1843,0,4,0,0,0,1,0,0,0,0,0,0,0,0
25093,5346,1,19,2,2354,0,3,0,0,0,0,0,1,0,0,0,0,0,0
25208,8504,1,72,30,1898,0,7,0,0,0,0,0,0,1,0,0,0,0,0
25269,9440,1,34,10,2547,0,7,0,0,0,0,0,0,1,0,0,0,0,0
25275,7170,1,30,20,2444,0,1,0,0,0,0,0,0,0,0,0,0,0,1
25276,9251,1,73,17,1321,0,11,0,1,0,0,0,0,0,0,0,0,0,0
25347,1,1,28,2,2550,0,3,0,0,0,0,0,1,0,0,0,0,0,0
25396,5096,1,43,26,3067,0,12,0,0,0,0,0,0,0,0,1,0,0,0
25404,8870,1,18,19,2946,0,4,0,0,0,1,0,0,0,0,0,0,0,0
25472,10080,1,22,22,2252,0,4,0,0,0,1,0,0,0,0,0,0,0,0
25608,11409,1,21,25,2757,0,9,1,0,0,0,0,0,0,0,0,0,0,0
25727,7514,1,51,6,1668,0,7,0,0,0,0,0,0,1,0,0,0,0,0
25746,10557,1,21,20,1638,0,6,0,0,0,0,0,0,0,0,0,1,0,0
25815,2280,1,52,22,2962,0,11,0,1,0,0,0,0,0,0,0,0,0,0
25873,6122,1,30,14,2998,0,4,0,0,0,1,0,0,0,0,0,0,0,0
25896,10289,1,70,26,2721,0,12,0,0,0,0,0,0,0,0,1,0,0,0
25901,9386,1,23,17,3054,0,12,0,0,0,0,0,0,0,0,1,0,0,0
26067,9131,1,45,15,3298,0,12,0,0,0,0,0,0,0,0,1,0,0,0
26147,4538,1,45,25,2180,0,4,0,0,0,1,0,0,0,0,0,0,0,0
26186,6141,1,34,18,749,0,12,0,0,0,0,0,0,0,0,1,0,0,0
26197,1353,1,45,18,2320,0,6,0,0,0,0,0,0,0,0,0,1,0,0
26234,11013,1,76,30,1233,0,7,0,0,0,0,0,0,1,0,0,0,0,0
26353,3954,1,43,21,1915,0,6,0,0,0,0,0,0,0,0,0,1,0,0
26355,2575,1,72,21,1253,0,4,0,0,0,1,0,0,0,0,0,0,0,0
26362,3048,1,32,10,2238,0,9,1,0,0,0,0,0,0,0,0,0,0,0
26371,11129,1,63,19,2980,0,5,0,0,0,0,1,0,0,0,0,0,0,0
26376,11249,1,77,24,898,0,12,0,0,0,0,0,0,0,0,1,0,0,0
26485,3448,1,31,18,848,0,12,0,0,0,0,0,0,0,0,1,0,0,0
26523,1274,1,25,23,3543,0,4,0,0,0,1,0,0,0,0,0,0,0,0
26548,4230,1,52,2,2890,0,3,0,0,0,0,0,1,0,0,0,0,0,0
26566,3735,1,40,18,2503,0,8,0,0,0,0,0,0,0,1,0,0,0,0
26586,9330,1,20,19,3216,0,5,0,0,0,0,1,0,0,0,0,0,0,0
26592,6319,1,50,9,2245,0,9,1,0,0,0,0,0,0,0,0,0,0,0
26612,3755,1,27,18,2140,0,10,0,0,1,0,0,0,0,0,0,0,0,0
26626,8150,1,20,6,2507,0,11,0,1,0,0,0,0,0,0,0,0,0,0
26638,4968,1,19,22,2296,0,5,0,0,0,0,1,0,0,0,0,0,0,0
26669,9155,1,37,22,1547,0,12,0,0,0,0,0,0,0,0,1,0,0,0
26843,10423,1,48,8,2377,0,7,0,0,0,0,0,0,1,0,0,0,0,0
26880,11636,1,28,28,1936,0,11,0,1,0,0,0,0,0,0,0,0,0,0
26986,2778,1,27,25,1289,0,6,0,0,0,0,0,0,0,0,0,1,0,0
27047,11355,1,28,27,3265,0,11,0,1,0,0,0,0,0,0,0,0,0,0
27065,10158,1,30,9,2383,0,8,0,0,0,0,0,0,0,1,0,0,0,0
27108,4391,1,22,26,1611,0,6,0,0,0,0,0,0,0,0,0,1,0,0
27141,4615,1,26,20,3747,0,2,0,0,0,0,0,0,0,0,0,0,1,0
27144,3525,1,44,12,2933,0,7,0,0,0,0,0,0,1,0,0,0,0,0
27221,4294,1,26,15,696,0,12,0,0,0,0,0,0,0,0,1,0,0,0
27272,5716,1,35,15,732,0,2,0,0,0,0,0,0,0,0,0,0,1,0
27273,1338,1,25,2,1440,0,7,0,0,0,0,0,0,1,0,0,0,0,0
27304,2955,1,28,25,2253,0,4,0,0,0,1,0,0,0,0,0,0,0,0
27377,10010,1,38,18,2992,0,5,0,0,0,0,1,0,0,0,0,0,0,0
27383,11381,1,42,18,3153,0,12,0,0,0,0,0,0,0,0,1,0,0,0
27396,1870,1,25,29,3411,0,10,0,0,1,0,0,0,0,0,0,0,0,0
27420,3731,1,39,17,3359,0,4,0,0,0,1,0,0,0,0,0,0,0,0
27454,5520,1,37,8,2106,0,8,0,0,0,0,0,0,0,1,0,0,0,0
27476,732,1,36,31,1234,0,6,0,0,0,0,0,0,0,0,0,1,0,0
27509,7356,1,30,29,2167,0,10,0,0,1,0,0,0,0,0,0,0,0,0
27656,4485,1,25,25,2969,0,9,1,0,0,0,0,0,0,0,0,0,0,0
27674,8227,1,47,13,2732,0,12,0,0,0,0,0,0,0,0,1,0,0,0
27684,7118,1,55,25,2254,0,11,0,1,0,0,0,0,0,0,0,0,0,0
27772,10283,1,44,27,3527,0,5,0,0,0,0,1,0,0,0,0,0,0,0
27776,5574,1,41,9,2831,0,8,0,0,0,0,0,0,0,1,0,0,0,0
27798,7844,1,36,24,1878,0,11,0,1,0,0,0,0,0,0,0,0,0,0
27890,5399,1,32,15,3289,0,6,0,0,0,0,0,0,0,0,0,1,0,0
27924,10750,1,30,23,2321,0,6,0,0,0,0,0,0,0,0,0,1,0,0
27970,1238,1,30,23,2959,0,10,0,0,1,0,0,0,0,0,0,0,0,0
27980,9853,1,30,11,1356,0,8,0,0,0,0,0,0,0,1,0,0,0,0
28029,1133,1,45,10,2643,0,9,1,0,0,0,0,0,0,0,0,0,0,0
28047,6864,1,38,30,1456,0,7,0,0,0,0,0,0,1,0,0,0,0,0
28066,4170,1,45,10,2517,0,9,1,0,0,0,0,0,0,0,0,0,0,0
28071,5855,1,23,25,2356,0,4,0,0,0,1,0,0,0,0,0,0,0,0
28077,3542,1,36,2,1907,0,7,0,0,0,0,0,0,1,0,0,0,0,0
28118,1876,1,25,26,1082,0,12,0,0,0,0,0,0,0,0,1,0,0,0
28124,1683,1,35,8,1909,0,11,0,1,0,0,0,0,0,0,0,0,0,0
28129,1576,1,30,7,3461,1,9,1,0,0,0,0,0,0,0,0,0,0,0
28245,4391,1,19,26,1454,0,6,0,0,0,0,0,0,0,0,0,1,0,0
28294,5636,1,45,15,1697,0,12,0,0,0,0,0,0,0,0,1,0,0,0
28343,2842,1,21,14,2346,0,8,0,0,0,0,0,0,0,1,0,0,0,0
28364,153,1,25,1,3014,1,7,0,0,0,0,0,0,1,0,0,0,0,0
28389,10111,1,28,26,1363,0,10,0,0,1,0,0,0,0,0,0,0,0,0
28435,5850,1,70,23,3128,0,9,1,0,0,0,0,0,0,0,0,0,0,0
28443,947,1,28,18,2519,0,5,0,0,0,0,1,0,0,0,0,0,0,0
28455,10454,1,19,16,3348,0,6,0,0,0,0,0,0,0,0,0,1,0,0
28475,3390,1,18,13,3673,0,5,0,0,0,0,1,0,0,0,0,0,0,0
28506,9389,1,80,11,2494,0,7,0,0,0,0,0,0,1,0,0,0,0,0
28511,6404,1,22,6,2455,0,7,0,0,0,0,0,0,1,0,0,0,0,0
28544,6812,1,19,23,1549,0,6,0,0,0,0,0,0,0,0,0,1,0,0
28607,9489,1,60,1,1908,1,6,0,0,0,0,0,0,0,0,0,1,0,0
28616,8279,1,22,16,3005,0,4,0,0,0,1,0,0,0,0,0,0,0,0
28621,11741,1,35,17,2569,0,2,0,0,0,0,0,0,0,0,0,0,1,0
28631,1781,1,18,29,2276,0,3,0,0,0,0,0,1,0,0,0,0,0,0
28757,7122,1,22,2,1336,0,3,0,0,0,0,0,1,0,0,0,0,0,0
28848,10494,1,53,28,3070,0,7,0,0,0,0,0,0,1,0,0,0,0,0
28923,11657,1,65,15,3242,0,2,0,0,0,0,0,0,0,0,0,0,1,0
28938,1965,1,30,25,1857,0,9,1,0,0,0,0,0,0,0,0,0,0,0
28964,5495,1,33,26,3456,0,11,0,1,0,0,0,0,0,0,0,0,0,0
28968,430,1,64,16,1801,0,8,0,0,0,0,0,0,0,1,0,0,0,0
28987,5855,1,58,25,1963,0,4,0,0,0,1,0,0,0,0,0,0,0,0
29027,5273,1,42,26,1836,0,10,0,0,1,0,0,0,0,0,0,0,0,0
29085,7944,1,30,14,1578,0,8,0,0,0,0,0,0,0,1,0,0,0,0
29126,2787,1,74,5,2405,0,1,0,0,0,0,0,0,0,0,0,0,0,1
29129,9785,1,67,1,1460,1,7,0,0,0,0,0,0,1,0,0,0,0,0
29132,4903,1,48,21,1935,0,12,0,0,0,0,0,0,0,0,1,0,0,0
29262,196,1,27,23,2386,0,6,0,0,0,0,0,0,0,0,0,1,0,0
29275,1538,1,45,26,1329,0,7,0,0,0,0,0,0,1,0,0,0,0,0
29329,3545,1,35,22,2858,0,4,0,0,0,1,0,0,0,0,0,0,0,0
29349,7915,1,31,11,3155,0,5,0,0,0,0,1,0,0,0,0,0,0,0
29416,9308,1,75,23,2414,0,5,0,0,0,0,1,0,0,0,0,0,0,0
29559,9238,1,24,11,2904,0,9,1,0,0,0,0,0,0,0,0,0,0,0
29672,7092,1,73,13,2696,0,6,0,0,0,0,0,0,0,0,0,1,0,0
29684,9741,1,19,26,1890,0,10,0,0,1,0,0,0,0,0,0,0,0,0
29717,1276,1,29,25,716,0,4,0,0,0,1,0,0,0,0,0,0,0,0
29749,2510,1,85,22,3184,0,12,0,0,0,0,0,0,0,0,1,0,0,0
29764,4325,1,56,18,1065,0,11,0,1,0,0,0,0,0,0,0,0,0,0
29799,7519,1,70,18,1543,0,1,0,0,0,0,0,0,0,0,0,0,0,1
29834,5273,1,18,26,2958,0,10,0,0,1,0,0,0,0,0,0,0,0,0
29837,8484,1,42,2,2377,0,3,0,0,0,0,0,1,0,0,0,0,0,0
29848,2117,1,36,14,1281,0,8,0,0,0,0,0,0,0,1,0,0,0,0
29851,5492,1,46,4,2079,0,7,0,0,0,0,0,0,1,0,0,0,0,0
29874,2653,1,39,29,4836,0,5,0,0,0,0,1,0,0,0,0,0,0,0
30043,4372,1,45,28,1759,0,12,0,0,0,0,0,0,0,0,1,0,0,0
30078,263,1,19,17,1376,0,2,0,0,0,0,0,0,0,0,0,0,1,0
30119,8199,1,52,25,3162,0,11,0,1,0,0,0,0,0,0,0,0,0,0
30160,8543,1,20,22,2056,0,11,0,1,0,0,0,0,0,0,0,0,0,0
30183,4968,1,55,22,1759,0,5,0,0,0,0,1,0,0,0,0,0,0,0
30204,8385,1,23,15,2429,0,6,0,0,0,0,0,0,0,0,0,1,0,0
30240,8637,1,30,24,3313,0,12,0,0,0,0,0,0,0,0,1,0,0,0
30263,3472,1,60,23,1795,0,4,0,0,0,1,0,0,0,0,0,0,0,0
30266,150,1,28,14,2387,0,10,0,0,1,0,0,0,0,0,0,0,0,0
30334,10201,1,45,18,2037,0,4,0,0,0,1,0,0,0,0,0,0,0,0
30371,10415,1,27,28,2178,0,7,0,0,0,0,0,0,1,0,0,0,0,0
30372,11787,1,27,17,1943,0,2,0,0,0,0,0,0,0,0,0,0,1,0
30383,1276,1,22,25,2105,0,4,0,0,0,1,0,0,0,0,0,0,0,0
30421,8043,1,45,18,3591,0,1,0,0,0,0,0,0,0,0,0,0,0,1
30479,1956,1,29,24,737,0,12,0,0,0,0,0,0,0,0,1,0,0,0
30507,3180,1,85,14,1316,0,7,0,0,0,0,0,0,1,0,0,0,0,0
30511,11521,1,30,20,758,0,11,0,1,0,0,0,0,0,0,0,0,0,0
30546,816,1,20,27,1489,0,3,0,0,0,0,0,1,0,0,0,0,0,0
30611,9337,1,26,18,2447,0,6,0,0,0,0,0,0,0,0,0,1,0,0
30635,10247,1,26,21,1299,0,3,0,0,0,0,0,1,0,0,0,0,0,0
30664,7335,1,18,4,2015,0,7,0,0,0,0,0,0,1,0,0,0,0,0
30686,1539,1,22,19,2365,0,7,0,0,0,0,0,0,1,0,0,0,0,0
30740,6256,1,25,25,1745,0,11,0,1,0,0,0,0,0,0,0,0,0,0
30779,8594,1,33,15,2745,0,2,0,0,0,0,0,0,0,0,0,0,1,0
30782,4457,1,39,18,1688,0,12,0,0,0,0,0,0,0,0,1,0,0,0
30795,3907,1,36,19,1705,0,11,0,1,0,0,0,0,0,0,0,0,0,0
30858,5254,1,45,22,1832,0,9,1,0,0,0,0,0,0,0,0,0,0,0
30911,1494,1,46,8,2368,0,11,0,1,0,0,0,0,0,0,0,0,0,0
30965,8348,1,29,6,1359,0,7,0,0,0,0,0,0,1,0,0,0,0,0
30982,4573,1,50,11,1549,0,12,0,0,0,0,0,0,0,0,1,0,0,0
31032,5913,1,24,15,2421,0,2,0,0,0,0,0,0,0,0,0,0,1,0
31033,4538,1,19,25,3257,0,4,0,0,0,1,0,0,0,0,0,0,0,0
31044,6,1,40,31,1506,0,6,0,0,0,0,0,0,0,0,0,1,0,0
31052,886,1,50,20,2927,0,2,0,0,0,0,0,0,0,0,0,0,1,0
31125,3755,1,21,18,2368,0,10,0,0,1,0,0,0,0,0,0,0,0,0
31132,10346,1,48,15,1606,0,9,1,0,0,0,0,0,0,0,0,0,0,0
31190,4864,1,36,10,1790,0,9,1,0,0,0,0,0,0,0,0,0,0,0
31267,3289,1,60,21,2501,0,1,0,0,0,0,0,0,0,0,0,0,0,1
31283,8527,1,45,13,4229,0,5,0,0,0,0,1,0,0,0,0,0,0,0
31342,7443,1,48,16,1526,0,8,0,0,0,0,0,0,0,1,0,0,0,0
31343,6574,1,80,17,1263,0,7,0,0,0,0,0,0,1,0,0,0,0,0
31345,5881,1,28,27,2823,0,3,0,0,0,0,0,1,0,0,0,0,0,0
31362,3148,1,40,2,2684,0,7,0,0,0,0,0,0,1,0,0,0,0,0
31405,11274,1,18,13,458,0,7,0,0,0,0,0,0,1,0,0,0,0,0
31437,3917,1,80,18,1940,0,6,0,0,0,0,0,0,0,0,0,1,0,0
31472,7122,1,72,2,1534,0,3,0,0,0,0,0,1,0,0,0,0,0,0
31519,2939,1,63,11,1306,0,12,0,0,0,0,0,0,0,0,1,0,0,0
31539,9793,1,35,16,1702,0,1,0,0,0,0,0,0,0,0,0,0,0,1
31542,11819,1,35,6,3384,0,7,0,0,0,0,0,0,1,0,0,0,0,0
31550,2661,1,35,26,955,0,7,0,0,0,0,0,0,1,0,0,0,0,0
31556,6307,1,71,15,1553,0,6,0,0,0,0,0,0,0,0,0,1,0,0
31567,3335,1,27,5,2128,0,1,0,0,0,0,0,0,0,0,0,0,0,1
31574,11246,1,32,20,2702,0,2,0,0,0,0,0,0,0,0,0,0,1,0
31615,10148,1,20,16,2319,0,1,0,0,0,0,0,0,0,0,0,0,0,1
31667,9617,1,30,12,537,0,8,0,0,0,0,0,0,0,1,0,0,0,0
31693,6322,1,42,18,432,0,5,0,0,0,0,1,0,0,0,0,0,0,0
31697,812,1,50,1,1642,1,7,0,0,0,0,0,0,1,0,0,0,0,0
31703,3244,1,32,15,2570,0,12,0,0,0,0,0,0,0,0,1,0,0,0
31722,7142,1,40,18,1771,0,5,0,0,0,0,1,0,0,0,0,0,0,0
31838,2204,1,85,15,1347,0,12,0,0,0,0,0,0,0,0,1,0,0,0
31846,1381,1,70,26,2636,0,12,0,0,0,0,0,0,0,0,1,0,0,0
31872,8750,1,35,20,1649,0,7,0,0,0,0,0,0,1,0,0,0,0,0
31882,11113,1,22,20,2912,0,4,0,0,0,1,0,0,0,0,0,0,0,0
31885,3230,1,26,18,1643,0,5,0,0,0,0,1,0,0,0,0,0,0,0
31897,7183,1,35,11,1869,0,12,0,0,0,0,0,0,0,0,1,0,0,0
31900,5902,1,41,28,2491,0,10,0,0,1,0,0,0,0,0,0,0,0,0
31905,5872,1,32,24,1871,0,11,0,1,0,0,0,0,0,0,0,0,0,0
31956,3180,1,48,14,3104,0,7,0,0,0,0,0,0,1,0,0,0,0,0
31994,11464,1,65,20,1984,0,4,0,0,0,1,0,0,0,0,0,0,0,0
32022,6444,1,42,20,3271,0,2,0,0,0,0,0,0,0,0,0,0,1,0
32053,7335,1,67,4,2575,0,7,0,0,0,0,0,0,1,0,0,0,0,0
32080,6812,1,27,23,2193,0,6,0,0,0,0,0,0,0,0,0,1,0,0
32097,353,1,47,14,2222,0,7,0,0,0,0,0,0,1,0,0,0,0,0
32099,946,1,20,27,2457,0,10,0,0,1,0,0,0,0,0,0,0,0,0
32132,6235,1,58,22,2237,0,5,0,0,0,0,1,0,0,0,0,0,0,0
32144,7266,1,37,13,1911,0,7,0,0,0,0,0,0,1,0,0,0,0,0
32164,1367,1,50,21,1688,0,4,0,0,0,1,0,0,0,0,0,0,0,0
32174,5631,1,80,7,991,1,11,0,1,0,0,0,0,0,0,0,0,0,0
32176,3917,1,18,18,2493,0,6,0,0,0,0,0,0,0,0,0,1,0,0
32179,8948,1,28,14,2651,0,8,0,0,0,0,0,0,0,1,0,0,0,0
32194,4086,1,65,21,3006,0,4,0,0,0,1,0,0,0,0,0,0,0,0
32227,5392,1,21,8,1847,0,8,0,0,0,0,0,0,0,1,0,0,0,0
32295,4299,1,19,18,1359,0,8,0,0,0,0,0,0,0,1,0,0,0,0
32334,7714,1,27,18,2091,0,5,0,0,0,0,1,0,0,0,0,0,0,0
32347,10506,1,45,12,2425,0,10,0,0,1,0,0,0,0,0,0,0,0,0
32381,3427,1,35,21,2574,0,5,0,0,0,0,1,0,0,0,0,0,0,0
32399,4196,1,46,13,2053,0,12,0,0,0,0,0,0,0,0,1,0,0,0
32475,4549,1,47,16,1283,0,1,0,0,0,0,0,0,0,0,0,0,0,1
32510,6486,1,50,21,2745,0,11,0,1,0,0,0,0,0,0,0,0,0,0
32556,7941,1,60,31,2259,0,6,0,0,0,0,0,0,0,0,0,1,0,0
32558,9951,1,32,20,1573,0,4,0,0,0,1,0,0,0,0,0,0,0,0
32565,10064,1,24,23,2981,0,4,0,0,0,1,0,0,0,0,0,0,0,0
32621,9237,1,32,10,3409,0,11,0,1,0,0,0,0,0,0,0,0,0,0
32640,1234,1,20,10,2190,0,9,1,0,0,0,0,0,0,0,0,0,0,0
32669,1009,1,39,25,2110,0,9,1,0,0,0,0,0,0,0,0,0,0,0
32756,3538,1,45,26,2649,0,7,0,0,0,0,0,0,1,0,0,0,0,0
32786,6473,1,60,13,1247,0,4,0,0,0,1,0,0,0,0,0,0,0,0
32836,8543,1,55,22,3037,0,11,0,1,0,0,0,0,0,0,0,0,0,0
32861,7193,1,27,19,3898,0,11,0,1,0,0,0,0,0,0,0,0,0,0
32882,7005,1,23,20,2982,0,2,0,0,0,0,0,0,0,0,0,0,1,0
32954,10372,1,29,24,1171,0,12,0,0,0,0,0,0,0,0,1,0,0,0
32970,7847,1,37,10,1727,0,11,0,1,0,0,0,0,0,0,0,0,0,0
32975,3522,1,50,21,2994,0,6,0,0,0,0,0,0,0,0,0,1,0,0
32997,5386,1,51,20,2211,0,5,0,0,0,0,1,0,0,0,0,0,0,0
32998,6738,1,65,13,1771,0,5,0,0,0,0,1,0,0,0,0,0,0,0
33000,4038,1,46,30,2804,0,5,0,0,0,0,1,0,0,0,0,0,0,0
33007,8903,1,35,20,1368,0,1,0,0,0,0,0,0,0,0,0,0,0,1
33015,157,1,50,9,2634,0,8,0,0,0,0,0,0,0,1,0,0,0,0
33017,5478,1,26,10,2665,0,9,1,0,0,0,0,0,0,0,0,0,0,0
33026,9853,1,72,11,2168,0,8,0,0,0,0,0,0,0,1,0,0,0,0
33055,1529,1,56,2,2080,0,6,0,0,0,0,0,0,0,0,0,1,0,0
33082,7170,1,60,20,2584,0,1,0,0,0,0,0,0,0,0,0,0,0,1
33109,6734,1,21,4,1835,0,3,0,0,0,0,0,1,0,0,0,0,0,0
33159,4986,1,60,15,984,0,2,0,0,0,0,0,0,0,0,0,0,1,0
33221,11453,1,22,24,192,0,11,0,1,0,0,0,0,0,0,0,0,0,0
33234,9034,1,42,21,2797,0,6,0,0,0,0,0,0,0,0,0,1,0,0
33304,2726,1,32,11,2773,0,4,0,0,0,1,0,0,0,0,0,0,0,0
33478,6807,1,22,25,2436,0,6,0,0,0,0,0,0,0,0,0,1,0,0
33498,4817,1,50,17,1778,0,11,0,1,0,0,0,0,0,0,0,0,0,0
33540,8070,1,52,22,4538,0,11,0,1,0,0,0,0,0,0,0,0,0,0
33581,10209,1,26,21,2437,0,1,0,0,0,0,0,0,0,0,0,0,0,1
33616,7882,1,23,21,2320,0,1,0,0,0,0,0,0,0,0,0,0,0,1
33741,10881,1,45,4,1364,0,3,0,0,0,0,0,1,0,0,0,0,0,0
33772,1987,1,29,18,1823,0,7,0,0,0,0,0,0,1,0,0,0,0,0
33783,2258,1,31,17,2066,0,11,0,1,0,0,0,0,0,0,0,0,0,0
33787,6572,1,50,11,1831,0,4,0,0,0,1,0,0,0,0,0,0,0,0
33792,8922,1,37,13,3648,0,2,0,0,0,0,0,0,0,0,0,0,1,0
33796,9858,1,21,17,2662,0,7,0,0,0,0,0,0,1,0,0,0,0,0
33810,2121,1,65,22,1692,0,10,0,0,1,0,0,0,0,0,0,0,0,0
33811,3505,1,25,24,1686,0,9,1,0,0,0,0,0,0,0,0,0,0,0
33813,2494,1,48,21,1847,0,12,0,0,0,0,0,0,0,0,1,0,0,0
33838,11561,1,24,15,4253,0,3,0,0,0,0,0,1,0,0,0,0,0,0
33897,2787,1,32,5,2432,0,1,0,0,0,0,0,0,0,0,0,0,0,1
33967,5392,1,18,8,2465,0,8,0,0,0,0,0,0,0,1,0,0,0,0
33980,4902,1,70,20,2252,0,2,0,0,0,0,0,0,0,0,0,0,1,0
33994,3153,1,35,25,1233,0,6,0,0,0,0,0,0,0,0,0,1,0,0
34021,11276,1,57,16,1439,0,8,0,0,0,0,0,0,0,1,0,0,0,0
34099,9048,1,31,18,4213,0,5,0,0,0,0,1,0,0,0,0,0,0,0
34107,11610,1,40,29,1935,0,10,0,0,1,0,0,0,0,0,0,0,0,0
34150,1087,1,49,17,2168,0,12,0,0,0,0,0,0,0,0,1,0,0,0
34153,6506,1,20,5,2869,0,1,0,0,0,0,0,0,0,0,0,0,0,1
34184,7245,1,40,20,1872,0,1,0,0,0,0,0,0,0,0,0,0,0,1
34196,4481,1,35,14,1317,0,8,0,0,0,0,0,0,0,1,0,0,0,0
34211,2853,1,61,8,1100,0,8,0,0,0,0,0,0,0,1,0,0,0,0
34214,4032,1,45,14,1211,0,9,1,0,0,0,0,0,0,0,0,0,0,0
34233,7323,1,33,15,2944,0,3,0,0,0,0,0,1,0,0,0,0,0,0
34249,9310,1,24,21,1066,0,3,0,0,0,0,0,1,0,0,0,0,0,0
34258,9500,1,32,14,1764,0,4,0,0,0,1,0,0,0,0,0,0,0,0
34259,1763,1,38,10,1567,0,8,0,0,0,0,0,0,0,1,0,0,0,0
34313,11808,1,40,19,2001,0,1,0,0,0,0,0,0,0,0,0,0,0,1
34441,11561,1,26,15,1632,0,3,0,0,0,0,0,1,0,0,0,0,0,0
34497,5969,1,56,13,1501,0,6,0,0,0,0,0,0,0,0,0,1,0,0
34505,6244,1,68,14,1784,0,4,0,0,0,1,0,0,0,0,0,0,0,0
34516,3487,1,70,6,1581,0,11,0,1,0,0,0,0,0,0,0,0,0,0
34517,1576,1,40,7,3439,1,9,1,0,0,0,0,0,0,0,0,0,0,0
34577,5626,1,18,4,2571,0,3,0,0,0,0,0,1,0,0,0,0,0,0
34583,1913,1,55,10,2534,0,11,0,1,0,0,0,0,0,0,0,0,0,0
34613,9147,1,52,26,1178,0,12,0,0,0,0,0,0,0,0,1,0,0,0
34627,3429,1,55,8,3781,0,7,0,0,0,0,0,0,1,0,0,0,0,0
34641,64,1,47,25,1433,0,9,1,0,0,0,0,0,0,0,0,0,0,0
34698,10123,1,68,18,1972,0,6,0,0,0,0,0,0,0,0,0,1,0,0
34740,3205,1,50,23,2310,0,6,0,0,0,0,0,0,0,0,0,1,0,0
34795,10088,1,72,17,2097,0,4,0,0,0,1,0,0,0,0,0,0,0,0
34833,7142,1,18,18,2051,0,5,0,0,0,0,1,0,0,0,0,0,0,0
34846,10670,1,65,15,1305,0,5,0,0,0,0,1,0,0,0,0,0,0,0
34898,6718,1,66,14,2244,0,9,1,0,0,0,0,0,0,0,0,0,0,0
34947,11215,1,26,27,1938,0,10,0,0,1,0,0,0,0,0,0,0,0,0
34973,7269,1,20,17,911,0,11,0,1,0,0,0,0,0,0,0,0,0,0
34988,6366,1,85,16,2544,0,1,0,0,0,0,0,0,0,0,0,0,0,1
34993,7039,1,18,13,2167,0,2,0,0,0,0,0,0,0,0,0,0,1,0
35032,4909,1,40,6,2786,0,11,0,1,0,0,0,0,0,0,0,0,0,0
35040,11091,1,27,16,1639,0,4,0,0,0,1,0,0,0,0,0,0,0,0
35089,5838,1,50,14,2109,0,8,0,0,0,0,0,0,0,1,0,0,0,0
35090,3989,1,30,13,2896,0,6,0,0,0,0,0,0,0,0,0,1,0,0
35135,7715,1,55,2,1726,0,3,0,0,0,0,0,1,0,0,0,0,0,0
35142,9482,1,60,29,1586,0,10,0,0,1,0,0,0,0,0,0,0,0,0
35168,6652,1,18,20,1617,0,1,0,0,0,0,0,0,0,0,0,0,0,1
35271,9705,1,22,8,1884,0,7,0,0,0,0,0,0,1,0,0,0,0,0
35306,7039,1,54,13,2617,0,2,0,0,0,0,0,0,0,0,0,0,1,0
35313,3505,1,58,24,1765,0,9,1,0,0,0,0,0,0,0,0,0,0,0
35324,2242,1,53,15,1386,0,3,0,0,0,0,0,1,0,0,0,0,0,0
35342,8435,1,50,20,3005,0,6,0,0,0,0,0,0,0,0,0,1,0,0
35353,3933,1,27,12,2161,0,9,1,0,0,0,0,0,0,0,0,0,0,0
35414,11606,1,38,25,1641,0,11,0,1,0,0,0,0,0,0,0,0,0,0
35446,4710,1,28,21,4958,0,12,0,0,0,0,0,0,0,0,1,0,0,0
35451,1154,1,45,18,3716,0,12,0,0,0,0,0,0,0,0,1,0,0,0
35550,3553,1,19,25,2155,0,11,0,1,0,0,0,0,0,0,0,0,0,0
35553,8553,1,19,5,1646,0,1,0,0,0,0,0,0,0,0,0,0,0,1
35565,11876,1,42,26,2069,0,12,0,0,0,0,0,0,0,0,1,0,0,0
35634,89,1,21,16,3154,0,6,0,0,0,0,0,0,0,0,0,1,0,0
35651,8884,1,40,1,1164,1,7,0,0,0,0,0,0,1,0,0,0,0,0
35666,99,1,32,18,2643,0,7,0,0,0,0,0,0,1,0,0,0,0,0
35741,7005,1,84,20,2822,0,2,0,0,0,0,0,0,0,0,0,0,1,0
35765,7273,1,68,24,1898,0,9,1,0,0,0,0,0,0,0,0,0,0,0
35825,6661,1,40,18,2112,0,10,0,0,1,0,0,0,0,0,0,0,0,0
35848,11561,1,72,15,921,0,3,0,0,0,0,0,1,0,0,0,0,0,0
35865,2459,1,80,14,1909,0,7,0,0,0,0,0,0,1,0,0,0,0,0
35954,9079,1,58,29,2951,0,10,0,0,1,0,0,0,0,0,0,0,0,0
36071,1985,1,70,8,1149,0,11,0,1,0,0,0,0,0,0,0,0,0,0
36096,6901,1,65,21,1340,0,1,0,0,0,0,0,0,0,0,0,0,0,1
36102,4519,1,23,20,1825,0,6,0,0,0,0,0,0,0,0,0,1,0,0
36181,2500,1,50,22,2379,0,9,1,0,0,0,0,0,0,0,0,0,0,0
36233,1894,1,38,22,3476,0,4,0,0,0,1,0,0,0,0,0,0,0,0
36241,7663,1,47,19,1500,0,11,0,1,0,0,0,0,0,0,0,0,0,0
36251,8070,1,20,22,1985,0,11,0,1,0,0,0,0,0,0,0,0,0,0
36263,11278,1,60,28,2012,0,3,0,0,0,0,0,1,0,0,0,0,0,0
36269,9947,1,37,30,2318,0,7,0,0,0,0,0,0,1,0,0,0,0,0
36286,9350,1,22,18,2645,0,12,0,0,0,0,0,0,0,0,1,0,0,0
36316,2031,1,61,6,1626,0,11,0,1,0,0,0,0,0,0,0,0,0,0
36337,6281,1,20,22,1061,0,11,0,1,0,0,0,0,0,0,0,0,0,0
36353,5146,1,32,18,2441,0,6,0,0,0,0,0,0,0,0,0,1,0,0
36371,7299,1,19,15,2754,0,2,0,0,0,0,0,0,0,0,0,0,1,0
36390,9808,1,23,12,1640,0,10,0,0,1,0,0,0,0,0,0,0,0,0
36413,9264,1,38,25,1955,0,9,1,0,0,0,0,0,0,0,0,0,0,0
36443,8638,1,40,13,1628,0,8,0,0,0,0,0,0,0,1,0,0,0,0
36480,11827,1,40,15,3135,0,2,0,0,0,0,0,0,0,0,0,0,1,0
36491,7722,1,22,23,2488,0,4,0,0,0,1,0,0,0,0,0,0,0,0
36497,8571,1,45,17,2042,0,7,0,0,0,0,0,0,1,0,0,0,0,0
36507,5114,1,71,27,1810,0,11,0,1,0,0,0,0,0,0,0,0,0,0
36511,9854,1,45,18,2263,0,5,0,0,0,0,1,0,0,0,0,0,0,0
36583,2451,1,29,20,1318,0,1,0,0,0,0,0,0,0,0,0,0,0,1
36594,4996,1,21,18,577,0,10,0,0,1,0,0,0,0,0,0,0,0,0
36606,5276,1,33,27,1636,0,5,0,0,0,0,1,0,0,0,0,0,0,0
36616,2853,1,39,8,1643,0,8,0,0,0,0,0,0,0,1,0,0,0,0
36680,1537,1,70,16,2207,0,4,0,0,0,1,0,0,0,0,0,0,0,0
36712,6337,1,21,29,2829,0,10,0,0,1,0,0,0,0,0,0,0,0,0
36786,9776,1,40,22,2777,0,4,0,0,0,1,0,0,0,0,0,0,0,0
36919,8777,1,45,19,2615,0,12,0,0,0,0,0,0,0,0,1,0,0,0
36945,6943,1,35,17,2853,0,7,0,0,0,0,0,0,1,0,0,0,0,0
36950,3,1,64,13,3448,0,2,0,0,0,0,0,0,0,0,0,0,1,0
36955,6283,1,50,15,2346,0,5,0,0,0,0,1,0,0,0,0,0,0,0
36960,4118,1,32,22,2847,0,4,0,0,0,1,0,0,0,0,0,0,0,0
36975,11657,1,29,15,3120,0,2,0,0,0,0,0,0,0,0,0,0,1,0
36988,4519,1,60,20,1735,0,6,0,0,0,0,0,0,0,0,0,1,0,0
37057,11832,1,38,4,2539,0,7,0,0,0,0,0,0,1,0,0,0,0,0
37081,7458,1,30,15,1143,0,2,0,0,0,0,0,0,0,0,0,0,1,0
37101,8372,1,35,20,2625,0,5,0,0,0,0,1,0,0,0,0,0,0,0
37210,9801,1,40,10,1404,0,11,0,1,0,0,0,0,0,0,0,0,0,0
37232,2778,1,55,25,1517,0,6,0,0,0,0,0,0,0,0,0,1,0,0
37284,3392,1,33,27,1425,0,10,0,0,1,0,0,0,0,0,0,0,0,0
37306,11221,1,22,5,2375,0,1,0,0,0,0,0,0,0,0,0,0,0,1
37323,6585,1,50,16,2389,0,6,0,0,0,0,0,0,0,0,0,1,0,0
37356,11017,1,55,21,2650,0,12,0,0,0,0,0,0,0,0,1,0,0,0
37366,2721,1,62,18,1920,0,12,0,0,0,0,0,0,0,0,1,0,0,0
37388,1678,1,57,31,2067,0,6,0,0,0,0,0,0,0,0,0,1,0,0
37444,4294,1,62,15,2470,0,12,0,0,0,0,0,0,0,0,1,0,0,0
37445,8151,1,60,21,872,0,1,0,0,0,0,0,0,0,0,0,0,0,1
37449,217,1,75,26,1845,0,7,0,0,0,0,0,0,1,0,0,0,0,0
37474,9916,1,61,24,2260,0,12,0,0,0,0,0,0,0,0,1,0,0,0
37479,3242,1,52,19,1835,0,3,0,0,0,0,0,1,0,0,0,0,0,0
37517,2121,1,24,22,3254,0,10,0,0,1,0,0,0,0,0,0,0,0,0
37540,11372,1,50,19,3201,0,3,0,0,0,0,0,1,0,0,0,0,0,0
37582,1906,1,55,13,3078,0,12,0,0,0,0,0,0,0,0,1,0,0,0
37588,8264,1,32,23,1432,0,4,0,0,0,1,0,0,0,0,0,0,0,0
37618,9187,1,22,25,2433,0,9,1,0,0,0,0,0,0,0,0,0,0,0
37621,8903,1,65,20,1835,0,1,0,0,0,0,0,0,0,0,0,0,0,1
37622,10745,1,55,12,2532,0,8,0,0,0,0,0,0,0,1,0,0,0,0
37669,11633,1,30,18,1763,0,1,0,0,0,0,0,0,0,0,0,0,0,1
37675,10726,1,22,24,2345,0,11,0,1,0,0,0,0,0,0,0,0,0,0
37683,2946,1,20,13,2474,0,2,0,0,0,0,0,0,0,0,0,0,1,0
37693,6099,1,28,13,2588,0,6,0,0,0,0,0,0,0,0,0,1,0,0
37703,3865,1,42,19,1550,0,2,0,0,0,0,0,0,0,0,0,0,1,0
37719,3006,1,18,26,2484,0,10,0,0,1,0,0,0,0,0,0,0,0,0
37753,6511,1,40,18,3104,0,6,0,0,0,0,0,0,0,0,0,1,0,0
37765,8385,1,60,15,2786,0,6,0,0,0,0,0,0,0,0,0,1,0,0
37791,10604,1,35,15,2634,0,2,0,0,0,0,0,0,0,0,0,0,1,0
37794,6479,1,61,19,3203,0,11,0,1,0,0,0,0,0,0,0,0,0,0
37800,7987,1,65,18,1407,0,11,0,1,0,0,0,0,0,0,0,0,0,0
37834,10138,1,21,19,3084,0,2,0,0,0,0,0,0,0,0,0,0,1,0
37839,6674,1,49,8,2874,0,7,0,0,0,0,0,0,1,0,0,0,0,0
37858,11751,1,83,14,1837,0,5,0,0,0,0,1,0,0,0,0,0,0,0
37910,4180,1,40,19,2423,0,2,0,0,0,0,0,0,0,0,0,0,1,0
37952,2112,1,55,15,2036,0,7,0,0,0,0,0,0,1,0,0,0,0,0
37993,4204,1,27,18,1536,0,4,0,0,0,1,0,0,0,0,0,0,0,0
37995,8081,1,40,30,3161,0,7,0,0,0,0,0,0,1,0,0,0,0,0
38015,637,1,28,4,2126,0,7,0,0,0,0,0,0,1,0,0,0,0,0
38060,7098,1,26,22,1779,0,10,0,0,1,0,0,0,0,0,0,0,0,0
38075,2134,1,45,19,3190,0,3,0,0,0,0,0,1,0,0,0,0,0,0
38105,7625,1,25,18,2310,0,4,0,0,0,1,0,0,0,0,0,0,0,0
38116,733,1,48,31,2237,0,6,0,0,0,0,0,0,0,0,0,1,0,0
38126,2393,1,34,23,1409,0,6,0,0,0,0,0,0,0,0,0,1,0,0
38160,4658,1,18,19,3237,0,7,0,0,0,0,0,0,1,0,0,0,0,0
38165,5985,1,18,16,1788,0,8,0,0,0,0,0,0,0,1,0,0,0,0
38261,6281,1,68,22,1556,0,11,0,1,0,0,0,0,0,0,0,0,0,0
38271,7422,1,43,29,2133,0,5,0,0,0,0,1,0,0,0,0,0,0,0
38288,6989,1,40,21,3099,0,6,0,0,0,0,0,0,0,0,0,1,0,0
38326,9609,1,22,17,2720,0,2,0,0,0,0,0,0,0,0,0,0,1,0
38406,6872,1,48,28,2133,0,3,0,0,0,0,0,1,0,0,0,0,0,0
38428,9238,1,50,11,2892,0,9,1,0,0,0,0,0,0,0,0,0,0,0
38437,5061,1,29,26,2328,0,11,0,1,0,0,0,0,0,0,0,0,0,0
38450,7309,1,45,11,1258,0,4,0,0,0,1,0,0,0,0,0,0,0,0
38467,7492,1,33,22,3464,0,11,0,1,0,0,0,0,0,0,0,0,0,0
38472,7829,1,32,21,1926,0,4,0,0,0,1,0,0,0,0,0,0,0,0
38475,4609,1,18,8,3530,0,9,1,0,0,0,0,0,0,0,0,0,0,0
38620,871,1,35,30,2968,0,3,0,0,0,0,0,1,0,0,0,0,0,0
38723,5394,1,57,18,1320,0,5,0,0,0,0,1,0,0,0,0,0,0,0
38769,10025,1,43,22,3079,0,11,0,1,0,0,0,0,0,0,0,0,0,0
38770,732,1,23,31,1168,0,6,0,0,0,0,0,0,0,0,0,1,0,0
38797,816,1,26,27,1248,0,3,0,0,0,0,0,1,0,0,0,0,0,0
38827,9679,1,44,21,3073,0,6,0,0,0,0,0,0,0,0,0,1,0,0
38834,3143,1,40,20,1991,0,4,0,0,0,1,0,0,0,0,0,0,0,0
38873,9101,1,25,19,2514,0,3,0,0,0,0,0,1,0,0,0,0,0,0
39027,6983,1,31,13,2741,0,2,0,0,0,0,0,0,0,0,0,0,1,0
39054,8904,1,40,19,1412,0,2,0,0,0,0,0,0,0,0,0,0,1,0
39067,251,1,50,20,1581,0,7,0,0,0,0,0,0,1,0,0,0,0,0
39102,9649,1,48,11,1269,0,9,1,0,0,0,0,0,0,0,0,0,0,0
39105,4279,1,46,10,2417,0,8,0,0,0,0,0,0,0,1,0,0,0,0
39125,11412,1,24,16,2558,0,12,0,0,0,0,0,0,0,0,1,0,0,0
39126,3917,1,20,18,2507,0,6,0,0,0,0,0,0,0,0,0,1,0,0
39135,11664,1,60,18,1504,0,8,0,0,0,0,0,0,0,1,0,0,0,0
39176,5524,1,56,16,1992,0,8,0,0,0,0,0,0,0,1,0,0,0,0
39178,10413,1,37,13,2557,0,2,0,0,0,0,0,0,0,0,0,0,1,0
39216,4362,1,65,2,2834,0,7,0,0,0,0,0,0,1,0,0,0,0,0
39217,6162,1,50,18,2023,0,12,0,0,0,0,0,0,0,0,1,0,0,0
39339,5137,1,44,25,3586,0,9,1,0,0,0,0,0,0,0,0,0,0,0
39357,10372,1,60,24,1097,0,12,0,0,0,0,0,0,0,0,1,0,0,0
39358,8225,1,30,30,2544,0,10,0,0,1,0,0,0,0,0,0,0,0,0
39371,4951,1,50,31,2321,0,6,0,0,0,0,0,0,0,0,0,1,0,0
39408,6574,1,33,17,748,0,7,0,0,0,0,0,0,1,0,0,0,0,0
39447,6863,1,45,16,2892,0,4,0,0,0,1,0,0,0,0,0,0,0,0
39479,1385,1,55,23,1909,0,9,1,0,0,0,0,0,0,0,0,0,0,0
39637,9020,1,30,7,3329,1,9,1,0,0,0,0,0,0,0,0,0,0,0
39645,2074,1,25,22,2277,0,5,0,0,0,0,1,0,0,0,0,0,0,0
39662,633,1,44,5,1804,0,1,0,0,0,0,0,0,0,0,0,0,0,1
39671,5626,1,20,4,1883,0,3,0,0,0,0,0,1,0,0,0,0,0,0
39701,2465,1,54,16,2985,0,6,0,0,0,0,0,0,0,0,0,1,0,0
