SUBJECT,HOUSEHOLD,SEX,AGE_YEAR,CONSUMPTION_DAY,sum_ENERGY_kcal,WEEKEND,adm2_,adm2_1,adm2_5,adm2_2,adm2_8,adm2_4,adm2_7,adm2_6,adm2_3
23,4964,1,60,13,2605,0,1,1,0,0,0,0,0,0,0
43,4100,1,18,1,1696,1,5,0,1,0,0,0,0,0,0
111,5657,1,25,17,1820,0,1,1,0,0,0,0,0,0,0
189,5054,1,47,23,1590,0,2,0,0,1,0,0,0,0,0
273,7074,1,19,19,1006,0,8,0,0,0,1,0,0,0,0
304,7041,1,26,9,1865,0,2,0,0,1,0,0,0,0,0
372,8596,1,50,13,2744,0,4,0,0,0,0,1,0,0,0
401,5153,1,45,3,2052,0,2,0,0,1,0,0,0,0,0
511,1986,1,70,23,1536,0,4,0,0,0,0,1,0,0,0
532,1715,1,50,22,2162,0,2,0,0,1,0,0,0,0,0
604,9363,1,40,19,2211,0,7,0,0,0,0,0,1,0,0
626,8946,1,34,3,2041,0,5,0,1,0,0,0,0,0,0
633,3294,1,28,25,1933,0,1,1,0,0,0,0,0,0,0
640,11169,1,29,15,2683,0,6,0,0,0,0,0,0,1,0
716,8528,1,23,18,4006,0,6,0,0,0,0,0,0,1,0
718,8413,1,52,21,1692,0,4,0,0,0,0,1,0,0,0
844,11389,1,30,22,2082,0,4,0,0,0,0,1,0,0,0
879,8067,1,45,17,1159,0,3,0,0,0,0,0,0,0,1
893,771,1,23,16,2212,0,1,1,0,0,0,0,0,0,0
945,4419,1,21,19,2312,0,4,0,0,0,0,1,0,0,0
958,2125,1,32,22,1897,0,5,0,1,0,0,0,0,0,0
1036,7902,1,55,24,1800,0,2,0,0,1,0,0,0,0,0
1038,11144,1,18,13,1697,0,3,0,0,0,0,0,0,0,1
1069,10464,1,55,22,3193,0,4,0,0,0,0,1,0,0,0
1178,329,1,40,21,1967,0,2,0,0,1,0,0,0,0,0
1230,7361,1,65,22,1180,0,2,0,0,1,0,0,0,0,0
1271,2002,1,26,29,1674,0,6,0,0,0,0,0,0,1,0
1282,10048,1,18,16,1781,0,5,0,1,0,0,0,0,0,0
1356,1940,1,19,22,1973,0,2,0,0,1,0,0,0,0,0
1370,4737,1,47,24,3053,0,8,0,0,0,1,0,0,0,0
1378,10827,1,30,21,1783,0,3,0,0,0,0,0,0,0,1
1451,4596,1,30,9,2354,0,7,0,0,0,0,0,1,0,0
1457,1192,1,63,22,1450,0,7,0,0,0,0,0,1,0,0
1526,10616,1,35,10,2094,0,7,0,0,0,0,0,1,0,0
1557,11261,1,60,20,1457,0,1,1,0,0,0,0,0,0,0
1634,9320,1,37,20,2364,0,2,0,0,1,0,0,0,0,0
1636,7536,1,25,25,1432,0,4,0,0,0,0,1,0,0,0
1664,9139,1,49,22,1164,0,2,0,0,1,0,0,0,0,0
1697,6748,1,55,17,1503,0,1,1,0,0,0,0,0,0,0
1798,11758,1,27,16,1959,0,5,0,1,0,0,0,0,0,0
1806,11568,1,23,13,2376,0,1,1,0,0,0,0,0,0,0
1904,2433,1,18,11,1094,0,5,0,1,0,0,0,0,0,0
1923,992,1,28,6,2194,0,2,0,0,1,0,0,0,0,0
1937,10769,1,21,5,1580,0,2,0,0,1,0,0,0,0,0
1973,4616,1,40,23,2445,0,2,0,0,1,0,0,0,0,0
2057,10609,1,18,21,2282,0,2,0,0,1,0,0,0,0,0
2079,1408,1,70,27,1943,0,5,0,1,0,0,0,0,0,0
2089,6613,1,35,3,1945,0,2,0,0,1,0,0,0,0,0
2136,7448,1,23,18,1895,0,6,0,0,0,0,0,0,1,0
2145,6220,1,55,24,2094,0,8,0,0,0,1,0,0,0,0
2265,4099,1,40,20,1988,0,4,0,0,0,0,1,0,0,0
2480,169,1,26,16,2263,0,5,0,1,0,0,0,0,0,0
2549,769,1,25,27,1432,0,5,0,1,0,0,0,0,0,0
2558,2916,1,35,13,1132,0,3,0,0,0,0,0,0,0,1
2568,6586,1,58,17,1573,0,3,0,0,0,0,0,0,0,1
2607,8059,1,35,14,2814,0,1,1,0,0,0,0,0,0,0
2608,8115,1,60,11,1404,0,3,0,0,0,0,0,0,0,1
2612,3529,1,24,24,2557,0,8,0,0,0,1,0,0,0,0
2660,5783,1,38,19,1955,0,5,0,1,0,0,0,0,0,0
2781,1986,1,33,23,2080,0,4,0,0,0,0,1,0,0,0
2840,8785,1,27,16,1883,0,6,0,0,0,0,0,0,1,0
2978,2251,1,18,17,1503,0,1,1,0,0,0,0,0,0,0
2990,1904,1,34,23,2593,0,2,0,0,1,0,0,0,0,0
3003,1319,1,35,25,2292,0,2,0,0,1,0,0,0,0,0
3036,3177,1,50,16,2145,0,1,1,0,0,0,0,0,0,0
3054,10716,1,27,29,1689,0,3,0,0,0,0,0,0,0,1
3073,4576,1,45,23,2492,0,2,0,0,1,0,0,0,0,0
3085,820,1,65,15,2291,0,6,0,0,0,0,0,0,1,0
3128,1310,1,55,22,1839,0,7,0,0,0,0,0,1,0,0
3225,7015,1,31,21,2632,0,6,0,0,0,0,0,0,1,0
3273,3843,1,35,16,2559,0,5,0,1,0,0,0,0,0,0
3283,5720,1,36,15,1608,0,3,0,0,0,0,0,0,0,1
3295,520,1,28,16,1970,0,5,0,1,0,0,0,0,0,0
3394,2937,1,27,26,1992,0,6,0,0,0,0,0,0,1,0
3402,5258,1,27,21,1707,0,3,0,0,0,0,0,0,0,1
3453,6409,1,20,17,1040,0,3,0,0,0,0,0,0,0,1
3457,4633,1,38,25,1459,0,4,0,0,0,0,1,0,0,0
3462,4077,1,32,21,4354,0,8,0,0,0,1,0,0,0,0
3716,3435,1,42,17,1974,0,1,1,0,0,0,0,0,0,0
3757,6700,1,26,4,2044,0,5,0,1,0,0,0,0,0,0
3760,2761,1,45,20,952,0,2,0,0,1,0,0,0,0,0
3795,7168,1,65,17,3025,0,7,0,0,0,0,0,1,0,0
3901,794,1,32,23,2019,0,2,0,0,1,0,0,0,0,0
3940,11140,1,50,22,2335,0,2,0,0,1,0,0,0,0,0
4000,6705,1,35,25,1790,0,7,0,0,0,0,0,1,0,0
4005,2129,1,38,22,2237,0,2,0,0,1,0,0,0,0,0
4046,6795,1,46,20,1951,0,2,0,0,1,0,0,0,0,0
4048,2901,1,35,6,1724,0,2,0,0,1,0,0,0,0,0
4150,3436,1,20,19,2155,0,7,0,0,0,0,0,1,0,0
4157,3000,1,38,17,2669,0,7,0,0,0,0,0,1,0,0
4218,4539,1,60,16,1656,0,6,0,0,0,0,0,0,1,0
4241,6509,1,38,29,2817,0,5,0,1,0,0,0,0,0,0
4274,7910,1,40,15,2296,0,6,0,0,0,0,0,0,1,0
4351,3866,1,40,17,1304,0,3,0,0,0,0,0,0,0,1
4363,11510,1,47,21,1920,0,8,0,0,0,1,0,0,0,0
4429,2040,1,58,22,2781,0,4,0,0,0,0,1,0,0,0
4434,11491,1,42,19,2367,0,4,0,0,0,0,1,0,0,0
4468,11514,1,35,15,1841,0,6,0,0,0,0,0,0,1,0
4483,6881,1,72,17,2450,0,7,0,0,0,0,0,1,0,0
4543,9135,1,47,22,1324,0,8,0,0,0,1,0,0,0,0
4599,665,1,42,12,1911,0,6,0,0,0,0,0,0,1,0
4625,1916,1,35,14,1687,0,4,0,0,0,0,1,0,0,0
4632,769,1,20,27,1432,0,5,0,1,0,0,0,0,0,0
4697,7822,1,60,9,1758,0,7,0,0,0,0,0,1,0,0
4822,2387,1,43,19,1771,0,5,0,1,0,0,0,0,0,0
4834,8471,1,42,22,1960,0,7,0,0,0,0,0,1,0,0
4848,3380,1,31,27,2177,0,6,0,0,0,0,0,0,1,0
4926,1263,1,35,13,1483,0,3,0,0,0,0,0,0,0,1
4933,957,1,30,16,2557,0,6,0,0,0,0,0,0,1,0
4992,7658,1,40,22,1380,0,7,0,0,0,0,0,1,0,0
5136,1063,1,55,24,1226,0,8,0,0,0,1,0,0,0,0
5154,7529,1,25,28,1406,0,6,0,0,0,0,0,0,1,0
5156,3061,1,30,22,2217,0,4,0,0,0,0,1,0,0,0
5163,9189,1,55,29,1520,0,3,0,0,0,0,0,0,0,1
5251,6605,1,36,8,1695,0,2,0,0,1,0,0,0,0,0
5304,402,1,30,17,2191,0,1,1,0,0,0,0,0,0,0
5364,1719,1,32,16,2765,0,6,0,0,0,0,0,0,1,0
5380,9437,1,63,19,2298,0,8,0,0,0,1,0,0,0,0
5381,2886,1,50,21,2179,0,1,1,0,0,0,0,0,0,0
5400,28,1,50,16,1678,0,1,1,0,0,0,0,0,0,0
5426,10783,1,40,15,1242,0,3,0,0,0,0,0,0,0,1
5432,6664,1,20,10,2363,0,7,0,0,0,0,0,1,0,0
5433,1465,1,25,13,2209,0,1,1,0,0,0,0,0,0,0
5434,3777,1,30,15,1342,0,4,0,0,0,0,1,0,0,0
5492,6409,1,60,17,1214,0,3,0,0,0,0,0,0,0,1
5493,9589,1,41,16,2080,0,6,0,0,0,0,0,0,1,0
5515,492,1,45,30,1607,0,3,0,0,0,0,0,0,0,1
5520,7153,1,21,11,1219,0,5,0,1,0,0,0,0,0,0
5567,2604,1,24,8,1599,0,2,0,0,1,0,0,0,0,0
5576,6580,1,25,14,2287,0,1,1,0,0,0,0,0,0,0
5601,1916,1,70,14,1664,0,4,0,0,0,0,1,0,0,0
5603,5738,1,34,16,2360,0,1,1,0,0,0,0,0,0,0
5608,7996,1,80,8,2247,0,7,0,0,0,0,0,1,0,0
5649,10765,1,18,22,1868,0,4,0,0,0,0,1,0,0,0
5681,2355,1,50,1,1715,1,3,0,0,0,0,0,0,0,1
5683,7939,1,45,21,1767,0,4,0,0,0,0,1,0,0,0
5702,4561,1,40,1,1410,1,3,0,0,0,0,0,0,0,1
5791,11740,1,27,14,1667,0,5,0,1,0,0,0,0,0,0
5836,5466,1,24,16,2312,0,1,1,0,0,0,0,0,0,0
5840,3859,1,31,23,1872,0,6,0,0,0,0,0,0,1,0
5851,794,1,50,23,2379,0,2,0,0,1,0,0,0,0,0
6034,4995,1,23,22,1405,0,2,0,0,1,0,0,0,0,0
6051,8862,1,44,9,2016,0,7,0,0,0,0,0,1,0,0
6065,11709,1,40,14,2568,0,1,1,0,0,0,0,0,0,0
6285,9108,1,80,25,1785,0,4,0,0,0,0,1,0,0,0
6301,3607,1,46,27,240,0,2,0,0,1,0,0,0,0,0
6328,4750,1,22,19,2094,0,5,0,1,0,0,0,0,0,0
6403,10044,1,30,16,1973,0,5,0,1,0,0,0,0,0,0
6438,5669,1,25,18,1851,0,4,0,0,0,0,1,0,0,0
6440,6263,1,60,31,1961,0,3,0,0,0,0,0,0,0,1
6504,9648,1,25,25,1874,0,1,1,0,0,0,0,0,0,0
6568,2050,1,18,22,1967,0,2,0,0,1,0,0,0,0,0
6569,11866,1,38,11,1136,0,3,0,0,0,0,0,0,0,1
6609,9747,1,50,21,1629,0,3,0,0,0,0,0,0,0,1
6751,4568,1,50,20,1681,0,4,0,0,0,0,1,0,0,0
6762,11140,1,29,22,2098,0,2,0,0,1,0,0,0,0,0
6849,10262,1,26,19,2563,0,4,0,0,0,0,1,0,0,0
6904,3399,1,19,11,1552,0,5,0,1,0,0,0,0,0,0
6971,2604,1,48,8,1599,0,2,0,0,1,0,0,0,0,0
6984,10749,1,25,14,1901,0,1,1,0,0,0,0,0,0,0
6987,3360,1,30,20,2310,0,2,0,0,1,0,0,0,0,0
7051,1369,1,51,17,2547,0,4,0,0,0,0,1,0,0,0
7103,3251,1,55,25,1652,0,1,1,0,0,0,0,0,0,0
7120,4851,1,25,17,2632,0,7,0,0,0,0,0,1,0,0
7139,11715,1,65,30,2147,0,5,0,1,0,0,0,0,0,0
7201,8141,1,25,23,1657,0,2,0,0,1,0,0,0,0,0
7259,3245,1,40,20,2262,0,2,0,0,1,0,0,0,0,0
7281,1027,1,36,22,1769,0,2,0,0,1,0,0,0,0,0
7411,2963,1,19,24,2187,0,2,0,0,1,0,0,0,0,0
7565,8701,1,25,17,1926,0,4,0,0,0,0,1,0,0,0
7609,431,1,45,22,2441,0,4,0,0,0,0,1,0,0,0
7732,919,1,43,27,1465,0,5,0,1,0,0,0,0,0,0
7785,4095,1,48,23,2326,0,6,0,0,0,0,0,0,1,0
7795,11772,1,20,23,1803,0,2,0,0,1,0,0,0,0,0
7840,8176,1,40,16,2058,0,1,1,0,0,0,0,0,0,0
7841,3287,1,30,9,1985,0,2,0,0,1,0,0,0,0,0
7928,6796,1,35,12,2089,0,6,0,0,0,0,0,0,1,0
7934,8314,1,35,21,1958,0,2,0,0,1,0,0,0,0,0
7998,1241,1,35,17,1556,0,1,1,0,0,0,0,0,0,0
8097,82,1,33,8,2081,0,7,0,0,0,0,0,1,0,0
8154,11788,1,95,20,1675,0,4,0,0,0,0,1,0,0,0
8160,10639,1,20,8,1607,0,5,0,1,0,0,0,0,0,0
8174,6220,1,30,24,2298,0,8,0,0,0,1,0,0,0,0
8186,5150,1,35,25,2011,0,4,0,0,0,0,1,0,0,0
8200,7410,1,58,27,1486,0,2,0,0,1,0,0,0,0,0
8219,6042,1,21,24,2245,0,4,0,0,0,0,1,0,0,0
8293,6413,1,28,19,1971,0,8,0,0,0,1,0,0,0,0
8323,3971,1,23,16,1508,0,6,0,0,0,0,0,0,1,0
8396,1052,1,22,14,3351,0,1,1,0,0,0,0,0,0,0
8540,9616,1,42,19,1950,0,1,1,0,0,0,0,0,0,0
8713,6159,1,38,21,1986,0,3,0,0,0,0,0,0,0,1
8843,4999,1,28,9,2004,0,7,0,0,0,0,0,1,0,0
8934,981,1,60,23,2116,0,6,0,0,0,0,0,0,1,0
8967,7832,1,28,16,1963,0,5,0,1,0,0,0,0,0,0
9072,2669,1,55,8,1722,0,2,0,0,1,0,0,0,0,0
9079,7914,1,42,11,1394,0,3,0,0,0,0,0,0,0,1
9195,5370,1,32,8,2399,0,7,0,0,0,0,0,1,0,0
9210,9522,1,73,20,1510,0,2,0,0,1,0,0,0,0,0
9224,3365,1,21,20,1939,0,4,0,0,0,0,1,0,0,0
9243,4100,1,49,1,1696,1,5,0,1,0,0,0,0,0,0
9254,1900,1,60,20,1337,0,4,0,0,0,0,1,0,0,0
9278,1830,1,40,25,1785,0,4,0,0,0,0,1,0,0,0
9311,9640,1,50,21,2365,0,8,0,0,0,1,0,0,0,0
9328,3207,1,32,13,1596,0,3,0,0,0,0,0,0,0,1
9373,8711,1,42,30,1696,0,3,0,0,0,0,0,0,0,1
9396,2278,1,45,29,2024,0,3,0,0,0,0,0,0,0,1
9416,4568,1,24,20,1831,0,4,0,0,0,0,1,0,0,0
9419,5992,1,35,23,1545,0,4,0,0,0,0,1,0,0,0
9435,7088,1,30,4,1626,0,5,0,1,0,0,0,0,0,0
9437,6532,1,20,17,1778,0,4,0,0,0,0,1,0,0,0
9440,10056,1,30,22,1807,0,5,0,1,0,0,0,0,0,0
9448,5013,1,37,13,2524,0,1,1,0,0,0,0,0,0,0
9463,2777,1,28,28,1938,0,3,0,0,0,0,0,0,0,1
9497,3624,1,28,15,1825,0,6,0,0,0,0,0,0,1,0
9530,7143,1,31,16,2471,0,5,0,1,0,0,0,0,0,0
9545,7029,1,21,17,2378,0,1,1,0,0,0,0,0,0,0
9662,1907,1,18,25,1506,0,4,0,0,0,0,1,0,0,0
9668,7203,1,20,22,2165,0,7,0,0,0,0,0,1,0,0
9804,7833,1,23,23,1729,0,4,0,0,0,0,1,0,0,0
9809,7792,1,40,28,1970,0,6,0,0,0,0,0,0,1,0
9893,2313,1,30,22,2325,0,5,0,1,0,0,0,0,0,0
9945,7290,1,25,23,1935,0,1,1,0,0,0,0,0,0,0
9987,9384,1,30,14,1367,0,4,0,0,0,0,1,0,0,0
10012,11042,1,43,9,1823,0,2,0,0,1,0,0,0,0,0
10075,6010,1,41,20,1649,0,2,0,0,1,0,0,0,0,0
10080,7,1,65,28,1925,0,8,0,0,0,1,0,0,0,0
10101,2110,1,70,22,1953,0,5,0,1,0,0,0,0,0,0
10122,2491,1,23,6,1754,0,2,0,0,1,0,0,0,0,0
10141,4177,1,23,23,1970,0,6,0,0,0,0,0,0,1,0
10178,4438,1,18,21,1941,0,3,0,0,0,0,0,0,0,1
10195,7548,1,65,1,1365,1,3,0,0,0,0,0,0,0,1
10236,7187,1,47,17,1965,0,4,0,0,0,0,1,0,0,0
10276,9036,1,55,20,2050,0,5,0,1,0,0,0,0,0,0
10299,672,1,27,20,2288,0,2,0,0,1,0,0,0,0,0
10313,3529,1,54,24,1958,0,8,0,0,0,1,0,0,0,0
10325,1839,1,50,19,2003,0,1,1,0,0,0,0,0,0,0
10389,10582,1,30,29,1677,0,5,0,1,0,0,0,0,0,0
10415,3384,1,33,29,1948,0,6,0,0,0,0,0,0,1,0
10470,5822,1,36,9,2280,0,7,0,0,0,0,0,1,0,0
10494,258,1,62,20,1324,0,2,0,0,1,0,0,0,0,0
10508,4295,1,35,27,1947,0,8,0,0,0,1,0,0,0,0
10529,739,1,25,11,1499,0,5,0,1,0,0,0,0,0,0
10583,3378,1,19,23,1701,0,4,0,0,0,0,1,0,0,0
10610,9252,1,33,17,1723,0,3,0,0,0,0,0,0,0,1
10625,9142,1,48,18,1402,0,3,0,0,0,0,0,0,0,1
10675,9889,1,45,11,1700,0,5,0,1,0,0,0,0,0,0
10677,1376,1,39,22,1947,0,4,0,0,0,0,1,0,0,0
10749,9799,1,48,21,2111,0,6,0,0,0,0,0,0,1,0
10765,4374,1,53,22,2929,0,8,0,0,0,1,0,0,0,0
10776,1488,1,50,23,2030,0,1,1,0,0,0,0,0,0,0
10822,11740,1,25,14,1660,0,5,0,1,0,0,0,0,0,0
10891,4603,1,25,25,1679,0,4,0,0,0,0,1,0,0,0
10912,7106,1,45,25,2456,0,1,1,0,0,0,0,0,0,0
10978,5651,1,28,24,2104,0,8,0,0,0,1,0,0,0,0
10992,9189,1,18,29,2129,0,3,0,0,0,0,0,0,0,1
11015,6548,1,56,23,2349,0,4,0,0,0,0,1,0,0,0
11161,6968,1,28,25,1818,0,8,0,0,0,1,0,0,0,0
11247,9189,1,30,29,1750,0,3,0,0,0,0,0,0,0,1
11356,7701,1,23,11,2315,0,7,0,0,0,0,0,1,0,0
11365,8055,1,42,21,2218,0,4,0,0,0,0,1,0,0,0
11366,10870,1,36,12,1987,0,1,1,0,0,0,0,0,0,0
11492,5310,1,23,9,1977,0,7,0,0,0,0,0,1,0,0
11532,1955,1,30,13,2940,0,1,1,0,0,0,0,0,0,0
11602,8401,1,60,27,1730,0,1,1,0,0,0,0,0,0,0
11696,967,1,24,27,2266,0,8,0,0,0,1,0,0,0,0
11704,8232,1,30,17,1202,0,1,1,0,0,0,0,0,0,0
11716,1375,1,30,11,1790,0,5,0,1,0,0,0,0,0,0
11732,7287,1,27,14,1695,0,5,0,1,0,0,0,0,0,0
11757,1230,1,35,17,1717,0,1,1,0,0,0,0,0,0,0
11797,4757,1,35,31,2468,0,3,0,0,0,0,0,0,0,1
11799,8016,1,48,22,1784,0,4,0,0,0,0,1,0,0,0
11800,1625,1,22,26,1242,0,6,0,0,0,0,0,0,1,0
11810,10398,1,50,18,1400,0,3,0,0,0,0,0,0,0,1
11823,10928,1,28,19,1898,0,1,1,0,0,0,0,0,0,0
11835,10181,1,50,27,1321,0,1,1,0,0,0,0,0,0,0
11836,11555,1,30,17,1579,0,1,1,0,0,0,0,0,0,0
11875,509,1,44,13,2153,0,1,1,0,0,0,0,0,0,0
11962,8950,1,68,17,2034,0,4,0,0,0,0,1,0,0,0
11965,9188,1,55,17,1756,0,7,0,0,0,0,0,1,0,0
12102,9276,1,27,20,2281,0,2,0,0,1,0,0,0,0,0
12173,2903,1,47,13,1903,0,4,0,0,0,0,1,0,0,0
12205,2917,1,44,22,2353,0,2,0,0,1,0,0,0,0,0
12309,2980,1,38,3,1002,0,2,0,0,1,0,0,0,0,0
12456,9444,1,28,14,2021,0,1,1,0,0,0,0,0,0,0
12474,4327,1,28,11,1926,0,3,0,0,0,0,0,0,0,1
12489,4715,1,42,20,2274,0,2,0,0,1,0,0,0,0,0
12515,9934,1,35,18,2045,0,3,0,0,0,0,0,0,0,1
12551,3935,1,30,20,2398,0,1,1,0,0,0,0,0,0,0
12606,6939,1,30,29,2055,0,5,0,1,0,0,0,0,0,0
12619,9907,1,30,17,1880,0,4,0,0,0,0,1,0,0,0
12620,4617,1,38,20,725,0,5,0,1,0,0,0,0,0,0
12667,3002,1,30,3,2069,0,2,0,0,1,0,0,0,0,0
12678,2673,1,45,15,2242,0,6,0,0,0,0,0,0,1,0
12824,10181,1,23,27,1744,0,1,1,0,0,0,0,0,0,0
12840,4259,1,18,13,1958,0,1,1,0,0,0,0,0,0,0
12908,35,1,48,22,1930,0,2,0,0,1,0,0,0,0,0
12916,11213,1,41,21,2212,0,6,0,0,0,0,0,0,1,0
13023,6409,1,19,17,1430,0,3,0,0,0,0,0,0,0,1
13035,1600,1,35,23,2600,0,1,1,0,0,0,0,0,0,0
13112,7922,1,35,29,1630,0,3,0,0,0,0,0,0,0,1
13120,11262,1,35,12,2001,0,1,1,0,0,0,0,0,0,0
13156,5323,1,60,22,1634,0,8,0,0,0,1,0,0,0,0
13193,2250,1,47,22,1655,0,4,0,0,0,0,1,0,0,0
13217,11634,1,52,17,2571,0,1,1,0,0,0,0,0,0,0
13221,11286,1,33,25,1901,0,7,0,0,0,0,0,1,0,0
13227,3155,1,30,16,2061,0,5,0,1,0,0,0,0,0,0
13232,1083,1,50,22,1776,0,2,0,0,1,0,0,0,0,0
13251,11651,1,64,23,1753,0,8,0,0,0,1,0,0,0,0
13314,10769,1,43,5,1592,0,2,0,0,1,0,0,0,0,0
13321,4188,1,18,27,1285,0,1,1,0,0,0,0,0,0,0
13356,7795,1,44,18,1724,0,3,0,0,0,0,0,0,0,1
13446,10664,1,65,17,2040,0,7,0,0,0,0,0,1,0,0
13480,7701,1,49,11,2297,0,7,0,0,0,0,0,1,0,0
13491,7298,1,20,20,2070,0,1,1,0,0,0,0,0,0,0
13520,8935,1,60,25,2326,0,8,0,0,0,1,0,0,0,0
13690,2567,1,53,21,2059,0,4,0,0,0,0,1,0,0,0
13746,3724,1,25,25,2176,0,4,0,0,0,0,1,0,0,0
13755,6687,1,58,16,2646,0,1,1,0,0,0,0,0,0,0
13790,6163,1,48,30,1390,0,3,0,0,0,0,0,0,0,1
13936,1735,1,23,25,2471,0,1,1,0,0,0,0,0,0,0
13939,8677,1,32,23,1799,0,6,0,0,0,0,0,0,1,0
13966,2761,1,20,20,1136,0,2,0,0,1,0,0,0,0,0
14005,1342,1,42,16,1881,0,5,0,1,0,0,0,0,0,0
14020,10524,1,19,15,1807,0,6,0,0,0,0,0,0,1,0
14046,4139,1,30,22,1291,0,2,0,0,1,0,0,0,0,0
14058,10524,1,65,15,1935,0,6,0,0,0,0,0,0,1,0
14221,7187,1,65,17,1943,0,4,0,0,0,0,1,0,0,0
14222,10338,1,52,18,2126,0,6,0,0,0,0,0,0,1,0
14225,3298,1,28,17,1364,0,3,0,0,0,0,0,0,0,1
14237,9882,1,26,4,1775,0,5,0,1,0,0,0,0,0,0
14281,10623,1,40,26,2087,0,6,0,0,0,0,0,0,1,0
14296,2000,1,30,21,2760,0,1,1,0,0,0,0,0,0,0
14360,6201,1,34,14,1897,0,5,0,1,0,0,0,0,0,0
14465,8180,1,51,20,1894,0,5,0,1,0,0,0,0,0,0
14467,1634,1,30,2,2184,0,5,0,1,0,0,0,0,0,0
14488,5583,1,55,15,1891,0,6,0,0,0,0,0,0,1,0
14557,4412,1,32,11,2446,0,7,0,0,0,0,0,1,0,0
14650,8833,1,55,19,2642,0,8,0,0,0,1,0,0,0,0
14657,5173,1,30,24,2713,0,8,0,0,0,1,0,0,0,0
14662,7826,1,45,22,1658,0,2,0,0,1,0,0,0,0,0
14779,6035,1,36,1,1733,1,5,0,1,0,0,0,0,0,0
14803,5936,1,58,20,1867,0,1,1,0,0,0,0,0,0,0
14823,559,1,45,9,1651,0,2,0,0,1,0,0,0,0,0
14867,3575,1,45,29,2180,0,8,0,0,0,1,0,0,0,0
14874,3641,1,28,14,1795,0,1,1,0,0,0,0,0,0,0
14883,505,1,65,22,1524,0,8,0,0,0,1,0,0,0,0
14916,10651,1,40,13,2349,0,1,1,0,0,0,0,0,0,0
14947,11715,1,29,30,2147,0,5,0,1,0,0,0,0,0,0
14963,5684,1,55,25,1615,0,4,0,0,0,0,1,0,0,0
14996,11883,1,45,24,1654,0,8,0,0,0,1,0,0,0,0
15119,5732,1,32,16,2304,0,5,0,1,0,0,0,0,0,0
15128,9142,1,20,18,1791,0,3,0,0,0,0,0,0,0,1
15245,7344,1,28,24,2052,0,4,0,0,0,0,1,0,0,0
15388,2454,1,55,17,1991,0,1,1,0,0,0,0,0,0,0
15390,4508,1,25,28,2832,0,6,0,0,0,0,0,0,1,0
15393,7840,1,40,27,1877,0,2,0,0,1,0,0,0,0,0
15426,6284,1,23,25,1403,0,5,0,1,0,0,0,0,0,0
15436,4096,1,60,29,1562,0,6,0,0,0,0,0,0,1,0
15439,6548,1,24,23,2265,0,4,0,0,0,0,1,0,0,0
15461,6581,1,30,27,1665,0,5,0,1,0,0,0,0,0,0
15484,6702,1,35,28,2044,0,6,0,0,0,0,0,0,1,0
15506,5016,1,35,23,2032,0,8,0,0,0,1,0,0,0,0
15517,4603,1,53,25,1679,0,4,0,0,0,0,1,0,0,0
15543,5658,1,20,24,1755,0,7,0,0,0,0,0,1,0,0
15547,73,1,18,22,1443,0,7,0,0,0,0,0,1,0,0
15558,4689,1,40,22,1996,0,7,0,0,0,0,0,1,0,0
15561,5054,1,25,23,1590,0,2,0,0,1,0,0,0,0,0
15570,5403,1,23,13,2343,0,1,1,0,0,0,0,0,0,0
15590,696,1,27,16,2157,0,1,1,0,0,0,0,0,0,0
15595,9684,1,20,20,1977,0,2,0,0,1,0,0,0,0,0
15596,329,1,18,21,1955,0,2,0,0,1,0,0,0,0,0
15709,2642,1,42,5,1778,0,2,0,0,1,0,0,0,0,0
15713,5719,1,38,25,1977,0,4,0,0,0,0,1,0,0,0
15714,3624,1,39,15,1965,0,6,0,0,0,0,0,0,1,0
15810,2889,1,30,20,3438,0,8,0,0,0,1,0,0,0,0
15861,3074,1,40,20,2827,0,1,1,0,0,0,0,0,0,0
15897,6108,1,24,1,1797,1,5,0,1,0,0,0,0,0,0
16002,8399,1,30,22,2096,0,7,0,0,0,0,0,1,0,0
16141,10535,1,60,19,2870,0,8,0,0,0,1,0,0,0,0
16172,10243,1,43,12,2151,0,6,0,0,0,0,0,0,1,0
16188,5891,1,60,16,1797,0,6,0,0,0,0,0,0,1,0
16203,10098,1,45,16,1842,0,1,1,0,0,0,0,0,0,0
16233,4977,1,23,19,1568,0,4,0,0,0,0,1,0,0,0
16273,932,1,38,18,1226,0,3,0,0,0,0,0,0,0,1
16402,37,1,31,18,1843,0,3,0,0,0,0,0,0,0,1
16422,9014,1,32,13,3469,0,1,1,0,0,0,0,0,0,0
16440,8458,1,55,29,1665,0,2,0,0,1,0,0,0,0,0
16446,267,1,26,17,3127,0,1,1,0,0,0,0,0,0,0
16501,5235,1,65,29,1800,0,8,0,0,0,1,0,0,0,0
16573,5743,1,30,23,1933,0,6,0,0,0,0,0,0,1,0
16588,5367,1,20,27,2143,0,2,0,0,1,0,0,0,0,0
16600,5319,1,30,17,1889,0,4,0,0,0,0,1,0,0,0
16618,9958,1,25,22,2445,0,2,0,0,1,0,0,0,0,0
16683,1715,1,24,22,2162,0,2,0,0,1,0,0,0,0,0
16757,1697,1,55,9,1700,0,2,0,0,1,0,0,0,0,0
16776,3281,1,30,12,1916,0,6,0,0,0,0,0,0,1,0
16866,7976,1,30,19,2368,0,5,0,1,0,0,0,0,0,0
16889,11879,1,21,13,1516,0,3,0,0,0,0,0,0,0,1
16901,7463,1,58,13,2023,0,1,1,0,0,0,0,0,0,0
16925,2140,1,40,19,5508,0,8,0,0,0,1,0,0,0,0
16956,7525,1,67,22,3055,0,8,0,0,0,1,0,0,0,0
16979,11651,1,24,23,1753,0,8,0,0,0,1,0,0,0,0
16987,5463,1,23,26,1800,0,8,0,0,0,1,0,0,0,0
17018,3318,1,28,23,1937,0,4,0,0,0,0,1,0,0,0
17019,3347,1,31,14,1741,0,4,0,0,0,0,1,0,0,0
17102,3319,1,30,23,748,0,2,0,0,1,0,0,0,0,0
17194,9562,1,42,3,1634,0,2,0,0,1,0,0,0,0,0
17195,1408,1,30,27,2058,0,5,0,1,0,0,0,0,0,0
17201,8575,1,31,31,2417,0,3,0,0,0,0,0,0,0,1
17202,6481,1,55,15,2016,0,6,0,0,0,0,0,0,1,0
17353,7176,1,45,22,2590,0,4,0,0,0,0,1,0,0,0
17408,3836,1,70,20,1505,0,1,1,0,0,0,0,0,0,0
17484,9194,1,50,15,2286,0,6,0,0,0,0,0,0,1,0
17485,3378,1,21,23,1386,0,4,0,0,0,0,1,0,0,0
17539,771,1,58,16,2212,0,1,1,0,0,0,0,0,0,0
17662,9522,1,37,20,1580,0,2,0,0,1,0,0,0,0,0
17723,4198,1,25,15,2349,0,4,0,0,0,0,1,0,0,0
17770,2610,1,41,20,2540,0,8,0,0,0,1,0,0,0,0
17854,8535,1,35,22,2141,0,2,0,0,1,0,0,0,0,0
17872,1025,1,28,19,2519,0,4,0,0,0,0,1,0,0,0
17920,11488,1,55,15,2385,0,6,0,0,0,0,0,0,1,0
17929,10926,1,52,13,1644,0,3,0,0,0,0,0,0,0,1
17943,5194,1,35,24,2120,0,4,0,0,0,0,1,0,0,0
17957,1455,1,28,13,2114,0,1,1,0,0,0,0,0,0,0
17979,2673,1,22,15,2260,0,6,0,0,0,0,0,0,1,0
18024,185,1,22,25,2292,0,8,0,0,0,1,0,0,0,0
18090,385,1,32,21,2563,0,6,0,0,0,0,0,0,1,0
18099,11045,1,42,21,1793,0,1,1,0,0,0,0,0,0,0
18111,1720,1,35,20,2259,0,5,0,1,0,0,0,0,0,0
18224,3940,1,63,22,1912,0,2,0,0,1,0,0,0,0,0
18239,11320,1,47,21,2104,0,1,1,0,0,0,0,0,0,0
18246,1237,1,30,12,2351,0,6,0,0,0,0,0,0,1,0
18296,2334,1,18,22,1582,0,4,0,0,0,0,1,0,0,0
18314,7286,1,21,19,1758,0,4,0,0,0,0,1,0,0,0
18322,11543,1,47,20,1747,0,1,1,0,0,0,0,0,0,0
18344,6877,1,35,21,2097,0,2,0,0,1,0,0,0,0,0
18459,6421,1,29,21,1737,0,2,0,0,1,0,0,0,0,0
18473,11686,1,22,23,1580,0,8,0,0,0,1,0,0,0,0
18507,3008,1,30,22,1828,0,2,0,0,1,0,0,0,0,0
18553,9282,1,36,21,1910,0,3,0,0,0,0,0,0,0,1
18598,108,1,25,8,2696,0,7,0,0,0,0,0,1,0,0
18618,4932,1,38,27,1687,0,2,0,0,1,0,0,0,0,0
18639,11270,1,25,13,1347,0,3,0,0,0,0,0,0,0,1
18643,10947,1,32,29,1666,0,5,0,1,0,0,0,0,0,0
18648,11522,1,28,4,1815,0,5,0,1,0,0,0,0,0,0
18670,6669,1,35,20,1820,0,2,0,0,1,0,0,0,0,0
18671,5527,1,28,3,1758,0,2,0,0,1,0,0,0,0,0
18695,5828,1,30,16,1512,0,5,0,1,0,0,0,0,0,0
18730,672,1,55,20,2205,0,2,0,0,1,0,0,0,0,0
18753,28,1,22,16,1915,0,1,1,0,0,0,0,0,0,0
18767,8246,1,36,23,1984,0,4,0,0,0,0,1,0,0,0
18787,1836,1,32,20,2164,0,1,1,0,0,0,0,0,0,0
18868,4689,1,60,22,1996,0,7,0,0,0,0,0,1,0,0
18903,3815,1,63,10,1505,0,7,0,0,0,0,0,1,0,0
18904,7914,1,18,11,1433,0,3,0,0,0,0,0,0,0,1
18976,9890,1,45,19,1540,0,4,0,0,0,0,1,0,0,0
18992,6098,1,35,21,2718,0,2,0,0,1,0,0,0,0,0
19041,2902,1,38,25,2159,0,2,0,0,1,0,0,0,0,0
19161,10904,1,60,20,1605,0,1,1,0,0,0,0,0,0,0
19239,4026,1,32,13,1813,0,1,1,0,0,0,0,0,0,0
19338,9702,1,25,21,1954,0,1,1,0,0,0,0,0,0,0
19361,10616,1,22,10,1836,0,7,0,0,0,0,0,1,0,0
19372,5497,1,55,19,1754,0,4,0,0,0,0,1,0,0,0
19389,2251,1,47,17,1564,0,1,1,0,0,0,0,0,0,0
19433,2284,1,20,12,2520,0,6,0,0,0,0,0,0,1,0
19567,10936,1,35,9,1266,0,2,0,0,1,0,0,0,0,0
19721,8458,1,20,29,1381,0,2,0,0,1,0,0,0,0,0
19740,5731,1,45,22,1844,0,5,0,1,0,0,0,0,0,0
19753,505,1,32,22,1524,0,8,0,0,0,1,0,0,0,0
19772,11660,1,20,17,1175,0,3,0,0,0,0,0,0,0,1
19779,6582,1,40,22,1746,0,2,0,0,1,0,0,0,0,0
19810,3940,1,35,22,2127,0,2,0,0,1,0,0,0,0,0
19832,5113,1,33,15,1806,0,3,0,0,0,0,0,0,0,1
19906,10758,1,55,29,2336,0,8,0,0,0,1,0,0,0,0
19966,5680,1,23,15,2067,0,4,0,0,0,0,1,0,0,0
20022,479,1,18,11,1519,0,3,0,0,0,0,0,0,0,1
20028,8561,1,46,23,1888,0,8,0,0,0,1,0,0,0,0
20084,3482,1,38,17,1930,0,3,0,0,0,0,0,0,0,1
20126,11567,1,36,19,1175,0,4,0,0,0,0,1,0,0,0
20181,11151,1,45,23,2212,0,2,0,0,1,0,0,0,0,0
20196,2050,1,40,22,2213,0,2,0,0,1,0,0,0,0,0
20237,9072,1,50,24,2198,0,7,0,0,0,0,0,1,0,0
20337,5477,1,53,14,2001,0,4,0,0,0,0,1,0,0,0
20370,6006,1,56,22,1624,0,4,0,0,0,0,1,0,0,0
20376,10048,1,23,16,1784,0,5,0,1,0,0,0,0,0,0
20382,1342,1,20,16,1981,0,5,0,1,0,0,0,0,0,0
20434,4427,1,40,19,3589,0,8,0,0,0,1,0,0,0,0
20441,429,1,42,15,1706,0,4,0,0,0,0,1,0,0,0
20487,9684,1,25,20,1880,0,2,0,0,1,0,0,0,0,0
20528,7074,1,40,19,1006,0,8,0,0,0,1,0,0,0,0
20546,11732,1,52,15,1996,0,6,0,0,0,0,0,0,1,0
20589,11627,1,74,20,1782,0,2,0,0,1,0,0,0,0,0
20611,5878,1,30,23,2054,0,2,0,0,1,0,0,0,0,0
20622,5411,1,32,11,3309,0,7,0,0,0,0,0,1,0,0
20735,1446,1,41,19,2429,0,7,0,0,0,0,0,1,0,0
20736,9846,1,55,3,1575,0,2,0,0,1,0,0,0,0,0
20752,7667,1,55,20,2048,0,2,0,0,1,0,0,0,0,0
20778,3575,1,18,29,2180,0,8,0,0,0,1,0,0,0,0
20783,9509,1,27,3,1607,0,5,0,1,0,0,0,0,0,0
20789,7046,1,48,25,2254,0,5,0,1,0,0,0,0,0,0
20814,9747,1,24,21,1607,0,3,0,0,0,0,0,0,0,1
20859,5771,1,22,21,1607,0,4,0,0,0,0,1,0,0,0
20906,4072,1,49,19,1690,0,4,0,0,0,0,1,0,0,0
21028,10900,1,20,20,712,0,2,0,0,1,0,0,0,0,0
21037,1341,1,48,25,1407,0,2,0,0,1,0,0,0,0,0
21101,4467,1,42,29,1530,0,2,0,0,1,0,0,0,0,0
21116,4417,1,40,26,2279,0,8,0,0,0,1,0,0,0,0
21156,469,1,40,21,1750,0,8,0,0,0,1,0,0,0,0
21157,954,1,40,21,1763,0,8,0,0,0,1,0,0,0,0
21229,8386,1,27,14,1828,0,1,1,0,0,0,0,0,0,0
21273,3694,1,56,19,1617,0,5,0,1,0,0,0,0,0,0
21305,11828,1,21,22,2069,0,8,0,0,0,1,0,0,0,0
21313,8304,1,20,20,2176,0,5,0,1,0,0,0,0,0,0
21365,7780,1,36,23,1867,0,5,0,1,0,0,0,0,0,0
21385,4041,1,38,19,2105,0,7,0,0,0,0,0,1,0,0
21413,2625,1,25,9,1908,0,2,0,0,1,0,0,0,0,0
21440,1079,1,25,16,2112,0,5,0,1,0,0,0,0,0,0
21449,664,1,30,23,2038,0,2,0,0,1,0,0,0,0,0
21513,9081,1,37,18,2243,0,6,0,0,0,0,0,0,1,0
21539,7420,1,53,14,2554,0,1,1,0,0,0,0,0,0,0
21544,11415,1,30,21,1916,0,2,0,0,1,0,0,0,0,0
21608,8436,1,25,16,2122,0,6,0,0,0,0,0,0,1,0
21620,4547,1,36,16,1870,0,6,0,0,0,0,0,0,1,0
21662,641,1,70,11,1457,0,3,0,0,0,0,0,0,0,1
21692,5319,1,55,17,1889,0,4,0,0,0,0,1,0,0,0
21705,4872,1,40,18,2069,0,3,0,0,0,0,0,0,0,1
21778,7217,1,30,8,2143,0,5,0,1,0,0,0,0,0,0
21839,3097,1,44,24,3737,0,8,0,0,0,1,0,0,0,0
21842,5878,1,51,23,2151,0,2,0,0,1,0,0,0,0,0
21854,11686,1,72,23,1580,0,8,0,0,0,1,0,0,0,0
21962,4072,1,27,19,1876,0,4,0,0,0,0,1,0,0,0
22080,11425,1,22,5,1774,0,2,0,0,1,0,0,0,0,0
22147,4285,1,55,19,1708,0,8,0,0,0,1,0,0,0,0
22197,11575,1,55,22,1975,0,4,0,0,0,0,1,0,0,0
22199,3407,1,34,20,1910,0,1,1,0,0,0,0,0,0,0
22234,8910,1,65,23,1910,0,4,0,0,0,0,1,0,0,0
22278,9194,1,18,15,2286,0,6,0,0,0,0,0,0,1,0
22292,3033,1,42,26,1608,0,8,0,0,0,1,0,0,0,0
22308,9590,1,50,23,1825,0,8,0,0,0,1,0,0,0,0
22398,6134,1,32,23,2152,0,2,0,0,1,0,0,0,0,0
22439,323,1,37,15,1618,0,3,0,0,0,0,0,0,0,1
22458,1080,1,40,11,1451,0,3,0,0,0,0,0,0,0,1
22467,10831,1,30,31,2344,0,3,0,0,0,0,0,0,0,1
22479,4259,1,21,13,2112,0,1,1,0,0,0,0,0,0,0
22494,1256,1,30,22,2126,0,5,0,1,0,0,0,0,0,0
22518,7924,1,50,25,2030,0,5,0,1,0,0,0,0,0,0
22593,3122,1,47,10,1893,0,7,0,0,0,0,0,1,0,0
22670,4272,1,30,29,1791,0,2,0,0,1,0,0,0,0,0
22775,35,1,21,22,1875,0,2,0,0,1,0,0,0,0,0
22863,6081,1,23,25,2082,0,4,0,0,0,0,1,0,0,0
22897,4436,1,44,13,3349,0,1,1,0,0,0,0,0,0,0
22906,2529,1,20,24,1975,0,8,0,0,0,1,0,0,0,0
23066,3587,1,68,23,2112,0,1,1,0,0,0,0,0,0,0
23123,11815,1,22,16,2307,0,1,1,0,0,0,0,0,0,0
23135,5121,1,58,15,2320,0,6,0,0,0,0,0,0,1,0
23166,1119,1,35,22,2751,0,8,0,0,0,1,0,0,0,0
23244,3177,1,18,16,2382,0,1,1,0,0,0,0,0,0,0
23255,17,1,38,25,1383,0,2,0,0,1,0,0,0,0,0
23279,4483,1,24,20,2215,0,4,0,0,0,0,1,0,0,0
23286,9179,1,48,19,1666,0,3,0,0,0,0,0,0,0,1
23319,6470,1,35,3,1650,0,5,0,1,0,0,0,0,0,0
23365,2791,1,25,12,2452,0,6,0,0,0,0,0,0,1,0
23366,4845,1,25,13,4518,0,1,1,0,0,0,0,0,0,0
23401,11897,1,39,11,1822,0,7,0,0,0,0,0,1,0,0
23404,5310,1,48,9,2118,0,7,0,0,0,0,0,1,0,0
23492,6464,1,40,9,2134,0,2,0,0,1,0,0,0,0,0
23515,435,1,25,21,1836,0,8,0,0,0,1,0,0,0,0
23551,7080,1,35,11,2455,0,7,0,0,0,0,0,1,0,0
23562,9949,1,33,13,1956,0,4,0,0,0,0,1,0,0,0
23572,1933,1,65,21,2026,0,1,1,0,0,0,0,0,0,0
23690,10705,1,30,9,3423,0,7,0,0,0,0,0,1,0,0
23754,6603,1,28,20,1933,0,1,1,0,0,0,0,0,0,0
23778,2012,1,35,22,1324,0,2,0,0,1,0,0,0,0,0
23831,10050,1,27,9,1902,0,2,0,0,1,0,0,0,0,0
23862,6409,1,85,17,1011,0,3,0,0,0,0,0,0,0,1
23884,3940,1,25,22,2165,0,2,0,0,1,0,0,0,0,0
23905,11644,1,23,19,1907,0,4,0,0,0,0,1,0,0,0
24054,7001,1,36,29,1933,0,3,0,0,0,0,0,0,0,1
24066,1226,1,25,21,2644,0,6,0,0,0,0,0,0,1,0
24068,6302,1,30,18,2018,0,6,0,0,0,0,0,0,1,0
24093,9645,1,48,19,2414,0,8,0,0,0,1,0,0,0,0
24391,5679,1,45,21,2923,0,8,0,0,0,1,0,0,0,0
24412,3122,1,73,10,705,0,7,0,0,0,0,0,1,0,0
24507,1047,1,26,22,1957,0,7,0,0,0,0,0,1,0,0
24515,5127,1,30,14,2662,0,1,1,0,0,0,0,0,0,0
24534,7110,1,67,1,2298,1,5,0,1,0,0,0,0,0,0
24557,10050,1,60,9,1950,0,2,0,0,1,0,0,0,0,0
24566,2573,1,75,13,2089,0,1,1,0,0,0,0,0,0,0
24633,11769,1,20,31,1884,0,3,0,0,0,0,0,0,0,1
24672,2673,1,20,15,2763,0,6,0,0,0,0,0,0,1,0
24744,11565,1,45,22,2613,0,4,0,0,0,0,1,0,0,0
24825,3815,1,31,10,1621,0,7,0,0,0,0,0,1,0,0
24901,1905,1,22,15,1909,0,4,0,0,0,0,1,0,0,0
25083,3607,1,22,27,697,0,2,0,0,1,0,0,0,0,0
25142,4098,1,19,19,2527,0,4,0,0,0,0,1,0,0,0
25163,4847,1,20,27,1638,0,5,0,1,0,0,0,0,0,0
25287,4005,1,75,14,1784,0,4,0,0,0,0,1,0,0,0
25315,1741,1,32,23,1942,0,4,0,0,0,0,1,0,0,0
25387,11179,1,52,26,1707,0,8,0,0,0,1,0,0,0,0
25422,9917,1,58,27,2364,0,8,0,0,0,1,0,0,0,0
25444,6517,1,45,18,1491,0,3,0,0,0,0,0,0,0,1
25479,4656,1,35,8,1886,0,7,0,0,0,0,0,1,0,0
25481,7612,1,45,14,2012,0,1,1,0,0,0,0,0,0,0
25552,11144,1,45,13,1214,0,3,0,0,0,0,0,0,0,1
25571,3440,1,22,16,2633,0,6,0,0,0,0,0,0,1,0
25574,6969,1,47,17,1812,0,1,1,0,0,0,0,0,0,0
25697,4894,1,59,10,2015,0,7,0,0,0,0,0,1,0,0
25704,9230,1,36,8,1631,0,2,0,0,1,0,0,0,0,0
25747,979,1,37,28,1534,0,6,0,0,0,0,0,0,1,0
25798,10191,1,42,17,1807,0,1,1,0,0,0,0,0,0,0
25819,5643,1,18,21,1631,0,3,0,0,0,0,0,0,0,1
25850,9139,1,25,22,1204,0,2,0,0,1,0,0,0,0,0
25854,6998,1,60,14,1802,0,4,0,0,0,0,1,0,0,0
25869,2098,1,25,14,1962,0,1,1,0,0,0,0,0,0,0
25972,2334,1,45,22,1582,0,4,0,0,0,0,1,0,0,0
25975,4214,1,60,24,1799,0,4,0,0,0,0,1,0,0,0
25995,11213,1,18,21,2212,0,6,0,0,0,0,0,0,1,0
26020,1408,1,20,27,2117,0,5,0,1,0,0,0,0,0,0
26079,9552,1,32,28,1947,0,8,0,0,0,1,0,0,0,0
26110,1226,1,21,21,2644,0,6,0,0,0,0,0,0,1,0
26143,6798,1,56,19,2103,0,8,0,0,0,1,0,0,0,0
26146,8932,1,18,22,1786,0,4,0,0,0,0,1,0,0,0
26159,7812,1,45,23,1890,0,2,0,0,1,0,0,0,0,0
26214,8198,1,40,19,2495,0,8,0,0,0,1,0,0,0,0
26237,2044,1,41,12,2656,0,6,0,0,0,0,0,0,1,0
26242,9862,1,47,8,1743,0,5,0,1,0,0,0,0,0,0
26288,2667,1,19,16,1612,0,5,0,1,0,0,0,0,0,0
26329,9907,1,65,17,831,0,4,0,0,0,0,1,0,0,0
26397,7222,1,30,21,1614,0,3,0,0,0,0,0,0,0,1
26582,1052,1,45,14,3160,0,1,1,0,0,0,0,0,0,0
26588,10872,1,40,16,459,0,6,0,0,0,0,0,0,1,0
26623,1173,1,58,13,1972,0,1,1,0,0,0,0,0,0,0
26640,9142,1,22,18,1595,0,3,0,0,0,0,0,0,0,1
26663,6659,1,36,16,2457,0,5,0,1,0,0,0,0,0,0
26702,4,1,50,9,1642,0,2,0,0,1,0,0,0,0,0
26930,10775,1,30,21,2498,0,2,0,0,1,0,0,0,0,0
26932,10633,1,31,8,2043,0,2,0,0,1,0,0,0,0,0
26944,8498,1,30,21,2004,0,6,0,0,0,0,0,0,1,0
26946,5452,1,52,17,3029,0,7,0,0,0,0,0,1,0,0
26965,3495,1,58,26,1841,0,6,0,0,0,0,0,0,1,0
26982,3640,1,60,4,2042,0,5,0,1,0,0,0,0,0,0
27036,2584,1,55,20,3567,0,8,0,0,0,1,0,0,0,0
27096,8240,1,60,18,1686,0,6,0,0,0,0,0,0,1,0
27137,5793,1,46,20,1348,0,5,0,1,0,0,0,0,0,0
27175,4756,1,30,29,1616,0,8,0,0,0,1,0,0,0,0
27187,7618,1,22,22,2851,0,8,0,0,0,1,0,0,0,0
27212,10713,1,28,19,2489,0,5,0,1,0,0,0,0,0,0
27255,5408,1,56,20,2379,0,2,0,0,1,0,0,0,0,0
27375,8727,1,32,8,2544,0,7,0,0,0,0,0,1,0,0
27398,10926,1,22,13,1905,0,3,0,0,0,0,0,0,0,1
27441,6360,1,30,20,1591,0,1,1,0,0,0,0,0,0,0
27461,3365,1,45,20,1842,0,4,0,0,0,0,1,0,0,0
27517,966,1,28,24,2366,0,8,0,0,0,1,0,0,0,0
27535,7000,1,31,22,2676,0,8,0,0,0,1,0,0,0,0
27587,913,1,47,24,1776,0,8,0,0,0,1,0,0,0,0
27602,3314,1,60,25,2091,0,1,1,0,0,0,0,0,0,0
27702,2965,1,65,22,2710,0,8,0,0,0,1,0,0,0,0
27723,2837,1,60,12,1214,0,3,0,0,0,0,0,0,0,1
27748,5105,1,31,17,1797,0,3,0,0,0,0,0,0,0,1
27786,6089,1,26,4,1139,0,5,0,1,0,0,0,0,0,0
27814,8055,1,70,21,2309,0,4,0,0,0,0,1,0,0,0
27837,9979,1,32,17,2869,0,1,1,0,0,0,0,0,0,0
27893,11320,1,25,21,1945,0,1,1,0,0,0,0,0,0,0
27960,258,1,35,20,1727,0,2,0,0,1,0,0,0,0,0
28089,674,1,50,19,1468,0,1,1,0,0,0,0,0,0,0
28112,1524,1,33,21,2015,0,3,0,0,0,0,0,0,0,1
28174,8061,1,27,10,1815,0,7,0,0,0,0,0,1,0,0
28188,429,1,18,15,1526,0,4,0,0,0,0,1,0,0,0
28284,44,1,44,16,1843,0,6,0,0,0,0,0,0,1,0
28291,10143,1,25,22,1875,0,2,0,0,1,0,0,0,0,0
28303,10249,1,40,19,2084,0,4,0,0,0,0,1,0,0,0
28319,1040,1,58,24,1542,0,2,0,0,1,0,0,0,0,0
28321,2367,1,18,22,1592,0,5,0,1,0,0,0,0,0,0
28328,857,1,27,16,1916,0,5,0,1,0,0,0,0,0,0
28462,3541,1,19,8,1816,0,2,0,0,1,0,0,0,0,0
28503,3685,1,24,8,2217,0,2,0,0,1,0,0,0,0,0
28535,7432,1,25,16,1904,0,5,0,1,0,0,0,0,0,0
28536,1077,1,42,19,1679,0,5,0,1,0,0,0,0,0,0
28554,10098,1,18,16,1842,0,1,1,0,0,0,0,0,0,0
28641,9178,1,55,27,1710,0,5,0,1,0,0,0,0,0,0
28713,5545,1,44,8,2148,0,7,0,0,0,0,0,1,0,0
28738,11270,1,50,13,1578,0,3,0,0,0,0,0,0,0,1
28769,9108,1,36,25,1812,0,4,0,0,0,0,1,0,0,0
28794,1263,1,40,13,1277,0,3,0,0,0,0,0,0,0,1
28826,11449,1,46,20,1055,0,2,0,0,1,0,0,0,0,0
28868,7759,1,35,25,1822,0,8,0,0,0,1,0,0,0,0
28897,769,1,30,27,1432,0,5,0,1,0,0,0,0,0,0
28917,2029,1,49,17,2192,0,1,1,0,0,0,0,0,0,0
28926,7432,1,20,16,1393,0,5,0,1,0,0,0,0,0,0
28959,2195,1,35,11,1757,0,5,0,1,0,0,0,0,0,0
29175,8849,1,22,22,2641,0,8,0,0,0,1,0,0,0,0
29180,11368,1,32,28,2125,0,8,0,0,0,1,0,0,0,0
29196,4096,1,23,29,1670,0,6,0,0,0,0,0,0,1,0
29236,2557,1,40,20,1630,0,1,1,0,0,0,0,0,0,0
29238,6437,1,32,31,2187,0,3,0,0,0,0,0,0,0,1
29325,2859,1,70,21,2109,0,1,1,0,0,0,0,0,0,0
29332,2070,1,25,6,1977,0,2,0,0,1,0,0,0,0,0
29393,1421,1,36,19,2284,0,4,0,0,0,0,1,0,0,0
29412,8084,1,45,25,1966,0,8,0,0,0,1,0,0,0,0
29447,11191,1,36,20,2990,0,8,0,0,0,1,0,0,0,0
29500,3192,1,35,25,2180,0,1,1,0,0,0,0,0,0,0
29501,9585,1,50,16,1859,0,6,0,0,0,0,0,0,1,0
29523,11795,1,55,21,2422,0,3,0,0,0,0,0,0,0,1
29578,2742,1,34,17,1842,0,4,0,0,0,0,1,0,0,0
29624,1780,1,39,17,2538,0,7,0,0,0,0,0,1,0,0
29744,11712,1,28,18,1955,0,1,1,0,0,0,0,0,0,0
29792,10919,1,55,23,2246,0,2,0,0,1,0,0,0,0,0
29828,809,1,44,29,2141,0,2,0,0,1,0,0,0,0,0
29963,5233,1,19,21,1763,0,8,0,0,0,1,0,0,0,0
29999,5203,1,30,21,1511,0,4,0,0,0,0,1,0,0,0
30019,8720,1,45,17,1896,0,1,1,0,0,0,0,0,0,0
30063,835,1,36,30,2313,0,5,0,1,0,0,0,0,0,0
30099,2477,1,60,8,2109,0,2,0,0,1,0,0,0,0,0
30133,11018,1,52,21,2684,0,8,0,0,0,1,0,0,0,0
30144,7971,1,29,20,1654,0,1,1,0,0,0,0,0,0,0
30225,3586,1,58,17,1720,0,3,0,0,0,0,0,0,0,1
30244,6339,1,45,22,2700,0,8,0,0,0,1,0,0,0,0
30305,11257,1,35,13,1701,0,1,1,0,0,0,0,0,0,0
30318,8061,1,60,10,1769,0,7,0,0,0,0,0,1,0,0
30319,9958,1,48,22,2445,0,2,0,0,1,0,0,0,0,0
30370,4203,1,28,13,2425,0,1,1,0,0,0,0,0,0,0
30415,1520,1,36,25,1762,0,5,0,1,0,0,0,0,0,0
30436,3826,1,32,16,1981,0,5,0,1,0,0,0,0,0,0
30485,11737,1,58,16,1836,0,6,0,0,0,0,0,0,1,0
30513,1780,1,75,17,2558,0,7,0,0,0,0,0,1,0,0
30516,1935,1,50,19,2095,0,4,0,0,0,0,1,0,0,0
30536,4633,1,40,25,1483,0,4,0,0,0,0,1,0,0,0
30614,9889,1,19,11,1687,0,5,0,1,0,0,0,0,0,0
30654,9176,1,19,20,1661,0,5,0,1,0,0,0,0,0,0
30678,4686,1,18,8,1916,0,5,0,1,0,0,0,0,0,0
30694,2247,1,18,23,1415,0,8,0,0,0,1,0,0,0,0
30824,10261,1,50,13,3603,0,1,1,0,0,0,0,0,0,0
30895,8317,1,55,25,1898,0,8,0,0,0,1,0,0,0,0
30909,5999,1,27,23,1643,0,8,0,0,0,1,0,0,0,0
30926,6987,1,36,18,1957,0,6,0,0,0,0,0,0,1,0
30946,10611,1,27,24,1519,0,8,0,0,0,1,0,0,0,0
30947,9129,1,30,16,1805,0,5,0,1,0,0,0,0,0,0
30970,429,1,21,15,1529,0,4,0,0,0,0,1,0,0,0
30976,4891,1,35,14,2653,0,1,1,0,0,0,0,0,0,0
31021,5110,1,27,22,1617,0,2,0,0,1,0,0,0,0,0
31034,6532,1,43,17,1915,0,4,0,0,0,0,1,0,0,0
31082,6469,1,38,25,1737,0,2,0,0,1,0,0,0,0,0
31104,9063,1,26,21,1442,0,2,0,0,1,0,0,0,0,0
31158,595,1,35,13,2006,0,1,1,0,0,0,0,0,0,0
31160,3053,1,70,21,1174,0,4,0,0,0,0,1,0,0,0
31198,4750,1,62,19,2094,0,5,0,1,0,0,0,0,0,0
31232,5583,1,20,15,2127,0,6,0,0,0,0,0,0,1,0
31287,641,1,22,11,1671,0,3,0,0,0,0,0,0,0,1
31291,11788,1,44,20,1692,0,4,0,0,0,0,1,0,0,0
31302,2625,1,45,9,1842,0,2,0,0,1,0,0,0,0,0
31337,11793,1,27,8,1710,0,2,0,0,1,0,0,0,0,0
31363,10890,1,40,16,2334,0,1,1,0,0,0,0,0,0,0
31365,2638,1,28,10,1918,0,7,0,0,0,0,0,1,0,0
31383,4109,1,64,28,1582,0,3,0,0,0,0,0,0,0,1
31394,9263,1,28,17,2179,0,4,0,0,0,0,1,0,0,0
31416,221,1,45,29,1276,0,2,0,0,1,0,0,0,0,0
31436,1263,1,38,13,2110,0,3,0,0,0,0,0,0,0,1
31495,4535,1,35,20,1992,0,4,0,0,0,0,1,0,0,0
31534,7144,1,40,16,1646,0,5,0,1,0,0,0,0,0,0
31566,7871,1,42,11,1971,0,7,0,0,0,0,0,1,0,0
31569,6962,1,33,31,1891,0,3,0,0,0,0,0,0,0,1
31647,10490,1,41,18,1925,0,4,0,0,0,0,1,0,0,0
31781,6976,1,35,22,1072,0,8,0,0,0,1,0,0,0,0
31833,4977,1,50,19,1605,0,4,0,0,0,0,1,0,0,0
31878,9644,1,50,21,2147,0,6,0,0,0,0,0,0,1,0
31888,6134,1,58,23,2152,0,2,0,0,1,0,0,0,0,0
31927,7158,1,35,18,2077,0,3,0,0,0,0,0,0,0,1
31952,5704,1,19,17,1967,0,1,1,0,0,0,0,0,0,0
31962,4847,1,44,27,1715,0,5,0,1,0,0,0,0,0,0
31976,3552,1,25,16,2079,0,6,0,0,0,0,0,0,1,0
31983,5312,1,60,24,2429,0,8,0,0,0,1,0,0,0,0
32016,3568,1,50,21,2307,0,1,1,0,0,0,0,0,0,0
32031,8025,1,27,27,1267,0,2,0,0,1,0,0,0,0,0
32111,11435,1,30,20,1433,0,2,0,0,1,0,0,0,0,0
32122,9644,1,19,21,2147,0,6,0,0,0,0,0,0,1,0
32269,10143,1,60,22,1960,0,2,0,0,1,0,0,0,0,0
32286,2351,1,28,17,2945,0,1,1,0,0,0,0,0,0,0
32383,8950,1,28,17,2061,0,4,0,0,0,0,1,0,0,0
32437,7822,1,22,9,2206,0,7,0,0,0,0,0,1,0,0
32441,1284,1,28,16,2079,0,1,1,0,0,0,0,0,0,0
32458,255,1,43,25,1723,0,5,0,1,0,0,0,0,0,0
32463,10613,1,65,22,1311,0,8,0,0,0,1,0,0,0,0
32585,10821,1,30,17,2358,0,7,0,0,0,0,0,1,0,0
32593,10765,1,23,22,2058,0,4,0,0,0,0,1,0,0,0
32680,1660,1,25,13,3138,0,1,1,0,0,0,0,0,0,0
32757,10356,1,40,25,1909,0,4,0,0,0,0,1,0,0,0
32777,11039,1,48,23,2335,0,6,0,0,0,0,0,0,1,0
32829,1369,1,26,17,2523,0,4,0,0,0,0,1,0,0,0
32831,1855,1,19,20,2000,0,4,0,0,0,0,1,0,0,0
32946,4582,1,55,1,1801,1,5,0,1,0,0,0,0,0,0
32964,1038,1,51,27,2106,0,2,0,0,1,0,0,0,0,0
32974,2382,1,23,14,2524,0,4,0,0,0,0,1,0,0,0
33027,1150,1,50,15,1388,0,3,0,0,0,0,0,0,0,1
33032,5065,1,42,15,2074,0,3,0,0,0,0,0,0,0,1
33142,8413,1,19,21,1658,0,4,0,0,0,0,1,0,0,0
33237,4894,1,53,10,1747,0,7,0,0,0,0,0,1,0,0
33409,3053,1,50,21,1375,0,4,0,0,0,0,1,0,0,0
33537,4818,1,34,6,1546,0,2,0,0,1,0,0,0,0,0
33550,5704,1,55,17,1982,0,1,1,0,0,0,0,0,0,0
33578,8786,1,21,8,1811,0,7,0,0,0,0,0,1,0,0
33582,3815,1,26,10,1559,0,7,0,0,0,0,0,1,0,0
33618,6810,1,19,10,1221,0,7,0,0,0,0,0,1,0,0
33633,8617,1,35,22,2031,0,2,0,0,1,0,0,0,0,0
33640,8101,1,58,3,1777,0,2,0,0,1,0,0,0,0,0
33700,7343,1,36,15,1879,0,6,0,0,0,0,0,0,1,0
33715,7650,1,30,15,2084,0,4,0,0,0,0,1,0,0,0
33736,5148,1,28,16,2087,0,5,0,1,0,0,0,0,0,0
33745,5250,1,32,17,3262,0,1,1,0,0,0,0,0,0,0
33756,5891,1,27,16,2034,0,6,0,0,0,0,0,0,1,0
33825,10678,1,37,25,1901,0,4,0,0,0,0,1,0,0,0
33840,10946,1,34,29,1524,0,3,0,0,0,0,0,0,0,1
33889,11555,1,55,17,1579,0,1,1,0,0,0,0,0,0,0
33890,3589,1,50,19,1785,0,4,0,0,0,0,1,0,0,0
33932,2162,1,25,20,3272,0,8,0,0,0,1,0,0,0,0
33956,3090,1,27,30,1300,0,5,0,1,0,0,0,0,0,0
34004,714,1,35,23,1877,0,8,0,0,0,1,0,0,0,0
34008,1907,1,46,25,1663,0,4,0,0,0,0,1,0,0,0
34018,11677,1,31,3,2274,0,5,0,1,0,0,0,0,0,0
34022,4270,1,35,11,1835,0,5,0,1,0,0,0,0,0,0
34108,8024,1,35,1,1749,1,3,0,0,0,0,0,0,0,1
34112,11805,1,18,17,2262,0,1,1,0,0,0,0,0,0,0
34116,3387,1,36,29,1117,0,5,0,1,0,0,0,0,0,0
34133,7793,1,35,21,1824,0,1,1,0,0,0,0,0,0,0
34187,1392,1,24,6,1510,0,2,0,0,1,0,0,0,0,0
34200,2869,1,22,22,1968,0,2,0,0,1,0,0,0,0,0
34356,4216,1,22,19,3273,0,8,0,0,0,1,0,0,0,0
34392,4989,1,26,17,1735,0,4,0,0,0,0,1,0,0,0
34443,5983,1,32,20,2386,0,2,0,0,1,0,0,0,0,0
34454,6409,1,18,17,1011,0,3,0,0,0,0,0,0,0,1
34480,10923,1,32,12,2167,0,6,0,0,0,0,0,0,1,0
34500,1590,1,35,11,1825,0,7,0,0,0,0,0,1,0,0
34501,9013,1,41,22,1627,0,2,0,0,1,0,0,0,0,0
34530,6795,1,27,20,2214,0,2,0,0,1,0,0,0,0,0
34551,11315,1,46,15,1714,0,4,0,0,0,0,1,0,0,0
34563,4308,1,31,29,1884,0,5,0,1,0,0,0,0,0,0
34584,492,1,19,30,1689,0,3,0,0,0,0,0,0,0,1
34635,1118,1,40,15,2198,0,6,0,0,0,0,0,0,1,0
34696,6710,1,40,22,2501,0,2,0,0,1,0,0,0,0,0
34716,8549,1,40,17,1757,0,1,1,0,0,0,0,0,0,0
34749,2152,1,32,22,2019,0,7,0,0,0,0,0,1,0,0
34776,9051,1,25,25,1580,0,5,0,1,0,0,0,0,0,0
34836,6748,1,20,17,1503,0,1,1,0,0,0,0,0,0,0
34852,6068,1,38,15,2257,0,3,0,0,0,0,0,0,0,1
34880,7996,1,35,8,2907,0,7,0,0,0,0,0,1,0,0
34992,7168,1,45,17,3025,0,7,0,0,0,0,0,1,0,0
35014,6733,1,48,21,3162,0,8,0,0,0,1,0,0,0,0
35030,1625,1,26,26,1955,0,6,0,0,0,0,0,0,1,0
35110,2936,1,60,16,2744,0,1,1,0,0,0,0,0,0,0
35147,7396,1,24,12,2017,0,1,1,0,0,0,0,0,0,0
35161,11315,1,22,15,1714,0,4,0,0,0,0,1,0,0,0
35171,7153,1,48,11,1962,0,5,0,1,0,0,0,0,0,0
35220,384,1,35,17,1483,0,3,0,0,0,0,0,0,0,1
35334,8834,1,42,14,2238,0,1,1,0,0,0,0,0,0,0
35354,687,1,60,5,1583,0,2,0,0,1,0,0,0,0,0
35377,2355,1,22,1,1755,1,3,0,0,0,0,0,0,0,1
35390,7432,1,19,16,1920,0,5,0,1,0,0,0,0,0,0
35406,4259,1,49,13,2112,0,1,1,0,0,0,0,0,0,0
35426,562,1,29,26,2216,0,6,0,0,0,0,0,0,1,0
35498,7536,1,40,25,1432,0,4,0,0,0,0,1,0,0,0
35519,10625,1,35,30,1908,0,3,0,0,0,0,0,0,0,1
35558,11052,1,23,2,1802,0,5,0,1,0,0,0,0,0,0
35603,11169,1,48,15,1852,0,6,0,0,0,0,0,0,1,0
35616,6284,1,55,25,1429,0,5,0,1,0,0,0,0,0,0
35624,10464,1,23,22,3193,0,4,0,0,0,0,1,0,0,0
35715,7205,1,36,14,1921,0,1,1,0,0,0,0,0,0,0
35776,7667,1,33,20,2273,0,2,0,0,1,0,0,0,0,0
35836,5176,1,25,25,1743,0,5,0,1,0,0,0,0,0,0
35875,2002,1,55,29,1834,0,6,0,0,0,0,0,0,1,0
35933,4216,1,18,19,3254,0,8,0,0,0,1,0,0,0,0
36112,9720,1,38,9,2374,0,7,0,0,0,0,0,1,0,0
36133,1916,1,21,14,1427,0,4,0,0,0,0,1,0,0,0
36167,6136,1,27,10,1724,0,7,0,0,0,0,0,1,0,0
36204,11575,1,21,22,1795,0,4,0,0,0,0,1,0,0,0
36219,6843,1,26,11,2030,0,7,0,0,0,0,0,1,0,0
36259,646,1,48,14,2183,0,1,1,0,0,0,0,0,0,0
36288,5205,1,35,21,1900,0,4,0,0,0,0,1,0,0,0
36339,6317,1,62,19,1941,0,7,0,0,0,0,0,1,0,0
36372,5758,1,40,1,1824,1,5,0,1,0,0,0,0,0,0
36432,1855,1,25,20,1715,0,4,0,0,0,0,1,0,0,0
36540,3541,1,47,8,1552,0,2,0,0,1,0,0,0,0,0
36589,5159,1,76,21,1445,0,4,0,0,0,0,1,0,0,0
36656,4628,1,40,15,1384,0,3,0,0,0,0,0,0,0,1
36669,937,1,62,19,2497,0,7,0,0,0,0,0,1,0,0
36766,7187,1,25,17,1965,0,4,0,0,0,0,1,0,0,0
36817,2812,1,43,16,1925,0,6,0,0,0,0,0,0,1,0
36863,33,1,31,30,2018,0,5,0,1,0,0,0,0,0,0
36909,2314,1,45,28,3235,0,8,0,0,0,1,0,0,0,0
36970,57,1,36,28,1872,0,3,0,0,0,0,0,0,0,1
37109,4851,1,56,17,2632,0,7,0,0,0,0,0,1,0,0
37124,4927,1,50,16,2337,0,1,1,0,0,0,0,0,0,0
37293,3630,1,35,29,2007,0,6,0,0,0,0,0,0,1,0
37296,1994,1,30,17,1990,0,1,1,0,0,0,0,0,0,0
37346,8438,1,50,17,2698,0,7,0,0,0,0,0,1,0,0
37399,1453,1,65,21,2617,0,6,0,0,0,0,0,0,1,0
37403,6810,1,68,10,1798,0,7,0,0,0,0,0,1,0,0
37435,7978,1,28,27,1833,0,5,0,1,0,0,0,0,0,0
37470,11326,1,25,27,1735,0,5,0,1,0,0,0,0,0,0
37526,10875,1,30,19,2498,0,7,0,0,0,0,0,1,0,0
37530,6050,1,36,17,2294,0,3,0,0,0,0,0,0,0,1
37541,10821,1,60,17,2358,0,7,0,0,0,0,0,1,0,0
37616,10146,1,25,24,1618,0,8,0,0,0,1,0,0,0,0
37642,4289,1,31,8,1383,0,2,0,0,1,0,0,0,0,0
37676,7755,1,40,24,3074,0,8,0,0,0,1,0,0,0,0
37685,8748,1,68,18,1629,0,4,0,0,0,0,1,0,0,0
37697,4159,1,24,2,2140,0,5,0,1,0,0,0,0,0,0
37761,7696,1,30,13,1890,0,4,0,0,0,0,1,0,0,0
37789,8519,1,43,21,2911,0,8,0,0,0,1,0,0,0,0
37845,9747,1,19,21,1612,0,3,0,0,0,0,0,0,0,1
37847,9537,1,35,13,1954,0,3,0,0,0,0,0,0,0,1
37991,5907,1,19,23,1874,0,2,0,0,1,0,0,0,0,0
38109,7463,1,22,13,2621,0,1,1,0,0,0,0,0,0,0
38150,6481,1,35,15,2245,0,6,0,0,0,0,0,0,1,0
38233,6009,1,58,29,1528,0,2,0,0,1,0,0,0,0,0
38258,342,1,45,20,1815,0,2,0,0,1,0,0,0,0,0
38338,4989,1,60,17,1705,0,4,0,0,0,0,1,0,0,0
38341,2064,1,18,19,2034,0,3,0,0,0,0,0,0,0,1
38345,5874,1,28,27,1812,0,2,0,0,1,0,0,0,0,0
38391,7110,1,40,1,2298,1,5,0,1,0,0,0,0,0,0
38408,6108,1,55,1,1781,1,5,0,1,0,0,0,0,0,0
38409,7642,1,40,18,1797,0,3,0,0,0,0,0,0,0,1
38481,5659,1,30,16,1924,0,5,0,1,0,0,0,0,0,0
38645,3177,1,20,16,2382,0,1,1,0,0,0,0,0,0,0
38685,4537,1,35,5,1645,0,2,0,0,1,0,0,0,0,0
38740,11828,1,43,22,2182,0,8,0,0,0,1,0,0,0,0
38825,10697,1,47,20,1635,0,2,0,0,1,0,0,0,0,0
38835,4722,1,48,11,1990,0,5,0,1,0,0,0,0,0,0
38866,1105,1,25,2,2278,0,5,0,1,0,0,0,0,0,0
38902,5311,1,60,25,1840,0,4,0,0,0,0,1,0,0,0
38937,10259,1,42,14,3421,0,1,1,0,0,0,0,0,0,0
39014,509,1,18,13,2153,0,1,1,0,0,0,0,0,0,0
39076,3383,1,45,21,2481,0,1,1,0,0,0,0,0,0,0
39096,11179,1,18,26,1670,0,8,0,0,0,1,0,0,0,0
39111,9818,1,40,23,2738,0,2,0,0,1,0,0,0,0,0
39134,403,1,35,19,2436,0,8,0,0,0,1,0,0,0,0
39192,1688,1,37,27,3025,0,8,0,0,0,1,0,0,0,0
39294,11180,1,27,23,1150,0,1,1,0,0,0,0,0,0,0
39299,11045,1,20,21,2075,0,1,1,0,0,0,0,0,0,0
39325,3110,1,54,8,1774,0,5,0,1,0,0,0,0,0,0
39346,2491,1,25,6,1444,0,2,0,0,1,0,0,0,0,0
39452,4851,1,22,17,2632,0,7,0,0,0,0,0,1,0,0
39457,1780,1,19,17,2538,0,7,0,0,0,0,0,1,0,0
39515,905,1,50,21,1920,0,4,0,0,0,0,1,0,0,0
39535,10659,1,72,20,1669,0,4,0,0,0,0,1,0,0,0
39540,6948,1,70,13,2063,0,1,1,0,0,0,0,0,0,0
39581,6058,1,50,19,828,0,2,0,0,1,0,0,0,0,0
39592,5477,1,22,14,2001,0,4,0,0,0,0,1,0,0,0
39595,5707,1,31,27,1636,0,2,0,0,1,0,0,0,0,0
39647,4188,1,41,27,1837,0,1,1,0,0,0,0,0,0,0
39649,9033,1,34,24,2007,0,4,0,0,0,0,1,0,0,0
39664,10336,1,56,21,2908,0,8,0,0,0,1,0,0,0,0
39666,3207,1,57,13,1930,0,3,0,0,0,0,0,0,0,1
