SUBJECT,HOUSEHOLD,SEX,AGE_YEAR,CONSUMPTION_DAY,sum_ENERGY_kcal,WEEKEND,adm2_,adm2_4,adm2_11,adm2_10,adm2_2,adm2_7,adm2_14,adm2_9,adm2_15,adm2_3,adm2_13,adm2_12,adm2_5,adm2_8,adm2_6,adm2_1
32,10798,1,23,14,2505,0,4,1,0,0,0,0,0,0,0,0,0,0,0,0,0,0
88,2851,1,31,10,1851,0,11,0,1,0,0,0,0,0,0,0,0,0,0,0,0,0
99,702,1,40,17,1709,0,10,0,0,1,0,0,0,0,0,0,0,0,0,0,0,0
112,10798,1,18,14,2480,0,4,1,0,0,0,0,0,0,0,0,0,0,0,0,0,0
204,1516,1,55,23,2371,0,2,0,0,0,1,0,0,0,0,0,0,0,0,0,0,0
206,6596,1,46,22,1786,0,7,0,0,0,0,1,0,0,0,0,0,0,0,0,0,0
246,5085,1,40,18,1348,0,2,0,0,0,1,0,0,0,0,0,0,0,0,0,0,0
255,8936,1,30,30,1035,0,11,0,1,0,0,0,0,0,0,0,0,0,0,0,0,0
284,5993,1,28,17,2346,0,14,0,0,0,0,0,1,0,0,0,0,0,0,0,0,0
355,2818,1,36,26,1469,0,9,0,0,0,0,0,0,1,0,0,0,0,0,0,0,0
367,8608,1,28,4,2225,0,14,0,0,0,0,0,1,0,0,0,0,0,0,0,0,0
388,3981,1,22,30,1510,0,15,0,0,0,0,0,0,0,1,0,0,0,0,0,0,0
442,11199,1,65,24,1783,0,3,0,0,0,0,0,0,0,0,1,0,0,0,0,0,0
443,4157,1,34,20,2499,0,13,0,0,0,0,0,0,0,0,0,1,0,0,0,0,0
452,2346,1,24,17,2286,0,12,0,0,0,0,0,0,0,0,0,0,1,0,0,0,0
455,4388,1,20,27,2330,0,5,0,0,0,0,0,0,0,0,0,0,0,1,0,0,0
504,7635,1,30,31,2749,0,3,0,0,0,0,0,0,0,0,1,0,0,0,0,0,0
586,586,1,28,22,2635,0,8,0,0,0,0,0,0,0,0,0,0,0,0,1,0,0
736,6154,1,21,18,1739,0,13,0,0,0,0,0,0,0,0,0,1,0,0,0,0,0
743,5282,1,66,12,2242,0,4,1,0,0,0,0,0,0,0,0,0,0,0,0,0,0
761,7017,1,34,2,1940,0,15,0,0,0,0,0,0,0,1,0,0,0,0,0,0,0
776,7813,1,38,27,2149,0,2,0,0,0,1,0,0,0,0,0,0,0,0,0,0,0
840,3135,1,29,3,2746,0,13,0,0,0,0,0,0,0,0,0,1,0,0,0,0,0
884,2297,1,38,25,2909,0,5,0,0,0,0,0,0,0,0,0,0,0,1,0,0,0
905,766,1,59,30,2219,0,11,0,1,0,0,0,0,0,0,0,0,0,0,0,0,0
910,38,1,24,16,1598,0,14,0,0,0,0,0,1,0,0,0,0,0,0,0,0,0
974,7799,1,48,23,1717,0,5,0,0,0,0,0,0,0,0,0,0,0,1,0,0,0
1001,2599,1,25,13,2288,0,11,0,1,0,0,0,0,0,0,0,0,0,0,0,0,0
1075,6952,1,55,10,2467,0,9,0,0,0,0,0,0,1,0,0,0,0,0,0,0,0
1104,4318,1,54,3,1875,0,13,0,0,0,0,0,0,0,0,0,1,0,0,0,0,0
1153,11542,1,28,15,3444,0,10,0,0,1,0,0,0,0,0,0,0,0,0,0,0,0
1201,10032,1,57,2,1846,0,14,0,0,0,0,0,1,0,0,0,0,0,0,0,0,0
1276,11512,1,48,2,1759,0,15,0,0,0,0,0,0,0,1,0,0,0,0,0,0,0
1307,9551,1,47,14,2637,0,15,0,0,0,0,0,0,0,1,0,0,0,0,0,0,0
1308,4745,1,33,29,1973,0,3,0,0,0,0,0,0,0,0,1,0,0,0,0,0,0
1414,6612,1,31,8,2455,0,12,0,0,0,0,0,0,0,0,0,0,1,0,0,0,0
1472,1859,1,61,6,2164,0,14,0,0,0,0,0,1,0,0,0,0,0,0,0,0,0
1512,11784,1,52,2,2269,0,8,0,0,0,0,0,0,0,0,0,0,0,0,1,0,0
1562,7385,1,43,29,2490,0,12,0,0,0,0,0,0,0,0,0,0,1,0,0,0,0
1570,9136,1,25,6,2187,0,11,0,1,0,0,0,0,0,0,0,0,0,0,0,0,0
1649,1479,1,48,29,1999,0,3,0,0,0,0,0,0,0,0,1,0,0,0,0,0,0
1772,6988,1,45,18,536,0,13,0,0,0,0,0,0,0,0,0,1,0,0,0,0,0
1825,7841,1,38,17,1613,0,15,0,0,0,0,0,0,0,1,0,0,0,0,0,0,0
1881,7973,1,24,3,2261,0,13,0,0,0,0,0,0,0,0,0,1,0,0,0,0,0
1925,8863,1,51,2,1022,0,14,0,0,0,0,0,1,0,0,0,0,0,0,0,0,0
1939,5975,1,34,19,2403,0,2,0,0,0,1,0,0,0,0,0,0,0,0,0,0,0
1959,2207,1,34,27,1910,0,2,0,0,0,1,0,0,0,0,0,0,0,0,0,0,0
2014,9897,1,75,17,885,0,10,0,0,1,0,0,0,0,0,0,0,0,0,0,0,0
2050,1131,1,52,31,1782,0,7,0,0,0,0,1,0,0,0,0,0,0,0,0,0,0
2116,534,1,50,25,2995,0,9,0,0,0,0,0,0,1,0,0,0,0,0,0,0,0
2204,9347,1,27,23,2511,0,13,0,0,0,0,0,0,0,0,0,1,0,0,0,0,0
2223,10809,1,28,30,2300,0,4,1,0,0,0,0,0,0,0,0,0,0,0,0,0,0
2273,5270,1,56,10,2699,0,9,0,0,0,0,0,0,1,0,0,0,0,0,0,0,0
2296,11806,1,28,16,1736,0,2,0,0,0,1,0,0,0,0,0,0,0,0,0,0,0
2339,5858,1,53,28,2601,0,9,0,0,0,0,0,0,1,0,0,0,0,0,0,0,0
2386,9968,1,31,28,1977,0,9,0,0,0,0,0,0,1,0,0,0,0,0,0,0,0
2413,4102,1,69,19,2059,0,2,0,0,0,1,0,0,0,0,0,0,0,0,0,0,0
2504,11647,1,32,18,3081,0,2,0,0,0,1,0,0,0,0,0,0,0,0,0,0,0
2507,10501,1,32,4,2104,0,10,0,0,1,0,0,0,0,0,0,0,0,0,0,0,0
2552,3861,1,62,5,1993,0,13,0,0,0,0,0,0,0,0,0,1,0,0,0,0,0
2603,1557,1,60,6,2414,0,2,0,0,0,1,0,0,0,0,0,0,0,0,0,0,0
2635,1857,1,45,8,2672,0,15,0,0,0,0,0,0,0,1,0,0,0,0,0,0,0
2654,11127,1,58,27,1867,0,6,0,0,0,0,0,0,0,0,0,0,0,0,0,1,0
2729,268,1,55,17,1305,0,10,0,0,1,0,0,0,0,0,0,0,0,0,0,0,0
2752,9287,1,36,20,2913,0,13,0,0,0,0,0,0,0,0,0,1,0,0,0,0,0
2772,2839,1,21,9,1006,0,2,0,0,0,1,0,0,0,0,0,0,0,0,0,0,0
2811,10735,1,41,23,2587,0,2,0,0,0,1,0,0,0,0,0,0,0,0,0,0,0
2828,6138,1,35,6,788,0,5,0,0,0,0,0,0,0,0,0,0,0,1,0,0,0
3117,6650,1,53,27,2092,0,12,0,0,0,0,0,0,0,0,0,0,1,0,0,0,0
3122,10060,1,26,19,2707,0,15,0,0,0,0,0,0,0,1,0,0,0,0,0,0,0
3135,4304,1,28,16,3486,0,2,0,0,0,1,0,0,0,0,0,0,0,0,0,0,0
3169,11836,1,51,23,1917,0,5,0,0,0,0,0,0,0,0,0,0,0,1,0,0,0
3214,5782,1,49,10,2635,0,9,0,0,0,0,0,0,1,0,0,0,0,0,0,0,0
3219,3821,1,63,25,2546,0,10,0,0,1,0,0,0,0,0,0,0,0,0,0,0,0
3242,4714,1,38,6,2659,0,11,0,1,0,0,0,0,0,0,0,0,0,0,0,0,0
3255,7360,1,30,30,848,0,15,0,0,0,0,0,0,0,1,0,0,0,0,0,0,0
3313,3794,1,55,17,1315,0,14,0,0,0,0,0,1,0,0,0,0,0,0,0,0,0
3379,5613,1,65,20,1534,0,3,0,0,0,0,0,0,0,0,1,0,0,0,0,0,0
3398,8362,1,60,30,1558,0,15,0,0,0,0,0,0,0,1,0,0,0,0,0,0,0
3409,5929,1,65,17,515,0,15,0,0,0,0,0,0,0,1,0,0,0,0,0,0,0
3420,8022,1,62,13,1853,0,14,0,0,0,0,0,1,0,0,0,0,0,0,0,0,0
3425,11889,1,23,9,1787,0,2,0,0,0,1,0,0,0,0,0,0,0,0,0,0,0
3430,730,1,60,11,3386,0,8,0,0,0,0,0,0,0,0,0,0,0,0,1,0,0
3447,1609,1,60,17,1377,0,12,0,0,0,0,0,0,0,0,0,0,1,0,0,0,0
3451,9017,1,65,9,1132,0,2,0,0,0,1,0,0,0,0,0,0,0,0,0,0,0
3735,11702,1,75,23,1991,0,1,0,0,0,0,0,0,0,0,0,0,0,0,0,0,1
3904,3923,1,60,4,2032,0,10,0,0,1,0,0,0,0,0,0,0,0,0,0,0,0
3964,6032,1,60,25,2754,0,1,0,0,0,0,0,0,0,0,0,0,0,0,0,0,1
3996,10075,1,35,13,2113,0,14,0,0,0,0,0,1,0,0,0,0,0,0,0,0,0
4051,9136,1,26,6,2204,0,11,0,1,0,0,0,0,0,0,0,0,0,0,0,0,0
4058,2711,1,30,1,2042,1,13,0,0,0,0,0,0,0,0,0,1,0,0,0,0,0
4091,2647,1,49,6,2680,0,14,0,0,0,0,0,1,0,0,0,0,0,0,0,0,0
4107,5429,1,31,13,2974,0,8,0,0,0,0,0,0,0,0,0,0,0,0,1,0,0
4135,3140,1,50,8,2592,0,11,0,1,0,0,0,0,0,0,0,0,0,0,0,0,0
4136,4881,1,18,17,1080,0,1,0,0,0,0,0,0,0,0,0,0,0,0,0,0,1
4163,7890,1,19,12,2226,0,11,0,1,0,0,0,0,0,0,0,0,0,0,0,0,0
4206,11609,1,45,10,2239,0,15,0,0,0,0,0,0,0,1,0,0,0,0,0,0,0
4259,7100,1,64,28,1465,0,13,0,0,0,0,0,0,0,0,0,1,0,0,0,0,0
4297,2700,1,48,3,1465,0,10,0,0,1,0,0,0,0,0,0,0,0,0,0,0,0
4331,34,1,47,19,2274,0,2,0,0,0,1,0,0,0,0,0,0,0,0,0,0,0
4368,8499,1,45,2,2148,0,3,0,0,0,0,0,0,0,0,1,0,0,0,0,0,0
4380,9572,1,52,17,2257,0,12,0,0,0,0,0,0,0,0,0,0,1,0,0,0,0
4462,4386,1,60,4,1400,0,13,0,0,0,0,0,0,0,0,0,1,0,0,0,0,0
4486,795,1,54,6,2115,0,14,0,0,0,0,0,1,0,0,0,0,0,0,0,0,0
4492,858,1,35,17,1465,0,12,0,0,0,0,0,0,0,0,0,0,1,0,0,0,0
4525,6716,1,26,29,2028,0,12,0,0,0,0,0,0,0,0,0,0,1,0,0,0,0
4532,9651,1,18,6,1368,0,14,0,0,0,0,0,1,0,0,0,0,0,0,0,0,0
4557,8659,1,31,1,2247,1,3,0,0,0,0,0,0,0,0,1,0,0,0,0,0,0
4572,8051,1,42,22,2467,0,7,0,0,0,0,1,0,0,0,0,0,0,0,0,0,0
4591,6501,1,43,11,1700,0,11,0,1,0,0,0,0,0,0,0,0,0,0,0,0,0
4606,2730,1,50,2,3257,0,8,0,0,0,0,0,0,0,0,0,0,0,0,1,0,0
4635,3672,1,45,17,836,0,15,0,0,0,0,0,0,0,1,0,0,0,0,0,0,0
4639,6912,1,27,11,2906,0,11,0,1,0,0,0,0,0,0,0,0,0,0,0,0,0
4699,4120,1,38,1,2372,1,6,0,0,0,0,0,0,0,0,0,0,0,0,0,1,0
4764,7989,1,41,30,1624,0,4,1,0,0,0,0,0,0,0,0,0,0,0,0,0,0
4842,8201,1,48,13,1455,0,11,0,1,0,0,0,0,0,0,0,0,0,0,0,0,0
4944,7761,1,33,6,2503,0,14,0,0,0,0,0,1,0,0,0,0,0,0,0,0,0
4994,6398,1,20,15,1438,0,14,0,0,0,0,0,1,0,0,0,0,0,0,0,0,0
5121,11058,1,38,13,2063,0,7,0,0,0,0,1,0,0,0,0,0,0,0,0,0,0
5261,10911,1,30,15,2388,0,10,0,0,1,0,0,0,0,0,0,0,0,0,0,0,0
5267,4639,1,35,13,2368,0,14,0,0,0,0,0,1,0,0,0,0,0,0,0,0,0
5270,7708,1,21,25,2595,0,10,0,0,1,0,0,0,0,0,0,0,0,0,0,0,0
5274,5080,1,43,12,3001,0,4,1,0,0,0,0,0,0,0,0,0,0,0,0,0,0
5305,2346,1,25,17,1967,0,12,0,0,0,0,0,0,0,0,0,0,1,0,0,0,0
5351,418,1,48,25,1654,0,5,0,0,0,0,0,0,0,0,0,0,0,1,0,0,0
5368,10318,1,52,6,2076,0,14,0,0,0,0,0,1,0,0,0,0,0,0,0,0,0
5408,2688,1,27,18,1917,0,13,0,0,0,0,0,0,0,0,0,1,0,0,0,0,0
5459,3721,1,75,8,2787,0,4,1,0,0,0,0,0,0,0,0,0,0,0,0,0,0
5568,8041,1,19,11,1397,0,11,0,1,0,0,0,0,0,0,0,0,0,0,0,0,0
5625,8222,1,28,23,1543,0,5,0,0,0,0,0,0,0,0,0,0,0,1,0,0,0
5700,5754,1,59,18,1754,0,2,0,0,0,1,0,0,0,0,0,0,0,0,0,0,0
5728,24,1,35,5,834,0,14,0,0,0,0,0,1,0,0,0,0,0,0,0,0,0
5747,11542,1,55,15,2717,0,10,0,0,1,0,0,0,0,0,0,0,0,0,0,0,0
5762,10257,1,60,2,2478,0,10,0,0,1,0,0,0,0,0,0,0,0,0,0,0,0
5807,9827,1,98,29,2928,0,1,0,0,0,0,0,0,0,0,0,0,0,0,0,0,1
5861,6248,1,38,10,2099,0,15,0,0,0,0,0,0,0,1,0,0,0,0,0,0,0
5886,1364,1,54,6,3001,0,5,0,0,0,0,0,0,0,0,0,0,0,1,0,0,0
6113,9126,1,55,17,854,0,14,0,0,0,0,0,1,0,0,0,0,0,0,0,0,0
6117,7103,1,52,13,1979,0,8,0,0,0,0,0,0,0,0,0,0,0,0,1,0,0
6173,3497,1,35,6,3622,0,14,0,0,0,0,0,1,0,0,0,0,0,0,0,0,0
6180,8674,1,48,22,2238,0,7,0,0,0,0,1,0,0,0,0,0,0,0,0,0,0
6208,1163,1,46,18,2382,0,2,0,0,0,1,0,0,0,0,0,0,0,0,0,0,0
6211,7615,1,49,2,2551,0,15,0,0,0,0,0,0,0,1,0,0,0,0,0,0,0
6239,3975,1,60,17,1875,0,10,0,0,1,0,0,0,0,0,0,0,0,0,0,0,0
6243,7479,1,26,5,1715,0,15,0,0,0,0,0,0,0,1,0,0,0,0,0,0,0
6244,5988,1,42,27,1706,0,12,0,0,0,0,0,0,0,0,0,0,1,0,0,0,0
6247,6628,1,55,29,1238,0,1,0,0,0,0,0,0,0,0,0,0,0,0,0,0,1
6268,7465,1,64,3,1688,0,13,0,0,0,0,0,0,0,0,0,1,0,0,0,0,0
6289,10521,1,40,21,1242,0,2,0,0,0,1,0,0,0,0,0,0,0,0,0,0,0
6313,2377,1,18,28,1109,0,9,0,0,0,0,0,0,1,0,0,0,0,0,0,0,0
6436,10692,1,65,5,1665,0,4,1,0,0,0,0,0,0,0,0,0,0,0,0,0,0
6505,11193,1,21,23,1933,0,1,0,0,0,0,0,0,0,0,0,0,0,0,0,0,1
6511,6654,1,60,24,1661,0,3,0,0,0,0,0,0,0,0,1,0,0,0,0,0,0
6621,7278,1,29,21,2513,0,2,0,0,0,1,0,0,0,0,0,0,0,0,0,0,0
6628,6650,1,30,27,934,0,12,0,0,0,0,0,0,0,0,0,0,1,0,0,0,0
6638,10102,1,49,29,2087,0,3,0,0,0,0,0,0,0,0,1,0,0,0,0,0,0
6752,8209,1,60,12,2431,0,4,1,0,0,0,0,0,0,0,0,0,0,0,0,0,0
6779,165,1,19,3,1969,0,3,0,0,0,0,0,0,0,0,1,0,0,0,0,0,0
6805,7045,1,60,21,1560,0,3,0,0,0,0,0,0,0,0,1,0,0,0,0,0,0
6851,4375,1,25,11,996,0,11,0,1,0,0,0,0,0,0,0,0,0,0,0,0,0
6882,3070,1,39,14,1304,0,4,1,0,0,0,0,0,0,0,0,0,0,0,0,0,0
6967,7369,1,47,27,2171,0,5,0,0,0,0,0,0,0,0,0,0,0,1,0,0,0
6983,11199,1,42,24,1554,0,3,0,0,0,0,0,0,0,0,1,0,0,0,0,0,0
7021,3632,1,32,5,2229,0,11,0,1,0,0,0,0,0,0,0,0,0,0,0,0,0
7137,3794,1,22,17,2085,0,14,0,0,0,0,0,1,0,0,0,0,0,0,0,0,0
7153,1911,1,45,10,2650,0,7,0,0,0,0,1,0,0,0,0,0,0,0,0,0,0
7160,546,1,55,27,1387,0,2,0,0,0,1,0,0,0,0,0,0,0,0,0,0,0
7210,2554,1,40,23,1943,0,13,0,0,0,0,0,0,0,0,0,1,0,0,0,0,0
7275,6259,1,55,31,1853,0,7,0,0,0,0,1,0,0,0,0,0,0,0,0,0,0
7289,10407,1,52,3,1264,0,10,0,0,1,0,0,0,0,0,0,0,0,0,0,0,0
7301,2366,1,56,17,1974,0,15,0,0,0,0,0,0,0,1,0,0,0,0,0,0,0
7332,4813,1,33,1,1987,1,4,1,0,0,0,0,0,0,0,0,0,0,0,0,0,0
7362,7880,1,33,30,550,0,11,0,1,0,0,0,0,0,0,0,0,0,0,0,0,0
7513,392,1,21,24,2110,0,8,0,0,0,0,0,0,0,0,0,0,0,0,1,0,0
7525,5133,1,60,8,1836,0,2,0,0,0,1,0,0,0,0,0,0,0,0,0,0,0
7542,10103,1,30,9,1833,0,2,0,0,0,1,0,0,0,0,0,0,0,0,0,0,0
7564,2068,1,40,10,1786,0,15,0,0,0,0,0,0,0,1,0,0,0,0,0,0,0
7572,6004,1,70,4,1512,0,14,0,0,0,0,0,1,0,0,0,0,0,0,0,0,0
7655,4392,1,59,18,2235,0,14,0,0,0,0,0,1,0,0,0,0,0,0,0,0,0
7674,10144,1,63,1,1541,1,13,0,0,0,0,0,0,0,0,0,1,0,0,0,0,0
7742,9842,1,18,5,853,0,14,0,0,0,0,0,1,0,0,0,0,0,0,0,0,0
7784,10764,1,60,2,1857,0,15,0,0,0,0,0,0,0,1,0,0,0,0,0,0,0
7819,10081,1,52,12,2230,0,11,0,1,0,0,0,0,0,0,0,0,0,0,0,0,0
7856,1298,1,37,24,3433,0,6,0,0,0,0,0,0,0,0,0,0,0,0,0,1,0
7857,8408,1,23,2,1668,0,3,0,0,0,0,0,0,0,0,1,0,0,0,0,0,0
7877,2200,1,45,13,1925,0,11,0,1,0,0,0,0,0,0,0,0,0,0,0,0,0
7891,10163,1,29,2,2317,0,15,0,0,0,0,0,0,0,1,0,0,0,0,0,0,0
7922,10971,1,67,10,2562,0,9,0,0,0,0,0,0,1,0,0,0,0,0,0,0,0
7990,4786,1,77,10,2186,0,2,0,0,0,1,0,0,0,0,0,0,0,0,0,0,0
8109,3401,1,39,31,1889,0,7,0,0,0,0,1,0,0,0,0,0,0,0,0,0,0
8136,9192,1,24,18,990,0,14,0,0,0,0,0,1,0,0,0,0,0,0,0,0,0
8222,10031,1,63,28,2336,0,13,0,0,0,0,0,0,0,0,0,1,0,0,0,0,0
8226,4375,1,75,11,2740,0,11,0,1,0,0,0,0,0,0,0,0,0,0,0,0,0
8313,10973,1,32,10,2693,0,2,0,0,0,1,0,0,0,0,0,0,0,0,0,0,0
8471,6856,1,36,27,2154,0,1,0,0,0,0,0,0,0,0,0,0,0,0,0,0,1
8516,2847,1,62,6,1847,0,11,0,1,0,0,0,0,0,0,0,0,0,0,0,0,0
8533,3255,1,20,1,1085,1,3,0,0,0,0,0,0,0,0,1,0,0,0,0,0,0
8541,8760,1,39,25,2756,0,5,0,0,0,0,0,0,0,0,0,0,0,1,0,0,0
8601,2293,1,55,6,2808,0,5,0,0,0,0,0,0,0,0,0,0,0,1,0,0,0
8612,6735,1,70,26,1461,0,9,0,0,0,0,0,0,1,0,0,0,0,0,0,0,0
8614,4141,1,18,1,1018,1,13,0,0,0,0,0,0,0,0,0,1,0,0,0,0,0
8623,1989,1,32,13,1433,0,8,0,0,0,0,0,0,0,0,0,0,0,0,1,0,0
8624,4599,1,36,30,1213,0,8,0,0,0,0,0,0,0,0,0,0,0,0,1,0,0
8630,2498,1,52,26,1249,0,9,0,0,0,0,0,0,1,0,0,0,0,0,0,0,0
8664,8608,1,26,4,2038,0,14,0,0,0,0,0,1,0,0,0,0,0,0,0,0,0
8669,246,1,65,22,2093,0,7,0,0,0,0,1,0,0,0,0,0,0,0,0,0,0
8700,11090,1,45,2,1869,0,10,0,0,1,0,0,0,0,0,0,0,0,0,0,0,0
8701,8086,1,31,6,1099,0,2,0,0,0,1,0,0,0,0,0,0,0,0,0,0,0
8714,11706,1,18,24,850,0,6,0,0,0,0,0,0,0,0,0,0,0,0,0,1,0
8736,9133,1,56,26,1791,0,9,0,0,0,0,0,0,1,0,0,0,0,0,0,0,0
8831,2958,1,24,18,2695,0,2,0,0,0,1,0,0,0,0,0,0,0,0,0,0,0
8846,743,1,46,29,1504,0,1,0,0,0,0,0,0,0,0,0,0,0,0,0,0,1
8862,5981,1,70,6,1877,0,14,0,0,0,0,0,1,0,0,0,0,0,0,0,0,0
8869,10042,1,68,29,1009,0,3,0,0,0,0,0,0,0,0,1,0,0,0,0,0,0
8878,2077,1,64,6,1607,0,14,0,0,0,0,0,1,0,0,0,0,0,0,0,0,0
8921,5760,1,40,16,703,0,2,0,0,0,1,0,0,0,0,0,0,0,0,0,0,0
9012,6086,1,57,10,1683,0,15,0,0,0,0,0,0,0,1,0,0,0,0,0,0,0
9117,6130,1,35,8,2693,0,12,0,0,0,0,0,0,0,0,0,0,1,0,0,0,0
9238,4774,1,36,3,1492,0,3,0,0,0,0,0,0,0,0,1,0,0,0,0,0,0
9338,6123,1,46,3,1993,0,10,0,0,1,0,0,0,0,0,0,0,0,0,0,0,0
9348,1317,1,19,11,1201,0,8,0,0,0,0,0,0,0,0,0,0,0,0,1,0,0
9400,10060,1,30,19,3121,0,15,0,0,0,0,0,0,0,1,0,0,0,0,0,0,0
9414,324,1,74,16,1304,0,2,0,0,0,1,0,0,0,0,0,0,0,0,0,0,0
9459,3037,1,90,17,1533,0,14,0,0,0,0,0,1,0,0,0,0,0,0,0,0,0
9485,3948,1,49,30,1847,0,4,1,0,0,0,0,0,0,0,0,0,0,0,0,0,0
9493,5213,1,27,3,1935,0,10,0,0,1,0,0,0,0,0,0,0,0,0,0,0,0
9532,10916,1,33,27,1803,0,1,0,0,0,0,0,0,0,0,0,0,0,0,0,0,1
9633,11851,1,41,15,2103,0,10,0,0,1,0,0,0,0,0,0,0,0,0,0,0,0
9634,502,1,52,7,2968,1,11,0,1,0,0,0,0,0,0,0,0,0,0,0,0,0
9659,38,1,48,16,1827,0,14,0,0,0,0,0,1,0,0,0,0,0,0,0,0,0
9712,8787,1,23,28,1958,0,10,0,0,1,0,0,0,0,0,0,0,0,0,0,0,0
9747,4173,1,63,26,1810,0,6,0,0,0,0,0,0,0,0,0,0,0,0,0,1,0
9791,6434,1,29,27,3189,0,6,0,0,0,0,0,0,0,0,0,0,0,0,0,1,0
9802,2592,1,49,25,1838,0,5,0,0,0,0,0,0,0,0,0,0,0,1,0,0,0
9869,10233,1,30,19,1547,0,15,0,0,0,0,0,0,0,1,0,0,0,0,0,0,0
9881,2249,1,61,26,1798,0,9,0,0,0,0,0,0,1,0,0,0,0,0,0,0,0
9921,6157,1,19,30,2509,0,11,0,1,0,0,0,0,0,0,0,0,0,0,0,0,0
9922,5375,1,18,30,2348,0,11,0,1,0,0,0,0,0,0,0,0,0,0,0,0,0
9942,165,1,45,3,1828,0,3,0,0,0,0,0,0,0,0,1,0,0,0,0,0,0
9969,7749,1,44,29,1589,0,1,0,0,0,0,0,0,0,0,0,0,0,0,0,0,1
10029,8754,1,31,11,2518,0,11,0,1,0,0,0,0,0,0,0,0,0,0,0,0,0
10044,11545,1,65,30,1568,0,4,1,0,0,0,0,0,0,0,0,0,0,0,0,0,0
10060,4626,1,75,12,1614,0,15,0,0,0,0,0,0,0,1,0,0,0,0,0,0,0
10070,6655,1,45,28,1858,0,12,0,0,0,0,0,0,0,0,0,0,1,0,0,0,0
10086,5227,1,28,30,2085,0,15,0,0,0,0,0,0,0,1,0,0,0,0,0,0,0
10153,8268,1,80,30,1521,0,13,0,0,0,0,0,0,0,0,0,1,0,0,0,0,0
10161,7436,1,51,3,1521,0,13,0,0,0,0,0,0,0,0,0,1,0,0,0,0,0
10193,6157,1,46,30,2509,0,11,0,1,0,0,0,0,0,0,0,0,0,0,0,0,0
10251,11371,1,55,18,2196,0,13,0,0,0,0,0,0,0,0,0,1,0,0,0,0,0
10258,8781,1,29,27,2518,0,5,0,0,0,0,0,0,0,0,0,0,0,1,0,0,0
10295,2424,1,32,7,2485,1,11,0,1,0,0,0,0,0,0,0,0,0,0,0,0,0
10305,2818,1,55,26,690,0,9,0,0,0,0,0,0,1,0,0,0,0,0,0,0,0
10311,1637,1,28,10,1886,0,2,0,0,0,1,0,0,0,0,0,0,0,0,0,0,0
10329,2150,1,46,30,1174,0,7,0,0,0,0,1,0,0,0,0,0,0,0,0,0,0
10333,10102,1,28,29,1652,0,3,0,0,0,0,0,0,0,0,1,0,0,0,0,0,0
10380,246,1,20,22,1721,0,7,0,0,0,0,1,0,0,0,0,0,0,0,0,0,0
10417,6291,1,63,17,1503,0,1,0,0,0,0,0,0,0,0,0,0,0,0,0,0,1
10463,8434,1,35,23,2529,0,1,0,0,0,0,0,0,0,0,0,0,0,0,0,0,1
10485,5728,1,55,8,1556,0,2,0,0,0,1,0,0,0,0,0,0,0,0,0,0,0
10507,3239,1,30,13,2401,0,14,0,0,0,0,0,1,0,0,0,0,0,0,0,0,0
10542,314,1,71,13,1453,0,7,0,0,0,0,1,0,0,0,0,0,0,0,0,0,0
10586,5026,1,51,27,2433,0,11,0,1,0,0,0,0,0,0,0,0,0,0,0,0,0
10613,2469,1,52,4,2276,0,10,0,0,1,0,0,0,0,0,0,0,0,0,0,0,0
10632,1766,1,25,8,2483,0,15,0,0,0,0,0,0,0,1,0,0,0,0,0,0,0
10645,2515,1,39,2,1699,0,10,0,0,1,0,0,0,0,0,0,0,0,0,0,0,0
10701,6094,1,49,2,1496,0,15,0,0,0,0,0,0,0,1,0,0,0,0,0,0,0
10816,4774,1,65,3,2523,0,3,0,0,0,0,0,0,0,0,1,0,0,0,0,0,0
10846,702,1,65,17,1354,0,10,0,0,1,0,0,0,0,0,0,0,0,0,0,0,0
10974,3644,1,57,17,1990,0,12,0,0,0,0,0,0,0,0,0,0,1,0,0,0,0
11001,7388,1,29,27,594,0,2,0,0,0,1,0,0,0,0,0,0,0,0,0,0,0
11100,5070,1,32,27,1683,0,1,0,0,0,0,0,0,0,0,0,0,0,0,0,0,1
11114,4831,1,60,26,1802,0,9,0,0,0,0,0,0,1,0,0,0,0,0,0,0,0
11156,1403,1,47,13,3256,0,8,0,0,0,0,0,0,0,0,0,0,0,0,1,0,0
11191,10078,1,18,29,1463,0,3,0,0,0,0,0,0,0,0,1,0,0,0,0,0,0
11208,3819,1,27,17,1122,0,15,0,0,0,0,0,0,0,1,0,0,0,0,0,0,0
11244,1840,1,27,29,941,0,3,0,0,0,0,0,0,0,0,1,0,0,0,0,0,0
11276,10898,1,30,8,1941,0,4,1,0,0,0,0,0,0,0,0,0,0,0,0,0,0
11278,8758,1,60,30,1792,0,7,0,0,0,0,1,0,0,0,0,0,0,0,0,0,0
11280,11628,1,60,27,1633,0,11,0,1,0,0,0,0,0,0,0,0,0,0,0,0,0
11283,10257,1,35,2,2495,0,10,0,0,1,0,0,0,0,0,0,0,0,0,0,0,0
11290,10760,1,27,27,2983,0,5,0,0,0,0,0,0,0,0,0,0,0,1,0,0,0
11299,7598,1,35,2,3167,0,3,0,0,0,0,0,0,0,0,1,0,0,0,0,0,0
11318,11531,1,62,4,1825,0,10,0,0,1,0,0,0,0,0,0,0,0,0,0,0,0
11350,4598,1,19,28,1080,0,13,0,0,0,0,0,0,0,0,0,1,0,0,0,0,0
11463,4047,1,26,6,3158,0,2,0,0,0,1,0,0,0,0,0,0,0,0,0,0,0
11473,1189,1,58,3,2185,0,3,0,0,0,0,0,0,0,0,1,0,0,0,0,0,0
11614,84,1,28,27,3460,0,8,0,0,0,0,0,0,0,0,0,0,0,0,1,0,0
11640,2068,1,65,10,2735,0,15,0,0,0,0,0,0,0,1,0,0,0,0,0,0,0
11684,10883,1,47,29,1335,0,1,0,0,0,0,0,0,0,0,0,0,0,0,0,0,1
11720,4926,1,65,10,1476,0,15,0,0,0,0,0,0,0,1,0,0,0,0,0,0,0
11725,7953,1,31,8,1679,0,9,0,0,0,0,0,0,1,0,0,0,0,0,0,0,0
11752,3433,1,23,26,1207,0,6,0,0,0,0,0,0,0,0,0,0,0,0,0,1,0
11758,10368,1,84,22,1786,0,2,0,0,0,1,0,0,0,0,0,0,0,0,0,0,0
11796,7890,1,40,12,3054,0,11,0,1,0,0,0,0,0,0,0,0,0,0,0,0,0
11825,6773,1,36,12,2681,0,15,0,0,0,0,0,0,0,1,0,0,0,0,0,0,0
11828,2851,1,61,10,1906,0,11,0,1,0,0,0,0,0,0,0,0,0,0,0,0,0
11915,6535,1,42,2,2460,0,14,0,0,0,0,0,1,0,0,0,0,0,0,0,0,0
11951,3695,1,39,17,2436,0,15,0,0,0,0,0,0,0,1,0,0,0,0,0,0,0
12028,1496,1,31,15,1512,0,14,0,0,0,0,0,1,0,0,0,0,0,0,0,0,0
12128,11807,1,31,19,1997,0,2,0,0,0,1,0,0,0,0,0,0,0,0,0,0,0
12142,3758,1,32,27,2251,0,8,0,0,0,0,0,0,0,0,0,0,0,0,1,0,0
12169,8047,1,39,23,2416,0,2,0,0,0,1,0,0,0,0,0,0,0,0,0,0,0
12203,1182,1,48,7,2046,1,11,0,1,0,0,0,0,0,0,0,0,0,0,0,0,0
12215,1209,1,60,2,2016,0,14,0,0,0,0,0,1,0,0,0,0,0,0,0,0,0
12238,4143,1,67,4,1785,0,14,0,0,0,0,0,1,0,0,0,0,0,0,0,0,0
12249,5179,1,45,6,2510,0,5,0,0,0,0,0,0,0,0,0,0,0,1,0,0,0
12266,3783,1,26,10,1187,0,11,0,1,0,0,0,0,0,0,0,0,0,0,0,0,0
12328,9856,1,70,9,1237,0,7,0,0,0,0,1,0,0,0,0,0,0,0,0,0,0
12405,11294,1,80,25,1485,0,1,0,0,0,0,0,0,0,0,0,0,0,0,0,0,1
12424,7079,1,20,17,1831,0,10,0,0,1,0,0,0,0,0,0,0,0,0,0,0,0
12469,3341,1,31,14,2779,0,11,0,1,0,0,0,0,0,0,0,0,0,0,0,0,0
12484,6772,1,35,27,2192,0,5,0,0,0,0,0,0,0,0,0,0,0,1,0,0,0
12485,3886,1,55,8,1939,0,2,0,0,0,1,0,0,0,0,0,0,0,0,0,0,0
12492,9838,1,60,17,1472,0,15,0,0,0,0,0,0,0,1,0,0,0,0,0,0,0
12503,9061,1,55,19,2873,0,15,0,0,0,0,0,0,0,1,0,0,0,0,0,0,0
12508,3987,1,60,5,1976,0,15,0,0,0,0,0,0,0,1,0,0,0,0,0,0,0
12536,7777,1,24,19,2378,0,13,0,0,0,0,0,0,0,0,0,1,0,0,0,0,0
12566,3942,1,18,3,1911,0,13,0,0,0,0,0,0,0,0,0,1,0,0,0,0,0
12570,3054,1,40,4,3403,0,4,1,0,0,0,0,0,0,0,0,0,0,0,0,0,0
12585,11504,1,33,22,588,0,5,0,0,0,0,0,0,0,0,0,0,0,1,0,0,0
12590,9052,1,67,5,2085,0,13,0,0,0,0,0,0,0,0,0,1,0,0,0,0,0
12636,9985,1,45,17,1233,0,10,0,0,1,0,0,0,0,0,0,0,0,0,0,0,0
12655,11706,1,56,24,1664,0,6,0,0,0,0,0,0,0,0,0,0,0,0,0,1,0
12656,121,1,22,1,3478,1,6,0,0,0,0,0,0,0,0,0,0,0,0,0,1,0
12698,3760,1,45,13,2176,0,15,0,0,0,0,0,0,0,1,0,0,0,0,0,0,0
12714,8231,1,56,13,2396,0,11,0,1,0,0,0,0,0,0,0,0,0,0,0,0,0
12750,2958,1,50,18,2427,0,2,0,0,0,1,0,0,0,0,0,0,0,0,0,0,0
12762,10648,1,38,5,2155,0,11,0,1,0,0,0,0,0,0,0,0,0,0,0,0,0
12766,8751,1,60,29,2243,0,3,0,0,0,0,0,0,0,0,1,0,0,0,0,0,0
12775,4365,1,40,9,1452,0,15,0,0,0,0,0,0,0,1,0,0,0,0,0,0,0
12827,11069,1,60,23,2614,0,2,0,0,0,1,0,0,0,0,0,0,0,0,0,0,0
12855,8252,1,65,9,1413,0,7,0,0,0,0,1,0,0,0,0,0,0,0,0,0,0
12914,9783,1,65,2,1662,0,8,0,0,0,0,0,0,0,0,0,0,0,0,1,0,0
12921,5091,1,43,24,2281,0,13,0,0,0,0,0,0,0,0,0,1,0,0,0,0,0
12989,9844,1,52,8,2222,0,15,0,0,0,0,0,0,0,1,0,0,0,0,0,0,0
12998,6398,1,49,15,1689,0,14,0,0,0,0,0,1,0,0,0,0,0,0,0,0,0
13018,67,1,62,12,1014,0,15,0,0,0,0,0,0,0,1,0,0,0,0,0,0,0
13138,11382,1,36,13,2436,0,14,0,0,0,0,0,1,0,0,0,0,0,0,0,0,0
13153,11437,1,60,13,2186,0,14,0,0,0,0,0,1,0,0,0,0,0,0,0,0,0
13233,3421,1,40,23,2774,0,2,0,0,0,1,0,0,0,0,0,0,0,0,0,0,0
13301,8718,1,30,8,1669,0,12,0,0,0,0,0,0,0,0,0,0,1,0,0,0,0
13349,781,1,62,14,1406,0,4,1,0,0,0,0,0,0,0,0,0,0,0,0,0,0
13351,11517,1,32,6,1174,0,2,0,0,0,1,0,0,0,0,0,0,0,0,0,0,0
13401,7587,1,62,30,1792,0,8,0,0,0,0,0,0,0,0,0,0,0,0,1,0,0
13457,5023,1,27,13,1808,0,14,0,0,0,0,0,1,0,0,0,0,0,0,0,0,0
13502,10081,1,20,12,1553,0,11,0,1,0,0,0,0,0,0,0,0,0,0,0,0,0
13553,5560,1,48,6,2476,0,11,0,1,0,0,0,0,0,0,0,0,0,0,0,0,0
13629,302,1,29,30,1994,0,4,1,0,0,0,0,0,0,0,0,0,0,0,0,0,0
13640,6865,1,43,14,2867,0,15,0,0,0,0,0,0,0,1,0,0,0,0,0,0,0
13692,2326,1,55,29,1802,0,1,0,0,0,0,0,0,0,0,0,0,0,0,0,0,1
13728,10170,1,55,19,1939,0,15,0,0,0,0,0,0,0,1,0,0,0,0,0,0,0
13818,2439,1,45,10,2167,0,15,0,0,0,0,0,0,0,1,0,0,0,0,0,0,0
13870,1430,1,52,22,2531,0,7,0,0,0,0,1,0,0,0,0,0,0,0,0,0,0
13926,1245,1,52,3,2460,0,3,0,0,0,0,0,0,0,0,1,0,0,0,0,0,0
13931,5924,1,40,24,2653,0,8,0,0,0,0,0,0,0,0,0,0,0,0,1,0,0
13946,2380,1,32,14,1762,0,15,0,0,0,0,0,0,0,1,0,0,0,0,0,0,0
13974,2958,1,22,18,2690,0,2,0,0,0,1,0,0,0,0,0,0,0,0,0,0,0
14006,4747,1,40,6,2172,0,11,0,1,0,0,0,0,0,0,0,0,0,0,0,0,0
14047,9760,1,73,12,2277,0,4,1,0,0,0,0,0,0,0,0,0,0,0,0,0,0
14077,9674,1,48,25,2122,0,10,0,0,1,0,0,0,0,0,0,0,0,0,0,0,0
14143,5629,1,31,23,2909,0,1,0,0,0,0,0,0,0,0,0,0,0,0,0,0,1
14160,3760,1,29,13,1903,0,15,0,0,0,0,0,0,0,1,0,0,0,0,0,0,0
14177,2366,1,22,17,1436,0,15,0,0,0,0,0,0,0,1,0,0,0,0,0,0,0
14226,4251,1,20,4,1600,0,14,0,0,0,0,0,1,0,0,0,0,0,0,0,0,0
14229,2277,1,51,22,2252,0,8,0,0,0,0,0,0,0,0,0,0,0,0,1,0,0
14252,7445,1,34,21,1311,0,2,0,0,0,1,0,0,0,0,0,0,0,0,0,0,0
14305,11398,1,45,20,1727,0,4,1,0,0,0,0,0,0,0,0,0,0,0,0,0,0
14313,1422,1,39,19,2158,0,15,0,0,0,0,0,0,0,1,0,0,0,0,0,0,0
14366,10954,1,60,25,1252,0,9,0,0,0,0,0,0,1,0,0,0,0,0,0,0,0
14425,9520,1,62,30,2006,0,8,0,0,0,0,0,0,0,0,0,0,0,0,1,0,0
14445,10719,1,32,27,2318,0,6,0,0,0,0,0,0,0,0,0,0,0,0,0,1,0
14456,10110,1,40,1,1451,1,3,0,0,0,0,0,0,0,0,1,0,0,0,0,0,0
14501,4551,1,18,14,2215,0,11,0,1,0,0,0,0,0,0,0,0,0,0,0,0,0
14516,10902,1,45,28,3041,0,10,0,0,1,0,0,0,0,0,0,0,0,0,0,0,0
14620,9519,1,40,10,2117,0,11,0,1,0,0,0,0,0,0,0,0,0,0,0,0,0
14693,4047,1,65,6,2829,0,2,0,0,0,1,0,0,0,0,0,0,0,0,0,0,0
14697,677,1,46,8,2238,0,2,0,0,0,1,0,0,0,0,0,0,0,0,0,0,0
14747,1757,1,18,30,2022,0,4,1,0,0,0,0,0,0,0,0,0,0,0,0,0,0
14782,9873,1,40,9,1667,0,7,0,0,0,0,1,0,0,0,0,0,0,0,0,0,0
14828,5213,1,52,3,2155,0,10,0,0,1,0,0,0,0,0,0,0,0,0,0,0,0
14893,3792,1,70,15,3293,0,10,0,0,1,0,0,0,0,0,0,0,0,0,0,0,0
14908,1778,1,40,13,1869,0,11,0,1,0,0,0,0,0,0,0,0,0,0,0,0,0
15000,5628,1,51,3,2035,0,10,0,0,1,0,0,0,0,0,0,0,0,0,0,0,0
15060,10011,1,64,25,2025,0,5,0,0,0,0,0,0,0,0,0,0,0,1,0,0,0
15117,8442,1,57,18,2566,0,13,0,0,0,0,0,0,0,0,0,1,0,0,0,0,0
15177,9697,1,70,4,1985,0,14,0,0,0,0,0,1,0,0,0,0,0,0,0,0,0
15214,5181,1,34,12,2273,0,11,0,1,0,0,0,0,0,0,0,0,0,0,0,0,0
15220,10207,1,45,30,1959,0,13,0,0,0,0,0,0,0,0,0,1,0,0,0,0,0
15265,11722,1,30,28,1183,0,10,0,0,1,0,0,0,0,0,0,0,0,0,0,0,0
15330,4217,1,30,23,2366,0,1,0,0,0,0,0,0,0,0,0,0,0,0,0,0,1
15391,1863,1,50,22,2470,0,7,0,0,0,0,1,0,0,0,0,0,0,0,0,0,0
15395,7973,1,19,3,1566,0,13,0,0,0,0,0,0,0,0,0,1,0,0,0,0,0
15441,3166,1,54,27,2160,0,1,0,0,0,0,0,0,0,0,0,0,0,0,0,0,1
15510,2881,1,55,5,2703,0,11,0,1,0,0,0,0,0,0,0,0,0,0,0,0,0
15521,9760,1,38,12,2244,0,4,1,0,0,0,0,0,0,0,0,0,0,0,0,0,0
15603,632,1,49,3,2852,0,10,0,0,1,0,0,0,0,0,0,0,0,0,0,0,0
15604,4748,1,35,6,2665,0,14,0,0,0,0,0,1,0,0,0,0,0,0,0,0,0
15616,605,1,30,10,2465,0,2,0,0,0,1,0,0,0,0,0,0,0,0,0,0,0
15625,3913,1,56,27,1430,0,13,0,0,0,0,0,0,0,0,0,1,0,0,0,0,0
15640,2976,1,45,17,2420,0,15,0,0,0,0,0,0,0,1,0,0,0,0,0,0,0
15643,730,1,30,11,2970,0,8,0,0,0,0,0,0,0,0,0,0,0,0,1,0,0
15698,4940,1,58,23,2080,0,2,0,0,0,1,0,0,0,0,0,0,0,0,0,0,0
15743,11138,1,55,8,2908,0,12,0,0,0,0,0,0,0,0,0,0,1,0,0,0,0
15769,2289,1,60,29,1559,0,3,0,0,0,0,0,0,0,0,1,0,0,0,0,0,0
15836,6204,1,21,23,2257,0,2,0,0,0,1,0,0,0,0,0,0,0,0,0,0,0
15854,6363,1,40,31,2430,0,3,0,0,0,0,0,0,0,0,1,0,0,0,0,0,0
15858,9151,1,42,29,2099,0,3,0,0,0,0,0,0,0,0,1,0,0,0,0,0,0
15859,9973,1,22,21,1156,0,2,0,0,0,1,0,0,0,0,0,0,0,0,0,0,0
15863,8993,1,47,24,2165,0,3,0,0,0,0,0,0,0,0,1,0,0,0,0,0,0
15952,8659,1,80,1,1250,1,3,0,0,0,0,0,0,0,0,1,0,0,0,0,0,0
15967,7864,1,50,27,1982,0,2,0,0,0,1,0,0,0,0,0,0,0,0,0,0,0
15984,6260,1,50,1,2507,1,4,1,0,0,0,0,0,0,0,0,0,0,0,0,0,0
16044,2089,1,34,27,2449,0,8,0,0,0,0,0,0,0,0,0,0,0,0,1,0,0
16051,9096,1,48,10,2134,0,7,0,0,0,0,1,0,0,0,0,0,0,0,0,0,0
16065,7288,1,68,23,1638,0,1,0,0,0,0,0,0,0,0,0,0,0,0,0,0,1
16071,3433,1,38,26,2270,0,6,0,0,0,0,0,0,0,0,0,0,0,0,0,1,0
16073,7112,1,29,30,3838,0,4,1,0,0,0,0,0,0,0,0,0,0,0,0,0,0
16135,6557,1,37,21,2229,0,3,0,0,0,0,0,0,0,0,1,0,0,0,0,0,0
16157,903,1,47,3,2699,0,13,0,0,0,0,0,0,0,0,0,1,0,0,0,0,0
16196,10966,1,70,1,2294,1,6,0,0,0,0,0,0,0,0,0,0,0,0,0,1,0
16260,7079,1,45,17,1802,0,10,0,0,1,0,0,0,0,0,0,0,0,0,0,0,0
16262,10012,1,34,13,1936,0,11,0,1,0,0,0,0,0,0,0,0,0,0,0,0,0
16316,5630,1,43,18,1955,0,1,0,0,0,0,0,0,0,0,0,0,0,0,0,0,1
16320,9568,1,39,9,1986,0,15,0,0,0,0,0,0,0,1,0,0,0,0,0,0,0
16348,2077,1,34,6,1921,0,14,0,0,0,0,0,1,0,0,0,0,0,0,0,0,0
16369,6476,1,70,31,1684,0,3,0,0,0,0,0,0,0,0,1,0,0,0,0,0,0
16385,6608,1,55,2,3082,0,3,0,0,0,0,0,0,0,0,1,0,0,0,0,0,0
16395,5378,1,38,6,1679,0,5,0,0,0,0,0,0,0,0,0,0,0,1,0,0,0
16403,2550,1,54,2,2023,0,3,0,0,0,0,0,0,0,0,1,0,0,0,0,0,0
16410,1596,1,37,10,1907,0,11,0,1,0,0,0,0,0,0,0,0,0,0,0,0,0
16419,2374,1,47,31,2472,0,7,0,0,0,0,1,0,0,0,0,0,0,0,0,0,0
16447,4251,1,25,4,2198,0,14,0,0,0,0,0,1,0,0,0,0,0,0,0,0,0
16448,2857,1,45,29,2430,0,3,0,0,0,0,0,0,0,0,1,0,0,0,0,0,0
16455,8194,1,39,8,2170,0,11,0,1,0,0,0,0,0,0,0,0,0,0,0,0,0
16467,11588,1,63,14,2150,0,15,0,0,0,0,0,0,0,1,0,0,0,0,0,0,0
16483,2582,1,49,26,2338,0,9,0,0,0,0,0,0,1,0,0,0,0,0,0,0,0
16584,3066,1,36,28,2711,0,9,0,0,0,0,0,0,1,0,0,0,0,0,0,0,0
16615,5444,1,43,20,2338,0,4,1,0,0,0,0,0,0,0,0,0,0,0,0,0,0
16642,9441,1,63,24,1376,0,6,0,0,0,0,0,0,0,0,0,0,0,0,0,1,0
16660,3400,1,70,3,1124,0,13,0,0,0,0,0,0,0,0,0,1,0,0,0,0,0
16668,11243,1,30,8,1755,0,15,0,0,0,0,0,0,0,1,0,0,0,0,0,0,0
16716,3819,1,25,17,1988,0,15,0,0,0,0,0,0,0,1,0,0,0,0,0,0,0
16719,2599,1,68,13,2238,0,11,0,1,0,0,0,0,0,0,0,0,0,0,0,0,0
16729,5024,1,45,22,1231,0,2,0,0,0,1,0,0,0,0,0,0,0,0,0,0,0
16774,3331,1,45,19,2051,0,2,0,0,0,1,0,0,0,0,0,0,0,0,0,0,0
16821,1973,1,40,2,2805,0,10,0,0,1,0,0,0,0,0,0,0,0,0,0,0,0
16855,9567,1,84,12,1845,0,11,0,1,0,0,0,0,0,0,0,0,0,0,0,0,0
16888,3981,1,47,30,2176,0,15,0,0,0,0,0,0,0,1,0,0,0,0,0,0,0
16891,7023,1,38,26,1753,0,9,0,0,0,0,0,0,1,0,0,0,0,0,0,0,0
16934,3819,1,66,17,1299,0,15,0,0,0,0,0,0,0,1,0,0,0,0,0,0,0
16940,1527,1,42,4,2285,0,10,0,0,1,0,0,0,0,0,0,0,0,0,0,0,0
16948,10849,1,75,10,2137,0,15,0,0,0,0,0,0,0,1,0,0,0,0,0,0,0
16952,11483,1,68,21,2062,0,2,0,0,0,1,0,0,0,0,0,0,0,0,0,0,0
16983,3960,1,57,18,484,0,13,0,0,0,0,0,0,0,0,0,1,0,0,0,0,0
17028,1793,1,45,4,2215,0,14,0,0,0,0,0,1,0,0,0,0,0,0,0,0,0
17067,10040,1,55,31,2445,0,3,0,0,0,0,0,0,0,0,1,0,0,0,0,0,0
17115,408,1,35,1,845,1,3,0,0,0,0,0,0,0,0,1,0,0,0,0,0,0
17147,1422,1,18,19,1359,0,15,0,0,0,0,0,0,0,1,0,0,0,0,0,0,0
17171,11343,1,70,24,1887,0,6,0,0,0,0,0,0,0,0,0,0,0,0,0,1,0
17235,2147,1,45,29,890,0,9,0,0,0,0,0,0,1,0,0,0,0,0,0,0,0
17250,6716,1,29,29,2686,0,12,0,0,0,0,0,0,0,0,0,0,1,0,0,0,0
17284,5922,1,30,2,1905,0,10,0,0,1,0,0,0,0,0,0,0,0,0,0,0,0
17333,9559,1,40,8,2819,0,15,0,0,0,0,0,0,0,1,0,0,0,0,0,0,0
17351,1709,1,48,8,1817,0,11,0,1,0,0,0,0,0,0,0,0,0,0,0,0,0
17358,6028,1,65,30,1652,0,8,0,0,0,0,0,0,0,0,0,0,0,0,1,0,0
17426,272,1,45,8,1321,0,15,0,0,0,0,0,0,0,1,0,0,0,0,0,0,0
17473,8897,1,64,3,1056,0,13,0,0,0,0,0,0,0,0,0,1,0,0,0,0,0
17514,10407,1,20,3,1501,0,10,0,0,1,0,0,0,0,0,0,0,0,0,0,0,0
17520,10806,1,60,28,2015,0,13,0,0,0,0,0,0,0,0,0,1,0,0,0,0,0
17530,11433,1,61,17,3098,0,12,0,0,0,0,0,0,0,0,0,0,1,0,0,0,0
17545,11008,1,86,26,1801,0,6,0,0,0,0,0,0,0,0,0,0,0,0,0,1,0
17592,10738,1,19,26,2272,0,6,0,0,0,0,0,0,0,0,0,0,0,0,0,1,0
17607,5839,1,50,21,2119,0,3,0,0,0,0,0,0,0,0,1,0,0,0,0,0,0
17611,10962,1,37,27,1361,0,8,0,0,0,0,0,0,0,0,0,0,0,0,1,0,0
17712,10482,1,30,4,2327,0,4,1,0,0,0,0,0,0,0,0,0,0,0,0,0,0
17719,10984,1,46,8,1326,0,9,0,0,0,0,0,0,1,0,0,0,0,0,0,0,0
17722,2225,1,70,23,1580,0,1,0,0,0,0,0,0,0,0,0,0,0,0,0,0,1
17775,5257,1,46,11,1826,0,11,0,1,0,0,0,0,0,0,0,0,0,0,0,0,0
17862,1998,1,36,30,2732,0,4,1,0,0,0,0,0,0,0,0,0,0,0,0,0,0
17912,1666,1,22,18,2305,0,13,0,0,0,0,0,0,0,0,0,1,0,0,0,0,0
17982,8361,1,20,20,2942,0,13,0,0,0,0,0,0,0,0,0,1,0,0,0,0,0
18028,607,1,55,27,2742,0,11,0,1,0,0,0,0,0,0,0,0,0,0,0,0,0
18139,11375,1,41,25,2546,0,10,0,0,1,0,0,0,0,0,0,0,0,0,0,0,0
18185,1757,1,52,30,2787,0,4,1,0,0,0,0,0,0,0,0,0,0,0,0,0,0
18214,9090,1,65,31,2262,0,3,0,0,0,0,0,0,0,0,1,0,0,0,0,0,0
18232,3662,1,46,21,2232,0,3,0,0,0,0,0,0,0,0,1,0,0,0,0,0,0
18261,7036,1,45,24,1657,0,3,0,0,0,0,0,0,0,0,1,0,0,0,0,0,0
18282,2839,1,51,9,2055,0,2,0,0,0,1,0,0,0,0,0,0,0,0,0,0,0
18295,2328,1,38,2,2717,0,10,0,0,1,0,0,0,0,0,0,0,0,0,0,0,0
18354,1540,1,35,17,2356,0,12,0,0,0,0,0,0,0,0,0,0,1,0,0,0,0
18358,84,1,62,27,2561,0,8,0,0,0,0,0,0,0,0,0,0,0,0,1,0,0
18375,1205,1,28,21,1792,0,2,0,0,0,1,0,0,0,0,0,0,0,0,0,0,0
18407,7958,1,57,25,1473,0,5,0,0,0,0,0,0,0,0,0,0,0,1,0,0,0
18410,2860,1,27,8,1656,0,15,0,0,0,0,0,0,0,1,0,0,0,0,0,0,0
18472,10447,1,60,10,1795,0,7,0,0,0,0,1,0,0,0,0,0,0,0,0,0,0
18499,3373,1,40,25,3515,0,10,0,0,1,0,0,0,0,0,0,0,0,0,0,0,0
18702,2520,1,75,27,1465,0,13,0,0,0,0,0,0,0,0,0,1,0,0,0,0,0
18719,8758,1,29,30,1604,0,7,0,0,0,0,1,0,0,0,0,0,0,0,0,0,0
18738,2758,1,65,10,1537,0,9,0,0,0,0,0,0,1,0,0,0,0,0,0,0,0
18815,8022,1,29,13,3197,0,14,0,0,0,0,0,1,0,0,0,0,0,0,0,0,0
18827,6534,1,56,26,2068,0,9,0,0,0,0,0,0,1,0,0,0,0,0,0,0,0
18833,10849,1,19,10,1980,0,15,0,0,0,0,0,0,0,1,0,0,0,0,0,0,0
18960,3957,1,47,26,2897,0,6,0,0,0,0,0,0,0,0,0,0,0,0,0,1,0
18978,7985,1,50,13,2220,0,14,0,0,0,0,0,1,0,0,0,0,0,0,0,0,0
18979,10920,1,38,30,3044,0,13,0,0,0,0,0,0,0,0,0,1,0,0,0,0,0
18994,6187,1,36,27,2183,0,13,0,0,0,0,0,0,0,0,0,1,0,0,0,0,0
18995,6112,1,32,4,2241,0,4,1,0,0,0,0,0,0,0,0,0,0,0,0,0,0
19107,7162,1,49,30,2139,0,4,1,0,0,0,0,0,0,0,0,0,0,0,0,0,0
19110,1057,1,65,14,1949,0,11,0,1,0,0,0,0,0,0,0,0,0,0,0,0,0
19202,3454,1,34,4,2211,0,13,0,0,0,0,0,0,0,0,0,1,0,0,0,0,0
19299,1383,1,23,3,2626,0,3,0,0,0,0,0,0,0,0,1,0,0,0,0,0,0
19308,6076,1,30,4,1054,0,14,0,0,0,0,0,1,0,0,0,0,0,0,0,0,0
19323,10481,1,18,9,1518,0,2,0,0,0,1,0,0,0,0,0,0,0,0,0,0,0
19337,2550,1,25,2,2058,0,3,0,0,0,0,0,0,0,0,1,0,0,0,0,0,0
19415,9758,1,25,13,3298,0,11,0,1,0,0,0,0,0,0,0,0,0,0,0,0,0
19442,5672,1,38,18,1980,0,2,0,0,0,1,0,0,0,0,0,0,0,0,0,0,0
19486,4160,1,52,22,2360,0,8,0,0,0,0,0,0,0,0,0,0,0,0,1,0,0
19490,9906,1,31,7,635,1,11,0,1,0,0,0,0,0,0,0,0,0,0,0,0,0
19570,3873,1,42,27,2606,0,1,0,0,0,0,0,0,0,0,0,0,0,0,0,0,1
19621,7723,1,65,21,2197,0,13,0,0,0,0,0,0,0,0,0,1,0,0,0,0,0
19724,316,1,66,5,2062,0,11,0,1,0,0,0,0,0,0,0,0,0,0,0,0,0
19762,5363,1,45,29,890,0,9,0,0,0,0,0,0,1,0,0,0,0,0,0,0,0
19764,10018,1,60,2,1510,0,8,0,0,0,0,0,0,0,0,0,0,0,0,1,0,0
19768,7388,1,63,27,2112,0,2,0,0,0,1,0,0,0,0,0,0,0,0,0,0,0
19781,8937,1,38,24,2157,0,6,0,0,0,0,0,0,0,0,0,0,0,0,0,1,0
19803,7440,1,52,24,1523,0,8,0,0,0,0,0,0,0,0,0,0,0,0,1,0,0
19809,8893,1,75,2,1769,0,8,0,0,0,0,0,0,0,0,0,0,0,0,1,0,0
19942,918,1,41,27,1711,0,13,0,0,0,0,0,0,0,0,0,1,0,0,0,0,0
19989,2746,1,60,18,2644,0,2,0,0,0,1,0,0,0,0,0,0,0,0,0,0,0
19994,10610,1,60,13,2268,0,11,0,1,0,0,0,0,0,0,0,0,0,0,0,0,0
20066,5724,1,42,8,2746,0,4,1,0,0,0,0,0,0,0,0,0,0,0,0,0,0
20078,9078,1,32,11,2379,0,11,0,1,0,0,0,0,0,0,0,0,0,0,0,0,0
20112,7146,1,27,9,2805,0,2,0,0,0,1,0,0,0,0,0,0,0,0,0,0,0
20190,6883,1,37,14,2369,0,4,1,0,0,0,0,0,0,0,0,0,0,0,0,0,0
20215,7175,1,34,22,1202,0,2,0,0,0,1,0,0,0,0,0,0,0,0,0,0,0
20378,3223,1,60,26,1592,0,6,0,0,0,0,0,0,0,0,0,0,0,0,0,1,0
20388,7966,1,33,5,2619,0,13,0,0,0,0,0,0,0,0,0,1,0,0,0,0,0
20401,6219,1,19,22,2315,0,8,0,0,0,0,0,0,0,0,0,0,0,0,1,0,0
20480,10321,1,23,4,3151,0,15,0,0,0,0,0,0,0,1,0,0,0,0,0,0,0
20541,9452,1,25,30,2107,0,11,0,1,0,0,0,0,0,0,0,0,0,0,0,0,0
20569,10498,1,70,18,1494,0,2,0,0,0,1,0,0,0,0,0,0,0,0,0,0,0
20774,6749,1,40,27,801,0,12,0,0,0,0,0,0,0,0,0,0,1,0,0,0,0
20790,666,1,27,10,2958,0,2,0,0,0,1,0,0,0,0,0,0,0,0,0,0,0
20798,8461,1,32,8,1829,0,15,0,0,0,0,0,0,0,1,0,0,0,0,0,0,0
20827,10060,1,18,19,1635,0,15,0,0,0,0,0,0,0,1,0,0,0,0,0,0,0
20850,5817,1,37,8,1907,0,2,0,0,0,1,0,0,0,0,0,0,0,0,0,0,0
20874,4215,1,60,16,2072,0,14,0,0,0,0,0,1,0,0,0,0,0,0,0,0,0
20885,677,1,23,8,2742,0,2,0,0,0,1,0,0,0,0,0,0,0,0,0,0,0
20951,7648,1,27,8,1350,0,9,0,0,0,0,0,0,1,0,0,0,0,0,0,0,0
20967,8422,1,48,24,1957,0,3,0,0,0,0,0,0,0,0,1,0,0,0,0,0,0
21041,2570,1,32,13,1073,0,7,0,0,0,0,1,0,0,0,0,0,0,0,0,0,0
21055,10764,1,30,2,2030,0,15,0,0,0,0,0,0,0,1,0,0,0,0,0,0,0
21056,611,1,33,13,2507,0,15,0,0,0,0,0,0,0,1,0,0,0,0,0,0,0
21169,4941,1,40,29,2394,0,3,0,0,0,0,0,0,0,0,1,0,0,0,0,0,0
21176,2746,1,20,18,3087,0,2,0,0,0,1,0,0,0,0,0,0,0,0,0,0,0
21315,1911,1,19,10,2563,0,7,0,0,0,0,1,0,0,0,0,0,0,0,0,0,0
21341,2324,1,65,24,1653,0,3,0,0,0,0,0,0,0,0,1,0,0,0,0,0,0
21349,11166,1,35,18,2033,0,1,0,0,0,0,0,0,0,0,0,0,0,0,0,0,1
21368,4551,1,21,14,2764,0,11,0,1,0,0,0,0,0,0,0,0,0,0,0,0,0
21452,1643,1,30,14,1418,0,4,1,0,0,0,0,0,0,0,0,0,0,0,0,0,0
21710,5940,1,23,28,1704,0,10,0,0,1,0,0,0,0,0,0,0,0,0,0,0,0
21727,2999,1,55,11,2688,0,8,0,0,0,0,0,0,0,0,0,0,0,0,1,0,0
21771,7289,1,20,11,1576,0,11,0,1,0,0,0,0,0,0,0,0,0,0,0,0,0
21783,1214,1,19,1,1849,1,6,0,0,0,0,0,0,0,0,0,0,0,0,0,1,0
21788,11688,1,30,29,2326,0,3,0,0,0,0,0,0,0,0,1,0,0,0,0,0,0
21791,6090,1,21,1,1216,1,4,1,0,0,0,0,0,0,0,0,0,0,0,0,0,0
21792,2200,1,27,13,2090,0,11,0,1,0,0,0,0,0,0,0,0,0,0,0,0,0
21831,7873,1,40,27,2075,0,1,0,0,0,0,0,0,0,0,0,0,0,0,0,0,1
21838,7083,1,40,8,2413,0,15,0,0,0,0,0,0,0,1,0,0,0,0,0,0,0
21890,581,1,33,8,1368,0,9,0,0,0,0,0,0,1,0,0,0,0,0,0,0,0
21942,11783,1,18,4,671,0,13,0,0,0,0,0,0,0,0,0,1,0,0,0,0,0
21947,9782,1,32,21,2381,0,13,0,0,0,0,0,0,0,0,0,1,0,0,0,0,0
21983,10554,1,24,14,1990,0,15,0,0,0,0,0,0,0,1,0,0,0,0,0,0,0
21989,8470,1,57,13,2153,0,8,0,0,0,0,0,0,0,0,0,0,0,0,1,0,0
22062,7788,1,72,25,2029,0,10,0,0,1,0,0,0,0,0,0,0,0,0,0,0,0
22106,5231,1,34,17,1599,0,10,0,0,1,0,0,0,0,0,0,0,0,0,0,0,0
22109,5507,1,65,31,2369,0,3,0,0,0,0,0,0,0,0,1,0,0,0,0,0,0
22123,8087,1,42,2,3031,0,14,0,0,0,0,0,1,0,0,0,0,0,0,0,0,0
22130,6096,1,40,5,1522,0,13,0,0,0,0,0,0,0,0,0,1,0,0,0,0,0
22135,580,1,45,10,1855,0,15,0,0,0,0,0,0,0,1,0,0,0,0,0,0,0
22138,3794,1,24,17,2085,0,14,0,0,0,0,0,1,0,0,0,0,0,0,0,0,0
22155,1103,1,47,22,2080,0,8,0,0,0,0,0,0,0,0,0,0,0,0,1,0,0
22183,1245,1,18,3,1657,0,3,0,0,0,0,0,0,0,0,1,0,0,0,0,0,0
22215,4831,1,32,26,2020,0,9,0,0,0,0,0,0,1,0,0,0,0,0,0,0,0
22374,1500,1,52,12,1782,0,4,1,0,0,0,0,0,0,0,0,0,0,0,0,0,0
22397,3400,1,31,3,2229,0,13,0,0,0,0,0,0,0,0,0,1,0,0,0,0,0
22403,6921,1,49,24,2872,0,6,0,0,0,0,0,0,0,0,0,0,0,0,0,1,0
22420,3922,1,22,10,2748,0,9,0,0,0,0,0,0,1,0,0,0,0,0,0,0,0
22444,9491,1,73,23,1371,0,5,0,0,0,0,0,0,0,0,0,0,0,1,0,0,0
22478,5507,1,29,31,1832,0,3,0,0,0,0,0,0,0,0,1,0,0,0,0,0,0
22616,7375,1,43,20,2647,0,13,0,0,0,0,0,0,0,0,0,1,0,0,0,0,0
22679,4125,1,45,24,1641,0,8,0,0,0,0,0,0,0,0,0,0,0,0,1,0,0
22687,1057,1,28,14,2325,0,11,0,1,0,0,0,0,0,0,0,0,0,0,0,0,0
22794,1131,1,27,31,1782,0,7,0,0,0,0,1,0,0,0,0,0,0,0,0,0,0
22814,512,1,38,3,1323,0,13,0,0,0,0,0,0,0,0,0,1,0,0,0,0,0
22866,7946,1,22,14,1391,0,11,0,1,0,0,0,0,0,0,0,0,0,0,0,0,0
22985,4261,1,40,30,1146,0,8,0,0,0,0,0,0,0,0,0,0,0,0,1,0,0
23142,438,1,40,24,1431,0,3,0,0,0,0,0,0,0,0,1,0,0,0,0,0,0
23183,7554,1,38,9,3046,0,7,0,0,0,0,1,0,0,0,0,0,0,0,0,0,0
23218,9018,1,40,10,2755,0,11,0,1,0,0,0,0,0,0,0,0,0,0,0,0,0
23227,6179,1,47,4,1994,0,15,0,0,0,0,0,0,0,1,0,0,0,0,0,0,0
23233,11504,1,20,22,2285,0,5,0,0,0,0,0,0,0,0,0,0,0,1,0,0,0
23264,9431,1,30,17,1643,0,15,0,0,0,0,0,0,0,1,0,0,0,0,0,0,0
23284,11517,1,24,6,2101,0,2,0,0,0,1,0,0,0,0,0,0,0,0,0,0,0
23294,2688,1,29,18,1518,0,13,0,0,0,0,0,0,0,0,0,1,0,0,0,0,0
23309,10352,1,34,31,2843,0,7,0,0,0,0,1,0,0,0,0,0,0,0,0,0,0
23338,8673,1,53,3,2377,0,13,0,0,0,0,0,0,0,0,0,1,0,0,0,0,0
23433,766,1,25,30,2705,0,11,0,1,0,0,0,0,0,0,0,0,0,0,0,0,0
23568,9479,1,35,18,2297,0,14,0,0,0,0,0,1,0,0,0,0,0,0,0,0,0
23591,2970,1,30,2,2706,0,15,0,0,0,0,0,0,0,1,0,0,0,0,0,0,0
23604,8200,1,42,2,2439,0,3,0,0,0,0,0,0,0,0,1,0,0,0,0,0,0
23680,831,1,65,28,1947,0,10,0,0,1,0,0,0,0,0,0,0,0,0,0,0,0
23716,2834,1,39,25,1853,0,5,0,0,0,0,0,0,0,0,0,0,0,1,0,0,0
23724,9968,1,63,28,2587,0,9,0,0,0,0,0,0,1,0,0,0,0,0,0,0,0
23800,7447,1,27,27,2187,0,2,0,0,0,1,0,0,0,0,0,0,0,0,0,0,0
23890,1532,1,35,27,2196,0,13,0,0,0,0,0,0,0,0,0,1,0,0,0,0,0
23917,8873,1,61,23,1643,0,13,0,0,0,0,0,0,0,0,0,1,0,0,0,0,0
23935,3894,1,27,27,2141,0,5,0,0,0,0,0,0,0,0,0,0,0,1,0,0,0
23942,10799,1,40,2,3234,0,14,0,0,0,0,0,1,0,0,0,0,0,0,0,0,0
24132,6959,1,60,1,2156,1,6,0,0,0,0,0,0,0,0,0,0,0,0,0,1,0
24197,3068,1,44,8,1650,0,9,0,0,0,0,0,0,1,0,0,0,0,0,0,0,0
24275,8787,1,55,28,2768,0,10,0,0,1,0,0,0,0,0,0,0,0,0,0,0,0
24287,9527,1,35,3,2893,0,13,0,0,0,0,0,0,0,0,0,1,0,0,0,0,0
24308,10660,1,52,13,1904,0,8,0,0,0,0,0,0,0,0,0,0,0,0,1,0,0
24392,3709,1,30,3,2044,0,13,0,0,0,0,0,0,0,0,0,1,0,0,0,0,0
24425,8928,1,22,4,3351,0,4,1,0,0,0,0,0,0,0,0,0,0,0,0,0,0
24482,5741,1,40,27,2405,0,1,0,0,0,0,0,0,0,0,0,0,0,0,0,0,1
24488,2989,1,22,11,1492,0,11,0,1,0,0,0,0,0,0,0,0,0,0,0,0,0
24606,9387,1,42,10,1960,0,11,0,1,0,0,0,0,0,0,0,0,0,0,0,0,0
24612,9061,1,24,19,1257,0,15,0,0,0,0,0,0,0,1,0,0,0,0,0,0,0
24613,10120,1,51,27,1739,0,1,0,0,0,0,0,0,0,0,0,0,0,0,0,0,1
24674,7995,1,20,13,2119,0,7,0,0,0,0,1,0,0,0,0,0,0,0,0,0,0
24675,2244,1,37,18,1998,0,14,0,0,0,0,0,1,0,0,0,0,0,0,0,0,0
24680,7687,1,37,3,1963,0,13,0,0,0,0,0,0,0,0,0,1,0,0,0,0,0
24736,6295,1,28,29,2090,0,3,0,0,0,0,0,0,0,0,1,0,0,0,0,0,0
24758,7787,1,45,1,2579,1,3,0,0,0,0,0,0,0,0,1,0,0,0,0,0,0
24835,3996,1,34,19,2366,0,15,0,0,0,0,0,0,0,1,0,0,0,0,0,0,0
24870,5812,1,40,29,1665,0,1,0,0,0,0,0,0,0,0,0,0,0,0,0,0,1
24908,4226,1,34,27,1764,0,8,0,0,0,0,0,0,0,0,0,0,0,0,1,0,0
24913,8863,1,25,2,797,0,14,0,0,0,0,0,1,0,0,0,0,0,0,0,0,0
24942,1859,1,29,6,2229,0,14,0,0,0,0,0,1,0,0,0,0,0,0,0,0,0
24946,6219,1,49,22,3309,0,8,0,0,0,0,0,0,0,0,0,0,0,0,1,0,0
24983,3136,1,36,29,1307,0,12,0,0,0,0,0,0,0,0,0,0,1,0,0,0,0
25015,10578,1,25,9,1295,0,2,0,0,0,1,0,0,0,0,0,0,0,0,0,0,0
25085,4787,1,49,10,2747,0,9,0,0,0,0,0,0,1,0,0,0,0,0,0,0,0
25086,2038,1,30,18,1817,0,1,0,0,0,0,0,0,0,0,0,0,0,0,0,0,1
25115,2203,1,53,30,1761,0,13,0,0,0,0,0,0,0,0,0,1,0,0,0,0,0
25121,7447,1,24,27,1723,0,2,0,0,0,1,0,0,0,0,0,0,0,0,0,0,0
25147,1797,1,62,20,2155,0,13,0,0,0,0,0,0,0,0,0,1,0,0,0,0,0
25168,4940,1,28,23,1142,0,2,0,0,0,1,0,0,0,0,0,0,0,0,0,0,0
25277,1061,1,60,26,1840,0,9,0,0,0,0,0,0,1,0,0,0,0,0,0,0,0
25306,1209,1,21,2,1782,0,14,0,0,0,0,0,1,0,0,0,0,0,0,0,0,0
25376,363,1,42,6,516,0,2,0,0,0,1,0,0,0,0,0,0,0,0,0,0,0
25426,11316,1,38,2,1993,0,10,0,0,1,0,0,0,0,0,0,0,0,0,0,0,0
25440,3778,1,65,19,2320,0,2,0,0,0,1,0,0,0,0,0,0,0,0,0,0,0
25447,5023,1,56,13,1617,0,14,0,0,0,0,0,1,0,0,0,0,0,0,0,0,0
25527,5332,1,56,22,2776,0,5,0,0,0,0,0,0,0,0,0,0,0,1,0,0,0
25533,11609,1,64,10,2451,0,15,0,0,0,0,0,0,0,1,0,0,0,0,0,0,0
25540,1552,1,65,15,2289,0,14,0,0,0,0,0,1,0,0,0,0,0,0,0,0,0
25563,5642,1,73,29,1981,0,3,0,0,0,0,0,0,0,0,1,0,0,0,0,0,0
25619,316,1,32,5,1723,0,11,0,1,0,0,0,0,0,0,0,0,0,0,0,0,0
25626,11174,1,34,22,2437,0,7,0,0,0,0,1,0,0,0,0,0,0,0,0,0,0
25674,1982,1,20,28,1991,0,13,0,0,0,0,0,0,0,0,0,1,0,0,0,0,0
25699,9918,1,53,16,664,0,2,0,0,0,1,0,0,0,0,0,0,0,0,0,0,0
25708,9572,1,24,17,1374,0,12,0,0,0,0,0,0,0,0,0,0,1,0,0,0,0
25915,9973,1,19,21,2074,0,2,0,0,0,1,0,0,0,0,0,0,0,0,0,0,0
25996,5673,1,27,27,1989,0,2,0,0,0,1,0,0,0,0,0,0,0,0,0,0,0
26030,1094,1,20,4,1823,0,4,1,0,0,0,0,0,0,0,0,0,0,0,0,0,0
26122,3959,1,50,29,2593,0,3,0,0,0,0,0,0,0,0,1,0,0,0,0,0,0
26148,2183,1,38,1,2143,1,6,0,0,0,0,0,0,0,0,0,0,0,0,0,1,0
26277,9774,1,35,11,3238,0,8,0,0,0,0,0,0,0,0,0,0,0,0,1,0,0
26338,2750,1,42,12,1925,0,15,0,0,0,0,0,0,0,1,0,0,0,0,0,0,0
26357,6689,1,30,10,2686,0,9,0,0,0,0,0,0,1,0,0,0,0,0,0,0,0
26377,11684,1,23,10,1622,0,7,0,0,0,0,1,0,0,0,0,0,0,0,0,0,0
26414,1982,1,46,28,1274,0,13,0,0,0,0,0,0,0,0,0,1,0,0,0,0,0
26454,8897,1,25,3,1234,0,13,0,0,0,0,0,0,0,0,0,1,0,0,0,0,0
26461,6923,1,40,31,1871,0,3,0,0,0,0,0,0,0,0,1,0,0,0,0,0,0
26518,11889,1,29,9,1761,0,2,0,0,0,1,0,0,0,0,0,0,0,0,0,0,0
26524,10723,1,51,30,2276,0,13,0,0,0,0,0,0,0,0,0,1,0,0,0,0,0
26565,6295,1,58,29,2182,0,3,0,0,0,0,0,0,0,0,1,0,0,0,0,0,0
26625,8041,1,49,11,2604,0,11,0,1,0,0,0,0,0,0,0,0,0,0,0,0,0
26684,4036,1,22,16,1950,0,2,0,0,0,1,0,0,0,0,0,0,0,0,0,0,0
26765,4698,1,58,30,1880,0,4,1,0,0,0,0,0,0,0,0,0,0,0,0,0,0
26771,7479,1,52,5,1403,0,15,0,0,0,0,0,0,0,1,0,0,0,0,0,0,0
26800,14,1,30,23,1369,0,5,0,0,0,0,0,0,0,0,0,0,0,1,0,0,0
26804,5329,1,58,10,2908,0,9,0,0,0,0,0,0,1,0,0,0,0,0,0,0,0
26859,11430,1,25,8,2076,0,12,0,0,0,0,0,0,0,0,0,0,1,0,0,0,0
26881,8222,1,48,23,1924,0,5,0,0,0,0,0,0,0,0,0,0,0,1,0,0,0
26885,9192,1,27,18,2502,0,14,0,0,0,0,0,1,0,0,0,0,0,0,0,0,0
26898,7973,1,48,3,1687,0,13,0,0,0,0,0,0,0,0,0,1,0,0,0,0,0
26905,6563,1,50,4,2675,0,10,0,0,1,0,0,0,0,0,0,0,0,0,0,0,0
27038,8139,1,24,22,1696,0,2,0,0,0,1,0,0,0,0,0,0,0,0,0,0,0
27042,3943,1,29,17,1805,0,10,0,0,1,0,0,0,0,0,0,0,0,0,0,0,0
27077,4536,1,41,28,2366,0,10,0,0,1,0,0,0,0,0,0,0,0,0,0,0,0
27081,7100,1,35,28,1651,0,13,0,0,0,0,0,0,0,0,0,1,0,0,0,0,0
27148,3923,1,18,4,1750,0,10,0,0,1,0,0,0,0,0,0,0,0,0,0,0,0
27161,10032,1,26,2,2601,0,14,0,0,0,0,0,1,0,0,0,0,0,0,0,0,0
27236,1383,1,67,3,1193,0,3,0,0,0,0,0,0,0,0,1,0,0,0,0,0,0
27241,3547,1,70,4,2149,0,10,0,0,1,0,0,0,0,0,0,0,0,0,0,0,0
27244,8857,1,42,4,2507,0,14,0,0,0,0,0,1,0,0,0,0,0,0,0,0,0
27282,4698,1,20,30,1871,0,4,1,0,0,0,0,0,0,0,0,0,0,0,0,0,0
27330,10078,1,44,29,1986,0,3,0,0,0,0,0,0,0,0,1,0,0,0,0,0,0
27363,4010,1,34,3,1608,0,3,0,0,0,0,0,0,0,0,1,0,0,0,0,0,0
27563,7868,1,37,3,1739,0,13,0,0,0,0,0,0,0,0,0,1,0,0,0,0,0
27566,9443,1,34,25,3804,0,9,0,0,0,0,0,0,1,0,0,0,0,0,0,0,0
27583,9803,1,36,14,2306,0,15,0,0,0,0,0,0,0,1,0,0,0,0,0,0,0
27603,4747,1,33,6,2393,0,11,0,1,0,0,0,0,0,0,0,0,0,0,0,0,0
27619,7747,1,28,21,2378,0,2,0,0,0,1,0,0,0,0,0,0,0,0,0,0,0
27630,6978,1,75,20,2091,0,4,1,0,0,0,0,0,0,0,0,0,0,0,0,0,0
27633,2203,1,23,30,1761,0,13,0,0,0,0,0,0,0,0,0,1,0,0,0,0,0
27637,11243,1,63,8,1312,0,15,0,0,0,0,0,0,0,1,0,0,0,0,0,0,0
27692,758,1,38,17,1858,0,1,0,0,0,0,0,0,0,0,0,0,0,0,0,0,1
27712,5654,1,32,8,2153,0,9,0,0,0,0,0,0,1,0,0,0,0,0,0,0,0
27722,7702,1,85,24,1346,0,3,0,0,0,0,0,0,0,0,1,0,0,0,0,0,0
27782,8408,1,30,2,2440,0,3,0,0,0,0,0,0,0,0,1,0,0,0,0,0,0
27801,7995,1,42,13,2232,0,7,0,0,0,0,1,0,0,0,0,0,0,0,0,0,0
27864,316,1,30,5,716,0,11,0,1,0,0,0,0,0,0,0,0,0,0,0,0,0
27889,2816,1,36,14,2241,0,4,1,0,0,0,0,0,0,0,0,0,0,0,0,0,0
27903,2440,1,38,15,2940,0,10,0,0,1,0,0,0,0,0,0,0,0,0,0,0,0
27911,5429,1,55,13,2791,0,8,0,0,0,0,0,0,0,0,0,0,0,0,1,0,0
27928,6025,1,59,30,2517,0,8,0,0,0,0,0,0,0,0,0,0,0,0,1,0,0
27954,6514,1,35,23,3313,0,1,0,0,0,0,0,0,0,0,0,0,0,0,0,0,1
27990,4771,1,22,7,2538,1,2,0,0,0,1,0,0,0,0,0,0,0,0,0,0,0
28009,826,1,70,30,1577,0,11,0,1,0,0,0,0,0,0,0,0,0,0,0,0,0
28015,7478,1,62,27,2699,0,11,0,1,0,0,0,0,0,0,0,0,0,0,0,0,0
28028,4862,1,36,5,1895,0,14,0,0,0,0,0,1,0,0,0,0,0,0,0,0,0
28034,734,1,48,3,1723,0,13,0,0,0,0,0,0,0,0,0,1,0,0,0,0,0
28058,9017,1,30,9,734,0,2,0,0,0,1,0,0,0,0,0,0,0,0,0,0,0
28161,6174,1,40,9,2176,0,7,0,0,0,0,1,0,0,0,0,0,0,0,0,0,0
28209,8305,1,40,18,2117,0,2,0,0,0,1,0,0,0,0,0,0,0,0,0,0,0
28274,11458,1,58,29,1905,0,9,0,0,0,0,0,0,1,0,0,0,0,0,0,0,0
28307,11643,1,37,27,3027,0,5,0,0,0,0,0,0,0,0,0,0,0,1,0,0,0
28374,10737,1,31,6,1931,0,11,0,1,0,0,0,0,0,0,0,0,0,0,0,0,0
28421,10060,1,62,19,1586,0,15,0,0,0,0,0,0,0,1,0,0,0,0,0,0,0
28425,10885,1,45,14,1877,0,11,0,1,0,0,0,0,0,0,0,0,0,0,0,0,0
28453,6202,1,61,1,1651,1,13,0,0,0,0,0,0,0,0,0,1,0,0,0,0,0
28537,5263,1,24,22,1659,0,5,0,0,0,0,0,0,0,0,0,0,0,1,0,0,0
28610,8369,1,33,13,2223,0,7,0,0,0,0,1,0,0,0,0,0,0,0,0,0,0
28637,11422,1,52,28,1263,0,13,0,0,0,0,0,0,0,0,0,1,0,0,0,0,0
28647,7611,1,56,25,1713,0,5,0,0,0,0,0,0,0,0,0,0,0,1,0,0,0
28697,7936,1,29,5,1851,0,15,0,0,0,0,0,0,0,1,0,0,0,0,0,0,0
28737,9344,1,37,17,2195,0,10,0,0,1,0,0,0,0,0,0,0,0,0,0,0,0
28768,2957,1,37,18,2218,0,14,0,0,0,0,0,1,0,0,0,0,0,0,0,0,0
28814,3441,1,44,1,2172,1,13,0,0,0,0,0,0,0,0,0,1,0,0,0,0,0
28822,10583,1,48,2,2232,0,10,0,0,1,0,0,0,0,0,0,0,0,0,0,0,0
28823,3838,1,18,28,2214,0,10,0,0,1,0,0,0,0,0,0,0,0,0,0,0,0
29035,4563,1,60,23,3172,0,5,0,0,0,0,0,0,0,0,0,0,0,1,0,0,0
29059,4652,1,58,19,1620,0,2,0,0,0,1,0,0,0,0,0,0,0,0,0,0,0
29102,10031,1,40,28,2636,0,13,0,0,0,0,0,0,0,0,0,1,0,0,0,0,0
29127,5332,1,23,22,2092,0,5,0,0,0,0,0,0,0,0,0,0,0,1,0,0,0
29161,9651,1,60,6,1758,0,14,0,0,0,0,0,1,0,0,0,0,0,0,0,0,0
29174,9345,1,60,23,1950,0,5,0,0,0,0,0,0,0,0,0,0,0,1,0,0,0
29263,10074,1,75,29,1495,0,1,0,0,0,0,0,0,0,0,0,0,0,0,0,0,1
29277,1433,1,40,5,1527,0,15,0,0,0,0,0,0,0,1,0,0,0,0,0,0,0
29361,4700,1,56,24,2252,0,8,0,0,0,0,0,0,0,0,0,0,0,0,1,0,0
29420,10884,1,55,19,2266,0,2,0,0,0,1,0,0,0,0,0,0,0,0,0,0,0
29512,8608,1,59,4,3147,0,14,0,0,0,0,0,1,0,0,0,0,0,0,0,0,0
29525,4747,1,70,6,1386,0,11,0,1,0,0,0,0,0,0,0,0,0,0,0,0,0
29582,10746,1,65,8,1702,0,12,0,0,0,0,0,0,0,0,0,0,1,0,0,0,0
29619,1606,1,44,5,2599,0,15,0,0,0,0,0,0,0,1,0,0,0,0,0,0,0
29623,2860,1,53,8,2749,0,15,0,0,0,0,0,0,0,1,0,0,0,0,0,0,0
29626,6119,1,23,8,3611,0,15,0,0,0,0,0,0,0,1,0,0,0,0,0,0,0
29628,1722,1,37,16,3154,0,14,0,0,0,0,0,1,0,0,0,0,0,0,0,0,0
29655,5024,1,20,22,2265,0,2,0,0,0,1,0,0,0,0,0,0,0,0,0,0,0
29675,9973,1,54,21,1460,0,2,0,0,0,1,0,0,0,0,0,0,0,0,0,0,0
29705,2881,1,37,5,1648,0,11,0,1,0,0,0,0,0,0,0,0,0,0,0,0,0
29711,134,1,70,2,1945,0,10,0,0,1,0,0,0,0,0,0,0,0,0,0,0,0
29752,1433,1,20,5,1292,0,15,0,0,0,0,0,0,0,1,0,0,0,0,0,0,0
29781,8139,1,55,22,1599,0,2,0,0,0,1,0,0,0,0,0,0,0,0,0,0,0
29866,11050,1,40,13,1768,0,8,0,0,0,0,0,0,0,0,0,0,0,0,1,0,0
29901,4738,1,60,22,2050,0,8,0,0,0,0,0,0,0,0,0,0,0,0,1,0,0
29909,580,1,85,10,2249,0,15,0,0,0,0,0,0,0,1,0,0,0,0,0,0,0
29953,9530,1,30,22,2034,0,5,0,0,0,0,0,0,0,0,0,0,0,1,0,0,0
29960,8759,1,23,21,1458,0,2,0,0,0,1,0,0,0,0,0,0,0,0,0,0,0
29984,3115,1,32,5,2077,0,14,0,0,0,0,0,1,0,0,0,0,0,0,0,0,0
29998,567,1,49,8,1970,0,12,0,0,0,0,0,0,0,0,0,0,1,0,0,0,0
30070,11371,1,26,18,786,0,13,0,0,0,0,0,0,0,0,0,1,0,0,0,0,0
30121,5596,1,53,17,1457,0,1,0,0,0,0,0,0,0,0,0,0,0,0,0,0,1
30429,3267,1,38,2,1980,0,10,0,0,1,0,0,0,0,0,0,0,0,0,0,0,0
30543,2679,1,58,27,2421,0,11,0,1,0,0,0,0,0,0,0,0,0,0,0,0,0
30556,11901,1,61,20,2139,0,4,1,0,0,0,0,0,0,0,0,0,0,0,0,0,0
30566,10447,1,20,10,1160,0,7,0,0,0,0,1,0,0,0,0,0,0,0,0,0,0
30585,121,1,55,1,1929,1,6,0,0,0,0,0,0,0,0,0,0,0,0,0,1,0
30590,10967,1,24,13,1252,0,11,0,1,0,0,0,0,0,0,0,0,0,0,0,0,0
30597,849,1,47,22,2066,0,8,0,0,0,0,0,0,0,0,0,0,0,0,1,0,0
30622,10476,1,45,29,1486,0,3,0,0,0,0,0,0,0,0,1,0,0,0,0,0,0
30626,1394,1,29,6,2560,0,5,0,0,0,0,0,0,0,0,0,0,0,1,0,0,0
30689,7930,1,47,27,1319,0,5,0,0,0,0,0,0,0,0,0,0,0,1,0,0,0
30721,3166,1,24,27,2140,0,1,0,0,0,0,0,0,0,0,0,0,0,0,0,0,1
30748,914,1,60,25,2219,0,1,0,0,0,0,0,0,0,0,0,0,0,0,0,0,1
30773,11118,1,28,26,1561,0,6,0,0,0,0,0,0,0,0,0,0,0,0,0,1,0
30808,6993,1,54,2,2643,0,8,0,0,0,0,0,0,0,0,0,0,0,0,1,0,0
30871,7138,1,18,11,1606,0,11,0,1,0,0,0,0,0,0,0,0,0,0,0,0,0
30948,9564,1,55,25,2863,0,1,0,0,0,0,0,0,0,0,0,0,0,0,0,0,1
30962,6297,1,36,26,1717,0,6,0,0,0,0,0,0,0,0,0,0,0,0,0,1,0
30971,3761,1,29,10,2459,0,2,0,0,0,1,0,0,0,0,0,0,0,0,0,0,0
30986,1557,1,19,6,2260,0,2,0,0,0,1,0,0,0,0,0,0,0,0,0,0,0
31083,9819,1,30,27,1934,0,2,0,0,0,1,0,0,0,0,0,0,0,0,0,0,0
31096,7478,1,30,27,2133,0,11,0,1,0,0,0,0,0,0,0,0,0,0,0,0,0
31108,11252,1,35,17,2367,0,14,0,0,0,0,0,1,0,0,0,0,0,0,0,0,0
31161,8759,1,19,21,2154,0,2,0,0,0,1,0,0,0,0,0,0,0,0,0,0,0
31167,10501,1,55,4,2309,0,10,0,0,1,0,0,0,0,0,0,0,0,0,0,0,0
31246,9239,1,46,8,3480,0,12,0,0,0,0,0,0,0,0,0,0,1,0,0,0,0
31278,10260,1,67,26,1977,0,9,0,0,0,0,0,0,1,0,0,0,0,0,0,0,0
31295,8885,1,33,17,1479,0,14,0,0,0,0,0,1,0,0,0,0,0,0,0,0,0
31313,3366,1,45,25,2354,0,9,0,0,0,0,0,0,1,0,0,0,0,0,0,0,0
31355,1172,1,40,24,1762,0,8,0,0,0,0,0,0,0,0,0,0,0,0,1,0,0
31390,7018,1,50,30,1456,0,15,0,0,0,0,0,0,0,1,0,0,0,0,0,0,0
31422,9565,1,39,22,2080,0,2,0,0,0,1,0,0,0,0,0,0,0,0,0,0,0
31552,8997,1,27,2,1297,0,3,0,0,0,0,0,0,0,0,1,0,0,0,0,0,0
31576,4054,1,19,12,2834,0,15,0,0,0,0,0,0,0,1,0,0,0,0,0,0,0
31839,2688,1,62,18,1682,0,13,0,0,0,0,0,0,0,0,0,1,0,0,0,0,0
31877,9584,1,47,5,2367,0,11,0,1,0,0,0,0,0,0,0,0,0,0,0,0,0
31985,502,1,26,7,1234,1,11,0,1,0,0,0,0,0,0,0,0,0,0,0,0,0
32012,3904,1,55,8,2462,0,2,0,0,0,1,0,0,0,0,0,0,0,0,0,0,0
32023,6346,1,40,13,2387,0,7,0,0,0,0,1,0,0,0,0,0,0,0,0,0,0
32027,1418,1,60,3,2198,0,13,0,0,0,0,0,0,0,0,0,1,0,0,0,0,0
32082,9706,1,40,30,3031,0,15,0,0,0,0,0,0,0,1,0,0,0,0,0,0,0
32095,6259,1,29,31,1506,0,7,0,0,0,0,1,0,0,0,0,0,0,0,0,0,0
32241,1220,1,28,11,1403,0,8,0,0,0,0,0,0,0,0,0,0,0,0,1,0,0
32254,2763,1,20,10,1714,0,2,0,0,0,1,0,0,0,0,0,0,0,0,0,0,0
32305,1622,1,29,17,1739,0,14,0,0,0,0,0,1,0,0,0,0,0,0,0,0,0
32318,9111,1,42,10,2028,0,15,0,0,0,0,0,0,0,1,0,0,0,0,0,0,0
32340,3922,1,45,10,2905,0,9,0,0,0,0,0,0,1,0,0,0,0,0,0,0,0
32405,10180,1,25,13,2059,0,7,0,0,0,0,1,0,0,0,0,0,0,0,0,0,0
32472,5425,1,53,4,3297,0,15,0,0,0,0,0,0,0,1,0,0,0,0,0,0,0
32490,1521,1,35,29,2559,0,12,0,0,0,0,0,0,0,0,0,0,1,0,0,0,0
32500,10180,1,55,13,1710,0,7,0,0,0,0,1,0,0,0,0,0,0,0,0,0,0
32607,10527,1,56,30,1420,0,13,0,0,0,0,0,0,0,0,0,1,0,0,0,0,0
32609,11548,1,41,24,2044,0,13,0,0,0,0,0,0,0,0,0,1,0,0,0,0,0
32631,3037,1,29,17,1955,0,14,0,0,0,0,0,1,0,0,0,0,0,0,0,0,0
32643,5047,1,43,19,2129,0,2,0,0,0,1,0,0,0,0,0,0,0,0,0,0,0
32688,2366,1,24,17,2264,0,15,0,0,0,0,0,0,0,1,0,0,0,0,0,0,0
32771,9519,1,22,10,1559,0,11,0,1,0,0,0,0,0,0,0,0,0,0,0,0,0
32774,7447,1,67,27,1598,0,2,0,0,0,1,0,0,0,0,0,0,0,0,0,0,0
32807,6204,1,19,23,1812,0,2,0,0,0,1,0,0,0,0,0,0,0,0,0,0,0
32937,10306,1,18,15,2085,0,14,0,0,0,0,0,1,0,0,0,0,0,0,0,0,0
33069,5425,1,22,4,3146,0,15,0,0,0,0,0,0,0,1,0,0,0,0,0,0,0
33083,10950,1,38,19,2362,0,15,0,0,0,0,0,0,0,1,0,0,0,0,0,0,0
33090,10002,1,69,21,2222,0,2,0,0,0,1,0,0,0,0,0,0,0,0,0,0,0
33131,6918,1,20,20,1627,0,13,0,0,0,0,0,0,0,0,0,1,0,0,0,0,0
33256,1089,1,37,9,2106,0,7,0,0,0,0,1,0,0,0,0,0,0,0,0,0,0
33267,1840,1,55,29,2261,0,3,0,0,0,0,0,0,0,0,1,0,0,0,0,0,0
33299,4388,1,25,27,2330,0,5,0,0,0,0,0,0,0,0,0,0,0,1,0,0,0
33314,5397,1,32,20,1842,0,4,1,0,0,0,0,0,0,0,0,0,0,0,0,0,0
33356,3475,1,65,23,2201,0,2,0,0,0,1,0,0,0,0,0,0,0,0,0,0,0
33357,1804,1,22,28,1072,0,13,0,0,0,0,0,0,0,0,0,1,0,0,0,0,0
33465,5713,1,43,30,2246,0,4,1,0,0,0,0,0,0,0,0,0,0,0,0,0,0
33477,4141,1,20,1,1018,1,13,0,0,0,0,0,0,0,0,0,1,0,0,0,0,0
33706,6100,1,36,2,2696,0,10,0,0,1,0,0,0,0,0,0,0,0,0,0,0,0
33785,8689,1,60,13,1682,0,14,0,0,0,0,0,1,0,0,0,0,0,0,0,0,0
33884,6032,1,20,25,2754,0,1,0,0,0,0,0,0,0,0,0,0,0,0,0,0,1
33946,10321,1,60,4,2186,0,15,0,0,0,0,0,0,0,1,0,0,0,0,0,0,0
34032,5713,1,20,30,3089,0,4,1,0,0,0,0,0,0,0,0,0,0,0,0,0,0
34060,3981,1,19,30,1354,0,15,0,0,0,0,0,0,0,1,0,0,0,0,0,0,0
34088,9596,1,40,10,1956,0,7,0,0,0,0,1,0,0,0,0,0,0,0,0,0,0
34089,335,1,40,2,2615,0,3,0,0,0,0,0,0,0,0,1,0,0,0,0,0,0
34252,5511,1,65,10,1860,0,7,0,0,0,0,1,0,0,0,0,0,0,0,0,0,0
34266,5115,1,47,25,2707,0,10,0,0,1,0,0,0,0,0,0,0,0,0,0,0,0
34330,2136,1,49,14,1757,0,15,0,0,0,0,0,0,0,1,0,0,0,0,0,0,0
34362,4904,1,31,19,1408,0,2,0,0,0,1,0,0,0,0,0,0,0,0,0,0,0
34377,7172,1,52,27,3053,0,13,0,0,0,0,0,0,0,0,0,1,0,0,0,0,0
34424,3284,1,59,18,2895,0,1,0,0,0,0,0,0,0,0,0,0,0,0,0,0,1
34428,5347,1,38,6,2514,0,11,0,1,0,0,0,0,0,0,0,0,0,0,0,0,0
34438,3983,1,43,9,2124,0,7,0,0,0,0,1,0,0,0,0,0,0,0,0,0,0
34523,11782,1,24,22,1720,0,8,0,0,0,0,0,0,0,0,0,0,0,0,1,0,0
34618,10578,1,52,9,1431,0,2,0,0,0,1,0,0,0,0,0,0,0,0,0,0,0
34672,8361,1,42,20,2824,0,13,0,0,0,0,0,0,0,0,0,1,0,0,0,0,0
34678,5384,1,45,30,2005,0,4,1,0,0,0,0,0,0,0,0,0,0,0,0,0,0
34690,8478,1,35,13,1628,0,7,0,0,0,0,1,0,0,0,0,0,0,0,0,0,0
34756,10738,1,55,26,2730,0,6,0,0,0,0,0,0,0,0,0,0,0,0,0,1,0
34768,11531,1,34,4,2015,0,10,0,0,1,0,0,0,0,0,0,0,0,0,0,0,0
34770,5384,1,20,30,1816,0,4,1,0,0,0,0,0,0,0,0,0,0,0,0,0,0
34801,5989,1,26,27,1630,0,11,0,1,0,0,0,0,0,0,0,0,0,0,0,0,0
34807,2395,1,40,26,2349,0,6,0,0,0,0,0,0,0,0,0,0,0,0,0,1,0
34819,7932,1,45,29,1292,0,3,0,0,0,0,0,0,0,0,1,0,0,0,0,0,0
34832,9136,1,55,6,2695,0,11,0,1,0,0,0,0,0,0,0,0,0,0,0,0,0
34853,3317,1,62,11,2146,0,11,0,1,0,0,0,0,0,0,0,0,0,0,0,0,0
34913,7146,1,23,9,2080,0,2,0,0,0,1,0,0,0,0,0,0,0,0,0,0,0
34930,8673,1,25,3,1879,0,13,0,0,0,0,0,0,0,0,0,1,0,0,0,0,0
34943,3064,1,48,1,1518,1,3,0,0,0,0,0,0,0,0,1,0,0,0,0,0,0
34954,11670,1,42,14,1258,0,4,1,0,0,0,0,0,0,0,0,0,0,0,0,0,0
34996,11027,1,53,4,1755,0,4,1,0,0,0,0,0,0,0,0,0,0,0,0,0,0
35066,5270,1,27,10,2229,0,9,0,0,0,0,0,0,1,0,0,0,0,0,0,0,0
35178,6918,1,28,20,1627,0,13,0,0,0,0,0,0,0,0,0,1,0,0,0,0,0
35216,7138,1,45,11,2489,0,11,0,1,0,0,0,0,0,0,0,0,0,0,0,0,0
35237,9938,1,65,23,1962,0,5,0,0,0,0,0,0,0,0,0,0,0,1,0,0,0
35249,415,1,40,31,2047,0,7,0,0,0,0,1,0,0,0,0,0,0,0,0,0,0
35265,11900,1,21,26,2085,0,9,0,0,0,0,0,0,1,0,0,0,0,0,0,0,0
35388,9061,1,20,19,720,0,15,0,0,0,0,0,0,0,1,0,0,0,0,0,0,0
35391,651,1,47,4,2251,0,14,0,0,0,0,0,1,0,0,0,0,0,0,0,0,0
35398,7708,1,41,25,2838,0,10,0,0,1,0,0,0,0,0,0,0,0,0,0,0,0
35415,7177,1,35,12,2567,0,4,1,0,0,0,0,0,0,0,0,0,0,0,0,0,0
35434,5355,1,42,19,1611,0,15,0,0,0,0,0,0,0,1,0,0,0,0,0,0,0
35449,10898,1,70,8,2076,0,4,1,0,0,0,0,0,0,0,0,0,0,0,0,0,0
35563,8155,1,57,4,2168,0,10,0,0,1,0,0,0,0,0,0,0,0,0,0,0,0
35684,10607,1,24,13,2181,0,7,0,0,0,0,1,0,0,0,0,0,0,0,0,0,0
35693,5024,1,18,22,2074,0,2,0,0,0,1,0,0,0,0,0,0,0,0,0,0,0
35714,3376,1,65,6,1587,0,11,0,1,0,0,0,0,0,0,0,0,0,0,0,0,0
35801,10974,1,67,21,3873,0,13,0,0,0,0,0,0,0,0,0,1,0,0,0,0,0
35809,372,1,57,17,2569,0,14,0,0,0,0,0,1,0,0,0,0,0,0,0,0,0
35860,11684,1,54,10,1833,0,7,0,0,0,0,1,0,0,0,0,0,0,0,0,0,0
35867,2523,1,37,3,2936,0,10,0,0,1,0,0,0,0,0,0,0,0,0,0,0,0
36018,4373,1,85,5,1685,0,13,0,0,0,0,0,0,0,0,0,1,0,0,0,0,0
36024,7771,1,51,17,1365,0,12,0,0,0,0,0,0,0,0,0,0,1,0,0,0,0
36025,2570,1,60,13,1275,0,7,0,0,0,0,1,0,0,0,0,0,0,0,0,0,0
36062,5237,1,68,25,1954,0,5,0,0,0,0,0,0,0,0,0,0,0,1,0,0,0
36067,4877,1,82,25,2471,0,10,0,0,1,0,0,0,0,0,0,0,0,0,0,0,0
36124,607,1,27,27,2816,0,11,0,1,0,0,0,0,0,0,0,0,0,0,0,0,0
36144,4771,1,47,7,2857,1,2,0,0,0,1,0,0,0,0,0,0,0,0,0,0,0
36158,5760,1,62,16,1310,0,2,0,0,0,1,0,0,0,0,0,0,0,0,0,0,0
36185,5541,1,27,2,1986,0,10,0,0,1,0,0,0,0,0,0,0,0,0,0,0,0
36236,778,1,40,27,1820,0,13,0,0,0,0,0,0,0,0,0,1,0,0,0,0,0
36300,4232,1,38,27,450,0,12,0,0,0,0,0,0,0,0,0,0,1,0,0,0,0
36318,6650,1,25,27,1280,0,12,0,0,0,0,0,0,0,0,0,0,1,0,0,0,0
36323,7411,1,37,18,1455,0,13,0,0,0,0,0,0,0,0,0,1,0,0,0,0,0
36379,550,1,37,4,2428,0,10,0,0,1,0,0,0,0,0,0,0,0,0,0,0,0
36423,2704,1,40,14,2549,0,11,0,1,0,0,0,0,0,0,0,0,0,0,0,0,0
36437,11150,1,39,8,2465,0,2,0,0,0,1,0,0,0,0,0,0,0,0,0,0,0
36471,1464,1,35,14,2371,0,15,0,0,0,0,0,0,0,1,0,0,0,0,0,0,0
36485,3912,1,30,25,2471,0,1,0,0,0,0,0,0,0,0,0,0,0,0,0,0,1
36489,6467,1,23,1,3026,1,3,0,0,0,0,0,0,0,0,1,0,0,0,0,0,0
36564,8887,1,19,27,1841,0,13,0,0,0,0,0,0,0,0,0,1,0,0,0,0,0
36591,9387,1,80,10,1538,0,11,0,1,0,0,0,0,0,0,0,0,0,0,0,0,0
36671,781,1,38,14,1742,0,4,1,0,0,0,0,0,0,0,0,0,0,0,0,0,0
36692,3124,1,38,27,1115,0,6,0,0,0,0,0,0,0,0,0,0,0,0,0,1,0
36709,10620,1,25,2,2242,0,10,0,0,1,0,0,0,0,0,0,0,0,0,0,0,0
36724,10607,1,55,13,2393,0,7,0,0,0,0,1,0,0,0,0,0,0,0,0,0,0
36732,10484,1,45,30,2555,0,8,0,0,0,0,0,0,0,0,0,0,0,0,1,0,0
36772,10583,1,21,2,1928,0,10,0,0,1,0,0,0,0,0,0,0,0,0,0,0,0
36796,6004,1,34,4,2086,0,14,0,0,0,0,0,1,0,0,0,0,0,0,0,0,0
36824,7506,1,41,30,2498,0,4,1,0,0,0,0,0,0,0,0,0,0,0,0,0,0
36836,9876,1,29,19,2233,0,15,0,0,0,0,0,0,0,1,0,0,0,0,0,0,0
36888,1163,1,27,18,2735,0,2,0,0,0,1,0,0,0,0,0,0,0,0,0,0,0
36963,5373,1,58,29,474,0,9,0,0,0,0,0,0,1,0,0,0,0,0,0,0,0
36997,5429,1,24,13,1487,0,8,0,0,0,0,0,0,0,0,0,0,0,0,1,0,0
37007,5722,1,50,23,3866,0,1,0,0,0,0,0,0,0,0,0,0,0,0,0,0,1
37009,7101,1,48,1,3482,1,4,1,0,0,0,0,0,0,0,0,0,0,0,0,0,0
37150,1035,1,44,7,1743,1,2,0,0,0,1,0,0,0,0,0,0,0,0,0,0,0
37158,8589,1,33,15,2410,0,10,0,0,1,0,0,0,0,0,0,0,0,0,0,0,0
37177,7387,1,30,26,2576,0,9,0,0,0,0,0,0,1,0,0,0,0,0,0,0,0
37203,6040,1,67,22,1752,0,2,0,0,0,1,0,0,0,0,0,0,0,0,0,0,0
37272,3923,1,22,4,1606,0,10,0,0,1,0,0,0,0,0,0,0,0,0,0,0,0
37297,11784,1,25,2,2574,0,8,0,0,0,0,0,0,0,0,0,0,0,0,1,0,0
37310,5827,1,31,29,1722,0,1,0,0,0,0,0,0,0,0,0,0,0,0,0,0,1
37381,795,1,26,6,1720,0,14,0,0,0,0,0,1,0,0,0,0,0,0,0,0,0
37392,1086,1,35,9,2506,0,15,0,0,0,0,0,0,0,1,0,0,0,0,0,0,0
37417,7788,1,39,25,2530,0,10,0,0,1,0,0,0,0,0,0,0,0,0,0,0,0
37442,4587,1,28,6,1833,0,11,0,1,0,0,0,0,0,0,0,0,0,0,0,0,0
37453,4251,1,18,4,601,0,14,0,0,0,0,0,1,0,0,0,0,0,0,0,0,0
37504,907,1,39,8,3032,0,4,1,0,0,0,0,0,0,0,0,0,0,0,0,0,0
37576,11032,1,25,17,1918,0,1,0,0,0,0,0,0,0,0,0,0,0,0,0,0,1
37590,3065,1,32,2,1899,0,3,0,0,0,0,0,0,0,0,1,0,0,0,0,0,0
37602,5981,1,35,6,2512,0,14,0,0,0,0,0,1,0,0,0,0,0,0,0,0,0
37637,567,1,23,8,1006,0,12,0,0,0,0,0,0,0,0,0,0,1,0,0,0,0
37818,10481,1,40,9,1396,0,2,0,0,0,1,0,0,0,0,0,0,0,0,0,0,0
37892,6467,1,65,1,1164,1,3,0,0,0,0,0,0,0,0,1,0,0,0,0,0,0
37908,5375,1,20,30,1628,0,11,0,1,0,0,0,0,0,0,0,0,0,0,0,0,0
37946,5418,1,38,10,1370,0,7,0,0,0,0,1,0,0,0,0,0,0,0,0,0,0
37963,11343,1,30,24,1725,0,6,0,0,0,0,0,0,0,0,0,0,0,0,0,1,0
38004,2052,1,41,27,1932,0,1,0,0,0,0,0,0,0,0,0,0,0,0,0,0,1
38005,11437,1,26,13,1523,0,14,0,0,0,0,0,1,0,0,0,0,0,0,0,0,0
38027,2455,1,37,11,3270,0,8,0,0,0,0,0,0,0,0,0,0,0,0,1,0,0
38035,588,1,59,27,1951,0,8,0,0,0,0,0,0,0,0,0,0,0,0,1,0,0
38103,1901,1,65,27,2105,0,8,0,0,0,0,0,0,0,0,0,0,0,0,1,0,0
38114,4168,1,43,27,2747,0,1,0,0,0,0,0,0,0,0,0,0,0,0,0,0,1
38144,4134,1,38,18,962,0,13,0,0,0,0,0,0,0,0,0,1,0,0,0,0,0
38197,4227,1,30,30,2916,0,13,0,0,0,0,0,0,0,0,0,1,0,0,0,0,0
38239,6745,1,68,11,2034,0,11,0,1,0,0,0,0,0,0,0,0,0,0,0,0,0
38365,2362,1,45,2,3890,0,14,0,0,0,0,0,1,0,0,0,0,0,0,0,0,0
38380,2676,1,65,2,2832,0,8,0,0,0,0,0,0,0,0,0,0,0,0,1,0,0
38386,2976,1,18,17,1829,0,15,0,0,0,0,0,0,0,1,0,0,0,0,0,0,0
38553,11517,1,65,6,1103,0,2,0,0,0,1,0,0,0,0,0,0,0,0,0,0,0
38623,8863,1,20,2,1739,0,14,0,0,0,0,0,1,0,0,0,0,0,0,0,0,0
38626,10692,1,45,5,1534,0,4,1,0,0,0,0,0,0,0,0,0,0,0,0,0,0
38640,3003,1,48,17,1714,0,14,0,0,0,0,0,1,0,0,0,0,0,0,0,0,0
38668,2989,1,45,11,2239,0,11,0,1,0,0,0,0,0,0,0,0,0,0,0,0,0
38719,8324,1,37,27,1440,0,12,0,0,0,0,0,0,0,0,0,0,1,0,0,0,0
38830,10672,1,35,27,1008,0,2,0,0,0,1,0,0,0,0,0,0,0,0,0,0,0
38854,11553,1,52,22,2077,0,3,0,0,0,0,0,0,0,0,1,0,0,0,0,0,0
38931,5880,1,48,5,972,0,11,0,1,0,0,0,0,0,0,0,0,0,0,0,0,0
38949,4926,1,28,10,1231,0,15,0,0,0,0,0,0,0,1,0,0,0,0,0,0,0
39000,5348,1,40,24,2205,0,6,0,0,0,0,0,0,0,0,0,0,0,0,0,1,0
39007,3721,1,29,8,1192,0,4,1,0,0,0,0,0,0,0,0,0,0,0,0,0,0
39064,5937,1,60,2,1583,0,8,0,0,0,0,0,0,0,0,0,0,0,0,1,0,0
39095,8818,1,38,16,594,0,2,0,0,0,1,0,0,0,0,0,0,0,0,0,0,0
39271,4456,1,36,20,1034,0,4,1,0,0,0,0,0,0,0,0,0,0,0,0,0,0
39281,3644,1,22,17,1215,0,12,0,0,0,0,0,0,0,0,0,0,1,0,0,0,0
39309,1334,1,55,6,1029,0,11,0,1,0,0,0,0,0,0,0,0,0,0,0,0,0
39326,3990,1,33,5,2614,0,11,0,1,0,0,0,0,0,0,0,0,0,0,0,0,0
39349,1383,1,33,3,2982,0,3,0,0,0,0,0,0,0,0,1,0,0,0,0,0,0
39351,8516,1,28,30,1187,0,11,0,1,0,0,0,0,0,0,0,0,0,0,0,0,0
39355,4881,1,42,17,3048,0,1,0,0,0,0,0,0,0,0,0,0,0,0,0,0,1
39375,6629,1,52,18,2380,0,14,0,0,0,0,0,1,0,0,0,0,0,0,0,0,0
39398,7182,1,55,13,3326,0,8,0,0,0,0,0,0,0,0,0,0,0,0,1,0,0
39428,4217,1,69,23,2336,0,1,0,0,0,0,0,0,0,0,0,0,0,0,0,0,1
39498,11422,1,19,28,1224,0,13,0,0,0,0,0,0,0,0,0,1,0,0,0,0,0
39514,9259,1,48,20,1763,0,4,1,0,0,0,0,0,0,0,0,0,0,0,0,0,0
39575,10554,1,37,14,2221,0,15,0,0,0,0,0,0,0,1,0,0,0,0,0,0,0
39605,11193,1,65,23,1927,0,1,0,0,0,0,0,0,0,0,0,0,0,0,0,0,1
39626,6039,1,43,2,3142,0,3,0,0,0,0,0,0,0,0,1,0,0,0,0,0,0
39695,2763,1,40,10,1919,0,2,0,0,0,1,0,0,0,0,0,0,0,0,0,0,0
