SUBJECT,HOUSEHOLD,SEX,AGE_YEAR,CONSUMPTION_DAY,sum_VITA_RAE_mcg,sum_FOLDFE_mcg,sum_IRON_mg,sum_ZINC_mg,sum_VITB12_mcg,WEEKEND,adm2_,adm2_3,adm2_8,adm2_11,adm2_6,adm2_9,adm2_2,adm2_4,adm2_1,adm2_10,adm2_7,adm2_5
56,626,1,53,14,12,33,7.22,3.14,4.4544,0,3,1,0,0,0,0,0,0,0,0,0,0
66,2639,1,39,18,72,1180,10.68,6.110000000000001,4.812399999999999,0,8,0,1,0,0,0,0,0,0,0,0,0
154,6637,1,70,15,61,3607,8.52,6.340000000000001,16.43,0,11,0,0,1,0,0,0,0,0,0,0,0
252,6171,1,50,4,51,1670,14.17,8.39,15.309199999999997,0,6,0,0,0,1,0,0,0,0,0,0,0
291,882,1,35,18,33,1157,2.76,2.3400000000000003,6.8413699999999995,0,8,0,1,0,0,0,0,0,0,0,0,0
296,6722,1,30,22,24,1056,5.379999999999999,3.959999999999999,4.452,0,8,0,1,0,0,0,0,0,0,0,0,0
321,2072,1,51,20,90,3215,7.93,6.289999999999999,14.681,0,9,0,0,0,0,1,0,0,0,0,0,0
351,5294,1,45,19,57,1290,17.359999999999996,11.049999999999997,9.675,0,2,0,0,0,0,0,1,0,0,0,0,0
394,2180,1,32,16,267,901,8.959999999999999,6.14,7.8885000000000005,0,4,0,0,0,0,0,0,1,0,0,0,0
423,8382,1,33,19,33,899,12.08,3.9400000000000004,8.14725,0,11,0,0,1,0,0,0,0,0,0,0,0
441,9026,1,63,14,104,205,7.540000000000001,6.719999999999999,0.7075,0,4,0,0,0,0,0,0,1,0,0,0,0
498,7219,1,69,21,12,944,3.8899999999999997,2.94,4.759399999999999,0,1,0,0,0,0,0,0,0,1,0,0,0
542,10278,1,55,11,32,2667,8.1,6.289999999999999,11.988599999999998,0,10,0,0,0,0,0,0,0,0,1,0,0
562,1649,1,23,20,43,2446,9.98,6.709999999999999,10.8226,0,1,0,0,0,0,0,0,0,1,0,0,0
564,5604,1,51,14,37,872,10.59,7.520000000000001,6.992999999999999,0,3,1,0,0,0,0,0,0,0,0,0,0
596,7965,1,32,16,46,5851,9.82,10.139999999999999,27.03,0,3,1,0,0,0,0,0,0,0,0,0,0
624,5098,1,80,15,59,1365,16.610000000000003,11.429999999999998,6.471,0,1,0,0,0,0,0,0,0,1,0,0,0
790,6971,1,25,19,370,132,7.13,5.489999999999999,0,0,11,0,0,1,0,0,0,0,0,0,0,0
804,4393,1,20,5,49,516,14.969999999999995,6.919999999999998,17.721,0,6,0,0,0,1,0,0,0,0,0,0,0
810,10418,1,84,25,16,1995,9.9,4.05,10.016,0,4,0,0,0,0,0,0,1,0,0,0,0
813,1708,1,78,14,65,146,11.139999999999999,8.489999999999997,5.142,0,3,1,0,0,0,0,0,0,0,0,0,0
854,11341,1,47,11,53,538,7.57,1.8399999999999999,4.272749999999999,0,10,0,0,0,0,0,0,0,0,1,0,0
856,5419,1,43,29,38,2767,8.440000000000001,6.649999999999998,14.265600000000001,0,8,0,1,0,0,0,0,0,0,0,0,0
923,8363,1,91,18,131,236,14.09,8.28,0.3375,0,7,0,0,0,0,0,0,0,0,0,1,0
959,11158,1,22,19,17,1315,4.84,3.3599999999999994,5.9572,0,11,0,0,1,0,0,0,0,0,0,0,0
1031,11444,1,49,11,42,2721,8.05,5.789999999999999,12.1158,0,1,0,0,0,0,0,0,0,1,0,0,0
1057,880,1,54,20,391,533,17.02,9.16,0.45,0,11,0,0,1,0,0,0,0,0,0,0,0
1077,2797,1,58,29,34,91,4.47,2.9699999999999998,0.035,0,8,0,1,0,0,0,0,0,0,0,0,0
1100,3730,1,62,20,77,147,14.01,10.36,8.133,0,1,0,0,0,0,0,0,0,1,0,0,0
1118,1702,1,45,20,26,240,38.269999999999996,10.01,5.369,0,7,0,0,0,0,0,0,0,0,0,1,0
1136,361,1,32,18,70,3356,13.550000000000002,8.849999999999998,15.3185,0,7,0,0,0,0,0,0,0,0,0,1,0
1149,404,1,55,19,61,797,6.2700000000000005,5.029999999999999,3.37,0,2,0,0,0,0,0,1,0,0,0,0,0
1157,8062,1,53,10,54,3966,9.03,7.1899999999999995,18.3934,0,6,0,0,0,1,0,0,0,0,0,0,0
1213,10592,1,42,26,61,105,6.34,4.779999999999999,0.5517,0,4,0,0,0,0,0,0,1,0,0,0,0
1215,9970,1,47,22,4061,744,19.229999999999997,12.72,8.785499999999999,0,8,0,1,0,0,0,0,0,0,0,0,0
1248,11834,1,41,10,16,59,4.880000000000001,4.1,0.085,0,9,0,0,0,0,1,0,0,0,0,0,0
1344,4277,1,36,20,187,130,9.489999999999998,8.299999999999999,1.5975000000000001,0,2,0,0,0,0,0,1,0,0,0,0,0
1348,3266,1,21,25,78,163,9.109999999999998,4.4399999999999995,1.90809,0,9,0,0,0,0,1,0,0,0,0,0,0
1353,703,1,41,13,507,180,32.69,5.64,2.9639,0,1,0,0,0,0,0,0,0,1,0,0,0
1383,5288,1,45,10,156,266,20.219999999999995,8.61,2.5177,0,6,0,0,0,1,0,0,0,0,0,0,0
1488,7057,1,50,13,29,50,4.920000000000001,3.87,0,0,5,0,0,0,0,0,0,0,0,0,0,1
1549,9734,1,36,17,32,2031,6.33,8.17,9.319,0,5,0,0,0,0,0,0,0,0,0,0,1
1551,2145,1,70,16,9,59,3.599999999999999,4.85,1.045,0,6,0,0,0,1,0,0,0,0,0,0,0
1560,1514,1,47,18,29,111,5.95,4.24,0,0,2,0,0,0,0,0,1,0,0,0,0,0
1605,8522,1,18,5,16,162,7.869999999999999,6.88,0,0,3,1,0,0,0,0,0,0,0,0,0,0
1639,1499,1,28,26,209,135,4.9,4.449999999999999,1.125,0,4,0,0,0,0,0,0,1,0,0,0,0
1658,8208,1,18,16,92,225,13.730000000000002,9.589999999999998,6.248499999999999,0,5,0,0,0,0,0,0,0,0,0,0,1
1659,4344,1,38,20,417,211,14.810000000000002,7.420000000000001,6.264900000000001,0,5,0,0,0,0,0,0,0,0,0,0,1
1673,6328,1,22,12,21,139,7.31,4.080000000000001,0,0,8,0,1,0,0,0,0,0,0,0,0,0
1720,6246,1,53,11,108,3405,12.790000000000001,5.8100000000000005,15.989599999999998,0,1,0,0,0,0,0,0,0,1,0,0,0
1729,2004,1,60,6,233,1485,9.480000000000002,7.039999999999999,7.552,0,3,1,0,0,0,0,0,0,0,0,0,0
1787,5500,1,30,18,49,98,4.15,4.2299999999999995,0,0,2,0,0,0,0,0,1,0,0,0,0,0
1835,4953,1,52,10,11,1261,4.509999999999999,4.68,6.0416,0,1,0,0,0,0,0,0,0,1,0,0,0
1873,8473,1,65,20,29,768,4.23,2.35,7.0875,0,1,0,0,0,0,0,0,0,1,0,0,0
1944,1547,1,83,20,131,1216,4.289999999999999,3.339999999999999,2.5934999999999997,0,11,0,0,1,0,0,0,0,0,0,0,0
1951,5697,1,18,28,7,85,5.119999999999999,4.14,0,0,11,0,0,1,0,0,0,0,0,0,0,0
2055,9393,1,40,18,115,94,11.2,8.120000000000001,3.5789999999999997,0,8,0,1,0,0,0,0,0,0,0,0,0
2060,3350,1,75,14,281,2046,16.52,7.81,8.6072,0,10,0,0,0,0,0,0,0,0,1,0,0
2061,4396,1,60,26,83,202,8.97,6.069999999999999,1.4994,0,4,0,0,0,0,0,0,1,0,0,0,0
2072,10129,1,55,15,94,63,7.01,4.17,3.4895,0,11,0,0,1,0,0,0,0,0,0,0,0
2083,7897,1,60,12,36,77,7.890000000000001,5.369999999999999,2.16,0,10,0,0,0,0,0,0,0,0,1,0,0
2160,3087,1,77,20,6,45,2.3800000000000003,1.6,0.126,0,9,0,0,0,0,1,0,0,0,0,0,0
2169,97,1,30,2,54,108,5.959999999999998,4.209999999999999,0,0,2,0,0,0,0,0,1,0,0,0,0,0
2182,9660,1,55,20,23,1274,7.3,7.51,5.649799999999999,0,11,0,0,1,0,0,0,0,0,0,0,0
2208,926,1,25,12,44,83,7.81,5.72,0.45,0,10,0,0,0,0,0,0,0,0,1,0,0
2261,4944,1,20,21,76,189,6.5200000000000005,3.3399999999999994,0.5283000000000001,0,1,0,0,0,0,0,0,0,1,0,0,0
2267,6132,1,59,10,32,2104,8.649999999999999,5.609999999999999,9.275,0,1,0,0,0,0,0,0,0,1,0,0,0
2321,3932,1,41,26,19,2169,11.089999999999996,8.649999999999999,9.989999999999998,0,1,0,0,0,0,0,0,0,1,0,0,0
2357,8911,1,29,15,2,110,3.11,2.9000000000000004,0.6615000000000001,0,8,0,1,0,0,0,0,0,0,0,0,0
2396,2319,1,55,5,93,416,13.25,6.749999999999997,16.2576,0,6,0,0,0,1,0,0,0,0,0,0,0
2421,3847,1,35,23,159,990,8.02,4.43,9.116999999999999,0,7,0,0,0,0,0,0,0,0,0,1,0
2452,9419,1,45,27,24,1648,5.449999999999999,4.529999999999999,9.67,0,6,0,0,0,1,0,0,0,0,0,0,0
2503,8057,1,42,15,45,63,7.290000000000001,5.239999999999999,0,0,5,0,0,0,0,0,0,0,0,0,0,1
2533,6519,1,38,18,37,2258,4.36,2.0000000000000004,10.7255,0,3,1,0,0,0,0,0,0,0,0,0,0
2542,8765,1,27,24,25,147,9.030000000000001,4.849999999999999,0,0,11,0,0,1,0,0,0,0,0,0,0,0
2578,8085,1,56,5,12,382,11.879999999999999,7.74,0,0,3,1,0,0,0,0,0,0,0,0,0,0
2626,7992,1,22,18,151,3216,9.37,7.89,14.800899999999999,0,8,0,1,0,0,0,0,0,0,0,0,0
2672,8645,1,63,15,4,53,7.63,5.579999999999999,3.2712,0,3,1,0,0,0,0,0,0,0,0,0,0
2686,11366,1,51,17,251,247,14.239999999999998,9.180000000000001,5.369999999999999,0,3,1,0,0,0,0,0,0,0,0,0,0
2712,7279,1,72,15,26,43,2.32,2.41,0,0,8,0,1,0,0,0,0,0,0,0,0,0
2722,11525,1,39,18,114,954,13.94,5.8,5.973750000000001,0,7,0,0,0,0,0,0,0,0,0,1,0
2749,11898,1,34,30,11,126,7.739999999999999,4.559999999999998,1.255,0,2,0,0,0,0,0,1,0,0,0,0,0
2824,4821,1,25,18,23,1678,6.13,5.18,7.526,0,6,0,0,0,1,0,0,0,0,0,0,0
2833,4972,1,18,26,15,86,12.62,6.419999999999999,3.9010000000000007,0,6,0,0,0,1,0,0,0,0,0,0,0
2873,9990,1,33,15,101,378,5.6,3.7899999999999996,4.58775,0,1,0,0,0,0,0,0,0,1,0,0,0
2911,4972,1,22,26,15,76,10.769999999999998,5.54,3.9010000000000007,0,6,0,0,0,1,0,0,0,0,0,0,0
2925,10787,1,72,20,12,1299,3.09,3.63,5.8512,0,2,0,0,0,0,0,1,0,0,0,0,0
2926,11232,1,63,26,53,4279,8.94,6.500000000000002,20.7037,0,6,0,0,0,1,0,0,0,0,0,0,0
2927,1969,1,19,21,56,2719,13.67,6.51,12.7152,0,9,0,0,0,0,1,0,0,0,0,0,0
2982,4298,1,33,22,142,8172,12.019999999999998,12.319999999999999,38.288500000000006,0,6,0,0,0,1,0,0,0,0,0,0,0
2995,6604,1,29,5,49,131,18.959999999999997,23.75,13.32,0,3,1,0,0,0,0,0,0,0,0,0,0
2997,1294,1,67,20,37,987,8.809999999999999,6.569999999999999,9.729,0,10,0,0,0,0,0,0,0,0,1,0,0
3158,3091,1,41,12,52,2890,9.389999999999999,6.01,13.082,0,1,0,0,0,0,0,0,0,1,0,0,0
3168,2263,1,58,23,33,550,7.369999999999999,6.659999999999999,5.0274,0,6,0,0,0,1,0,0,0,0,0,0,0
3199,6890,1,18,24,52,176,7.300000000000001,6.519999999999999,4.628699999999999,0,4,0,0,0,0,0,0,1,0,0,0,0
3235,1477,1,48,16,7,149,3.7800000000000002,2.8299999999999996,0,0,7,0,0,0,0,0,0,0,0,0,1,0
3246,2024,1,33,12,23,1188,7.2799999999999985,5.8599999999999985,5.485,0,1,0,0,0,0,0,0,0,1,0,0,0
3248,4273,1,68,24,2528,270,10.77,7.26,4.4691,0,4,0,0,0,0,0,0,1,0,0,0,0
3276,3678,1,58,23,160,197,12.6,7.710000000000001,2.25,0,7,0,0,0,0,0,0,0,0,0,1,0
3281,58,1,54,19,870,375,17.360000000000003,7.489999999999999,12.1563,0,10,0,0,0,0,0,0,0,0,1,0,0
3302,2359,1,58,15,414,130,10.75,6.2,0,0,5,0,0,0,0,0,0,0,0,0,0,1
3406,7475,1,77,14,21,603,4.78,2.8800000000000003,5.895,0,4,0,0,0,0,0,0,1,0,0,0,0
3459,7632,1,60,4,35,278,8.75,5.7299999999999995,1.6776,0,6,0,0,0,1,0,0,0,0,0,0,0
3466,2237,1,27,13,37,4140,8.97,11.43,20.6998,0,5,0,0,0,0,0,0,0,0,0,0,1
3537,11204,1,39,16,35,216,9.409999999999998,6.749999999999999,0.5625,0,4,0,0,0,0,0,0,1,0,0,0,0
3541,11072,1,39,23,609,1623,21.78,9.550000000000002,12.15,0,8,0,1,0,0,0,0,0,0,0,0,0
3630,9328,1,54,26,33,104,6.889999999999999,4.33,1.125,0,4,0,0,0,0,0,0,1,0,0,0,0
3631,7540,1,53,14,43,629,8.469999999999999,6.829999999999999,6.7995,0,3,1,0,0,0,0,0,0,0,0,0,0
3652,8208,1,48,16,98,198,13.48,9.189999999999996,6.2837,0,5,0,0,0,0,0,0,0,0,0,0,1
3662,11241,1,45,22,22,1596,2.97,2.7699999999999996,9.114,0,6,0,0,0,1,0,0,0,0,0,0,0
3705,11781,1,23,18,117,69,3.45,4.55,0,0,9,0,0,0,0,1,0,0,0,0,0,0
3710,8192,1,68,25,38,524,9.07,6.3,6.4755,0,7,0,0,0,0,0,0,0,0,0,1,0
3739,8769,1,64,9,161,4878,8,6.31,23.147000000000002,0,6,0,0,0,1,0,0,0,0,0,0,0
3741,11271,1,32,27,88,72,3.7699999999999996,3.84,1.8,0,4,0,0,0,0,0,0,1,0,0,0,0
3797,3449,1,55,30,119,629,19.13,7.869999999999999,25.5402,0,2,0,0,0,0,0,1,0,0,0,0,0
3809,6331,1,70,14,258,193,9.839999999999998,7.969999999999999,5.04,0,5,0,0,0,0,0,0,0,0,0,0,1
3840,10045,1,20,22,77,613,7.340000000000001,5.35,4.455,0,8,0,1,0,0,0,0,0,0,0,0,0
3886,3871,1,50,17,15,193,10.1,7.009999999999999,0.45,0,11,0,0,1,0,0,0,0,0,0,0,0
3895,4023,1,24,18,2356,199,16.34,5.359999999999999,0.81,0,6,0,0,0,1,0,0,0,0,0,0,0
4006,862,1,36,14,42,1243,5.89,4.57,5.870700000000001,0,10,0,0,0,0,0,0,0,0,1,0,0
4085,8607,1,38,17,84,190,8.76,3.559999999999999,0.5608,0,1,0,0,0,0,0,0,0,1,0,0,0
4189,9376,1,18,22,27,1860,7.61,7.35,8.312999999999999,0,7,0,0,0,0,0,0,0,0,0,1,0
4277,776,1,42,8,42,124,9.989999999999998,7.749999999999999,0.45,0,10,0,0,0,0,0,0,0,0,1,0,0
4315,97,1,78,2,41,82,4.59,2.47,0,0,2,0,0,0,0,0,1,0,0,0,0,0
4433,1762,1,25,17,18,61,4.12,2.92,0,0,11,0,0,1,0,0,0,0,0,0,0,0
4518,4165,1,45,18,93,213,19.439999999999998,11.969999999999995,6.630000000000001,0,4,0,0,0,0,0,0,1,0,0,0,0
4561,11312,1,58,22,94,1316,11.63,9.349999999999998,6.7924999999999995,0,6,0,0,0,1,0,0,0,0,0,0,0
4575,9662,1,36,19,42,3275,8.18,7.8100000000000005,14.9778,0,2,0,0,0,0,0,1,0,0,0,0,0
4680,6468,1,48,20,16,2155,2.9699999999999998,2.8299999999999996,9.9322,0,2,0,0,0,0,0,1,0,0,0,0,0
4688,414,1,23,25,76,3980,6.4399999999999995,5.800000000000001,19.6996,0,7,0,0,0,0,0,0,0,0,0,1,0
4740,2841,1,26,12,62,78,4.5,1.8600000000000003,0,0,8,0,1,0,0,0,0,0,0,0,0,0
4751,11867,1,48,9,127,479,7.249999999999999,3.57,6.88095,0,1,0,0,0,0,0,0,0,1,0,0,0
4770,239,1,34,5,62,2306,8.249999999999998,7.209999999999999,11.6662,0,6,0,0,0,1,0,0,0,0,0,0,0
4835,5089,1,53,26,14,49,14.360000000000001,4.330000000000001,3.1780000000000004,0,1,0,0,0,0,0,0,0,1,0,0,0
4843,10426,1,32,8,63,781,14.61,6.349999999999999,6.21,0,10,0,0,0,0,0,0,0,0,1,0,0
5020,9088,1,30,8,21,2120,6.66,6.52,9.54,0,6,0,0,0,1,0,0,0,0,0,0,0
5046,9863,1,40,20,411,312,21.43,14.579999999999998,3.96,0,7,0,0,0,0,0,0,0,0,0,1,0
5052,9864,1,47,27,118,6834,12.6,9.93,33.1018,0,6,0,0,0,1,0,0,0,0,0,0,0
5096,6589,1,27,16,10,140,5.31,3.23,1.35,0,3,1,0,0,0,0,0,0,0,0,0,0
5106,3084,1,27,7,146,134,5.860000000000001,6.359999999999999,2.8200000000000003,1,3,1,0,0,0,0,0,0,0,0,0,0
5195,7060,1,60,14,59,659,20.420000000000005,10.879999999999997,5.1345,0,5,0,0,0,0,0,0,0,0,0,0,1
5217,5655,1,23,18,28,82,6.369999999999999,2.54,0.29969999999999997,0,3,1,0,0,0,0,0,0,0,0,0,0
5218,9753,1,28,22,24,1069,7.87,6.299999999999999,5.6617999999999995,0,6,0,0,0,1,0,0,0,0,0,0,0
5307,7116,1,65,22,40,1992,7.73,5.8,9.354,0,7,0,0,0,0,0,0,0,0,0,1,0
5339,6616,1,35,17,78,1451,11.830000000000002,7.3599999999999985,11.9475,0,3,1,0,0,0,0,0,0,0,0,0,0
5382,7348,1,45,20,19,1458,9,8.739999999999998,6.587400000000001,0,5,0,0,0,0,0,0,0,0,0,0,1
5405,8154,1,74,23,159,1702,10.479999999999999,8.129999999999999,10.2181,0,4,0,0,0,0,0,0,1,0,0,0,0
5503,1306,1,44,16,31,3188,5.3100000000000005,6.2299999999999995,14.6916,0,5,0,0,0,0,0,0,0,0,0,0,1
5517,11683,1,50,17,26,750,9.93,4.72,6.615,0,11,0,0,1,0,0,0,0,0,0,0,0
5532,2406,1,18,8,20,73,3.4,2.2999999999999994,0.45,0,10,0,0,0,0,0,0,0,0,1,0,0
5549,4342,1,52,16,215,177,7.6499999999999995,4.880000000000001,1.6425,0,3,1,0,0,0,0,0,0,0,0,0,0
5574,5343,1,46,16,22,80,4.619999999999999,5.9399999999999995,1.5113400000000001,0,6,0,0,0,1,0,0,0,0,0,0,0
5593,9563,1,88,8,27,126,7.719999999999999,3.6499999999999995,1.4513000000000003,0,10,0,0,0,0,0,0,0,0,1,0,0
5594,4393,1,48,5,53,539,16.19,9.35,17.721,0,6,0,0,0,1,0,0,0,0,0,0,0
5628,7530,1,51,18,188,1098,14.06,6.740000000000001,12.158100000000001,0,8,0,1,0,0,0,0,0,0,0,0,0
5682,7320,1,19,24,54,120,4.989999999999999,3.63,4.4634,0,7,0,0,0,0,0,0,0,0,0,1,0
5763,8312,1,39,30,30,146,7.71,4.689999999999999,0,0,2,0,0,0,0,0,1,0,0,0,0,0
5768,9538,1,54,10,67,113,10,4.87,2.63778,0,10,0,0,0,0,0,0,0,0,1,0,0
5839,10677,1,54,20,15,195,4.57,4.2700000000000005,1.32975,0,9,0,0,0,0,1,0,0,0,0,0,0
5847,10418,1,40,25,21,2864,12.76,7.440000000000001,13.938,0,4,0,0,0,0,0,0,1,0,0,0,0
5940,6599,1,53,13,61,68,12.75,4.14,6.2372000000000005,0,1,0,0,0,0,0,0,0,1,0,0,0
5943,11007,1,60,29,108,1272,2.6800000000000006,2.14,6.505,0,8,0,1,0,0,0,0,0,0,0,0,0
5972,2683,1,75,24,103,3389,8.74,5.72,15.973,0,7,0,0,0,0,0,0,0,0,0,1,0
6092,10030,1,31,19,13,259,6.079999999999999,3.1999999999999997,2.1780000000000004,0,11,0,0,1,0,0,0,0,0,0,0,0
6099,4024,1,46,12,160,243,11.83,7.869999999999999,0.3375,0,10,0,0,0,0,0,0,0,0,1,0,0
6111,9599,1,30,19,0,27,7.879999999999999,3.3,0,0,9,0,0,0,0,1,0,0,0,0,0,0
6137,11505,1,32,12,27,2353,6.75,5.5200000000000005,10.706,0,10,0,0,0,0,0,0,0,0,1,0,0
6161,7431,1,24,15,93,181,8.94,6.879999999999999,1.737,0,5,0,0,0,0,0,0,0,0,0,0,1
6245,4962,1,19,25,131,250,18.669999999999998,16.06,6.2700000000000005,0,9,0,0,0,0,1,0,0,0,0,0,0
6415,10559,1,49,25,1,112,4.34,4.8,0.45,0,7,0,0,0,0,0,0,0,0,0,1,0
6431,1979,1,40,25,44,3647,7.1899999999999995,5.81,17.2295,0,7,0,0,0,0,0,0,0,0,0,1,0
6449,11158,1,55,19,22,1678,7.62,5.8599999999999985,7.526,0,11,0,0,1,0,0,0,0,0,0,0,0
6472,8236,1,70,17,5,52,3.38,4.430000000000001,0.453,0,5,0,0,0,0,0,0,0,0,0,0,1
6494,7306,1,62,23,42,2745,6.239999999999999,5.659999999999998,14.992999999999999,0,8,0,1,0,0,0,0,0,0,0,0,0
6521,4972,1,52,26,15,53,8.579999999999998,3.479999999999999,4.11,0,6,0,0,0,1,0,0,0,0,0,0,0
6549,2072,1,28,20,86,4656,8.32,6.84,20.776,0,9,0,0,0,0,1,0,0,0,0,0,0
6644,2023,1,20,29,84,279,10.43,9.26,0.7169,0,2,0,0,0,0,0,1,0,0,0,0,0
6660,10153,1,65,15,94,61,3.84,3.65,1.2533,0,3,1,0,0,0,0,0,0,0,0,0,0
6667,926,1,52,12,39,58,5.819999999999999,3.4199999999999995,0.45,0,10,0,0,0,0,0,0,0,0,1,0,0
6722,9186,1,26,16,49,112,12.420000000000002,9.729999999999999,5.0694,0,5,0,0,0,0,0,0,0,0,0,0,1
6739,7431,1,28,15,93,176,8.879999999999999,7.01,0.477,0,5,0,0,0,0,0,0,0,0,0,0,1
6764,7586,1,31,19,154,2509,6.82,5.509999999999999,11.3102,0,9,0,0,0,0,1,0,0,0,0,0,0
6774,3868,1,54,20,1035,153,10.239999999999997,6.039999999999999,0.44299999999999995,0,9,0,0,0,0,1,0,0,0,0,0,0
6777,5178,1,28,18,173,136,3.7100000000000004,2.53,0,0,6,0,0,0,1,0,0,0,0,0,0,0
6780,540,1,55,24,110,308,13.53,9.209999999999997,1.8,0,7,0,0,0,0,0,0,0,0,0,1,0
6789,7962,1,57,3,162,3589,11.200000000000003,8.559999999999999,17.4424,0,3,1,0,0,0,0,0,0,0,0,0,0
6846,11600,1,70,22,22,277,10.709999999999997,4.81,7.3677,0,8,0,1,0,0,0,0,0,0,0,0,0
6869,9318,1,48,27,186,1221,18.02,9.289999999999997,10.669500000000001,0,7,0,0,0,0,0,0,0,0,0,1,0
6910,9295,1,49,28,38,1507,8.559999999999999,5.78,7.3126,0,2,0,0,0,0,0,1,0,0,0,0,0
6929,280,1,43,15,141,411,28.63,17.7,2.25,0,3,1,0,0,0,0,0,0,0,0,0,0
6975,3729,1,44,27,222,53,7.46,8.83,10.0755,0,6,0,0,0,1,0,0,0,0,0,0,0
7002,8136,1,59,18,138,154,9.600000000000001,7.529999999999999,1.5147,0,2,0,0,0,0,0,1,0,0,0,0,0
7016,3336,1,75,15,72,143,6.119999999999999,5.02,0.9,0,1,0,0,0,0,0,0,0,1,0,0,0
7113,1001,1,21,22,32,2016,4.26,3.2099999999999995,9.4535,0,6,0,0,0,1,0,0,0,0,0,0,0
7119,2190,1,47,23,52,3387,5.38,5.06,15.306400000000002,0,7,0,0,0,0,0,0,0,0,0,1,0
7443,3703,1,63,20,22,793,5.619999999999999,4.529999999999999,6.642,0,2,0,0,0,0,0,1,0,0,0,0,0
7477,8801,1,70,6,32,201,8.11,5.54,0.9,0,3,1,0,0,0,0,0,0,0,0,0,0
7550,10646,1,50,8,454,2060,16.470000000000002,4.939999999999999,10.651000000000002,0,6,0,0,0,1,0,0,0,0,0,0,0
7582,1303,1,20,17,9,112,15.46,6,11.375,0,3,1,0,0,0,0,0,0,0,0,0,0
7717,7901,1,60,11,37,1465,7.430000000000001,6.289999999999999,6.148,0,1,0,0,0,0,0,0,0,1,0,0,0
7777,1023,1,63,24,32,99,4.0200000000000005,3.3499999999999988,0.09,0,7,0,0,0,0,0,0,0,0,0,1,0
7796,2805,1,63,26,63,1445,14.190000000000001,8.16,2.6620000000000004,0,1,0,0,0,0,0,0,0,1,0,0,0
7801,7239,1,59,18,1359,1233,21.52,8.12,10.001249999999999,0,1,0,0,0,0,0,0,0,1,0,0,0
7836,309,1,22,17,33,2731,9.31,10.009999999999998,13.4606,0,5,0,0,0,0,0,0,0,0,0,0,1
7855,5866,1,32,15,69,607,4.689999999999999,3.5299999999999994,5.724000000000001,0,8,0,1,0,0,0,0,0,0,0,0,0
7860,4323,1,49,17,8,53,2.7800000000000002,2.5300000000000002,0,0,11,0,0,1,0,0,0,0,0,0,0,0
7873,601,1,23,26,56,2777,9.34,10.02,12.873199999999999,0,7,0,0,0,0,0,0,0,0,0,1,0
7902,2148,1,39,20,64,182,5.510000000000001,3.42,5.35,0,9,0,0,0,0,1,0,0,0,0,0,0
7914,1466,1,46,27,97,3485,10.189999999999998,6.32,15.476,0,1,0,0,0,0,0,0,0,1,0,0,0
7920,3183,1,70,8,96,1368,3.8200000000000003,2.69,4.352499999999999,0,10,0,0,0,0,0,0,0,0,1,0,0
8032,357,1,57,18,32,270,9.85,7.3,1.8,0,8,0,1,0,0,0,0,0,0,0,0,0
8037,7869,1,20,20,34,3138,4.49,3.52,14.2464,0,9,0,0,0,0,1,0,0,0,0,0,0
8100,6752,1,58,16,14,142,5.66,4.15,0,0,4,0,0,0,0,0,0,1,0,0,0,0
8106,798,1,42,19,23,393,5.980000000000001,4.909999999999998,3.71925,0,6,0,0,0,1,0,0,0,0,0,0,0
8115,11608,1,51,8,66,4033,11.08,9.02,19.964199999999998,0,6,0,0,0,1,0,0,0,0,0,0,0
8125,8974,1,53,26,29,2222,14.530000000000001,8.770000000000001,10.089500000000001,0,1,0,0,0,0,0,0,0,1,0,0,0
8173,3510,1,57,24,55,1320,12.180000000000001,10.010000000000002,12.04,0,4,0,0,0,0,0,0,1,0,0,0,0
8208,970,1,58,20,5,60,8.73,3.1999999999999993,8.088000000000001,0,2,0,0,0,0,0,1,0,0,0,0,0
8315,953,1,50,7,116,78,4.510000000000001,4.1,1.125,1,3,1,0,0,0,0,0,0,0,0,0,0
8316,4727,1,51,16,115,679,9.209999999999999,5.390000000000001,7.0996999999999995,0,4,0,0,0,0,0,0,1,0,0,0,0
8349,204,1,45,12,42,111,9.09,5.279999999999999,1.4059199999999998,0,1,0,0,0,0,0,0,0,1,0,0,0
8470,4858,1,39,16,135,173,10.71,7.249999999999999,1.3833000000000002,0,5,0,0,0,0,0,0,0,0,0,0,1
8536,6604,1,57,5,27,91,12.28,14.969999999999999,6.99,0,3,1,0,0,0,0,0,0,0,0,0,0
8564,2801,1,36,25,1342,3156,15.009999999999998,8.62,13.9332,0,4,0,0,0,0,0,0,1,0,0,0,0
8615,785,1,49,2,72,204,8.25,7.5,2.649,0,2,0,0,0,0,0,1,0,0,0,0,0
8658,6633,1,64,24,30,133,6.9,5.34,1.341,0,7,0,0,0,0,0,0,0,0,0,1,0
8795,2453,1,42,9,39,103,4.920000000000001,2.91,0,0,1,0,0,0,0,0,0,0,1,0,0,0
8804,6292,1,46,12,22,1310,4.789999999999999,2.74,5.8512,0,8,0,1,0,0,0,0,0,0,0,0,0
8821,8705,1,20,16,174,180,8.88,7.919999999999999,1.125,0,3,1,0,0,0,0,0,0,0,0,0,0
8840,940,1,62,20,3188,363,28.89,14.299999999999999,2.31813,0,9,0,0,0,0,1,0,0,0,0,0,0
8870,2664,1,64,24,4,97,4.96,4.79,2.6838,0,4,0,0,0,0,0,0,1,0,0,0,0
8871,1125,1,66,25,24,82,6.56,2.9299999999999997,1.05,0,1,0,0,0,0,0,0,0,1,0,0,0
8925,6390,1,74,26,19,219,6.74,2.9999999999999996,9.3105,0,6,0,0,0,1,0,0,0,0,0,0,0
8996,953,1,60,7,116,63,3.5600000000000005,2.8999999999999995,1.125,1,3,1,0,0,0,0,0,0,0,0,0,0
9006,5691,1,45,19,37,1000,8.610000000000001,6.220000000000001,4.1764,0,11,0,0,1,0,0,0,0,0,0,0,0
9101,6274,1,44,5,58,176,10.050000000000002,6.609999999999999,0,0,3,1,0,0,0,0,0,0,0,0,0,0
9147,8052,1,48,22,139,322,9.62,5.85,0.45,0,7,0,0,0,0,0,0,0,0,0,1,0
9200,6555,1,44,24,56,163,12.33,7.419999999999998,1.6362,0,7,0,0,0,0,0,0,0,0,0,1,0
9233,11312,1,33,22,87,1261,9.45,6.979999999999999,6.7925,0,6,0,0,0,1,0,0,0,0,0,0,0
9261,3396,1,70,15,414,234,8.96,4.769999999999999,2.69929,0,4,0,0,0,0,0,0,1,0,0,0,0
9267,2210,1,36,24,225,93,5.0600000000000005,4.39,0.6156,0,8,0,1,0,0,0,0,0,0,0,0,0
9315,6967,1,40,19,73,116,6.19,2.5200000000000005,3.745,0,9,0,0,0,0,1,0,0,0,0,0,0
9329,9685,1,29,16,146,111,3.4299999999999997,2.23,0.63,0,5,0,0,0,0,0,0,0,0,0,0,1
9335,1303,1,46,17,5,58,9.379999999999999,6.71,5.681,0,3,1,0,0,0,0,0,0,0,0,0,0
9369,10677,1,23,20,15,188,4.1000000000000005,3.47,1.32975,0,9,0,0,0,0,1,0,0,0,0,0,0
9371,554,1,42,18,57,1943,6.54,4.95,8.427,0,8,0,1,0,0,0,0,0,0,0,0,0
9391,4501,1,18,26,52,204,7.53,5.709999999999998,0.675,0,4,0,0,0,0,0,0,1,0,0,0,0
9427,4424,1,54,18,235,201,16.799999999999997,15.69,11.01,0,4,0,0,0,0,0,0,1,0,0,0,0
9438,7963,1,51,21,104,1883,7.51,5.47,7.95,0,11,0,0,1,0,0,0,0,0,0,0,0
9515,10698,1,64,11,114,416,28.78,13.59,7.915840000000001,0,10,0,0,0,0,0,0,0,0,1,0,0
9543,9610,1,35,15,46,230,24.449999999999996,15.099999999999998,4.176,0,3,1,0,0,0,0,0,0,0,0,0,0
9555,7891,1,90,24,35,2189,7.1000000000000005,3.6999999999999997,10.3452,0,9,0,0,0,0,1,0,0,0,0,0,0
9564,6611,1,53,19,31,84,6.95,4.909999999999999,0,0,2,0,0,0,0,0,1,0,0,0,0,0
9653,3945,1,55,19,21,114,5.43,3.3900000000000006,0.675,0,11,0,0,1,0,0,0,0,0,0,0,0
9660,7346,1,60,24,41,182,7.959999999999999,5.0600000000000005,6.664199999999999,0,4,0,0,0,0,0,0,1,0,0,0,0
9694,4949,1,49,27,30,2461,6.37,4.85,11.588699999999998,0,10,0,0,0,0,0,0,0,0,1,0,0
9699,2087,1,49,21,119,1080,12.459999999999999,8.77,8.43525,0,10,0,0,0,0,0,0,0,0,1,0,0
9718,9328,1,30,26,88,3460,15.639999999999999,11.46,15.965,0,4,0,0,0,0,0,0,1,0,0,0,0
9742,1257,1,42,28,16,88,3.43,3.67,0,0,2,0,0,0,0,0,1,0,0,0,0,0
9887,9689,1,52,27,24,2125,6.920000000000001,5.679999999999999,10.032399999999999,0,10,0,0,0,0,0,0,0,0,1,0,0
9896,5432,1,25,18,138,311,12.629999999999997,6.359999999999999,0,0,3,1,0,0,0,0,0,0,0,0,0,0
9965,8649,1,58,26,6,114,8.86,7.1099999999999985,0.675,0,1,0,0,0,0,0,0,0,1,0,0,0
9979,5006,1,26,17,221,376,10.45,6.789999999999999,1.35,0,11,0,0,1,0,0,0,0,0,0,0,0
9992,10508,1,21,21,29,2917,8.879999999999999,5.8999999999999995,13.2818,0,9,0,0,0,0,1,0,0,0,0,0,0
10027,703,1,21,13,506,183,32.64,5.6899999999999995,2.9639,0,1,0,0,0,0,0,0,0,1,0,0,0
10165,1704,1,21,11,11,1348,4.97,3.34,6.439,0,1,0,0,0,0,0,0,0,1,0,0,0
10180,1850,1,26,27,53,90,5.71,3.009999999999999,1.0605,0,7,0,0,0,0,0,0,0,0,0,1,0
10225,8684,1,25,16,70,254,10.57,8.11,1.4994,0,5,0,0,0,0,0,0,0,0,0,0,1
10228,2142,1,25,20,27,143,6.030000000000001,4.6499999999999995,0,0,11,0,0,1,0,0,0,0,0,0,0,0
10274,5512,1,32,17,98,6117,6.52,6.61,28.858,0,5,0,0,0,0,0,0,0,0,0,0,1
10319,8982,1,65,28,38,1259,2.8700000000000006,3.03,6.6240000000000006,0,2,0,0,0,0,0,1,0,0,0,0,0
10332,7717,1,60,10,162,74,6.779999999999999,4.130000000000001,0.5700000000000001,0,6,0,0,0,1,0,0,0,0,0,0,0
10398,6371,1,52,25,35,1371,14.82,10.35,9.303,0,4,0,0,0,0,0,0,1,0,0,0,0
10401,3130,1,34,27,88,5861,10.62,8.2,29.3131,0,4,0,0,0,0,0,0,1,0,0,0,0
10406,2441,1,31,16,34,2932,9.04,9.54,14.4464,0,5,0,0,0,0,0,0,0,0,0,0,1
10412,710,1,49,17,49,4084,11.61,10.62,18.02,0,5,0,0,0,0,0,0,0,0,0,0,1
10530,8202,1,43,20,189,297,6.619999999999999,5.969999999999999,0,0,7,0,0,0,0,0,0,0,0,0,1,0
10545,7533,1,40,21,27,25,1.9700000000000002,1.83,0.175,0,9,0,0,0,0,1,0,0,0,0,0,0
10626,1704,1,60,11,13,1501,5.119999999999998,3.429999999999999,7.1386,0,1,0,0,0,0,0,0,0,1,0,0,0
10636,6456,1,55,18,13,1433,7.619999999999998,8.98,3.4450000000000003,0,11,0,0,1,0,0,0,0,0,0,0,0
10649,5640,1,27,19,26,1020,4.3999999999999995,2.22,5.0766,0,6,0,0,0,1,0,0,0,0,0,0,0
10653,452,1,51,22,0,18,0.58,0.77,2.25,0,1,0,0,0,0,0,0,0,1,0,0,0
10663,1301,1,45,12,95,150,12.32,7.79,2.25,0,8,0,1,0,0,0,0,0,0,0,0,0
10721,11821,1,34,14,52,3188,7.639999999999999,8.749999999999996,14.595799999999999,0,5,0,0,0,0,0,0,0,0,0,0,1
10858,183,1,24,27,136,2517,10.58,7.84,12.85,0,4,0,0,0,0,0,0,1,0,0,0,0
10880,10665,1,53,18,41,1679,8.529999999999998,5.64,7.7509999999999994,0,1,0,0,0,0,0,0,0,1,0,0,0
10893,7129,1,19,15,60,2193,6.540000000000001,4.449999999999999,11.2499,0,1,0,0,0,0,0,0,0,1,0,0,0
10915,2964,1,35,15,2,114,4.9399999999999995,5.41,0.486,0,11,0,0,1,0,0,0,0,0,0,0,0
10930,1850,1,29,27,83,123,7.469999999999999,4.079999999999998,1.114,0,7,0,0,0,0,0,0,0,0,0,1,0
10953,10665,1,19,18,32,1325,8.559999999999999,5.86,6.0973999999999995,0,1,0,0,0,0,0,0,0,1,0,0,0
10957,8757,1,69,14,177,241,7.83,4.710000000000001,0.45,0,4,0,0,0,0,0,0,1,0,0,0,0
10980,7888,1,35,27,143,315,16.48,11.28,3.0078,0,7,0,0,0,0,0,0,0,0,0,1,0
10986,8179,1,36,13,159,590,8.15,7.199999999999999,5.224500000000001,0,10,0,0,0,0,0,0,0,0,1,0,0
11080,6761,1,40,19,1383,169,61.44,9.799999999999999,1.1880000000000002,0,5,0,0,0,0,0,0,0,0,0,0,1
11120,1599,1,45,11,40,114,8.419999999999998,5.29,3.5399999999999996,0,10,0,0,0,0,0,0,0,0,1,0,0
11207,6276,1,41,30,37,1158,17.630000000000003,11.09,9.2475,0,2,0,0,0,0,0,1,0,0,0,0,0
11311,8595,1,25,20,75,53,22.830000000000002,4.27,3.599,0,7,0,0,0,0,0,0,0,0,0,1,0
11352,8064,1,27,20,49,110,3.8,2.35,0,0,2,0,0,0,0,0,1,0,0,0,0,0
11357,9471,1,70,24,38,500,18.81,7.729999999999998,25.624100000000002,0,7,0,0,0,0,0,0,0,0,0,1,0
11396,2884,1,32,14,90,1552,6.25,2.9400000000000004,7.2658,0,4,0,0,0,0,0,0,1,0,0,0,0
11401,5801,1,29,20,35,3152,8.61,7.21,14.4478,0,11,0,0,1,0,0,0,0,0,0,0,0
11441,3774,1,56,18,31,145,16.91,3.4699999999999998,2.5004,0,7,0,0,0,0,0,0,0,0,0,1,0
11446,1794,1,29,23,101,4673,8.32,7.529999999999998,22.4866,0,8,0,1,0,0,0,0,0,0,0,0,0
11458,2180,1,58,16,267,897,8.749999999999998,5.74,7.8885000000000005,0,4,0,0,0,0,0,0,1,0,0,0,0
11509,7251,1,61,14,320,1454,11.41,8.23,8.2997,0,4,0,0,0,0,0,0,1,0,0,0,0
11630,7421,1,64,5,1663,291,24.770000000000007,12.929999999999998,0,0,3,1,0,0,0,0,0,0,0,0,0,0
11665,9160,1,34,20,53,4554,7.9399999999999995,7.18,21.887999999999995,0,2,0,0,0,0,0,1,0,0,0,0,0
11746,11839,1,34,19,119,175,10.62,6.629999999999999,1.305,0,11,0,0,1,0,0,0,0,0,0,0,0
11768,9599,1,26,19,153,2417,16.17,6.7,10.6,0,9,0,0,0,0,1,0,0,0,0,0,0
11783,11218,1,42,9,6,45,2.84,3.4899999999999998,0,0,1,0,0,0,0,0,0,0,1,0,0,0
11813,9941,1,57,8,328,41,3.8400000000000003,0.9800000000000001,0.5875,0,3,1,0,0,0,0,0,0,0,0,0,0
11849,7285,1,32,13,112,144,8.909999999999998,7.24,1.08,0,5,0,0,0,0,0,0,0,0,0,0,1
11851,2666,1,48,25,16,207,9.719999999999999,3.9499999999999993,2.0298,0,7,0,0,0,0,0,0,0,0,0,1,0
11876,8982,1,42,28,75,2467,4.45,3.93,12.242,0,2,0,0,0,0,0,1,0,0,0,0,0
11880,2017,1,39,15,84,202,8.68,6.99,1.125,0,3,1,0,0,0,0,0,0,0,0,0,0
11907,2448,1,62,20,25,231,9.040000000000001,7.09,0,0,9,0,0,0,0,1,0,0,0,0,0,0
11979,9763,1,55,16,14,1511,3.5900000000000003,3.46,7.34,0,4,0,0,0,0,0,0,1,0,0,0,0
12015,4972,1,20,26,16,87,12.659999999999998,6.4399999999999995,3.9010000000000007,0,6,0,0,0,1,0,0,0,0,0,0,0
12082,7888,1,63,27,144,366,19.58,14.18,3.0078,0,7,0,0,0,0,0,0,0,0,0,1,0
12141,910,1,60,21,86,39,2.4099999999999997,2.6799999999999997,0,0,8,0,1,0,0,0,0,0,0,0,0,0
12194,4998,1,18,27,50,1549,15.63,7.67,13.101199999999999,0,7,0,0,0,0,0,0,0,0,0,1,0
12270,4552,1,55,5,202,474,19.68,7.430000000000001,13.4951,0,6,0,0,0,1,0,0,0,0,0,0,0
12288,2563,1,30,30,22,32,1.7100000000000002,1.42,0,0,2,0,0,0,0,0,1,0,0,0,0,0
12372,3038,1,40,15,32,71,5.26,3.49,0,0,5,0,0,0,0,0,0,0,0,0,0,1
12414,7878,1,49,10,81,740,11.250000000000002,5.029999999999999,6.189750000000001,0,6,0,0,0,1,0,0,0,0,0,0,0
12418,8916,1,23,7,20,286,15.959999999999999,11.629999999999999,1.125,1,3,1,0,0,0,0,0,0,0,0,0,0
12517,8054,1,57,24,67,1816,8.31,5.829999999999998,8.8275,0,4,0,0,0,0,0,0,1,0,0,0,0
12527,6861,1,68,22,30,2190,4.47,4.33,10.07,0,8,0,1,0,0,0,0,0,0,0,0,0
12626,9150,1,62,5,2915,392,16.44,6.68,6.42,0,3,1,0,0,0,0,0,0,0,0,0,0
12647,1003,1,38,17,40,3253,22.270000000000003,11.84,26.6742,0,6,0,0,0,1,0,0,0,0,0,0,0
12653,3726,1,39,17,32,2031,6.330000000000001,8.17,9.319,0,5,0,0,0,0,0,0,0,0,0,0,1
12701,1810,1,54,27,34,75,4.509999999999999,2.23,1.197,0,6,0,0,0,1,0,0,0,0,0,0,0
12706,9423,1,55,21,520,1601,19.610000000000003,8.179999999999998,26.8111,0,1,0,0,0,0,0,0,0,1,0,0,0
12732,3577,1,49,16,34,108,5.710000000000001,6.22,0.29969999999999997,0,11,0,0,1,0,0,0,0,0,0,0,0
12868,3412,1,75,18,23,2452,5.27,4.65,11.728399999999999,0,6,0,0,0,1,0,0,0,0,0,0,0
12884,11529,1,45,18,74,2599,11.42,9.129999999999999,12.56,0,8,0,1,0,0,0,0,0,0,0,0,0
12903,2720,1,52,19,914,166,8.61,4.63,0,0,11,0,0,1,0,0,0,0,0,0,0,0
12968,5090,1,36,19,23,1047,10.549999999999999,5.3199999999999985,4.481,0,6,0,0,0,1,0,0,0,0,0,0,0
13115,11689,1,60,5,800,414,13.859999999999998,6.9099999999999975,14.757000000000001,0,6,0,0,0,1,0,0,0,0,0,0,0
13146,1473,1,79,22,55,1088,9.95,5.209999999999998,11.54475,0,7,0,0,0,0,0,0,0,0,0,1,0
13280,11689,1,29,5,800,423,14.5,7.949999999999999,14.757000000000001,0,6,0,0,0,1,0,0,0,0,0,0,0
13294,8917,1,18,22,31,2374,10.08,9.34,12.474200000000002,0,6,0,0,0,1,0,0,0,0,0,0,0
13306,5230,1,34,16,21,153,6.359999999999999,4.28,0.315,0,4,0,0,0,0,0,0,1,0,0,0,0
13358,8819,1,27,22,57,2130,4.74,3.61,10.501700000000001,0,6,0,0,0,1,0,0,0,0,0,0,0
13360,7451,1,45,18,70,139,9.2,6.1,0,0,2,0,0,0,0,0,1,0,0,0,0,0
13461,1090,1,65,24,26,60,5.880000000000001,5.64,1.3572,0,4,0,0,0,0,0,0,1,0,0,0,0
13469,10129,1,23,15,38,42,5.08,3.3599999999999994,2.5795,0,11,0,0,1,0,0,0,0,0,0,0,0
13592,3394,1,45,12,68,1734,5.949999999999999,3.1899999999999995,7.918200000000001,0,8,0,1,0,0,0,0,0,0,0,0,0
13662,4821,1,55,18,19,1331,6.249999999999999,6.04,5.8724,0,6,0,0,0,1,0,0,0,0,0,0,0
13797,5671,1,25,19,108,171,14.69,8.4,3.4104,0,11,0,0,1,0,0,0,0,0,0,0,0
13860,149,1,37,28,86,2983,7.829999999999999,6.239999999999998,13.356,0,2,0,0,0,0,0,1,0,0,0,0,0
13865,10836,1,30,8,1085,100,8.72,5.6099999999999985,0.3825,0,10,0,0,0,0,0,0,0,0,1,0,0
13970,4255,1,18,16,52,79,8.79,5.59,4.40316,0,6,0,0,0,1,0,0,0,0,0,0,0
14013,11576,1,30,20,29,89,5.32,4.87,0.45,0,9,0,0,0,0,1,0,0,0,0,0,0
14041,2342,1,69,19,7,96,2.43,2.47,0,0,5,0,0,0,0,0,0,0,0,0,0,1
14070,9908,1,24,22,187,202,9.129999999999999,7.15,0.5625,0,7,0,0,0,0,0,0,0,0,0,1,0
14072,10361,1,42,16,467,253,18.25,11.589999999999998,5.4294,0,5,0,0,0,0,0,0,0,0,0,0,1
14105,11766,1,22,27,49,2416,4.03,3.7499999999999996,11.9982,0,6,0,0,0,1,0,0,0,0,0,0,0
14133,6166,1,61,16,41,1622,4.98,3.7900000000000005,7.3458,0,8,0,1,0,0,0,0,0,0,0,0,0
14138,7999,1,32,18,59,181,12.9,10.649999999999999,6.920999999999999,0,4,0,0,0,0,0,0,1,0,0,0,0
14171,7149,1,52,15,23,139,3.45,2.79,0,0,8,0,1,0,0,0,0,0,0,0,0,0
14241,2924,1,61,14,162,176,11.439999999999998,6.7299999999999995,0.9,0,4,0,0,0,0,0,0,1,0,0,0,0
14242,10269,1,56,20,340,664,13.05,8.25,0,0,11,0,0,1,0,0,0,0,0,0,0,0
14302,8657,1,47,24,77,208,12.510000000000002,6.499999999999998,0,0,9,0,0,0,0,1,0,0,0,0,0,0
14325,2995,1,29,20,3,43,4.64,3.9599999999999995,0.9,0,10,0,0,0,0,0,0,0,0,1,0,0
14333,5625,1,42,6,81,781,11.260000000000003,5.279999999999999,5.7375,0,3,1,0,0,0,0,0,0,0,0,0,0
14390,9295,1,27,28,13,147,5.100000000000001,3.62,1.26,0,2,0,0,0,0,0,1,0,0,0,0,0
14450,2683,1,34,24,90,3403,8.460000000000003,4.55,15.973,0,7,0,0,0,0,0,0,0,0,0,1,0
14480,4637,1,34,9,64,750,12,10.91,12.7215,0,1,0,0,0,0,0,0,0,1,0,0,0
14493,11207,1,41,18,25,86,8.07,6.4799999999999995,3.705,0,6,0,0,0,1,0,0,0,0,0,0,0
14519,1222,1,68,16,51,926,5.6000000000000005,5.05,9.97425,0,4,0,0,0,0,0,0,1,0,0,0,0
14597,4586,1,44,21,41,185,9.43,7.569999999999999,0.076,0,11,0,0,1,0,0,0,0,0,0,0,0
14605,840,1,39,17,47,205,10.639999999999999,6.469999999999999,11.3234,0,11,0,0,1,0,0,0,0,0,0,0,0
14609,1114,1,20,10,16,97,5.68,5.6899999999999995,0,0,1,0,0,0,0,0,0,0,1,0,0,0
14629,9597,1,21,18,20,2170,5.64,5.130000000000001,10.551599999999999,0,6,0,0,0,1,0,0,0,0,0,0,0
14766,8783,1,67,13,78,3310,6.69,5.3999999999999995,15.7311,0,1,0,0,0,0,0,0,0,1,0,0,0
14875,1976,1,27,11,18,1482,5.41,4.32,7.075,0,10,0,0,0,0,0,0,0,0,1,0,0
14920,1472,1,19,29,7,51,4.670000000000001,3.75,0.108,0,8,0,1,0,0,0,0,0,0,0,0,0
14929,8469,1,63,18,80,129,4.6000000000000005,4.499999999999999,1.0395,0,9,0,0,0,0,1,0,0,0,0,0,0
14945,3311,1,45,26,171,128,6.44,6.320000000000001,3.456,0,4,0,0,0,0,0,0,1,0,0,0,0
14976,8381,1,62,19,1551,542,20.55,9.52,7.35,0,2,0,0,0,0,0,1,0,0,0,0,0
15086,4735,1,20,19,35,280,5.67,5.39,2.0069999999999997,0,11,0,0,1,0,0,0,0,0,0,0,0
15221,4988,1,36,23,40,364,3.14,2.9299999999999997,3.01725,0,8,0,1,0,0,0,0,0,0,0,0,0
15224,3879,1,56,24,402,179,6.739999999999999,4.62,1.8,0,7,0,0,0,0,0,0,0,0,0,1,0
15280,9660,1,60,20,17,874,4.289999999999999,3.9099999999999997,3.922,0,11,0,0,1,0,0,0,0,0,0,0,0
15281,7967,1,36,13,167,852,10.6,7.27,8.1855,0,1,0,0,0,0,0,0,0,1,0,0,0
15329,7719,1,76,15,51,63,11.61,11.44,7.245,0,1,0,0,0,0,0,0,0,1,0,0,0
15331,3726,1,71,17,27,1074,2.0500000000000003,2.2199999999999998,5.0896,0,5,0,0,0,0,0,0,0,0,0,0,1
15375,1818,1,47,22,45,130,26.46,9.459999999999997,7.574000000000001,0,6,0,0,0,1,0,0,0,0,0,0,0
15454,9062,1,48,27,30,2312,7.67,6.89,10.493999999999998,0,1,0,0,0,0,0,0,0,1,0,0,0
15599,11379,1,59,27,50,905,9.35,4.859999999999999,8.6355,0,6,0,0,0,1,0,0,0,0,0,0,0
15618,132,1,49,26,20,147,7.3,6.669999999999999,0.747,0,4,0,0,0,0,0,0,1,0,0,0,0
15651,9952,1,60,9,34,117,12.72,3.4299999999999997,1.43,0,6,0,0,0,1,0,0,0,0,0,0,0
15659,9295,1,24,28,28,1487,7.880000000000001,6.109999999999999,7.3126,0,2,0,0,0,0,0,1,0,0,0,0,0
15705,396,1,40,4,284,1002,10.050000000000002,7.439999999999999,2.6920000000000006,0,6,0,0,0,1,0,0,0,0,0,0,0
15721,10045,1,45,22,63,481,5.75,4.209999999999999,3.483,0,8,0,1,0,0,0,0,0,0,0,0,0
15744,3466,1,41,16,22,120,9.63,7.83,0.5905,0,4,0,0,0,0,0,0,1,0,0,0,0
15753,278,1,73,21,359,780,9.35,5.669999999999999,7.9155,0,1,0,0,0,0,0,0,0,1,0,0,0
15788,186,1,63,10,257,85,10.940000000000001,3.48,1.8502,0,10,0,0,0,0,0,0,0,0,1,0,0
15802,5632,1,51,18,926,6491,13.129999999999997,7.459999999999998,29.8178,0,4,0,0,0,0,0,0,1,0,0,0,0
15844,2516,1,70,18,20,1713,7.660000000000001,5.89,7.825699999999999,0,6,0,0,0,1,0,0,0,0,0,0,0
15900,9422,1,60,16,12,71,3.9699999999999998,4.08,0,0,11,0,0,1,0,0,0,0,0,0,0,0
15939,8605,1,47,15,36,2397,8.409999999999998,7.26,10.496,0,4,0,0,0,0,0,0,1,0,0,0,0
15948,2781,1,39,15,19,31,7.8999999999999995,2.18,2.266,0,1,0,0,0,0,0,0,0,1,0,0,0
15993,4257,1,36,29,90,185,8.779999999999998,6.189999999999999,3.0193000000000003,0,2,0,0,0,0,0,1,0,0,0,0,0
16089,11171,1,45,20,31,1782,7.290000000000001,5.609999999999999,7.9818,0,11,0,0,1,0,0,0,0,0,0,0,0
16108,7141,1,48,27,71,464,10.899999999999997,6.78,3.1927499999999998,0,1,0,0,0,0,0,0,0,1,0,0,0
16130,6226,1,58,20,88,170,10.889999999999997,8.01,1.23,0,9,0,0,0,0,1,0,0,0,0,0,0
16133,7869,1,26,20,39,3113,5.55,5.519999999999998,14.273399999999999,0,9,0,0,0,0,1,0,0,0,0,0,0
16149,2109,1,22,11,31,91,5.959999999999999,2.8200000000000003,0.45,0,10,0,0,0,0,0,0,0,0,1,0,0
16160,3562,1,30,28,11,69,3.5900000000000003,4.06,0,0,11,0,0,1,0,0,0,0,0,0,0,0
16169,9353,1,21,27,24,52,14.78,2.5,3.4554,0,10,0,0,0,0,0,0,0,0,1,0,0
16235,9586,1,60,18,18,841,2.77,2.459999999999999,4.6935,0,6,0,0,0,1,0,0,0,0,0,0,0
16236,660,1,32,23,212,121,17.200000000000003,6.41,3.4970000000000003,0,8,0,1,0,0,0,0,0,0,0,0,0
16289,7869,1,55,20,57,6153,6.67,5.72,28.514,0,9,0,0,0,0,1,0,0,0,0,0,0
16313,1937,1,53,5,71,470,20.4,11.679999999999998,9.309,0,6,0,0,0,1,0,0,0,0,0,0,0
16327,525,1,57,4,2,258,6.76,3.49,13.001999999999997,0,6,0,0,0,1,0,0,0,0,0,0,0
16334,8184,1,52,16,380,1635,14.16,8.889999999999995,6.0126,0,8,0,1,0,0,0,0,0,0,0,0,0
16337,10982,1,25,14,63,277,10.07,7.749999999999999,0.5993999999999999,0,5,0,0,0,0,0,0,0,0,0,0,1
16427,11844,1,40,19,27,242,14.379999999999997,10.860000000000003,0.3375,0,11,0,0,1,0,0,0,0,0,0,0,0
16477,5982,1,38,17,32,231,10.19,5.64,2.2256,0,3,1,0,0,0,0,0,0,0,0,0,0
16487,10029,1,49,27,2808,258,21.159999999999997,8.27,0.6219,0,10,0,0,0,0,0,0,0,0,1,0,0
16499,6620,1,64,22,237,234,19.28,7.63,5.2084,0,7,0,0,0,0,0,0,0,0,0,1,0
16554,7963,1,21,21,79,1828,5.81,4.01,7.95,0,11,0,0,1,0,0,0,0,0,0,0,0
16559,4998,1,61,27,80,1577,15.71,9.81,8.11475,0,7,0,0,0,0,0,0,0,0,0,1,0
16641,297,1,50,5,28,119,6.540000000000001,5.4399999999999995,0,0,3,1,0,0,0,0,0,0,0,0,0,0
16656,11617,1,70,16,54,69,5.650000000000001,4.26,0.45,0,11,0,0,1,0,0,0,0,0,0,0,0
16694,4037,1,33,20,36,1146,12.28,9.48,2.6475,0,11,0,0,1,0,0,0,0,0,0,0,0
16765,1850,1,55,27,73,115,6.379999999999999,3.8199999999999994,1.2215,0,7,0,0,0,0,0,0,0,0,0,1,0
16769,2265,1,63,23,6,76,3.67,2.79,0.4725,0,11,0,0,1,0,0,0,0,0,0,0,0
16771,4621,1,65,15,25,3857,4.64,4.46,18.199599999999997,0,8,0,1,0,0,0,0,0,0,0,0,0
16823,821,1,62,16,539,188,7.3900000000000015,3.86,0.748,0,5,0,0,0,0,0,0,0,0,0,0,1
16832,2720,1,19,19,12,52,4.64,2.8600000000000003,0,0,11,0,0,1,0,0,0,0,0,0,0,0
16903,8590,1,52,9,2168,233,19.18,8.45,0,0,1,0,0,0,0,0,0,0,1,0,0,0
16924,3616,1,31,17,33,2617,6.36,5.59,11.8084,0,11,0,0,1,0,0,0,0,0,0,0,0
16995,8657,1,21,24,37,164,8.749999999999998,6.619999999999999,0,0,9,0,0,0,0,1,0,0,0,0,0,0
17009,7166,1,48,20,50,346,25.76,21.19,8.553,0,2,0,0,0,0,0,1,0,0,0,0,0
17021,181,1,40,18,53,112,7.3500000000000005,5.09,0.0666,0,6,0,0,0,1,0,0,0,0,0,0,0
17024,8392,1,35,14,43,1762,15.079999999999997,8.779999999999998,6.784,0,1,0,0,0,0,0,0,0,1,0,0,0
17035,8911,1,65,15,15,1399,5.25,4.239999999999999,6.4915,0,8,0,1,0,0,0,0,0,0,0,0,0
17045,3830,1,34,16,50,482,6.720000000000001,4.95,4.10625,0,8,0,1,0,0,0,0,0,0,0,0,0
17094,10217,1,67,20,77,1562,9.459999999999999,5.9,14.859,0,2,0,0,0,0,0,1,0,0,0,0,0
17135,2229,1,43,20,21,460,5.18,5.239999999999998,4.1148,0,2,0,0,0,0,0,1,0,0,0,0,0
17138,8916,1,19,7,20,286,15.96,11.629999999999999,1.125,1,3,1,0,0,0,0,0,0,0,0,0,0
17170,1630,1,26,10,57,171,8.57,5.39,0.29969999999999997,0,9,0,0,0,0,1,0,0,0,0,0,0
17176,6611,1,21,19,31,88,7.13,5.38,0,0,2,0,0,0,0,0,1,0,0,0,0,0
17216,9134,1,32,30,19,254,8.31,7.4399999999999995,1.07,0,2,0,0,0,0,0,1,0,0,0,0,0
17222,3562,1,60,28,11,69,3.5900000000000003,4.06,0,0,11,0,0,1,0,0,0,0,0,0,0,0
17228,4988,1,18,23,79,368,5.21,5.28,2.6055,0,8,0,1,0,0,0,0,0,0,0,0,0
17270,3941,1,57,22,141,291,10.629999999999997,6.84,2.7414,0,7,0,0,0,0,0,0,0,0,0,1,0
17299,7129,1,47,15,38,1147,5.89,4.799999999999999,6.363299999999999,0,1,0,0,0,0,0,0,0,1,0,0,0
17322,11411,1,38,17,114,1021,15.700000000000001,8.15,13.144400000000001,0,3,1,0,0,0,0,0,0,0,0,0,0
17341,2852,1,24,16,57,131,18.690000000000005,11.069999999999997,4.29,0,11,0,0,1,0,0,0,0,0,0,0,0
17349,10694,1,44,4,29,258,8.079999999999998,3.67,11.8942,0,6,0,0,0,1,0,0,0,0,0,0,0
17399,3577,1,26,16,40,110,5.559999999999999,5.489999999999999,0.29969999999999997,0,11,0,0,1,0,0,0,0,0,0,0,0
17432,5244,1,19,15,89,1634,10,5.689999999999999,15.13125,0,8,0,1,0,0,0,0,0,0,0,0,0
17455,2516,1,38,18,19,1708,7.709999999999998,7.06,7.825699999999999,0,6,0,0,0,1,0,0,0,0,0,0,0
17459,9253,1,21,11,4,120,4.48,3.76,0.72,0,10,0,0,0,0,0,0,0,0,1,0,0
17476,2096,1,35,22,42,774,6.789999999999999,6.4,6.75,0,9,0,0,0,0,1,0,0,0,0,0,0
17528,9980,1,23,8,166,268,23.119999999999997,12.170000000000002,12.2224,0,3,1,0,0,0,0,0,0,0,0,0,0
17556,8146,1,30,10,109,182,8.12,5.749999999999998,0,0,6,0,0,0,1,0,0,0,0,0,0,0
17580,10339,1,30,16,4,139,6.809999999999999,7.359999999999999,0,0,5,0,0,0,0,0,0,0,0,0,0,1
17620,9756,1,60,23,5021,308,22.410000000000004,10.199999999999998,7.337999999999999,0,4,0,0,0,0,0,0,1,0,0,0,0
17738,6707,1,36,18,57,169,11.6,5.53,0.36,0,11,0,0,1,0,0,0,0,0,0,0,0
17754,9777,1,33,19,5,662,3.6099999999999994,3.11,3.3023999999999996,0,6,0,0,0,1,0,0,0,0,0,0,0
17859,1575,1,45,18,102,192,27.590000000000003,21.129999999999995,5.13,0,9,0,0,0,0,1,0,0,0,0,0,0
17967,7889,1,52,20,42,47,4.35,2.71,0.7124299999999999,0,9,0,0,0,0,1,0,0,0,0,0,0
18061,4242,1,48,21,34,156,8.22,6.81,0,0,11,0,0,1,0,0,0,0,0,0,0,0
18126,6682,1,62,8,162,2352,11.460000000000003,7.689999999999999,12.2437,0,3,1,0,0,0,0,0,0,0,0,0,0
18152,409,1,24,21,35,61,2.869999999999999,2.82,0,0,9,0,0,0,0,1,0,0,0,0,0,0
18182,11030,1,37,10,11,134,6.4399999999999995,4.87,0,0,6,0,0,0,1,0,0,0,0,0,0,0
18207,6754,1,38,11,38,136,8.709999999999999,6.48,0.675,0,10,0,0,0,0,0,0,0,0,1,0,0
18212,5244,1,64,15,59,648,11.14,6.539999999999999,5.0062500000000005,0,8,0,1,0,0,0,0,0,0,0,0,0
18272,4396,1,36,26,91,239,11.229999999999999,7.84,1.4994,0,4,0,0,0,0,0,0,1,0,0,0,0
18288,3333,1,30,2,59,81,11.100000000000001,5.6,5.7868,0,2,0,0,0,0,0,1,0,0,0,0,0
18335,1328,1,32,16,12,1169,3.52,2.36,5.331799999999999,0,7,0,0,0,0,0,0,0,0,0,1,0
18390,109,1,46,25,13,1053,12.329999999999998,8.399999999999997,5.813600000000001,0,7,0,0,0,0,0,0,0,0,0,1,0
18392,3338,1,38,21,12,124,3.3600000000000003,2.21,2.94,0,9,0,0,0,0,1,0,0,0,0,0,0
18396,7060,1,22,14,41,533,17.279999999999998,7.289999999999998,4.635,0,5,0,0,0,0,0,0,0,0,0,0,1
18421,4513,1,40,16,12,98,6.900000000000001,6.46,1.1997000000000002,0,5,0,0,0,0,0,0,0,0,0,0,1
18468,2966,1,21,18,103,80,3.43,3.4099999999999997,0.27,0,3,1,0,0,0,0,0,0,0,0,0,0
18501,4791,1,33,16,5,52,3.3799999999999994,4.43,0.453,0,5,0,0,0,0,0,0,0,0,0,0,1
18535,1871,1,26,15,19,43,2.13,2.4899999999999998,0,0,8,0,1,0,0,0,0,0,0,0,0,0
18549,11318,1,26,16,88,2747,12.200000000000001,8.929999999999998,12.886700000000001,0,8,0,1,0,0,0,0,0,0,0,0,0
18559,5744,1,33,18,1372,178,11,7.6499999999999995,0.29969999999999997,0,11,0,0,1,0,0,0,0,0,0,0,0
18560,5269,1,42,20,31,3475,2.94,1.65,16.218,0,2,0,0,0,0,0,1,0,0,0,0,0
18583,3357,1,53,24,11,1356,9.73,4.539999999999999,6.898,0,4,0,0,0,0,0,0,1,0,0,0,0
18595,7807,1,25,12,16,108,7.559999999999999,5.95,1.0266,0,1,0,0,0,0,0,0,0,1,0,0,0
18620,7834,1,52,18,106,334,18.86,10.42,4.2387,0,2,0,0,0,0,0,1,0,0,0,0,0
18633,1828,1,49,15,51,86,6.94,5.26,0,0,8,0,1,0,0,0,0,0,0,0,0,0
18642,10431,1,42,18,40,1035,3.5599999999999996,3.829999999999999,4.3248,0,9,0,0,0,0,1,0,0,0,0,0,0
18657,2677,1,56,25,115,4096,25.139999999999997,12.83,19.9557,0,7,0,0,0,0,0,0,0,0,0,1,0
18733,5671,1,54,19,42,121,9.41,4.72,3.6819,0,11,0,0,1,0,0,0,0,0,0,0,0
18747,3808,1,34,20,71,70,4.379999999999999,2.77,0,0,9,0,0,0,0,1,0,0,0,0,0,0
18792,1315,1,71,23,35,841,7.630000000000001,4.419999999999999,6.48675,0,11,0,0,1,0,0,0,0,0,0,0,0
18812,9517,1,20,10,35,189,8.250000000000002,5.71,0,0,9,0,0,0,0,1,0,0,0,0,0,0
18860,3138,1,65,3,152,291,18.48,10.219999999999999,3.3174,0,3,1,0,0,0,0,0,0,0,0,0,0
18889,1639,1,45,5,172,2062,12.449999999999998,7.599999999999998,20.0925,0,6,0,0,0,1,0,0,0,0,0,0,0
18909,2577,1,49,28,55,2233,4.99,3.93,10.175999999999998,0,4,0,0,0,0,0,0,1,0,0,0,0
18918,9353,1,19,27,20,63,12.530000000000003,4.02,2.681,0,10,0,0,0,0,0,0,0,0,1,0,0
18923,8707,1,51,17,62,160,7.95,5.969999999999999,0.45,0,1,0,0,0,0,0,0,0,1,0,0,0
18939,383,1,39,12,42,721,7.09,3.15,6.1425,0,8,0,1,0,0,0,0,0,0,0,0,0
18963,10135,1,50,26,54,240,15.82,6.91,2.9232,0,1,0,0,0,0,0,0,0,1,0,0,0
19016,8703,1,60,16,53,146,6.93,4.489999999999999,0,0,3,1,0,0,0,0,0,0,0,0,0,0
19115,456,1,37,28,51,662,17,4.819999999999999,29.318,0,2,0,0,0,0,0,1,0,0,0,0,0
19117,2852,1,29,16,34,110,17.630000000000003,9.12,2.55,0,11,0,0,1,0,0,0,0,0,0,0,0
19141,4900,1,39,16,15,134,4.729999999999999,2.9899999999999993,2.9959999999999996,0,5,0,0,0,0,0,0,0,0,0,0,1
19143,11318,1,62,16,147,2166,9.040000000000001,7.250000000000002,10.2367,0,8,0,1,0,0,0,0,0,0,0,0,0
19227,11011,1,37,10,37,81,12.209999999999999,3.8800000000000003,1.9734000000000005,0,10,0,0,0,0,0,0,0,0,1,0,0
19265,8146,1,18,10,77,100,5.71,4.57,0,0,6,0,0,0,1,0,0,0,0,0,0,0
19352,9100,1,19,14,25,597,4.49,3.1900000000000004,3.2333999999999996,0,5,0,0,0,0,0,0,0,0,0,0,1
19370,2292,1,62,26,23,105,15.919999999999998,14.37,7.23,0,1,0,0,0,0,0,0,0,1,0,0,0
19373,1969,1,60,21,58,2735,12.43,7.530000000000001,12.7152,0,9,0,0,0,0,1,0,0,0,0,0,0
19419,6139,1,68,22,23,387,5.140000000000001,4.74,4.3047,0,6,0,0,0,1,0,0,0,0,0,0,0
19506,10761,1,42,10,252,66,3.1700000000000004,2.4099999999999993,0.3375,0,9,0,0,0,0,1,0,0,0,0,0,0
19606,4273,1,32,24,3345,200,8.77,6.429999999999999,5.033099999999999,0,4,0,0,0,0,0,0,1,0,0,0,0
19624,6639,1,70,18,24,171,6.36,6.5600000000000005,0,0,11,0,0,1,0,0,0,0,0,0,0,0
19641,10797,1,58,15,50,1542,10.69,9.43,7.61,0,4,0,0,0,0,0,0,1,0,0,0,0
19759,1071,1,36,22,28,3097,11.64,8.78,12.985,0,7,0,0,0,0,0,0,0,0,0,1,0
19824,8840,1,45,7,115,239,8.92,7.029999999999999,2.583,1,3,1,0,0,0,0,0,0,0,0,0,0
19884,11766,1,21,27,59,2727,4.6,4.339999999999999,13.4186,0,6,0,0,0,1,0,0,0,0,0,0,0
19932,6576,1,34,19,36,173,8.66,7.43,1.4994,0,11,0,0,1,0,0,0,0,0,0,0,0
20014,11006,1,40,15,41,100,8.469999999999999,5.369999999999999,0.45,0,5,0,0,0,0,0,0,0,0,0,0,1
20119,8962,1,85,25,263,1800,18.890000000000004,6.379999999999998,17.073,0,10,0,0,0,0,0,0,0,0,1,0,0
20147,6106,1,19,9,106,51,4.2299999999999995,4.11,0,0,6,0,0,0,1,0,0,0,0,0,0,0
20150,9130,1,36,17,3,160,8.929999999999998,8.239999999999998,0.9,0,11,0,0,1,0,0,0,0,0,0,0,0
20159,10744,1,44,24,121,196,16.570000000000004,8.190000000000001,10.1988,0,7,0,0,0,0,0,0,0,0,0,1,0
20283,7616,1,26,16,57,217,11.399999999999999,8.66,0.225,0,3,1,0,0,0,0,0,0,0,0,0,0
20285,1765,1,46,16,4,88,8.200000000000001,6.489999999999999,0.36,0,4,0,0,0,0,0,0,1,0,0,0,0
20379,8570,1,76,20,955,292,9.829999999999998,5.55,3.6976,0,9,0,0,0,0,1,0,0,0,0,0,0
20413,9950,1,33,23,76,5333,13.499999999999998,10.989999999999998,24.311,0,8,0,1,0,0,0,0,0,0,0,0,0
20426,10461,1,42,25,64,94,11.54,8.07,6.33,0,1,0,0,0,0,0,0,0,1,0,0,0
20459,6722,1,28,22,38,2031,7.41,6.079999999999998,8.904,0,8,0,1,0,0,0,0,0,0,0,0,0
20497,5509,1,45,25,32,2126,4.66,2.81,9.434,0,7,0,0,0,0,0,0,0,0,0,1,0
20530,6637,1,20,15,24,1211,4.26,3.739999999999999,5.406000000000001,0,11,0,0,1,0,0,0,0,0,0,0,0
20582,10965,1,40,18,101,132,12.349999999999998,5.029999999999999,0.765,0,1,0,0,0,0,0,0,0,1,0,0,0
20592,9109,1,50,18,26,171,8.620000000000001,8.73,0,0,2,0,0,0,0,0,1,0,0,0,0,0
20673,6508,1,71,23,45,1559,5.809999999999999,5.579999999999999,6.933,0,7,0,0,0,0,0,0,0,0,0,1,0
20696,4751,1,32,17,23,1275,8.369999999999997,8.189999999999998,6.909000000000001,0,10,0,0,0,0,0,0,0,0,1,0,0
20728,5517,1,73,28,39,2050,12.08,7.3,8.586,0,10,0,0,0,0,0,0,0,0,1,0,0
20865,1313,1,51,20,60,1670,13.09,7.5299999999999985,6.996,0,11,0,0,1,0,0,0,0,0,0,0,0
20891,2208,1,18,27,90,1259,11.690000000000003,8.86,6.0434,0,6,0,0,0,1,0,0,0,0,0,0,0
20955,1687,1,53,10,27,133,5.929999999999999,5.31,0.2646,0,1,0,0,0,0,0,0,0,1,0,0,0
20984,297,1,23,5,28,119,6.59,5.45,0,0,3,1,0,0,0,0,0,0,0,0,0,0
21018,10796,1,54,20,82,1971,8.85,5.17,19.377,0,2,0,0,0,0,0,1,0,0,0,0,0
21033,8622,1,45,9,50,85,4.970000000000001,2.4099999999999993,0,0,1,0,0,0,0,0,0,0,1,0,0,0
21171,2556,1,48,15,75,4059,8.530000000000001,4.6,18.783199999999997,0,8,0,1,0,0,0,0,0,0,0,0,0
21185,1229,1,44,24,29,1761,4.989999999999998,4.049999999999999,8.236,0,8,0,1,0,0,0,0,0,0,0,0,0
21202,10995,1,68,15,93,133,8.540000000000001,4.930000000000001,0,0,11,0,0,1,0,0,0,0,0,0,0,0
21203,9558,1,63,19,62,457,5.94,3.85,2.97675,0,11,0,0,1,0,0,0,0,0,0,0,0
21208,4916,1,35,5,133,172,12.26,9.790000000000001,2.52,0,3,1,0,0,0,0,0,0,0,0,0,0
21328,7893,1,35,8,212,197,15.36,9.209999999999997,3.6629999999999994,0,10,0,0,0,0,0,0,0,0,1,0,0
21340,3266,1,47,25,53,85,10.1,4.49,4.28604,0,9,0,0,0,0,1,0,0,0,0,0,0
21380,3175,1,57,26,50,142,16.87,6.959999999999998,4.227,0,6,0,0,0,1,0,0,0,0,0,0,0
21388,1690,1,22,9,42,163,3.37,4.16,0.225,0,6,0,0,0,1,0,0,0,0,0,0,0
21447,11856,1,65,19,73,837,7.25,6.97,3.392,0,5,0,0,0,0,0,0,0,0,0,0,1
21451,11226,1,58,22,84,1391,13.34,7.62,9.865300000000001,0,8,0,1,0,0,0,0,0,0,0,0,0
21476,8633,1,21,20,4,52,4.430000000000001,5.499999999999999,0,0,5,0,0,0,0,0,0,0,0,0,0,1
21486,1995,1,46,10,8,77,4.26,3.8499999999999996,0,0,1,0,0,0,0,0,0,0,1,0,0,0
21550,6328,1,55,12,22,190,9.34,6.72,0,0,8,0,1,0,0,0,0,0,0,0,0,0
21556,11765,1,40,18,106,395,11.469999999999999,8.690000000000001,3.18195,0,2,0,0,0,0,0,1,0,0,0,0,0
21568,2072,1,20,20,105,4767,12.34,9.87,20.776,0,9,0,0,0,0,1,0,0,0,0,0,0
21590,9376,1,52,22,32,2212,8.37,8.119999999999997,9.8686,0,7,0,0,0,0,0,0,0,0,0,1,0
21688,1499,1,23,26,209,135,4.8999999999999995,4.449999999999999,1.125,0,4,0,0,0,0,0,0,1,0,0,0,0
21853,11001,1,58,19,44,2439,4.5200000000000005,3.95,11.139,0,11,0,0,1,0,0,0,0,0,0,0,0
21863,1762,1,53,17,26,75,5.62,4.15,0,0,11,0,0,1,0,0,0,0,0,0,0,0
21866,4695,1,35,18,81,6242,5.540000000000001,5.1499999999999995,28.831999999999997,0,2,0,0,0,0,0,1,0,0,0,0,0
21967,11759,1,47,18,40,3735,6.49,7.86,17.1614,0,2,0,0,0,0,0,1,0,0,0,0,0
22004,4246,1,46,16,58,1233,6.03,4.339999999999999,5.0138,0,8,0,1,0,0,0,0,0,0,0,0,0
22034,2671,1,40,24,61,109,15.689999999999996,9.82,2.64,0,11,0,0,1,0,0,0,0,0,0,0,0
22149,8696,1,39,23,77,1041,11.11,8.450000000000001,9.434249999999999,0,4,0,0,0,0,0,0,1,0,0,0,0
22156,9521,1,23,27,110,166,8.05,6.249999999999999,3.6625,0,7,0,0,0,0,0,0,0,0,0,1,0
22176,11594,1,30,8,23,98,8.05,2.5,6.218100000000001,0,6,0,0,0,1,0,0,0,0,0,0,0
22274,724,1,38,12,43,721,9.349999999999998,6.9,5.4,0,1,0,0,0,0,0,0,0,1,0,0,0
22330,5851,1,18,16,10,125,7.220000000000001,5.56,0,0,7,0,0,0,0,0,0,0,0,0,1,0
22354,9353,1,47,27,20,64,12.520000000000001,3.9400000000000004,3.1310000000000002,0,10,0,0,0,0,0,0,0,0,1,0,0
22368,5483,1,26,22,56,72,9.360000000000001,4.29,3.045,0,7,0,0,0,0,0,0,0,0,0,1,0
22369,1210,1,45,11,69,1041,13.76,9.449999999999998,8.83125,0,1,0,0,0,0,0,0,0,1,0,0,0
22406,11007,1,28,29,118,2515,11.31,7.249999999999998,11.699,0,8,0,1,0,0,0,0,0,0,0,0,0
22416,2499,1,38,19,116,235,18.11,10.919999999999996,6.395759999999999,0,11,0,0,1,0,0,0,0,0,0,0,0
22454,4950,1,27,20,1435,75,6.300000000000001,2.43,0,0,9,0,0,0,0,1,0,0,0,0,0,0
22455,10689,1,62,17,5021,308,19.909999999999997,10.2,3.33,0,5,0,0,0,0,0,0,0,0,0,0,1
22500,2104,1,49,9,16,2055,4.829999999999999,4.329999999999999,9.434,0,6,0,0,0,1,0,0,0,0,0,0,0
22515,5640,1,55,19,33,1454,9.59,6.449999999999999,6.6772,0,6,0,0,0,1,0,0,0,0,0,0,0
22536,1976,1,24,11,13,1093,4.42,3.52,5.2942,0,10,0,0,0,0,0,0,0,0,1,0,0
22574,7891,1,47,24,87,5662,9.35,6.68,26.1078,0,9,0,0,0,0,1,0,0,0,0,0,0
22584,6001,1,39,19,179,1320,28.15,19.219999999999995,11.709,0,2,0,0,0,0,0,1,0,0,0,0,0
22600,6324,1,44,19,45,992,13.54,8.379999999999999,7.32375,0,11,0,0,1,0,0,0,0,0,0,0,0
22626,7692,1,42,17,57,1835,11.2,8.02,8.246,0,3,1,0,0,0,0,0,0,0,0,0,0
22638,7320,1,48,24,108,171,8,7.72,4.4634,0,7,0,0,0,0,0,0,0,0,0,1,0
22644,8382,1,62,19,11,332,5.47,1.94,2.97675,0,11,0,0,1,0,0,0,0,0,0,0,0
22666,3703,1,42,20,22,798,6.03,5.16,6.642,0,2,0,0,0,0,0,1,0,0,0,0,0
22778,1001,1,46,22,39,2636,6.15,5.419999999999999,12.262500000000001,0,6,0,0,0,1,0,0,0,0,0,0,0
22842,554,1,65,18,29,924,3.8099999999999996,2.3000000000000003,3.890200000000001,0,8,0,1,0,0,0,0,0,0,0,0,0
22844,2954,1,47,18,5,109,8.54,6.249999999999999,0.9,0,1,0,0,0,0,0,0,0,1,0,0,0
22858,6139,1,28,22,23,369,3.9699999999999998,3.0299999999999994,4.3047,0,6,0,0,0,1,0,0,0,0,0,0,0
22896,9134,1,60,30,21,316,9.540000000000001,7.75,3.21,0,2,0,0,0,0,0,1,0,0,0,0,0
22898,11078,1,38,18,458,1170,8.27,6.999999999999999,9.855,0,8,0,1,0,0,0,0,0,0,0,0,0
22919,1630,1,88,10,48,135,6.65,4.1899999999999995,0.29969999999999997,0,9,0,0,0,0,1,0,0,0,0,0,0
22980,6890,1,56,24,123,257,11.659999999999998,10.479999999999999,5.7852,0,4,0,0,0,0,0,0,1,0,0,0,0
23033,6576,1,64,19,36,153,7.16,4.85,1.4994,0,11,0,0,1,0,0,0,0,0,0,0,0
23057,3138,1,27,3,144,241,16.83,9.199999999999998,5.823,0,3,1,0,0,0,0,0,0,0,0,0,0
23131,2402,1,26,8,50,1991,15.05,7.84,8.374,0,10,0,0,0,0,0,0,0,0,1,0,0
23169,3449,1,23,30,124,562,19.9,8.69,20.6194,0,2,0,0,0,0,0,1,0,0,0,0,0
23245,2229,1,82,20,21,439,3.6799999999999997,2.9000000000000004,4.1148,0,2,0,0,0,0,0,1,0,0,0,0,0
23287,2168,1,74,8,8,25,9.329999999999998,1.9400000000000002,2.882000000000001,0,10,0,0,0,0,0,0,0,0,1,0,0
23302,11745,1,19,14,35,233,6.499999999999999,3.96,9.587399999999999,0,5,0,0,0,0,0,0,0,0,0,0,1
23312,11434,1,67,28,185,249,10.79,6.67,0.09,0,1,0,0,0,0,0,0,0,1,0,0,0
23420,2172,1,66,4,1579,299,29.89,16.24,1.1988,0,6,0,0,0,1,0,0,0,0,0,0,0
23506,2036,1,44,26,32,1521,8.73,6.92,7.246200000000001,0,7,0,0,0,0,0,0,0,0,0,1,0
23625,7179,1,43,20,35,2589,9.560000000000002,7.969999999999999,11.7554,0,2,0,0,0,0,0,1,0,0,0,0,0
23677,3355,1,74,24,113,255,15.34,8.55,2.628,0,7,0,0,0,0,0,0,0,0,0,1,0
23718,2024,1,63,12,19,783,6.25,5.51,3.6300000000000003,0,1,0,0,0,0,0,0,0,1,0,0,0
23739,11616,1,39,15,43,298,9.9,6.659999999999999,7.2399000000000004,0,1,0,0,0,0,0,0,0,1,0,0,0
23750,2709,1,32,18,30,2534,8.350000000000001,6.37,11.6306,0,9,0,0,0,0,1,0,0,0,0,0,0
23797,6637,1,40,15,52,3222,7.5200000000000005,5.569999999999999,14.702199999999998,0,11,0,0,1,0,0,0,0,0,0,0,0
23886,2308,1,65,13,49,1037,6.75,3.38,4.7097,0,1,0,0,0,0,0,0,0,1,0,0,0
23916,10743,1,36,14,223,1167,17.950000000000003,11.199999999999998,14.0715,0,5,0,0,0,0,0,0,0,0,0,0,1
23951,5298,1,39,23,10,48,3.5,5.119999999999999,0.1035,0,4,0,0,0,0,0,0,1,0,0,0,0
23967,11576,1,72,20,36,83,4.78,3.48,0.45,0,9,0,0,0,0,1,0,0,0,0,0,0
23991,2764,1,43,21,70,105,13.459999999999997,14.659999999999995,7.5329999999999995,0,1,0,0,0,0,0,0,0,1,0,0,0
24001,9728,1,20,6,110,241,20.029999999999994,13.319999999999997,11.709,0,3,1,0,0,0,0,0,0,0,0,0,0
24041,11378,1,30,14,102,2917,20.12,10.15,12.772599999999999,0,10,0,0,0,0,0,0,0,0,1,0,0
24160,971,1,42,19,56,140,10.239999999999998,5.59,0.6785000000000001,0,5,0,0,0,0,0,0,0,0,0,0,1
24163,5325,1,73,14,28,129,7.2299999999999995,5.999999999999999,0.675,0,10,0,0,0,0,0,0,0,0,1,0,0
24176,9690,1,55,8,77,1815,8.73,6.369999999999999,9.178,0,6,0,0,0,1,0,0,0,0,0,0,0
24199,2143,1,52,25,73,5233,8.35,6.76,26.0152,0,7,0,0,0,0,0,0,0,0,0,1,0
24266,7999,1,62,18,42,133,9.739999999999998,7.629999999999999,5.493,0,4,0,0,0,0,0,0,1,0,0,0,0
24289,11056,1,46,16,232,143,9.05,5.18,1.8900000000000001,0,7,0,0,0,0,0,0,0,0,0,1,0
24295,8363,1,60,18,195,353,20.360000000000007,12.2,0.3375,0,7,0,0,0,0,0,0,0,0,0,1,0
24325,6974,1,48,10,34,218,8.99,6.04,0,0,9,0,0,0,0,1,0,0,0,0,0,0
24417,7675,1,45,16,4,155,8.389999999999999,6.63,0,0,5,0,0,0,0,0,0,0,0,0,0,1
24424,331,1,26,20,31,62,8.559999999999999,9.5,4.47,0,2,0,0,0,0,0,1,0,0,0,0,0
24448,5818,1,43,11,95,171,8.229999999999999,6.650000000000001,0,0,1,0,0,0,0,0,0,0,1,0,0,0
24479,10244,1,36,20,4,261,9.939999999999998,5.71,0.36,0,9,0,0,0,0,1,0,0,0,0,0,0
24481,7969,1,35,18,164,6884,11.200000000000001,7.7,31.8424,0,8,0,1,0,0,0,0,0,0,0,0,0
24483,6292,1,18,12,16,845,3.7399999999999998,2,3.71,0,8,0,1,0,0,0,0,0,0,0,0,0
24503,10057,1,63,15,29,1412,11.07,9.47,6.2,0,4,0,0,0,0,0,0,1,0,0,0,0
24506,7893,1,62,8,211,179,14.089999999999998,8.08,3.6629999999999994,0,10,0,0,0,0,0,0,0,0,1,0,0
24519,10931,1,67,25,54,179,22.229999999999997,11.57,4.431839999999999,0,7,0,0,0,0,0,0,0,0,0,1,0
24541,10030,1,62,19,29,549,11.099999999999996,4.97,4.19625,0,11,0,0,1,0,0,0,0,0,0,0,0
24560,11630,1,20,21,279,864,3.33,2.6399999999999997,4.0301,0,9,0,0,0,0,1,0,0,0,0,0,0
24610,4105,1,59,19,41,190,12.410000000000004,9.400000000000002,2.9997000000000003,0,2,0,0,0,0,0,1,0,0,0,0,0
24638,6288,1,62,9,50,89,6,4.64,0.38159999999999994,0,6,0,0,0,1,0,0,0,0,0,0,0
24687,11839,1,87,19,89,154,10.34,4.759999999999999,1.305,0,11,0,0,1,0,0,0,0,0,0,0,0
24700,3740,1,19,30,258,565,9.16,10.859999999999998,6.2265999999999995,0,2,0,0,0,0,0,1,0,0,0,0,0
24707,2841,1,35,12,63,79,4.510000000000001,1.87,0,0,8,0,1,0,0,0,0,0,0,0,0,0
24725,6681,1,31,16,23,188,15.31,10.89,5.06784,0,6,0,0,0,1,0,0,0,0,0,0,0
24737,3040,1,74,24,36,3872,5.92,4.389999999999999,18.083,0,4,0,0,0,0,0,0,1,0,0,0,0
24756,8570,1,37,20,1114,671,21.18,10.779999999999998,11.2005,0,9,0,0,0,0,1,0,0,0,0,0,0
24763,2868,1,55,22,53,115,5.78,3.5,0,0,9,0,0,0,0,1,0,0,0,0,0,0
24787,5178,1,63,18,185,169,5.73,4.949999999999999,0,0,6,0,0,0,1,0,0,0,0,0,0,0
24832,1547,1,40,20,133,1257,6.719999999999999,6.559999999999999,2.5934999999999997,0,11,0,0,1,0,0,0,0,0,0,0,0
24891,5803,1,56,22,24,48,7.68,4.539999999999999,7.264499999999999,0,7,0,0,0,0,0,0,0,0,0,1,0
24950,79,1,60,21,497,60,2.9899999999999998,3.16,0,0,11,0,0,1,0,0,0,0,0,0,0,0
25065,9666,1,18,26,10,358,10.88,5.77,15.946,0,10,0,0,0,0,0,0,0,0,1,0,0
25156,10314,1,48,20,35,1564,6.619999999999999,5.27,6.921799999999999,0,11,0,0,1,0,0,0,0,0,0,0,0
25171,4853,1,29,17,87,262,7.420000000000001,5.249999999999999,5.1723,0,11,0,0,1,0,0,0,0,0,0,0,0
25353,1224,1,30,17,205,414,8.08,6.05,1.0917,0,5,0,0,0,0,0,0,0,0,0,0,1
25409,5414,1,28,27,2625,256,28.119999999999997,8.67,1.4520000000000002,0,10,0,0,0,0,0,0,0,0,1,0,0
25514,4950,1,24,20,1435,81,6.74,3.1199999999999997,0,0,9,0,0,0,0,1,0,0,0,0,0,0
25584,3808,1,28,20,71,93,6.6899999999999995,4.460000000000001,0,0,9,0,0,0,0,1,0,0,0,0,0,0
25617,4694,1,35,15,11,250,10.459999999999997,5.809999999999999,10.200099999999999,0,1,0,0,0,0,0,0,0,1,0,0,0
25640,10956,1,18,18,13,63,3.1300000000000003,3.07,0.7875,0,3,1,0,0,0,0,0,0,0,0,0,0
25642,3273,1,39,28,59,47,2.9099999999999997,3.85,0,0,11,0,0,1,0,0,0,0,0,0,0,0
25703,7965,1,56,16,46,5840,9.04,8.920000000000002,27.03,0,3,1,0,0,0,0,0,0,0,0,0,0
25743,9422,1,38,16,12,61,3.22,2.8999999999999995,0,0,11,0,0,1,0,0,0,0,0,0,0,0
25762,9059,1,32,15,58,1861,11.490000000000002,8.67,8.7563,0,5,0,0,0,0,0,0,0,0,0,0,1
25787,9597,1,46,18,15,1728,4.909999999999999,4.859999999999999,8.4952,0,6,0,0,0,1,0,0,0,0,0,0,0
25795,5829,1,33,3,113,124,6.039999999999999,4.62,1.08,0,3,1,0,0,0,0,0,0,0,0,0,0
25814,6223,1,59,19,484,2219,25.2,7.04,9.964,0,11,0,0,1,0,0,0,0,0,0,0,0
25893,8099,1,39,28,7,86,13.540000000000001,5.01,16.935000000000002,0,10,0,0,0,0,0,0,0,0,1,0,0
25919,819,1,74,15,25,416,4.01,1.9500000000000002,3.8565,0,11,0,0,1,0,0,0,0,0,0,0,0
25945,11612,1,56,17,4,58,13.790000000000001,5.2299999999999995,2.065,0,3,1,0,0,0,0,0,0,0,0,0,0
25955,1917,1,65,19,20,3289,4.83,5.219999999999999,15.105,0,9,0,0,0,0,1,0,0,0,0,0,0
26061,5825,1,21,18,41,122,9.569999999999999,7.260000000000001,0.3375,0,7,0,0,0,0,0,0,0,0,0,1,0
26092,6639,1,37,18,26,185,6.720000000000001,6.679999999999999,0,0,11,0,0,1,0,0,0,0,0,0,0,0
26111,10956,1,22,18,19,84,4.33,4.25,0.7875,0,3,1,0,0,0,0,0,0,0,0,0,0
26127,404,1,24,19,38,102,4.47,4.139999999999999,0.063,0,2,0,0,0,0,0,1,0,0,0,0,0
26150,7191,1,50,26,39,83,3.6699999999999995,2.5399999999999996,0.45,0,7,0,0,0,0,0,0,0,0,0,1,0
26247,11271,1,75,27,453,1002,28.87,8.520000000000001,10.17625,0,4,0,0,0,0,0,0,1,0,0,0,0
26250,4413,1,40,18,45,3930,12.06,8.38,18.1879,0,3,1,0,0,0,0,0,0,0,0,0,0
26404,161,1,35,27,146,2285,7.9700000000000015,6.840000000000001,11.8244,0,4,0,0,0,0,0,0,1,0,0,0,0
26450,7885,1,31,18,0,22,1.7000000000000002,2.49,0,0,7,0,0,0,0,0,0,0,0,0,1,0
26571,8021,1,68,20,32,2236,36.71000000000001,4.73,16.3649,0,1,0,0,0,0,0,0,0,1,0,0,0
26698,8520,1,42,16,85,157,13.339999999999998,10.45,0.0684,0,8,0,1,0,0,0,0,0,0,0,0,0
26704,5553,1,76,25,76,5627,9.51,7.340000000000001,26.128,0,4,0,0,0,0,0,0,1,0,0,0,0
26764,9728,1,46,6,23,46,6.479999999999999,2.3999999999999995,0.375,0,3,1,0,0,0,0,0,0,0,0,0,0
26829,7732,1,50,8,21,1419,9.36,6.77,6.3702000000000005,0,10,0,0,0,0,0,0,0,0,1,0,0
26894,9372,1,73,9,7,15,4.87,0.9,3.69684,0,1,0,0,0,0,0,0,0,1,0,0,0
26897,11781,1,24,18,96,83,3.89,3.2399999999999998,0,0,9,0,0,0,0,1,0,0,0,0,0,0
26904,8008,1,53,2,52,819,8.469999999999999,5.6899999999999995,11.382,0,2,0,0,0,0,0,1,0,0,0,0,0
26913,2252,1,48,23,33,124,5.15,2.8499999999999996,0,0,11,0,0,1,0,0,0,0,0,0,0,0
26918,2441,1,30,16,32,2720,8.790000000000001,9.44,13.4606,0,5,0,0,0,0,0,0,0,0,0,0,1
26958,583,1,47,6,136,233,19.87,13.98,9.234399999999999,0,3,1,0,0,0,0,0,0,0,0,0,0
26969,7586,1,56,19,154,2509,6.82,5.51,11.3102,0,9,0,0,0,0,1,0,0,0,0,0,0
27005,11366,1,22,17,217,259,23.880000000000006,14.759999999999996,11.940000000000001,0,3,1,0,0,0,0,0,0,0,0,0,0
27048,8118,1,39,22,10,46,5.35,3.1799999999999997,0,0,9,0,0,0,0,1,0,0,0,0,0,0
27051,6850,1,58,4,130,5056,13.89,12.289999999999997,27.129799999999996,0,6,0,0,0,1,0,0,0,0,0,0,0
27091,6855,1,45,10,17,319,4.9399999999999995,3.01,2.7585000000000006,0,6,0,0,0,1,0,0,0,0,0,0,0
27127,10689,1,19,17,3721,210,14.020000000000001,6.63,2.115,0,5,0,0,0,0,0,0,0,0,0,0,1
27181,8911,1,40,15,1,117,3.8899999999999997,4.049999999999999,0.6615000000000001,0,8,0,1,0,0,0,0,0,0,0,0,0
27189,1578,1,52,16,27,113,7.35,4.909999999999999,0,0,5,0,0,0,0,0,0,0,0,0,0,1
27254,970,1,26,20,5,69,9.33,4.109999999999999,8.088000000000001,0,2,0,0,0,0,0,1,0,0,0,0,0
27295,5733,1,33,20,10,330,3.2399999999999998,1.83,4.02975,0,11,0,0,1,0,0,0,0,0,0,0,0
27314,4608,1,36,10,20,1329,4.970000000000001,5.6899999999999995,5.882999999999999,0,1,0,0,0,0,0,0,0,1,0,0,0
27486,7140,1,63,10,57,2059,8.93,5.71,9.236500000000001,0,10,0,0,0,0,0,0,0,0,1,0,0
27526,2354,1,62,5,868,267,8.81,7.08,0,0,3,1,0,0,0,0,0,0,0,0,0,0
27588,8296,1,48,17,67,271,9.879999999999999,6.469999999999999,0,0,11,0,0,1,0,0,0,0,0,0,0,0
27591,2852,1,51,16,6,97,12.559999999999999,7.84,0,0,11,0,0,1,0,0,0,0,0,0,0,0
27661,8705,1,48,16,175,181,9.009999999999998,7.949999999999999,1.125,0,3,1,0,0,0,0,0,0,0,0,0,0
27760,6609,1,25,16,88,1508,7.750000000000001,3.1000000000000005,11.096,0,8,0,1,0,0,0,0,0,0,0,0,0
27793,7842,1,47,16,7,102,6.619999999999999,6.959999999999999,0.6003000000000001,0,5,0,0,0,0,0,0,0,0,0,0,1
27846,7377,1,67,21,25,548,4.4399999999999995,3.0999999999999996,4.941,0,8,0,1,0,0,0,0,0,0,0,0,0
27919,6117,1,34,18,25,105,7.94,6.26,1.5062,0,3,1,0,0,0,0,0,0,0,0,0,0
27994,9253,1,19,11,3,106,4.470000000000001,4.33,0.72,0,10,0,0,0,0,0,0,0,0,1,0,0
28002,11821,1,75,14,117,5799,9.43,9.43,26.7116,0,5,0,0,0,0,0,0,0,0,0,0,1
28033,1270,1,32,14,28,261,13.54,8.17,0.45,0,4,0,0,0,0,0,0,1,0,0,0,0
28054,5818,1,75,11,83,151,6.8,4.47,0,0,1,0,0,0,0,0,0,0,1,0,0,0
28059,10512,1,39,26,68,65,3.65,2.8699999999999997,0.3375,0,7,0,0,0,0,0,0,0,0,0,1,0
28107,8465,1,35,14,300,187,7.0299999999999985,4.1899999999999995,0,0,4,0,0,0,0,0,0,1,0,0,0,0
28136,7421,1,40,5,826,94,6.64,2.64,0,0,3,1,0,0,0,0,0,0,0,0,0,0
28144,3164,1,45,8,147,99,4.459999999999999,2.6099999999999994,0.25,0,3,1,0,0,0,0,0,0,0,0,0,0
28145,1564,1,52,24,3811,1293,20.88,9.59,4.77,0,4,0,0,0,0,0,0,1,0,0,0,0
28159,7776,1,49,19,47,281,23.200000000000006,6.06,3.9626000000000006,0,6,0,0,0,1,0,0,0,0,0,0,0
28195,7166,1,82,20,103,152,11.43,9.65,5.76,0,2,0,0,0,0,0,1,0,0,0,0,0
28205,11569,1,36,16,10,129,4.58,4.67,0.3753,0,11,0,0,1,0,0,0,0,0,0,0,0
28223,7879,1,62,21,41,28,2.5100000000000002,1.8599999999999999,0,0,11,0,0,1,0,0,0,0,0,0,0,0
28316,5733,1,69,20,574,314,9.209999999999999,5.829999999999998,3.186,0,11,0,0,1,0,0,0,0,0,0,0,0
28399,10129,1,29,15,57,52,5.87,3.86,2.94,0,11,0,0,1,0,0,0,0,0,0,0,0
28466,5483,1,50,22,61,75,9.76,4.65,3.045,0,7,0,0,0,0,0,0,0,0,0,1,0
28476,8522,1,40,5,16,177,8.98,8.62,0,0,3,1,0,0,0,0,0,0,0,0,0,0
28514,6350,1,43,18,35,221,10.65,6.779999999999999,0,0,7,0,0,0,0,0,0,0,0,0,1,0
28603,10892,1,45,7,185,243,17.450000000000003,10.56,0,1,3,1,0,0,0,0,0,0,0,0,0,0
28695,9498,1,64,11,1298,284,16.34,5.820000000000001,0.675,0,10,0,0,0,0,0,0,0,0,1,0,0
28740,11809,1,66,10,9,25,4.24,2.14,1.1587,0,10,0,0,0,0,0,0,0,0,1,0,0
28754,9990,1,74,15,107,462,4.72,2.4499999999999997,5.49225,0,1,0,0,0,0,0,0,0,1,0,0,0
28876,7053,1,30,18,68,121,9.07,7.1899999999999995,2.6910000000000003,0,8,0,1,0,0,0,0,0,0,0,0,0
28896,6171,1,23,4,50,1626,13.129999999999999,8.309999999999999,13.1585,0,6,0,0,0,1,0,0,0,0,0,0,0
28948,7149,1,20,15,26,161,4.779999999999999,4.7,0.045,0,8,0,1,0,0,0,0,0,0,0,0,0
29011,10834,1,70,19,120,4400,12.530000000000001,6.529999999999999,20.246,0,9,0,0,0,0,1,0,0,0,0,0,0
29042,3696,1,79,27,8,137,11.580000000000004,8.819999999999999,2.0988,0,7,0,0,0,0,0,0,0,0,0,1,0
29069,5288,1,18,10,142,131,15.589999999999998,5.470000000000001,2.5177,0,6,0,0,0,1,0,0,0,0,0,0,0
29086,10280,1,40,2,125,303,23.319999999999993,10.28,5.643600000000001,0,2,0,0,0,0,0,1,0,0,0,0,0
29107,4090,1,36,5,420,161,14.730000000000002,9.079999999999998,1.486,0,6,0,0,0,1,0,0,0,0,0,0,0
29125,3682,1,45,7,23,80,6.590000000000001,6.929999999999998,0,1,3,1,0,0,0,0,0,0,0,0,0,0
29165,4342,1,27,16,183,117,4.910000000000001,2.9600000000000004,1.6425,0,3,1,0,0,0,0,0,0,0,0,0,0
29270,6845,1,41,27,70,1268,12.030000000000001,5.46,13.881300000000001,0,4,0,0,0,0,0,0,1,0,0,0,0
29300,8371,1,64,6,261,1109,9.27,4.37,9.472,0,3,1,0,0,0,0,0,0,0,0,0,0
29309,1770,1,54,26,55,125,21.46,4.549999999999999,6.053000000000001,0,6,0,0,0,1,0,0,0,0,0,0,0
29342,10109,1,40,13,83,5772,11.019999999999998,9.190000000000001,27.281000000000002,0,5,0,0,0,0,0,0,0,0,0,0,1
29354,6589,1,30,16,11,162,6.199999999999999,3.4,0,0,3,1,0,0,0,0,0,0,0,0,0,0
29400,3462,1,63,11,23,106,6.01,5.029999999999999,0.9,0,1,0,0,0,0,0,0,0,1,0,0,0
29483,7117,1,67,22,84,618,7.420000000000001,3.8100000000000005,5.3325000000000005,0,6,0,0,0,1,0,0,0,0,0,0,0
29539,7732,1,19,8,11,673,6.45,4.6899999999999995,3.0206,0,10,0,0,0,0,0,0,0,0,1,0,0
29599,7263,1,29,23,2,31,2.55,2.46,0,0,8,0,1,0,0,0,0,0,0,0,0,0
29681,9130,1,39,17,2,160,9.139999999999999,8.72,0.9,0,11,0,0,1,0,0,0,0,0,0,0,0
29816,8392,1,65,14,50,2370,15.41,8.34,9.646,0,1,0,0,0,0,0,0,0,1,0,0,0
29891,4790,1,48,8,25,45,5.409999999999999,4.720000000000001,2.574,0,10,0,0,0,0,0,0,0,0,1,0,0
29897,4867,1,48,3,160,140,5.27,3.6999999999999993,0,0,3,1,0,0,0,0,0,0,0,0,0,0
29924,1534,1,63,21,26,106,6.89,4.9,0,0,11,0,0,1,0,0,0,0,0,0,0,0
30101,1556,1,45,21,66,4407,7.74,5.929999999999998,21.048299999999998,0,10,0,0,0,0,0,0,0,0,1,0,0
30142,1878,1,37,7,140,123,10.38,10.200000000000001,4.05,1,3,1,0,0,0,0,0,0,0,0,0,0
30247,8430,1,62,26,120,2388,7.28,5.749999999999998,11.941,0,10,0,0,0,0,0,0,0,0,1,0,0
30344,11541,1,55,16,7,103,3.53,1.6300000000000003,5.2862,0,11,0,0,1,0,0,0,0,0,0,0,0
30365,6011,1,34,7,120,130,17.130000000000003,11.879999999999997,8.97,1,3,1,0,0,0,0,0,0,0,0,0,0
30399,6078,1,46,19,15,56,9.54,4.4399999999999995,1.683,0,11,0,0,1,0,0,0,0,0,0,0,0
30406,40,1,27,22,2238,103,8.53,3.9199999999999995,0,0,9,0,0,0,0,1,0,0,0,0,0,0
30458,8096,1,51,28,1,25,1.9400000000000002,2.409999999999999,0.5706,0,11,0,0,1,0,0,0,0,0,0,0,0
30481,2993,1,35,21,9,17,12.38,1.34,2.6979,0,5,0,0,0,0,0,0,0,0,0,0,1
30510,406,1,22,28,450,186,14.140000000000002,13.26,3.99,0,11,0,0,1,0,0,0,0,0,0,0,0
30531,6423,1,54,8,58,125,6.62,5.7,1.23,0,10,0,0,0,0,0,0,0,0,1,0,0
30608,3832,1,49,2,110,135,16.36,7.17,6.2927,0,2,0,0,0,0,0,1,0,0,0,0,0
30627,7256,1,65,5,26,369,12.049999999999997,7.819999999999999,13.481999999999998,0,6,0,0,0,1,0,0,0,0,0,0,0
30636,1306,1,70,16,60,6016,6.199999999999999,5.82,27.984,0,5,0,0,0,0,0,0,0,0,0,0,1
30709,1471,1,63,23,49,1454,8.47,5.789999999999999,7.911,0,8,0,1,0,0,0,0,0,0,0,0,0
30722,4802,1,64,21,470,736,9.89,6.749999999999999,1.3625,0,5,0,0,0,0,0,0,0,0,0,0,1
30884,7279,1,49,15,28,42,2.58,2.8199999999999994,0,0,8,0,1,0,0,0,0,0,0,0,0,0
30906,8444,1,63,30,24,116,7.159999999999998,7.079999999999998,4.6345,0,2,0,0,0,0,0,1,0,0,0,0,0
30913,6658,1,33,13,28,446,18.58,13.139999999999997,1.4445,0,1,0,0,0,0,0,0,0,1,0,0,0
30969,1217,1,25,26,163,962,10.370000000000001,5.33,8.7525,0,1,0,0,0,0,0,0,0,1,0,0,0
30978,8577,1,30,15,5,62,4.55,4.36,0.18,0,11,0,0,1,0,0,0,0,0,0,0,0
30980,1794,1,63,23,101,4666,7.820000000000001,6.789999999999998,22.4866,0,8,0,1,0,0,0,0,0,0,0,0,0
31003,10797,1,22,15,56,2018,12.06,10.57,9.73,0,4,0,0,0,0,0,0,1,0,0,0,0
31009,9777,1,40,19,12,1929,3.7,3.12,9.2278,0,6,0,0,0,1,0,0,0,0,0,0,0
31017,8916,1,45,7,16,272,14.589999999999996,10.48,1.125,1,3,1,0,0,0,0,0,0,0,0,0,0
31029,2405,1,33,14,36,2379,4.54,3.6,11.2979,0,10,0,0,0,0,0,0,0,0,1,0,0
31039,718,1,53,19,7,83,3.26,4.01,0,0,2,0,0,0,0,0,1,0,0,0,0,0
31054,6539,1,42,27,57,2121,4.44,4.38,11.943,0,4,0,0,0,0,0,0,1,0,0,0,0
31058,4844,1,58,20,212,4371,15.64,7.5200000000000005,19.981,0,1,0,0,0,0,0,0,0,1,0,0,0
31067,11809,1,28,10,12,42,8.620000000000001,3.8700000000000006,1.5906,0,10,0,0,0,0,0,0,0,0,1,0,0
31068,7191,1,22,26,30,73,3.4400000000000004,2.45,0.45,0,7,0,0,0,0,0,0,0,0,0,1,0
31077,1818,1,18,22,29,86,13.969999999999999,6.029999999999999,5.0440000000000005,0,6,0,0,0,1,0,0,0,0,0,0,0
31090,9207,1,45,22,95,220,10.68,8.58,0,0,7,0,0,0,0,0,0,0,0,0,1,0
31091,10529,1,54,27,135,640,9.440000000000001,7.45,0.7454999999999999,0,1,0,0,0,0,0,0,0,1,0,0,0
31102,4078,1,51,19,39,135,35.5,5.680000000000001,40.421699999999994,0,2,0,0,0,0,0,1,0,0,0,0,0
31152,10559,1,20,25,1,81,3.61,4.409999999999999,0.45,0,7,0,0,0,0,0,0,0,0,0,1,0
31195,2464,1,70,8,52,69,3.12,2.2,0,0,3,1,0,0,0,0,0,0,0,0,0,0
31273,8607,1,64,17,176,248,14.59,6.759999999999999,1.6833,0,1,0,0,0,0,0,0,0,1,0,0,0
31326,9521,1,45,27,90,150,6.989999999999999,5.759999999999999,3.6625,0,7,0,0,0,0,0,0,0,0,0,1,0
31354,6665,1,47,22,2487,256,21.48,14.209999999999999,7.925999999999999,0,7,0,0,0,0,0,0,0,0,0,1,0
31399,4969,1,65,17,70,115,6.64,5.779999999999999,1.5959999999999999,0,5,0,0,0,0,0,0,0,0,0,0,1
31525,5674,1,70,17,24,34,2.03,2.6799999999999997,0.93,0,3,1,0,0,0,0,0,0,0,0,0,0
31541,11443,1,26,22,63,154,8.850000000000001,6.29,0,0,9,0,0,0,0,1,0,0,0,0,0,0
31629,5894,1,27,18,19,47,9.86,4.06,2.2784000000000004,0,6,0,0,0,1,0,0,0,0,0,0,0
31641,5553,1,35,25,24,3621,3.48,3.25,16.986,0,4,0,0,0,0,0,0,1,0,0,0,0
31695,11580,1,51,20,32,60,2.8800000000000003,2.06,0,0,11,0,0,1,0,0,0,0,0,0,0,0
31707,660,1,39,23,216,132,18.14,7.33,3.5168000000000004,0,8,0,1,0,0,0,0,0,0,0,0,0
31709,8917,1,47,22,36,2796,9.959999999999999,8.299999999999999,14.520000000000001,0,6,0,0,0,1,0,0,0,0,0,0,0
31723,3262,1,31,20,25,48,12.319999999999999,4.34,7.6908,0,6,0,0,0,1,0,0,0,0,0,0,0
31791,8688,1,38,21,20,2192,4.11,5.15,10.5179,0,5,0,0,0,0,0,0,0,0,0,0,1
31801,462,1,32,19,136,2959,13.559999999999999,7.609999999999999,12.19,0,9,0,0,0,0,1,0,0,0,0,0,0
31866,10549,1,68,22,171,97,6.56,2.8699999999999997,0,0,9,0,0,0,0,1,0,0,0,0,0,0
31893,7599,1,52,22,25,66,4.01,3.19,0,0,8,0,1,0,0,0,0,0,0,0,0,0
31917,2060,1,27,21,108,3985,19.84,12.729999999999999,18.602,0,1,0,0,0,0,0,0,0,1,0,0,0
32089,10208,1,75,17,36,66,2.08,1.5599999999999998,2.73,0,3,1,0,0,0,0,0,0,0,0,0,0
32145,2274,1,44,28,263,3552,19.55,11.87,14.9036,0,2,0,0,0,0,0,1,0,0,0,0,0
32223,11321,1,45,22,20,646,4.96,3.7899999999999996,6.0039,0,6,0,0,0,1,0,0,0,0,0,0,0
32225,6682,1,35,8,181,3289,14.2,9.56,15.351700000000001,0,3,1,0,0,0,0,0,0,0,0,0,0
32238,10210,1,75,18,105,2974,11.25,7.22,15.1502,0,4,0,0,0,0,0,0,1,0,0,0,0
32370,4240,1,37,21,24,86,3.4000000000000004,3.63,0.45,0,11,0,0,1,0,0,0,0,0,0,0,0
32402,11392,1,73,9,30,126,20.619999999999997,4.44,4.59924,0,6,0,0,0,1,0,0,0,0,0,0,0
32415,4501,1,53,26,19,143,4.77,3.83,0.486,0,4,0,0,0,0,0,0,1,0,0,0,0
32520,11623,1,36,8,125,944,16.159999999999997,6.89,10.9134,0,3,1,0,0,0,0,0,0,0,0,0,0
32530,5803,1,36,22,41,53,9.770000000000001,4.89,9.291,0,7,0,0,0,0,0,0,0,0,0,1,0
32651,1837,1,45,16,94,113,8.23,6.109999999999998,4.8324,0,3,1,0,0,0,0,0,0,0,0,0,0
32656,2797,1,34,29,30,91,4.8100000000000005,3.6999999999999997,0.035,0,8,0,1,0,0,0,0,0,0,0,0,0
32687,9372,1,35,9,8,16,5.61,0.94,4.26756,0,1,0,0,0,0,0,0,0,1,0,0,0
32707,9329,1,45,8,14,1568,5.069999999999999,2.9400000000000004,7.112599999999999,0,10,0,0,0,0,0,0,0,0,1,0,0
32782,6530,1,36,3,181,76,6.109999999999999,4.089999999999999,1.6500000000000001,0,3,1,0,0,0,0,0,0,0,0,0,0
32840,11348,1,58,22,45,2629,7.77,5.529999999999999,11.66,0,1,0,0,0,0,0,0,0,1,0,0,0
32916,3355,1,35,24,137,207,10.640000000000002,5.919999999999998,2.5803000000000003,0,7,0,0,0,0,0,0,0,0,0,1,0
32989,3524,1,24,13,8,132,4.49,4.33,0,0,5,0,0,0,0,0,0,0,0,0,0,1
33038,9953,1,42,25,175,850,12.66,5.84,4.75875,0,7,0,0,0,0,0,0,0,0,0,1,0
33088,1514,1,21,18,27,95,5.079999999999999,3.29,0,0,2,0,0,0,0,0,1,0,0,0,0,0
33101,9763,1,25,16,19,1935,4.8100000000000005,4.94,9.258599999999998,0,4,0,0,0,0,0,0,1,0,0,0,0
33141,7568,1,39,25,56,941,13.27,6.549999999999998,8.354249999999999,0,9,0,0,0,0,1,0,0,0,0,0,0
33205,8837,1,54,25,81,176,15.65,6.5,2.18313,0,9,0,0,0,0,1,0,0,0,0,0,0
33224,4611,1,77,28,28,505,5.1499999999999995,2.44,4.77675,0,10,0,0,0,0,0,0,0,0,1,0,0
33259,4560,1,29,20,34,2821,6.499999999999998,5.459999999999997,16.924100000000003,0,2,0,0,0,0,0,1,0,0,0,0,0
33290,5894,1,53,18,9,41,5.84,3.89,1.2466,0,6,0,0,0,1,0,0,0,0,0,0,0
33315,4888,1,62,24,37,87,4.429999999999999,4.369999999999998,1.034,0,4,0,0,0,0,0,0,1,0,0,0,0
33322,647,1,30,18,18,81,21.36,5.9399999999999995,4.318600000000001,0,7,0,0,0,0,0,0,0,0,0,1,0
33388,3490,1,42,15,57,4735,11.61,9.39,22.787999999999997,0,1,0,0,0,0,0,0,0,1,0,0,0
33394,4751,1,65,17,23,1257,7.079999999999999,6.18,6.909000000000001,0,10,0,0,0,0,0,0,0,0,1,0,0
33425,228,1,43,13,96,242,10.93,8.979999999999997,0,0,5,0,0,0,0,0,0,0,0,0,0,1
33431,9707,1,54,11,85,1768,12.71,8.48,16.5105,0,10,0,0,0,0,0,0,0,0,1,0,0
33446,5916,1,55,26,23,201,12.85,3.2499999999999996,2.3017,0,1,0,0,0,0,0,0,0,1,0,0,0
33491,2096,1,65,22,36,641,4.44,3.28,5.75775,0,9,0,0,0,0,1,0,0,0,0,0,0
33525,331,1,60,20,47,72,9.71,12.899999999999999,6.693,0,2,0,0,0,0,0,1,0,0,0,0,0
33546,4833,1,22,15,136,253,17.76,13.91,3.5100000000000002,0,11,0,0,1,0,0,0,0,0,0,0,0
33607,4789,1,42,21,43,3463,7.1,4.91,16.3883,0,10,0,0,0,0,0,0,0,0,1,0,0
33610,4712,1,31,15,821,3401,13.62,8.54,14.9354,0,1,0,0,0,0,0,0,0,1,0,0,0
33652,173,1,36,18,1641,107,13.260000000000002,14.450000000000001,8.31,0,9,0,0,0,0,1,0,0,0,0,0,0
33688,11630,1,64,21,786,1729,6.530000000000001,5.27,7.814299999999999,0,9,0,0,0,0,1,0,0,0,0,0,0
33726,8452,1,77,15,17,370,11.81,5.18,15.816999999999998,0,1,0,0,0,0,0,0,0,1,0,0,0
33738,536,1,32,20,5,63,1.6800000000000002,1.8200000000000003,0,0,9,0,0,0,0,1,0,0,0,0,0,0
33821,6845,1,80,27,86,1482,23.49,12.719999999999997,16.131300000000003,0,4,0,0,0,0,0,0,1,0,0,0,0
33861,1217,1,52,26,170,1095,11.23,5.74,9.9675,0,1,0,0,0,0,0,0,0,1,0,0,0
33886,11663,1,32,10,25,343,11.669999999999998,5.639999999999999,12.626,0,1,0,0,0,0,0,0,0,1,0,0,0
33933,381,1,63,11,58,685,17.9,11.819999999999997,5.827500000000001,0,10,0,0,0,0,0,0,0,0,1,0,0
33954,2023,1,50,29,109,160,6.779999999999999,5.609999999999999,0.9951,0,2,0,0,0,0,0,1,0,0,0,0,0
33997,2806,1,49,19,43,775,2.67,3.3800000000000003,3.392,0,9,0,0,0,0,1,0,0,0,0,0,0
34009,4323,1,19,17,7,55,6.889999999999999,3.0100000000000002,0,0,11,0,0,1,0,0,0,0,0,0,0,0
34056,11589,1,48,25,21,499,15.769999999999996,7.049999999999998,16.854,0,10,0,0,0,0,0,0,0,0,1,0,0
34061,7050,1,59,12,28,60,7.44,5.83,2.87064,0,1,0,0,0,0,0,0,0,1,0,0,0
34071,7119,1,53,18,17,59,7.5600000000000005,5.3999999999999995,4.1712,0,2,0,0,0,0,0,1,0,0,0,0,0
34096,3044,1,62,18,253,2395,9.82,5.109999999999999,11.651,0,6,0,0,0,1,0,0,0,0,0,0,0
34126,6211,1,45,6,90,128,17.919999999999998,12.289999999999997,10.0329,0,3,1,0,0,0,0,0,0,0,0,0,0
34206,6768,1,50,12,30,85,5.709999999999999,3.58,0,0,10,0,0,0,0,0,0,0,0,1,0,0
34286,2870,1,34,14,368,149,10.45,6.84,0.9,0,10,0,0,0,0,0,0,0,0,1,0,0
34312,423,1,42,16,17,168,14.729999999999997,7.879999999999999,1.4432,0,7,0,0,0,0,0,0,0,0,0,1,0
34320,2441,1,28,16,33,2731,9.309999999999999,10.01,13.4606,0,5,0,0,0,0,0,0,0,0,0,0,1
34336,4332,1,40,23,3,32,2.3000000000000003,2,0,0,11,0,0,1,0,0,0,0,0,0,0,0
34338,6681,1,60,16,16,132,10.2,7.609999999999999,3.474,0,6,0,0,0,1,0,0,0,0,0,0,0
34393,1231,1,24,17,10,235,2.92,2.69,0.9646,0,6,0,0,0,1,0,0,0,0,0,0,0
34396,4833,1,54,15,155,240,14.649999999999999,12.370000000000001,3.5100000000000002,0,11,0,0,1,0,0,0,0,0,0,0,0
34456,6637,1,19,15,24,1214,4.46,4.13,5.406000000000001,0,11,0,0,1,0,0,0,0,0,0,0,0
34493,10529,1,88,27,57,484,6.900000000000001,6.46,0.7454999999999999,0,1,0,0,0,0,0,0,0,1,0,0,0
34560,457,1,35,24,80,6092,14.589999999999998,9.25,28.791,0,4,0,0,0,0,0,0,1,0,0,0,0
34580,7219,1,32,21,10,824,4.25,3.1499999999999995,4.187,0,1,0,0,0,0,0,0,0,1,0,0,0
34596,11108,1,70,12,27,1202,8.110000000000001,5.309999999999999,5.087999999999999,0,1,0,0,0,0,0,0,0,1,0,0,0
34664,11809,1,30,10,15,43,10.010000000000002,3.95,1.9382,0,10,0,0,0,0,0,0,0,0,1,0,0
34697,2993,1,30,21,6,16,8.84,1.27,2.0135000000000005,0,5,0,0,0,0,0,0,0,0,0,0,1
34792,11569,1,72,16,8,116,4.18,4.209999999999999,0.3753,0,11,0,0,1,0,0,0,0,0,0,0,0
34856,6347,1,35,23,22,279,14.85,8.819999999999999,0.05939999999999999,0,8,0,1,0,0,0,0,0,0,0,0,0
34873,4487,1,45,21,26,2054,4.069999999999999,4.43,9.434,0,8,0,1,0,0,0,0,0,0,0,0,0
34892,5873,1,66,3,520,233,11.379999999999995,9.37,0,0,3,1,0,0,0,0,0,0,0,0,0,0
34931,414,1,55,25,62,3014,6.429999999999999,6.439999999999999,15.152199999999999,0,7,0,0,0,0,0,0,0,0,0,1,0
34934,7842,1,36,16,6,73,4.65,4.409999999999999,0.6003000000000001,0,5,0,0,0,0,0,0,0,0,0,0,1
34994,3847,1,78,23,115,617,5.38,2.9799999999999995,5.5575,0,7,0,0,0,0,0,0,0,0,0,1,0
35054,2319,1,29,5,93,408,12.48,5.5600000000000005,17.154,0,6,0,0,0,1,0,0,0,0,0,0,0
35062,234,1,64,8,47,560,10.43,5.82,4.72725,0,10,0,0,0,0,0,0,0,0,1,0,0
35136,406,1,51,28,428,96,11.830000000000002,11.1,3.99,0,11,0,0,1,0,0,0,0,0,0,0,0
35177,9419,1,19,27,39,2572,8.260000000000002,6.929999999999996,13.8358,0,6,0,0,0,1,0,0,0,0,0,0,0
35285,5697,1,44,28,12,128,7.65,6.199999999999999,0,0,11,0,0,1,0,0,0,0,0,0,0,0
35291,8588,1,47,17,9,103,6.670000000000001,6.28,0.7875,0,1,0,0,0,0,0,0,0,1,0,0,0
35307,6888,1,56,26,24,889,8.33,4.6899999999999995,2.2065,0,7,0,0,0,0,0,0,0,0,0,1,0
35318,2643,1,37,17,138,1276,11.07,8.569999999999999,13.15125,0,3,1,0,0,0,0,0,0,0,0,0,0
35351,3803,1,57,20,73,3132,9.3,7.959999999999999,14.2676,0,9,0,0,0,0,1,0,0,0,0,0,0
35412,7807,1,47,12,19,133,10.6,8.68,1.9488,0,1,0,0,0,0,0,0,0,1,0,0,0
35447,1690,1,64,9,49,169,3.53,3.54,0,0,6,0,0,0,1,0,0,0,0,0,0,0
35456,2197,1,55,28,66,4467,8.049999999999999,6.52,20.458,0,11,0,0,1,0,0,0,0,0,0,0,0
35527,6766,1,82,20,36,149,6.909999999999999,6.92,0.237,0,7,0,0,0,0,0,0,0,0,0,1,0
35540,6110,1,55,21,105,4987,14.050000000000004,8.209999999999997,22.6098,0,1,0,0,0,0,0,0,0,1,0,0,0
35549,7878,1,21,10,81,754,12.219999999999999,6.56,6.189750000000001,0,6,0,0,0,1,0,0,0,0,0,0,0
35564,4023,1,26,18,2356,199,16.54,5.36,0.8640000000000001,0,6,0,0,0,1,0,0,0,0,0,0,0
35594,10166,1,36,27,63,2194,8.76,9.979999999999999,13.379100000000001,0,7,0,0,0,0,0,0,0,0,0,1,0
35643,5910,1,38,2,2,66,3.11,3.2300000000000004,1.7762,0,2,0,0,0,0,0,1,0,0,0,0,0
35682,4303,1,20,21,52,2436,7.1000000000000005,7.059999999999998,10.812,0,9,0,0,0,0,1,0,0,0,0,0,0
35699,1436,1,43,16,138,374,17.47,10.769999999999998,2.25,0,3,1,0,0,0,0,0,0,0,0,0,0
35746,11759,1,27,18,41,4960,6.500000000000001,8.339999999999996,22.8854,0,2,0,0,0,0,0,1,0,0,0,0,0
35763,2865,1,49,21,34,136,7.589999999999999,6.330000000000001,0,0,5,0,0,0,0,0,0,0,0,0,0,1
35768,10231,1,44,16,8,192,4.31,2.25,0,0,8,0,1,0,0,0,0,0,0,0,0,0
35800,10965,1,60,18,101,128,12.28,4.46,0.765,0,1,0,0,0,0,0,0,0,1,0,0,0
35877,8130,1,50,28,1898,330,17.78,8.179999999999998,0.45,0,1,0,0,0,0,0,0,0,1,0,0,0
35920,7249,1,28,22,35,2193,9.5,5.700000000000001,12.0122,0,8,0,1,0,0,0,0,0,0,0,0,0
35953,11616,1,75,15,28,163,6.09,5.849999999999999,1.0125,0,1,0,0,0,0,0,0,0,1,0,0,0
35980,6722,1,60,22,38,2026,7.11,5.6,8.904,0,8,0,1,0,0,0,0,0,0,0,0,0
35999,11304,1,43,10,69,75,7.5,6.21,2.1119999999999997,0,9,0,0,0,0,1,0,0,0,0,0,0
36118,3555,1,56,3,6,93,7,5.399999999999998,1.8,0,3,1,0,0,0,0,0,0,0,0,0,0
36160,9388,1,44,7,3,21,18.14,1.41,2.67,1,3,1,0,0,0,0,0,0,0,0,0,0
36170,1950,1,18,19,16,106,7.57,4.87,10.128,0,5,0,0,0,0,0,0,0,0,0,0,1
36276,8824,1,28,29,21,160,6.4,6.28,0,0,11,0,0,1,0,0,0,0,0,0,0,0
36279,4389,1,36,16,314,166,13.180000000000001,8.879999999999999,3.5810999999999997,0,5,0,0,0,0,0,0,0,0,0,0,1
36309,3050,1,67,15,7,69,3.08,3.99,0,0,11,0,0,1,0,0,0,0,0,0,0,0
36495,1158,1,45,17,32,1980,4.8100000000000005,4.16,9.344,0,11,0,0,1,0,0,0,0,0,0,0,0
36531,4962,1,21,25,131,256,19.05,16.710000000000004,6.2700000000000005,0,9,0,0,0,0,1,0,0,0,0,0,0
36560,2210,1,63,24,265,130,7.88,6.0699999999999985,0.3510000000000001,0,8,0,1,0,0,0,0,0,0,0,0,0
36577,2116,1,31,4,46,765,18.23,8.850000000000001,24.612999999999996,0,6,0,0,0,1,0,0,0,0,0,0,0
36593,8063,1,61,5,133,511,15.36,9.069999999999999,0,0,3,1,0,0,0,0,0,0,0,0,0,0
36611,4974,1,50,22,229,234,13.750000000000004,7.93,3.74933,0,8,0,1,0,0,0,0,0,0,0,0,0
36626,6922,1,49,15,78,171,13.979999999999999,9.68,0,0,3,1,0,0,0,0,0,0,0,0,0,0
36667,5453,1,32,18,29,75,6.7,5.039999999999999,2.5518,0,6,0,0,0,1,0,0,0,0,0,0,0
36799,8819,1,58,22,97,3662,8.7,7.21,17.497700000000002,0,6,0,0,0,1,0,0,0,0,0,0,0
36825,5006,1,65,17,186,299,9.379999999999999,6.129999999999998,0.9,0,11,0,0,1,0,0,0,0,0,0,0,0
36852,10238,1,43,20,64,6124,17.11,11.729999999999999,27.719,0,2,0,0,0,0,0,1,0,0,0,0,0
36902,40,1,20,22,1776,78,6.59,2.57,0,0,9,0,0,0,0,1,0,0,0,0,0,0
36981,10240,1,38,13,7,398,3.5799999999999996,1.76,1.696,0,1,0,0,0,0,0,0,0,1,0,0,0
37031,11410,1,32,9,76,232,10.59,9.629999999999997,0.045,0,3,1,0,0,0,0,0,0,0,0,0,0
37050,7801,1,48,15,42,2406,13.670000000000002,9.129999999999999,10.8226,0,3,1,0,0,0,0,0,0,0,0,0,0
37107,2142,1,22,20,38,211,8.93,6.899999999999999,0,0,11,0,0,1,0,0,0,0,0,0,0,0
37157,8765,1,53,24,25,147,9.08,4.859999999999999,0,0,11,0,0,1,0,0,0,0,0,0,0,0
37164,4998,1,28,27,50,1557,16.21,8.59,13.101199999999999,0,7,0,0,0,0,0,0,0,0,0,1,0
37167,10569,1,42,22,191,212,11.24,8.540000000000001,2.2230000000000003,0,7,0,0,0,0,0,0,0,0,0,1,0
37212,3729,1,19,27,237,171,11.2,10.33,10.0755,0,6,0,0,0,1,0,0,0,0,0,0,0
37226,6056,1,75,9,1224,145,16.9,6.199999999999999,3.85236,0,1,0,0,0,0,0,0,0,1,0,0,0
37252,9469,1,55,12,14,1646,5.01,4.21,7.8210999999999995,0,10,0,0,0,0,0,0,0,0,1,0,0
37344,8395,1,51,13,17,380,6.060000000000001,5.779999999999999,3.9177000000000004,0,10,0,0,0,0,0,0,0,0,1,0,0
37349,4630,1,56,25,35,3508,13.930000000000001,9.77,20.2841,0,7,0,0,0,0,0,0,0,0,0,1,0
37350,1462,1,45,17,71,829,6.749999999999998,4.7799999999999985,7.98525,0,5,0,0,0,0,0,0,0,0,0,0,1
37391,3748,1,45,16,1447,4574,17.229999999999997,8.25,20.933999999999997,0,8,0,1,0,0,0,0,0,0,0,0,0
37415,2556,1,18,15,109,4834,12.239999999999998,7.85,22.487599999999997,0,8,0,1,0,0,0,0,0,0,0,0,0
37546,9533,1,53,27,60,639,12.17,6.24,9.6991,0,7,0,0,0,0,0,0,0,0,0,1,0
37548,9253,1,49,11,6,187,6.83,5.59,0.72,0,10,0,0,0,0,0,0,0,0,1,0,0
37558,9599,1,55,19,129,2429,13.920000000000002,7.09,10.6,0,9,0,0,0,0,1,0,0,0,0,0,0
37580,7891,1,27,24,28,2162,2.7899999999999996,2.38,9.9852,0,9,0,0,0,0,1,0,0,0,0,0,0
37631,7116,1,30,22,44,2253,10.11,8.67,10.4352,0,7,0,0,0,0,0,0,0,0,0,1,0
37649,9364,1,58,13,23,142,7.829999999999999,6.42,2.2859,0,1,0,0,0,0,0,0,0,1,0,0,0
37673,4303,1,65,21,52,2398,5.250000000000001,4.789999999999999,10.812,0,9,0,0,0,0,1,0,0,0,0,0,0
37731,6200,1,52,25,49,2212,7.73,6.479999999999999,10.5748,0,4,0,0,0,0,0,0,1,0,0,0,0
37737,10742,1,60,20,78,192,5.57,4.75,0,0,2,0,0,0,0,0,1,0,0,0,0,0
37748,10525,1,29,28,88,206,8.629999999999999,4.46,0,0,2,0,0,0,0,0,1,0,0,0,0,0
37824,4397,1,51,16,17,84,7.3100000000000005,5.55,0.197,0,4,0,0,0,0,0,0,1,0,0,0,0
37827,6599,1,26,13,46,95,9.5,5.719999999999998,4.3383,0,1,0,0,0,0,0,0,0,1,0,0,0
37853,5805,1,68,2,39,85,3.58,3.1999999999999993,0,0,2,0,0,0,0,0,1,0,0,0,0,0
37935,3333,1,56,2,66,93,13.229999999999999,5.249999999999997,6.7272,0,2,0,0,0,0,0,1,0,0,0,0,0
37949,2142,1,53,20,35,194,8.53,7.1000000000000005,0,0,11,0,0,1,0,0,0,0,0,0,0,0
37954,369,1,40,13,18,2782,3.92,3.68,12.8578,0,1,0,0,0,0,0,0,0,1,0,0,0
37980,309,1,60,17,34,2932,9.039999999999997,9.540000000000001,14.4464,0,5,0,0,0,0,0,0,0,0,0,0,1
38006,2208,1,51,27,164,2581,15.42,9.36,12.2444,0,6,0,0,0,1,0,0,0,0,0,0,0
38008,2709,1,75,18,7,62,7.429999999999999,3.1799999999999993,0.225,0,9,0,0,0,0,1,0,0,0,0,0,0
38017,3808,1,56,20,82,84,6.000000000000001,3.4699999999999998,0,0,9,0,0,0,0,1,0,0,0,0,0,0
38025,10383,1,48,21,53,5632,9.49,6.109999999999999,25.757999999999996,0,8,0,1,0,0,0,0,0,0,0,0,0
38037,5914,1,51,22,37,413,8.889999999999999,6.389999999999999,3.0375,0,11,0,0,1,0,0,0,0,0,0,0,0
38061,5825,1,50,18,39,101,8.08,5.7299999999999995,0.3375,0,7,0,0,0,0,0,0,0,0,0,1,0
38063,1471,1,29,23,78,2722,10.360000000000001,9.22,12.005999999999998,0,8,0,1,0,0,0,0,0,0,0,0,0
38187,8036,1,18,6,24,330,12.66,6.049999999999999,10.637500000000001,0,3,1,0,0,0,0,0,0,0,0,0,0
38210,647,1,80,18,17,64,18.02,4.52,3.7026,0,7,0,0,0,0,0,0,0,0,0,1,0
38315,8905,1,42,26,102,227,9.06,5.73,0.405,0,4,0,0,0,0,0,0,1,0,0,0,0
38327,7706,1,60,15,98,182,11.79,3.64,2.5134999999999996,0,3,1,0,0,0,0,0,0,0,0,0,0
38368,3830,1,72,16,52,482,6.76,4.96,4.10625,0,8,0,1,0,0,0,0,0,0,0,0,0
38399,5998,1,36,18,64,445,10.490000000000002,5.509999999999998,16.4958,0,4,0,0,0,0,0,0,1,0,0,0,0
38455,3273,1,71,28,46,26,1.5899999999999999,1.9500000000000002,0,0,11,0,0,1,0,0,0,0,0,0,0,0
38490,5837,1,40,19,36,4000,7.380000000000001,4.86,19.1125,0,11,0,0,1,0,0,0,0,0,0,0,0
38507,840,1,70,17,39,177,9.350000000000003,5.579999999999999,10.0954,0,11,0,0,1,0,0,0,0,0,0,0,0
38594,5640,1,29,19,17,703,5.89,3.9299999999999997,3.476,0,6,0,0,0,1,0,0,0,0,0,0,0
38599,4023,1,54,18,3014,273,21.690000000000005,8.589999999999998,0.81,0,6,0,0,0,1,0,0,0,0,0,0,0
38600,2525,1,24,18,32,62,7.309999999999998,4.46,1.5089,0,8,0,1,0,0,0,0,0,0,0,0,0
38603,6292,1,22,12,11,813,2.2800000000000002,1.22,3.71,0,8,0,1,0,0,0,0,0,0,0,0,0
38733,3327,1,61,16,76,6587,8.92,6.970000000000001,30.2206,0,7,0,0,0,0,0,0,0,0,0,1,0
38754,3768,1,45,19,40,132,23.689999999999998,7.959999999999997,3.496,0,10,0,0,0,0,0,0,0,0,1,0,0
38760,9523,1,47,24,121,1818,14.780000000000001,9.129999999999997,17.9793,0,4,0,0,0,0,0,0,1,0,0,0,0
38762,9790,1,48,18,60,157,11.3,10.229999999999997,2.1825,0,3,1,0,0,0,0,0,0,0,0,0,0
38773,10278,1,31,11,29,2660,8.040000000000001,6.799999999999999,11.988599999999998,0,10,0,0,0,0,0,0,0,0,1,0,0
38850,10742,1,28,20,60,173,6.449999999999999,5.410000000000001,0,0,2,0,0,0,0,0,1,0,0,0,0,0
38879,11228,1,23,23,73,2952,8.29,6.629999999999999,13.5044,0,7,0,0,0,0,0,0,0,0,0,1,0
38891,5308,1,43,17,55,4750,13.389999999999999,11.48,22.749,0,10,0,0,0,0,0,0,0,0,1,0,0
38917,744,1,86,22,24,2827,6.4,3.9099999999999997,13.203,0,9,0,0,0,0,1,0,0,0,0,0,0
38919,3050,1,36,15,9,98,4.3999999999999995,5.75,0,0,11,0,0,1,0,0,0,0,0,0,0,0
38942,2493,1,37,10,7,54,3.29,3.76,0.3375,0,6,0,0,0,1,0,0,0,0,0,0,0
38960,3734,1,44,25,106,198,9.639999999999999,6.83,3.0194,0,4,0,0,0,0,0,0,1,0,0,0,0
39010,4632,1,30,27,54,4813,19.880000000000003,13.829999999999998,21.2,0,7,0,0,0,0,0,0,0,0,0,1,0
39036,40,1,50,22,2274,135,9.769999999999998,4.97,0,0,9,0,0,0,0,1,0,0,0,0,0,0
39139,2660,1,40,8,132,1058,28.840000000000003,15.009999999999998,27.22,0,3,1,0,0,0,0,0,0,0,0,0,0
39212,5322,1,65,16,16,891,4.49,3.1200000000000006,2.431,0,4,0,0,0,0,0,0,1,0,0,0,0
39421,11630,1,30,21,671,1946,6.36,5.269999999999998,8.8743,0,9,0,0,0,0,1,0,0,0,0,0,0
39439,2650,1,26,20,61,137,8.74,5.199999999999999,0,0,9,0,0,0,0,1,0,0,0,0,0,0
39441,3197,1,40,25,100,169,10.34,7.999999999999999,0.9925,0,1,0,0,0,0,0,0,0,1,0,0,0
39445,8064,1,50,20,18,45,1.86,1.6700000000000002,0,0,2,0,0,0,0,0,1,0,0,0,0,0
39485,1649,1,49,20,33,1959,8.819999999999999,5.68,8.586,0,1,0,0,0,0,0,0,0,1,0,0,0
39509,982,1,37,17,222,499,11.780000000000001,10.14,1.125,0,6,0,0,0,1,0,0,0,0,0,0,0
39538,10000,1,43,16,74,89,12.149999999999997,9.539999999999996,8.07,0,5,0,0,0,0,0,0,0,0,0,0,1
39600,5625,1,70,6,20,222,4.32,3.51,1.64025,0,3,1,0,0,0,0,0,0,0,0,0,0
39601,5799,1,54,21,144,1049,18.180000000000003,10.569999999999997,8.1828,0,10,0,0,0,0,0,0,0,0,1,0,0
39603,4692,1,70,15,34,60,4.35,2.8699999999999997,0,0,3,1,0,0,0,0,0,0,0,0,0,0
