SUBJECT,HOUSEHOLD,SEX,AGE_YEAR,CONSUMPTION_DAY,sum_VITA_RAE_mcg,sum_FOLDFE_mcg,sum_IRON_mg,sum_ZINC_mg,sum_VITB12_mcg,WEEKEND,adm2_,adm2_9,adm2_3,adm2_1,adm2_8,adm2_5,adm2_7,adm2_2,adm2_4,adm2_6
106,3882,1,31,20,22,199,17.34,13.139999999999997,2.214,0,9,1,0,0,0,0,0,0,0,0
132,11122,1,65,3,2924,170,17.259999999999998,10.939999999999998,3.9244,0,9,1,0,0,0,0,0,0,0,0
191,10510,1,72,25,9,181,22.510000000000005,14.049999999999997,0.3708000000000001,0,3,0,1,0,0,0,0,0,0,0
200,11088,1,24,8,18,136,12.76,10.71,4.5,0,1,0,0,1,0,0,0,0,0,0
203,9214,1,80,14,1,141,12.25,8.759999999999998,0,0,9,1,0,0,0,0,0,0,0,0
250,7904,1,22,10,30,246,18.36,12.759999999999998,0.5625,0,8,0,0,0,1,0,0,0,0,0
292,11440,1,22,16,36,180,15.7,10.260000000000002,0,0,5,0,0,0,0,1,0,0,0,0
326,11130,1,40,9,123,371,33.699999999999996,22.02,0,0,7,0,0,0,0,0,1,0,0,0
339,10085,1,38,1,123,218,20.119999999999997,14.409999999999997,0.8172,1,1,0,0,1,0,0,0,0,0,0
391,9534,1,35,22,53,234,25.29,18.83,0,0,2,0,0,0,0,0,0,1,0,0
445,3722,1,22,5,23,194,18.439999999999998,14.12,0,0,8,0,0,0,1,0,0,0,0,0
451,4445,1,45,6,17,146,13.700000000000001,9.629999999999999,0.8739,0,4,0,0,0,0,0,0,0,1,0
515,8912,1,40,20,9,112,17.34,10.629999999999999,0.4076999999999999,0,9,1,0,0,0,0,0,0,0,0
524,3790,1,63,25,21,121,5.55,4.079999999999998,0.0696,0,5,0,0,0,0,1,0,0,0,0
534,787,1,70,30,774,455,15.17,9.959999999999999,0,0,4,0,0,0,0,0,0,0,1,0
536,11527,1,70,21,37,153,9.3,6.61,0.6849,0,3,0,1,0,0,0,0,0,0,0
614,10333,1,75,15,33,162,18.660000000000004,12.77,0,0,8,0,0,0,1,0,0,0,0,0
619,10626,1,52,5,32,357,33.07,21.910000000000004,0.1764,0,5,0,0,0,0,1,0,0,0,0
673,8345,1,37,9,10,120,12.910000000000002,9.919999999999998,0,0,8,0,0,0,1,0,0,0,0,0
686,9725,1,20,16,138,330,24.049999999999997,16.75,2.63,0,1,0,0,1,0,0,0,0,0,0
705,8940,1,19,10,5,45,4.33,3.19,0,0,8,0,0,0,1,0,0,0,0,0
707,3722,1,18,5,23,208,20.34,15.48,0,0,8,0,0,0,1,0,0,0,0,0
781,154,1,67,18,6,122,9.719999999999999,7.76,0.1836,0,5,0,0,0,0,1,0,0,0,0
807,11214,1,45,14,42,179,23.150000000000006,14.01,1.8,0,6,0,0,0,0,0,0,0,0,1
916,5401,1,26,31,38,229,29.410000000000004,20.53000000000001,0.9126,0,7,0,0,0,0,0,1,0,0,0
960,959,1,80,6,1425,164,13.929999999999998,5.21,0,0,4,0,0,0,0,0,0,0,1,0
996,307,1,32,4,112,310,29.529999999999998,20.78,0.5373,0,4,0,0,0,0,0,0,0,1,0
1037,4832,1,65,18,896,451,20.55,10.409999999999998,3.9357,0,8,0,0,0,1,0,0,0,0,0
1110,10568,1,65,13,1465,898,13.249999999999998,7.260000000000001,1.8,0,9,1,0,0,0,0,0,0,0,0
1209,7835,1,28,16,153,158,17.94,10.879999999999999,0.35550000000000004,0,9,1,0,0,0,0,0,0,0,0
1227,7472,1,30,4,140,88,10.86,7.1099999999999985,5.2242999999999995,0,3,0,1,0,0,0,0,0,0,0
1267,8980,1,28,31,63,207,30.78,17.470000000000002,0.28350000000000003,0,7,0,0,0,0,0,1,0,0,0
1279,2568,1,25,12,2,86,8.969999999999999,6.45,0.4338,0,8,0,0,0,1,0,0,0,0,0
1321,5245,1,44,19,21,168,20.930000000000003,14.630000000000003,0,0,9,1,0,0,0,0,0,0,0,0
1393,80,1,19,10,5,46,2.42,2.3200000000000003,0,0,8,0,0,0,1,0,0,0,0,0
1481,8895,1,36,10,6,136,16.72,11.599999999999998,0.28350000000000003,0,8,0,0,0,1,0,0,0,0,0
1490,4505,1,22,18,60,277,23.97,16.919999999999998,0,0,1,0,0,1,0,0,0,0,0,0
1535,9615,1,18,14,78,134,11.870000000000001,7.359999999999999,0,0,8,0,0,0,1,0,0,0,0,0
1599,8241,1,25,22,456,207,12.899999999999999,9.35,0.27,0,4,0,0,0,0,0,0,0,1,0
1615,1795,1,30,22,639,597,57.370000000000005,20.86,4.956,0,7,0,0,0,0,0,1,0,0,0
1621,1747,1,50,27,2,169,18.35,13.549999999999997,0,0,3,0,1,0,0,0,0,0,0,0
1653,11073,1,60,18,12,272,32.11,22.669999999999998,0.29790000000000005,0,6,0,0,0,0,0,0,0,0,1
1684,7574,1,49,21,4,161,15.96,10.84,0,0,6,0,0,0,0,0,0,0,0,1
1749,8912,1,60,20,8,57,9.559999999999999,5.14,0.4076999999999999,0,9,1,0,0,0,0,0,0,0,0
1850,8822,1,30,16,358,120,10.32,7.949999999999999,0,0,8,0,0,0,1,0,0,0,0,0
1887,7845,1,40,25,668,580,21.28,10.959999999999999,1.4889999999999999,0,5,0,0,0,0,1,0,0,0,0
1972,9480,1,20,29,42,78,7.58,4.4799999999999995,0.2133,0,7,0,0,0,0,0,1,0,0,0
2015,1551,1,34,30,128,143,11.339999999999998,7.969999999999998,0.0285,0,1,0,0,1,0,0,0,0,0,0
2024,4184,1,45,18,5,122,10.979999999999999,7.129999999999998,0,0,5,0,0,0,0,1,0,0,0,0
2026,1882,1,55,28,10,93,9.249999999999998,6.229999999999999,0.1791,0,4,0,0,0,0,0,0,0,1,0
2053,9159,1,45,25,30,134,14.450000000000001,10.33,0,0,1,0,0,1,0,0,0,0,0,0
2082,8419,1,40,19,11,96,7.3,4.3999999999999995,0,0,3,0,1,0,0,0,0,0,0,0
2086,6329,1,60,9,2,116,47.79,9.989999999999998,0,0,7,0,0,0,0,0,1,0,0,0
2088,9091,1,32,27,20,161,15.16,10.41,0.8981999999999999,0,6,0,0,0,0,0,0,0,0,1
2129,10829,1,20,13,23,231,16.779999999999998,9.549999999999999,4.08,0,8,0,0,0,1,0,0,0,0,0
2171,10394,1,58,7,553,357,19.46,12.73,0.243,1,8,0,0,0,1,0,0,0,0,0
2195,3385,1,18,10,11,150,10.469999999999999,7.809999999999999,0.28800000000000003,0,4,0,0,0,0,0,0,0,1,0
2239,6148,1,45,3,48,94,11,8.959999999999997,0,0,8,0,0,0,1,0,0,0,0,0
2298,1705,1,38,4,42,218,11.68,9.360000000000001,0.1728,0,5,0,0,0,0,1,0,0,0,0
2446,80,1,50,10,5,822,6.91,4.999999999999999,1.8095,0,8,0,0,0,1,0,0,0,0,0
2449,11549,1,38,18,11,139,13.900000000000002,9.770000000000001,0,0,5,0,0,0,0,1,0,0,0,0
2496,2646,1,60,23,13,113,11.82,9.030000000000001,0,0,4,0,0,0,0,0,0,0,1,0
2521,2285,1,43,10,235,283,15.35,10.13,0,0,2,0,0,0,0,0,0,1,0,0
2544,7724,1,56,1,23,235,17.040000000000003,10.679999999999998,0.34380000000000005,1,1,0,0,1,0,0,0,0,0,0
2623,4550,1,18,29,122,54,2.67,1.71,0.4203,0,6,0,0,0,0,0,0,0,0,1
2683,8424,1,50,19,95,241,19.86,14.409999999999998,2.115,0,3,0,1,0,0,0,0,0,0,0
2698,1888,1,24,7,58,153,13.679999999999998,9.629999999999997,0.6129,1,8,0,0,0,1,0,0,0,0,0
2817,11048,1,23,8,14,144,13.299999999999999,9.35,0,0,8,0,0,0,1,0,0,0,0,0
2881,2856,1,35,25,8,118,8.67,6.969999999999999,0,0,6,0,0,0,0,0,0,0,0,1
2883,1157,1,72,21,48,165,17.349999999999998,11.289999999999997,0.4968000000000001,0,8,0,0,0,1,0,0,0,0,0
2885,6397,1,60,18,17,215,16.95,12.57,1.125,0,5,0,0,0,0,1,0,0,0,0
2929,6933,1,42,4,4,161,14.99,10.33,0,0,8,0,0,0,1,0,0,0,0,0
2947,6931,1,45,5,5,167,19.26,13.379999999999999,0,0,9,1,0,0,0,0,0,0,0,0
2967,1147,1,26,27,23,178,14.08,8.739999999999998,0,0,1,0,0,1,0,0,0,0,0,0
3035,7367,1,40,3,48,167,15.55,10.379999999999999,0.45,0,7,0,0,0,0,0,1,0,0,0
3043,11733,1,23,8,7,151,14.06,8.249999999999998,0.6803999999999999,0,4,0,0,0,0,0,0,0,1,0
3091,684,1,22,22,20,125,8.79,5.32,0,0,6,0,0,0,0,0,0,0,0,1
3153,3807,1,38,30,14,151,11.26,9.219999999999999,0,0,1,0,0,1,0,0,0,0,0,0
3196,5357,1,18,31,85,209,17.94,10.8,0.1791,0,7,0,0,0,0,0,1,0,0,0
3202,11803,1,20,6,31,143,17.159999999999997,10.869999999999997,0.34380000000000005,0,4,0,0,0,0,0,0,0,1,0
3390,10119,1,35,14,94,322,25.26,16.779999999999998,0,0,8,0,0,0,1,0,0,0,0,0
3429,6378,1,25,6,128,90,4.12,2.1199999999999997,0.3753,0,7,0,0,0,0,0,1,0,0,0
3549,10065,1,28,18,7,196,18.31,13.709999999999999,0,0,5,0,0,0,0,1,0,0,0,0
3560,2898,1,18,24,10,166,15.11,9.99,0,0,2,0,0,0,0,0,0,1,0,0
3571,5446,1,27,30,1,126,14.420000000000002,9.97,0,0,1,0,0,1,0,0,0,0,0,0
3586,4958,1,27,18,55,122,11.78,8.079999999999998,0.6849,0,9,1,0,0,0,0,0,0,0,0
3598,4114,1,45,15,7,31,2.25,1.2900000000000003,0,0,8,0,0,0,1,0,0,0,0,0
3602,1626,1,40,27,7,125,15.27,10.459999999999999,0,0,4,0,0,0,0,0,0,0,1,0
3615,1297,1,20,11,7,68,5.449999999999999,3.4499999999999997,0,0,2,0,0,0,0,0,0,1,0,0
3682,8678,1,40,21,6,517,47.589999999999996,34.26,0,0,9,1,0,0,0,0,0,0,0,0
3692,762,1,55,12,27,181,18.16,14.169999999999998,0.1044,0,4,0,0,0,0,0,0,0,1,0
3696,10347,1,65,30,77,164,7.5200000000000005,6.94,0,0,4,0,0,0,0,0,0,0,1,0
3704,10165,1,49,9,2,109,12.27,9.37,0,0,8,0,0,0,1,0,0,0,0,0
3728,10134,1,61,12,96,203,20.71,14.209999999999997,0,0,8,0,0,0,1,0,0,0,0,0
3747,925,1,34,13,537,244,26.82,19.8,0.4448,0,2,0,0,0,0,0,0,1,0,0
3803,3241,1,36,8,28,201,18.03,13.540000000000001,0.3069,0,9,1,0,0,0,0,0,0,0,0
3856,8866,1,32,23,118,135,13.29,9.01,1.4724,0,1,0,0,1,0,0,0,0,0,0
3878,326,1,25,18,13,62,13.439999999999998,6.159999999999999,0,0,9,1,0,0,0,0,0,0,0,0
4013,1260,1,25,27,1,132,10.390000000000002,8.83,1.8,0,3,0,1,0,0,0,0,0,0,0
4034,10829,1,45,13,18,201,14.39,8.5,3.9299999999999997,0,8,0,0,0,1,0,0,0,0,0
4040,7919,1,38,23,24,81,9.45,6.3500000000000005,0,0,5,0,0,0,0,1,0,0,0,0
4042,2336,1,45,19,11,127,12.870000000000003,9.309999999999999,0,0,3,0,1,0,0,0,0,0,0,0
4076,6425,1,40,2,86,231,27.57,18.51000000000001,0.4365,0,7,0,0,0,0,0,1,0,0,0
4172,2728,1,30,29,42,316,32.8,22.810000000000006,0,0,5,0,0,0,0,1,0,0,0,0
4237,7895,1,30,18,15,308,26,18.76,0.36,0,1,0,0,1,0,0,0,0,0,0
4294,6619,1,42,21,118,222,19.900000000000002,10.72,0.5121,0,3,0,1,0,0,0,0,0,0,0
4295,4384,1,65,23,25,124,13.420000000000002,9.439999999999998,0,0,2,0,0,0,0,0,0,1,0,0
4336,7724,1,18,1,8,118,10.649999999999999,6.760000000000001,0.34380000000000005,1,1,0,0,1,0,0,0,0,0,0
4358,2329,1,65,15,291,303,19.59,12.78,2.7918000000000003,0,8,0,0,0,1,0,0,0,0,0
4394,6066,1,35,1,65,202,22.729999999999997,15.569999999999999,0.6543000000000001,1,7,0,0,0,0,0,1,0,0,0
4406,5042,1,60,10,7,265,31.65,21.310000000000002,0,0,2,0,0,0,0,0,0,1,0,0
4408,9104,1,62,7,35,100,9.75,6.4899999999999975,1.9251000000000003,1,8,0,0,0,1,0,0,0,0,0
4411,3496,1,40,9,12,247,24.439999999999994,18.55,0,0,5,0,0,0,0,1,0,0,0,0
4471,7195,1,38,8,4,84,6.2700000000000005,3.71,0.5094000000000001,0,4,0,0,0,0,0,0,0,1,0
4475,5784,1,70,7,26,120,16.1,10.479999999999999,0.0297,1,7,0,0,0,0,0,1,0,0,0
4510,4942,1,32,18,4,153,15.27,11.6,0.29969999999999997,0,5,0,0,0,0,1,0,0,0,0
4513,9265,1,29,22,22,163,7.37,4.449999999999999,0,0,6,0,0,0,0,0,0,0,0,1
4574,1034,1,30,23,18,113,5.4399999999999995,5.76,1.0773,0,6,0,0,0,0,0,0,0,0,1
4590,3101,1,42,27,234,291,32.64,19.99,7.2501999999999995,0,7,0,0,0,0,0,1,0,0,0
4602,7538,1,42,28,2922,487,38.5,17.86,1.26,0,4,0,0,0,0,0,0,0,1,0
4603,3692,1,23,12,16,44,8.12,3.9099999999999997,0.1179,0,4,0,0,0,0,0,0,0,1,0
4636,7108,1,38,9,20,192,17.019999999999996,11.679999999999998,0.2007,0,2,0,0,0,0,0,0,1,0,0
4683,2517,1,55,26,13,180,17.62,12.290000000000001,0,0,1,0,0,1,0,0,0,0,0,0
4691,10624,1,48,14,10,155,14.389999999999999,9.97,0.18720000000000003,0,9,1,0,0,0,0,0,0,0,0
4714,2080,1,58,8,189,250,12.629999999999999,8.479999999999999,3.915,0,8,0,0,0,1,0,0,0,0,0
4765,11734,1,35,8,93,146,11.37,7.999999999999999,0,0,5,0,0,0,0,1,0,0,0,0
4790,1324,1,32,26,5,117,13.2,9.17,0.6444,0,4,0,0,0,0,0,0,0,1,0
4791,8261,1,18,22,126,215,17.029999999999998,11.040000000000001,4.5,0,6,0,0,0,0,0,0,0,0,1
4836,1585,1,70,23,0,15,1.2100000000000002,1.91,0,0,7,0,0,0,0,0,1,0,0,0
4888,10717,1,28,3,12,192,18.06,14.27,0,0,1,0,0,1,0,0,0,0,0,0
4904,5295,1,30,10,55,278,23.29,16.79,0.5625,0,8,0,0,0,1,0,0,0,0,0
4927,11092,1,31,27,43,198,20.370000000000005,15.099999999999994,4.362,0,2,0,0,0,0,0,0,1,0,0
4966,2468,1,26,15,107,211,18.29,14.099999999999998,0,0,9,1,0,0,0,0,0,0,0,0
4998,8119,1,22,27,67,222,74.01,19.620000000000005,0,0,7,0,0,0,0,0,1,0,0,0
5005,7243,1,20,26,19,312,33.08,22.06,1.4688,0,4,0,0,0,0,0,0,0,1,0
5028,1004,1,80,29,78,103,9.879999999999999,6.3500000000000005,0.5760000000000001,0,7,0,0,0,0,0,1,0,0,0
5066,10326,1,70,18,183,199,13.820000000000002,9.979999999999999,5.0562,0,8,0,0,0,1,0,0,0,0,0
5101,6771,1,25,4,63,164,17.560000000000002,12.74,1,0,8,0,0,0,1,0,0,0,0,0
5137,11323,1,60,4,95,166,11.299999999999999,9.389999999999997,0.36,0,4,0,0,0,0,0,0,0,1,0
5208,8591,1,21,18,206,153,15.72,9.57,0,0,5,0,0,0,0,1,0,0,0,0
5239,2514,1,26,17,154,236,13.63,11.780000000000001,0,0,6,0,0,0,0,0,0,0,0,1
5260,6230,1,70,27,58,302,30.14,20.519999999999996,0.441,0,7,0,0,0,0,0,1,0,0,0
5263,1754,1,35,7,10,140,13.32,9.29,0,1,9,1,0,0,0,0,0,0,0,0
5297,8428,1,22,3,44,133,11.51,7.43,0.6426000000000001,0,7,0,0,0,0,0,1,0,0,0
5337,10712,1,55,4,22,184,13.639999999999999,9.53,0.5625,0,3,0,1,0,0,0,0,0,0,0
5365,4321,1,35,24,12,204,12.229999999999999,8.82,0,0,2,0,0,0,0,0,0,1,0,0
5371,8971,1,40,9,5,85,8.79,6.650000000000001,0,0,9,1,0,0,0,0,0,0,0,0
5388,1393,1,45,17,8,189,21.519999999999996,14.91,0,0,6,0,0,0,0,0,0,0,0,1
5540,11700,1,58,10,181,333,26.79,18.200000000000003,0,0,8,0,0,0,1,0,0,0,0,0
5577,8713,1,31,27,6,226,27.250000000000004,18.630000000000006,0.14490000000000003,0,7,0,0,0,0,0,1,0,0,0
5582,9687,1,52,19,2,134,15.53,11.119999999999997,0.09,0,1,0,0,1,0,0,0,0,0,0
5595,2773,1,18,27,3,122,13.739999999999998,10.71,0,0,3,0,1,0,0,0,0,0,0,0
5616,1733,1,21,14,61,189,15.82,11.6,6.8076,0,6,0,0,0,0,0,0,0,0,1
5622,11667,1,40,28,7,164,17.41,12.549999999999999,0,0,1,0,0,1,0,0,0,0,0,0
5637,4271,1,30.1,21,8,254,28.83,19.350000000000005,0.9,0,3,0,1,0,0,0,0,0,0,0
5666,6606,1,25,1,46,117,10.230000000000002,6.42,0.4041,1,3,0,1,0,0,0,0,0,0,0
5668,7413,1,30,19,6,182,23.810000000000002,15.969999999999999,0,0,1,0,0,1,0,0,0,0,0,0
5691,9700,1,24,4,31,268,20.53,14.440000000000001,0,0,8,0,0,0,1,0,0,0,0,0
5718,2952,1,60,23,522,159,28.299999999999997,13.410000000000002,0,0,7,0,0,0,0,0,1,0,0,0
5721,3840,1,45,6,20,229,12.26,8.41,0.45,0,7,0,0,0,0,0,1,0,0,0
5744,11579,1,35,8,58,270,33.620000000000005,23.07,0,0,3,0,1,0,0,0,0,0,0,0
5752,11424,1,99,21,5,77,3.8099999999999996,3.17,0.2196,0,3,0,1,0,0,0,0,0,0,0
5767,9161,1,25,10,40,200,20.54,11.100000000000001,1.0413,0,4,0,0,0,0,0,0,0,1,0
5806,4153,1,42,5,24,63,7.1000000000000005,5.029999999999999,0.2961,0,5,0,0,0,0,1,0,0,0,0
5817,2749,1,66,27,2,199,20.87,14.48,1.26,0,3,0,1,0,0,0,0,0,0,0
5825,8181,1,36,3,133,191,42.589999999999996,11.569999999999999,1.2258,0,7,0,0,0,0,0,1,0,0,0
5864,6973,1,32,30,25,161,11.719999999999997,9.03,0,0,1,0,0,1,0,0,0,0,0,0
5868,9834,1,45,5,5,93,11,8.9,0,0,8,0,0,0,1,0,0,0,0,0
5902,4022,1,54,26,52,209,16.86,12.12,0.4203,0,2,0,0,0,0,0,0,1,0,0
5906,4235,1,19,26,25,249,13.340000000000002,9.2,0.54,0,3,0,1,0,0,0,0,0,0,0
5912,3254,1,25,26,8,101,7.66,6.58,0.3564,0,4,0,0,0,0,0,0,0,1,0
5976,7779,1,22,24,787,344,15.34,8.319999999999999,0,0,5,0,0,0,0,1,0,0,0,0
6097,6714,1,34,2,15,313,18.990000000000006,10.159999999999998,0,0,4,0,0,0,0,0,0,0,1,0
6118,2836,1,40,29,959,330,29.249999999999996,18.029999999999998,0,0,5,0,0,0,0,1,0,0,0,0
6186,11357,1,30,16,135,249,15.04,10.760000000000002,0.396,0,5,0,0,0,0,1,0,0,0,0
6199,122,1,35,16,866,246,17.310000000000006,8.679999999999998,0.2403,0,8,0,0,0,1,0,0,0,0,0
6224,3882,1,70,20,22,199,17.340000000000003,13.139999999999999,2.214,0,9,1,0,0,0,0,0,0,0,0
6246,5526,1,36,20,8,190,24.049999999999997,16.29,0,0,4,0,0,0,0,0,0,0,1,0
6278,2734,1,72,3,0,58,6.54,4.789999999999998,0.14490000000000003,0,1,0,0,1,0,0,0,0,0,0
6326,5109,1,40,25,54,168,24.729999999999997,17.79,7.1145000000000005,0,7,0,0,0,0,0,1,0,0,0
6336,10571,1,60,18,60,130,13.29,9.13,0,0,6,0,0,0,0,0,0,0,0,1
6339,9463,1,60,18,7,186,14.879999999999999,9.72,0,0,5,0,0,0,0,1,0,0,0,0
6534,2131,1,26,11,16,193,10.370000000000001,7.1,0,0,2,0,0,0,0,0,0,1,0,0
6546,5225,1,65,3,3778,170,17.080000000000002,11.989999999999998,4.355400000000001,0,9,1,0,0,0,0,0,0,0,0
6576,4225,1,32,12,6,147,14.08,10.919999999999998,0.5877,0,4,0,0,0,0,0,0,0,1,0
6634,8992,1,34,4,20,288,21.210000000000004,15.459999999999996,0.7497,0,4,0,0,0,0,0,0,0,1,0
6650,1966,1,75,23,8,140,17.560000000000002,9.95,0,0,1,0,0,1,0,0,0,0,0,0
6682,3332,1,25,14,68,210,20.279999999999994,13.129999999999997,1.6543,0,1,0,0,1,0,0,0,0,0,0
6727,2559,1,42,9,483,469,13.410000000000002,8.19,0,0,9,1,0,0,0,0,0,0,0,0
6738,3428,1,32,18,29,104,9.930000000000001,7.119999999999999,0.2943,0,9,1,0,0,0,0,0,0,0,0
6776,7626,1,69,27,7,275,24.71,17.630000000000003,3.2327999999999997,0,6,0,0,0,0,0,0,0,0,1
6778,5460,1,18,16,52,190,16.1,11.299999999999997,0.34380000000000005,0,5,0,0,0,0,1,0,0,0,0
6872,3498,1,35,22,2,103,13.46,9.45,0,0,6,0,0,0,0,0,0,0,0,1
6884,1360,1,19,18,50,144,10.719999999999999,9.639999999999999,0.1944,0,9,1,0,0,0,0,0,0,0,0
6934,2228,1,40,22,17,127,15.540000000000001,10.25,0,0,5,0,0,0,0,1,0,0,0,0
6938,9825,1,55,10,30,383,37.71,26.490000000000002,3.6009,0,2,0,0,0,0,0,0,1,0,0
7004,10167,1,39,29,58,342,30,21.350000000000005,0.54,0,5,0,0,0,0,1,0,0,0,0
7020,7310,1,35,8,31,227,18.46,12.670000000000002,0.5292,0,8,0,0,0,1,0,0,0,0,0
7047,1048,1,21,10,10,138,16.19,12.39,0,0,8,0,0,0,1,0,0,0,0,0
7052,5448,1,46,30,32,248,20.88,12.920000000000002,0.4032,0,4,0,0,0,0,0,0,0,1,0
7061,10873,1,29,19,12,133,10.82,7.879999999999999,2.5767,0,3,0,1,0,0,0,0,0,0,0
7083,2429,1,69,25,148,191,11.91,8.01,1.4545,0,6,0,0,0,0,0,0,0,0,1
7292,3185,1,18,20,58,252,21.16,13.629999999999999,0.9891,0,8,0,0,0,1,0,0,0,0,0
7323,10425,1,18,5,19,216,17.44,12.81,0,0,9,1,0,0,0,0,0,0,0,0
7338,2468,1,20,15,106,223,19.779999999999998,15.239999999999998,0,0,9,1,0,0,0,0,0,0,0,0
7366,9546,1,20,30,12,151,13.559999999999999,10.11,0,0,1,0,0,1,0,0,0,0,0,0
7394,824,1,18,17,21,91,12.069999999999999,8.6,0.2502,0,6,0,0,0,0,0,0,0,0,1
7440,2468,1,48,15,136,237,19.669999999999998,14.719999999999997,0,0,9,1,0,0,0,0,0,0,0,0
7487,7721,1,36,23,39,136,10.74,6.21,0.45,0,6,0,0,0,0,0,0,0,0,1
7519,7523,1,27,24,33,192,15.280000000000001,9.569999999999999,0,0,2,0,0,0,0,0,0,1,0,0
7545,98,1,18,3,17,139,49.27,11.660000000000002,1.9692,0,1,0,0,1,0,0,0,0,0,0
7548,11125,1,21,29,105,219,27.749999999999996,17.57,5.0525,0,7,0,0,0,0,0,1,0,0,0
7559,1461,1,55,10,177,232,14.829999999999998,11.700000000000001,0,0,2,0,0,0,0,0,0,1,0,0
7593,11416,1,28,21,137,287,25.900000000000006,19.529999999999998,0.7497,0,9,1,0,0,0,0,0,0,0,0
7600,11472,1,50,2,2103,245,13.9,4.4,0,0,4,0,0,0,0,0,0,0,1,0
7610,5095,1,30,8,103,250,18.669999999999995,13.930000000000001,0.45,0,8,0,0,0,1,0,0,0,0,0
7662,9765,1,75,5,21,197,17.29,13.29,0.3114,0,5,0,0,0,0,1,0,0,0,0
7721,3687,1,18,19,44,108,8.51,5.86,0.306,0,3,0,1,0,0,0,0,0,0,0
7794,3530,1,36,29,4,124,7.329999999999999,6.8,0.54,0,5,0,0,0,0,1,0,0,0,0
7822,10858,1,45,23,17,177,22.56,14.850000000000001,2.1159,0,7,0,0,0,0,0,1,0,0,0
7843,11016,1,26,14,62,65,5.640000000000001,4.05,0.036,0,8,0,0,0,1,0,0,0,0,0
7895,4444,1,40,10,25,162,15.520000000000001,10.069999999999999,0,0,6,0,0,0,0,0,0,0,0,1
7935,8855,1,24,31,73,253,30.12,20.060000000000002,0,0,7,0,0,0,0,0,1,0,0,0
8028,8951,1,45,8,16,189,13.68,10.549999999999999,2.2698,0,8,0,0,0,1,0,0,0,0,0
8067,8277,1,32,8,24,148,13.53,10.000000000000002,0,0,1,0,0,1,0,0,0,0,0,0
8068,4612,1,35,20,4,170,20.919999999999995,14.08,0.7748999999999999,0,4,0,0,0,0,0,0,0,1,0
8070,4725,1,35,8,127,270,13.95,9.77,0,0,1,0,0,1,0,0,0,0,0,0
8078,4194,1,65,19,3,173,16.459999999999997,11.1,0.675,0,9,1,0,0,0,0,0,0,0,0
8110,6309,1,26,20,1,74,9.53,6.29,0.7416000000000001,0,5,0,0,0,0,1,0,0,0,0
8153,8755,1,60,8,30,106,10.6,8.029999999999998,0.4320000000000001,0,4,0,0,0,0,0,0,0,1,0
8209,817,1,58,11,70,211,12.45,10.17,2.125,0,3,0,1,0,0,0,0,0,0,0
8250,8853,1,19,6,13,99,11.959999999999999,11.089999999999996,2.4633000000000003,0,1,0,0,1,0,0,0,0,0,0
8331,6176,1,38,25,13,169,20.11,13.759999999999998,0.36180000000000007,0,7,0,0,0,0,0,1,0,0,0
8332,9765,1,42,5,22,176,15.200000000000001,10.809999999999997,0.3114,0,5,0,0,0,0,1,0,0,0,0
8360,9675,1,32,19,2,313,26.470000000000002,17.770000000000003,0,0,9,1,0,0,0,0,0,0,0,0
8442,707,1,56,4,6,107,8.55,6.14,0,0,3,0,1,0,0,0,0,0,0,0
8508,5124,1,25,31,5,98,11.61,7.52,1.4409,0,7,0,0,0,0,0,1,0,0,0
8569,5271,1,55,2,19,268,29.55,20.27,0.0567,0,4,0,0,0,0,0,0,0,1,0
8622,5032,1,50,12,102,157,13.799999999999999,10.469999999999997,7.206300000000001,0,8,0,0,0,1,0,0,0,0,0
8657,476,1,35,12,122,205,17.269999999999996,12.379999999999999,0.20790000000000003,0,8,0,0,0,1,0,0,0,0,0
8691,2835,1,65,1,352,174,13.18,7.729999999999999,0,1,3,0,1,0,0,0,0,0,0,0
8716,8463,1,24,12,323,181,12.58,9.089999999999998,2.5443,0,6,0,0,0,0,0,0,0,0,1
8724,5547,1,42,19,44,266,22.37,14.04,0.5,0,3,0,1,0,0,0,0,0,0,0
8752,10302,1,55,9,31,182,22.31,11.660000000000002,1.2275999999999998,0,9,1,0,0,0,0,0,0,0,0
8813,9904,1,22,5,90,236,18.520000000000003,13.809999999999999,0.4374,0,9,1,0,0,0,0,0,0,0,0
8815,8771,1,50,20,10,211,18.97,13.32,0.18090000000000003,0,4,0,0,0,0,0,0,0,1,0
8830,5396,1,22,3,8,108,11.129999999999999,7.739999999999999,0,0,1,0,0,1,0,0,0,0,0,0
8837,2537,1,23,25,7,114,10.370000000000001,7.669999999999999,0,0,1,0,0,1,0,0,0,0,0,0
8842,3313,1,60,4,786,439,23.22,15.819999999999999,0.6003000000000001,0,4,0,0,0,0,0,0,0,1,0
8923,2039,1,18,4,12,99,4.56,4.359999999999999,2.07,0,3,0,1,0,0,0,0,0,0,0
8971,11478,1,38,21,8,115,9.16,7.049999999999999,0.7731,0,4,0,0,0,0,0,0,0,1,0
9099,4052,1,25,28,4,77,10.03,6.159999999999999,0,0,4,0,0,0,0,0,0,0,1,0
9103,6770,1,30,6,34,145,16.569999999999997,12.1,0,0,3,0,1,0,0,0,0,0,0,0
9154,3133,1,65,14,295,337,18.92,12.619999999999997,0,0,8,0,0,0,1,0,0,0,0,0
9290,10533,1,37,23,6,85,9.27,6.749999999999999,0.2466,0,4,0,0,0,0,0,0,0,1,0
9364,4114,1,19,15,11,72,7,3.51,0,0,8,0,0,0,1,0,0,0,0,0
9513,1710,1,26,18,167,224,12.320000000000002,8.56,0,0,9,1,0,0,0,0,0,0,0,0
9573,2039,1,50,4,13,112,5.259999999999999,5.099999999999999,2.07,0,3,0,1,0,0,0,0,0,0,0
9705,9219,1,45,6,9,105,11.509999999999998,8.49,0.225,0,4,0,0,0,0,0,0,0,1,0
9710,4229,1,28,1,543,223,14.42,8.73,0,1,1,0,0,1,0,0,0,0,0,0
9756,11622,1,32,7,100,222,18.540000000000003,14.26,0,1,8,0,0,0,1,0,0,0,0,0
9891,10403,1,30,10,58,233,17.03,12.39,0.6426000000000001,0,1,0,0,1,0,0,0,0,0,0
9934,9351,1,30,22,39,154,14.86,12.6,0.873,0,8,0,0,0,1,0,0,0,0,0
9935,10159,1,22,19,116,252,25.92,18.2,0,0,3,0,1,0,0,0,0,0,0,0
10035,7559,1,65,12,6,179,15.049999999999999,11.019999999999998,0,0,8,0,0,0,1,0,0,0,0,0
10093,2141,1,39,16,171,95,9.96,7.109999999999999,2.2491,0,9,1,0,0,0,0,0,0,0,0
10145,8831,1,56,30,18,173,16.79,10.36,0.2673,0,1,0,0,1,0,0,0,0,0,0
10162,4219,1,35,15,4,212,20.53,13.589999999999998,0,0,1,0,0,1,0,0,0,0,0,0
10163,980,1,18,23,23,138,16.16,11.08,0,0,1,0,0,1,0,0,0,0,0,0
10170,7209,1,70,23,341,374,24.28,11.520000000000001,0.3753,0,3,0,1,0,0,0,0,0,0,0
10248,6806,1,30,10,20,142,15.280000000000003,11.159999999999998,2.115,0,8,0,0,0,1,0,0,0,0,0
10253,8796,1,40,14,16,142,15.679999999999998,11.620000000000001,0.8991000000000001,0,2,0,0,0,0,0,0,1,0,0
10301,5396,1,60,3,7,100,10.919999999999998,6.829999999999999,0,0,1,0,0,1,0,0,0,0,0,0
10318,3757,1,28,23,9,287,28.96,20.669999999999998,0,0,3,0,1,0,0,0,0,0,0,0
10393,1631,1,35,22,45,217,20.820000000000004,13.189999999999996,0.5139,0,5,0,0,0,0,1,0,0,0,0
10428,764,1,18,27,13,147,13.280000000000001,9.99,0.2,0,3,0,1,0,0,0,0,0,0,0
10465,265,1,70,12,19,132,14.399999999999997,10.65,0.945,0,8,0,0,0,1,0,0,0,0,0
10515,3882,1,22,20,22,199,19.640000000000004,13.889999999999997,2.214,0,9,1,0,0,0,0,0,0,0,0
10516,4724,1,55,25,4,190,12.739999999999998,9.09,0,0,3,0,1,0,0,0,0,0,0,0
10550,10810,1,36,2,29,96,9.14,7.369999999999999,0,0,4,0,0,0,0,0,0,0,1,0
10565,9843,1,37,6,35,206,16.68,12.29,0.45,0,1,0,0,1,0,0,0,0,0,0
10599,11779,1,55,8,13,122,10.27,7.37,0,0,8,0,0,0,1,0,0,0,0,0
10620,6311,1,65,23,9,179,19.19,12.51,0,0,2,0,0,0,0,0,0,1,0,0
10629,5645,1,31,22,95,170,20.200000000000003,13.479999999999999,0.22590000000000005,0,4,0,0,0,0,0,0,0,1,0
10646,1104,1,20,26,7,170,10.689999999999998,6.499999999999999,1.9818000000000002,0,4,0,0,0,0,0,0,0,1,0
10661,11700,1,20,10,172,255,16.919999999999998,11.549999999999999,0,0,8,0,0,0,1,0,0,0,0,0
10665,1909,1,21,3,76,158,14.850000000000001,10.009999999999998,0.4221,0,9,1,0,0,0,0,0,0,0,0
10704,4352,1,45,25,381,377,18.880000000000003,12.680000000000001,0.45,0,3,0,1,0,0,0,0,0,0,0
10741,11699,1,20,10,11,123,14.16,9.049999999999997,0.3276,0,4,0,0,0,0,0,0,0,1,0
10775,3036,1,30,1,2071,394,29.760000000000005,15.119999999999996,0.99,1,3,0,1,0,0,0,0,0,0,0
10792,4562,1,38,31,127,186,17.86,11.469999999999999,1.3941000000000001,0,7,0,0,0,0,0,1,0,0,0
10801,1350,1,30,9,6,145,17.19,11.269999999999998,0,0,9,1,0,0,0,0,0,0,0,0
10812,11484,1,29,14,29,230,15.450000000000001,11.709999999999999,0,0,9,1,0,0,0,0,0,0,0,0
10823,9602,1,20,1,86,316,30.249999999999996,19.94,0.5787,1,7,0,0,0,0,0,1,0,0,0
10825,2217,1,28,23,4,176,20.409999999999997,14.81,0,0,1,0,0,1,0,0,0,0,0,0
10842,11401,1,60,10,1,88,10.75,8.11,0.4671,0,9,1,0,0,0,0,0,0,0,0
10904,668,1,38,3,40,125,13.32,9.959999999999999,0,0,8,0,0,0,1,0,0,0,0,0
10938,8795,1,65,9,8,114,11.11,7.839999999999999,0.1368,0,2,0,0,0,0,0,0,1,0,0
10952,4366,1,37,29,139,174,15.76,9.919999999999996,0.13770000000000002,0,7,0,0,0,0,0,1,0,0,0
10961,8929,1,32,3,59,139,15.829999999999998,9.6,0.45,0,7,0,0,0,0,0,1,0,0,0
10981,8014,1,38,10,26,100,12.01,8.95,0.17370000000000002,0,8,0,0,0,1,0,0,0,0,0
10984,10358,1,18,8,87,254,14.02,10.77,1.175,0,3,0,1,0,0,0,0,0,0,0
11005,3652,1,45,10,38,188,20.37,13.170000000000002,0.06520000000000001,0,2,0,0,0,0,0,0,1,0,0
11012,7209,1,24,23,400,510,36.370000000000005,20.089999999999996,0.5004,0,3,0,1,0,0,0,0,0,0,0
11049,6185,1,35,14,110,231,19.560000000000002,13.089999999999996,1.2483,0,2,0,0,0,0,0,0,1,0,0
11110,6067,1,66,27,171,346,36.76,25.390000000000004,0,0,7,0,0,0,0,0,1,0,0,0
11119,6970,1,27,18,72,127,9.75,7.59,0,0,9,1,0,0,0,0,0,0,0,0
11185,10793,1,28,19,27,162,18.840000000000003,12.449999999999998,0.5456699999999999,0,9,1,0,0,0,0,0,0,0,0
11236,3198,1,30,8,9,152,13.7,10.27,0,0,8,0,0,0,1,0,0,0,0,0
11245,3101,1,20,27,204,309,33.65,21.629999999999992,0.2502,0,7,0,0,0,0,0,1,0,0,0
11287,2991,1,39,29,6,232,26.300000000000004,18.54,0,0,6,0,0,0,0,0,0,0,0,1
11303,5295,1,50,10,22,132,9.75,7.01,0.5625,0,8,0,0,0,1,0,0,0,0,0
11392,5638,1,70,23,16,361,34.269999999999996,23.270000000000003,0,0,2,0,0,0,0,0,0,1,0,0
11406,10864,1,32,4,14,137,13.02,10.299999999999999,0,0,8,0,0,0,1,0,0,0,0,0
11486,2398,1,50,31,48,180,18.21,12.409999999999997,0.306,0,7,0,0,0,0,0,1,0,0,0
11536,5214,1,55,19,4,135,10.27,7.71,0,0,3,0,1,0,0,0,0,0,0,0
11568,11632,1,31,13,23,114,8.77,6.36,0,0,2,0,0,0,0,0,0,1,0,0
11599,4796,1,93,10,1,106,7.979999999999999,5.259999999999999,0.6003000000000001,0,1,0,0,1,0,0,0,0,0,0
11600,11803,1,65,6,31,118,13.660000000000002,8.42,0.18,0,4,0,0,0,0,0,0,0,1,0
11662,2551,1,25,8,166,240,16.96,12.77,1.08,0,5,0,0,0,0,1,0,0,0,0
11784,9323,1,45,2,2534,343,27.120000000000005,11.86,0,0,4,0,0,0,0,0,0,0,1,0
11785,9442,1,35,9,12,2500,14.779999999999998,7.1,5.831,0,9,1,0,0,0,0,0,0,0,0
11791,6553,1,60,5,72,248,24.64,16.75,0,0,9,1,0,0,0,0,0,0,0,0
11805,11010,1,62,12,54,273,19.030000000000005,14.129999999999997,1.8,0,8,0,0,0,1,0,0,0,0,0
11839,684,1,53,22,20,244,20.079999999999995,13.269999999999998,5.9364,0,6,0,0,0,0,0,0,0,0,1
11882,8568,1,18,22,6,146,10.79,6.909999999999999,0,0,2,0,0,0,0,0,0,1,0,0
11923,3882,1,34,20,22,199,17.34,13.139999999999997,2.214,0,9,1,0,0,0,0,0,0,0,0
11963,5132,1,60,16,24,284,27.86,18.35,0,0,1,0,0,1,0,0,0,0,0,0
11966,3882,1,55,20,22,184,15.379999999999997,11.699999999999998,2.214,0,9,1,0,0,0,0,0,0,0,0
12025,6714,1,98,2,12,283,15.239999999999998,7.55,0,0,4,0,0,0,0,0,0,0,1,0
12030,1681,1,38,21,119,213,20.31,14.2,7.5,0,5,0,0,0,0,1,0,0,0,0
12095,888,1,49,24,12,243,17.42,13.649999999999999,0.2574,0,9,1,0,0,0,0,0,0,0,0
12097,8031,1,50,16,29,119,7.55,9.05,0,0,9,1,0,0,0,0,0,0,0,0
12104,2820,1,36,10,153,348,18.869999999999997,13.109999999999998,0.36,0,9,1,0,0,0,0,0,0,0,0
12108,1448,1,51,13,18,167,14.769999999999998,11.229999999999999,0,0,2,0,0,0,0,0,0,1,0,0
12196,3936,1,32,5,70,281,28.2,18.760000000000005,0,0,7,0,0,0,0,0,1,0,0,0
12202,8891,1,50,25,24,143,9.84,7.419999999999999,0,0,6,0,0,0,0,0,0,0,0,1
12276,668,1,72,3,23,74,8.02,5.959999999999999,0,0,8,0,0,0,1,0,0,0,0,0
12335,9246,1,50,23,1,107,13.62,9.020000000000001,0,0,6,0,0,0,0,0,0,0,0,1
12349,5587,1,21,19,38,88,8.12,5.1099999999999985,0.6326999999999999,0,3,0,1,0,0,0,0,0,0,0
12363,10509,1,55,18,72,284,21.610000000000003,13.68,0,0,1,0,0,1,0,0,0,0,0,0
12386,2534,1,37,25,934,491,30.660000000000004,16.549999999999997,0.4671,0,5,0,0,0,0,1,0,0,0,0
12438,727,1,18,12,47,175,21.490000000000002,13.78,0,0,4,0,0,0,0,0,0,0,1,0
12460,8714,1,65,30,9,194,15.73,9.650000000000002,0.3888,0,4,0,0,0,0,0,0,0,1,0
12477,4408,1,23,20,30,338,29.69,18.2,0,0,3,0,1,0,0,0,0,0,0,0
12595,2091,1,18,4,167,266,19.16,11.749999999999998,0.5246999999999999,0,8,0,0,0,1,0,0,0,0,0
12618,5962,1,22,22,243,216,18.16,11.03,0.2673,0,8,0,0,0,1,0,0,0,0,0
12646,2185,1,28,18,13,153,14.540000000000001,8.66,0,0,5,0,0,0,0,1,0,0,0,0
12665,9255,1,26,14,27,109,11.73,8.04,0.3276,0,2,0,0,0,0,0,0,1,0,0
12703,11223,1,30,10,10,285,24.29,16.310000000000002,0.33659999999999995,0,9,1,0,0,0,0,0,0,0,0
12718,5780,1,46,1,0,62,6.8199999999999985,5.31,0,1,1,0,0,1,0,0,0,0,0,0
12743,5448,1,18,30,24,186,15.2,10.25,0.4032,0,4,0,0,0,0,0,0,0,1,0
12761,4832,1,42,18,49,165,14.499999999999998,10.129999999999999,2.9007,0,8,0,0,0,1,0,0,0,0,0
12811,6578,1,50,29,12,148,37.71,14.17,0.0181,0,7,0,0,0,0,0,1,0,0,0
12818,3102,1,35,20,1,172,18.209999999999997,15.679999999999998,0,0,5,0,0,0,0,1,0,0,0,0
12905,2874,1,40,25,593,323,31.41,21.150000000000002,0,0,6,0,0,0,0,0,0,0,0,1
12936,11750,1,40,23,17,309,28.13,20.17,0.6003000000000001,0,3,0,1,0,0,0,0,0,0,0
12940,8182,1,32,10,15,341,23.979999999999997,17.549999999999997,0,0,1,0,0,1,0,0,0,0,0,0
12947,8463,1,20,12,14,108,7.430000000000001,5.07,2.5443,0,6,0,0,0,0,0,0,0,0,1
12948,1909,1,53,3,90,216,21.529999999999998,14.759999999999998,0.4221,0,9,1,0,0,0,0,0,0,0,0
12952,10119,1,58,14,59,206,13.52,9.02,0,0,8,0,0,0,1,0,0,0,0,0
12966,220,1,50,7,186,288,23.98,14.779999999999994,0,1,8,0,0,0,1,0,0,0,0,0
12993,9481,1,45,24,495,396,34.04,23.12,0,0,4,0,0,0,0,0,0,0,1,0
13000,10226,1,40,14,51,286,21.299999999999997,14.869999999999997,1.5246000000000002,0,6,0,0,0,0,0,0,0,0,1
13020,8459,1,18,22,4,94,9.190000000000001,8.399999999999999,0,0,8,0,0,0,1,0,0,0,0,0
13026,2399,1,28,9,77,170,17.42,13.1,0,0,8,0,0,0,1,0,0,0,0,0
13096,7404,1,23,29,24,35,3.2600000000000002,2.2399999999999998,0.2295,0,7,0,0,0,0,0,1,0,0,0
13107,1733,1,45,14,33,112,11.53,8.26,2.6226,0,6,0,0,0,0,0,0,0,0,1
13191,9683,1,48,10,55,296,20.729999999999993,11.279999999999998,2.3112,0,6,0,0,0,0,0,0,0,0,1
13208,9267,1,30,29,11,238,16.79,11.52,0,0,5,0,0,0,0,1,0,0,0,0
13215,4606,1,21,10,8,208,16.88,12.479999999999999,0.3753,0,8,0,0,0,1,0,0,0,0,0
13241,874,1,45,22,4443,318,30.429999999999996,20.330000000000002,4.701,0,3,0,1,0,0,0,0,0,0,0
13250,10862,1,60,6,6,264,28.08,18.770000000000003,0,0,3,0,1,0,0,0,0,0,0,0
13298,1605,1,49,14,152,523,33.120000000000005,21.02,2.5713,0,6,0,0,0,0,0,0,0,0,1
13310,7926,1,40,12,88,254,22.48,15.849999999999998,0,0,2,0,0,0,0,0,0,1,0,0
13331,6269,1,35,4,6,199,15.79,11.169999999999998,0,0,3,0,1,0,0,0,0,0,0,0
13355,10397,1,62,10,22,88,10.420000000000003,7.509999999999998,0,0,8,0,0,0,1,0,0,0,0,0
13383,11615,1,55,22,12,108,14,8.88,0,0,6,0,0,0,0,0,0,0,0,1
13423,7695,1,24,10,144,235,14,8.239999999999998,0,0,4,0,0,0,0,0,0,0,1,0
13426,3426,1,52,19,159,308,25.96,18.890000000000004,0,0,3,0,1,0,0,0,0,0,0,0
13437,1004,1,18,29,164,174,15.3,10.459999999999999,0.5760000000000001,0,7,0,0,0,0,0,1,0,0,0
13479,8352,1,38,27,70,210,21.33,13.73,0,0,7,0,0,0,0,0,1,0,0,0
13482,9031,1,45,26,138,108,8.27,6.7799999999999985,0.7155,0,4,0,0,0,0,0,0,0,1,0
13488,4606,1,55,10,8,138,12.699999999999998,8.509999999999998,0.3753,0,8,0,0,0,1,0,0,0,0,0
13500,7518,1,35,22,54,294,28.680000000000003,19.74,2.2437,0,6,0,0,0,0,0,0,0,0,1
13514,1480,1,63,3,21,122,40.42000000000001,7.76,0.45,0,7,0,0,0,0,0,1,0,0,0
13539,3723,1,45,28,1,98,13.78,9.48,0,0,1,0,0,1,0,0,0,0,0,0
13570,10667,1,54,23,2,203,25.58,19.72,1.8,0,6,0,0,0,0,0,0,0,0,1
13595,7211,1,25,25,26,357,33.25,24.090000000000003,0.4203,0,3,0,1,0,0,0,0,0,0,0
13621,4976,1,19,27,14,355,31.5,20.7,0,0,2,0,0,0,0,0,0,1,0,0
13677,11878,1,18,15,90,205,17.04,13.419999999999998,0.6147,0,9,1,0,0,0,0,0,0,0,0
13678,8241,1,20,22,310,163,11.45,8.19,0.2691,0,4,0,0,0,0,0,0,0,1,0
13742,3340,1,31,9,120,152,13.16,8.04,0.4203,0,9,1,0,0,0,0,0,0,0,0
13789,11369,1,50,24,85,149,14.149999999999999,9.809999999999997,0.4221,0,4,0,0,0,0,0,0,0,1,0
13809,5228,1,21,13,5,167,17.300000000000004,12.71,0,0,9,1,0,0,0,0,0,0,0,0
13811,8261,1,50,22,126,232,18.78,13.000000000000002,4.5,0,6,0,0,0,0,0,0,0,0,1
13816,4022,1,19,26,58,249,21.699999999999996,16.02,0.4203,0,2,0,0,0,0,0,0,1,0,0
13863,774,1,65,6,293,298,15.599999999999998,8.96,0.6426000000000001,0,1,0,0,1,0,0,0,0,0,0
13904,9721,1,62,27,7,188,24.24,17.96,0.2718,0,7,0,0,0,0,0,1,0,0,0
13930,8755,1,30,8,30,106,10.6,8.029999999999998,0.4320000000000001,0,4,0,0,0,0,0,0,0,1,0
13951,6712,1,65,10,0,50,5.79,4.749999999999999,0.9,0,9,1,0,0,0,0,0,0,0,0
13952,8120,1,35,9,2,140,16.770000000000003,11.779999999999998,0.5670000000000001,0,9,1,0,0,0,0,0,0,0,0
14175,11292,1,25,25,51,243,23.480000000000004,16.739999999999995,0,0,3,0,1,0,0,0,0,0,0,0
14176,6289,1,62,12,53,264,16.84,11.509999999999998,0,0,8,0,0,0,1,0,0,0,0,0
14213,3540,1,37,29,63,188,18.06,12.13,0.2043,0,7,0,0,0,0,0,1,0,0,0
14323,8280,1,55,28,11,188,15.75,10.64,0,0,1,0,0,1,0,0,0,0,0,0
14329,4035,1,62,9,49,164,16.139999999999997,11.67,0.0197,0,8,0,0,0,1,0,0,0,0,0
14387,5857,1,22,27,29,201,52.82000000000001,17.770000000000003,0,0,7,0,0,0,0,0,1,0,0,0
14483,11478,1,72,21,8,115,9.16,7.05,0.7731,0,4,0,0,0,0,0,0,0,1,0
14491,8678,1,60,21,2,248,19.600000000000005,13.78,0,0,9,1,0,0,0,0,0,0,0,0
14574,10323,1,70,18,182,250,27.430000000000007,15.769999999999998,0.6246,0,8,0,0,0,1,0,0,0,0,0
14575,6311,1,29,23,10,203,19.56,13.530000000000001,0,0,2,0,0,0,0,0,0,1,0,0
14584,2952,1,19,23,606,199,35.15,17.279999999999998,0,0,7,0,0,0,0,0,1,0,0,0
14593,6852,1,18,2,295,158,13.36,8.72,0,0,4,0,0,0,0,0,0,0,1,0
14611,6920,1,65,10,20,103,11.840000000000002,7.76,1.4382,0,6,0,0,0,0,0,0,0,0,1
14683,6269,1,18,4,5,180,13.090000000000002,9.299999999999999,0,0,3,0,1,0,0,0,0,0,0,0
14692,1736,1,26,21,3,124,12.02,9.229999999999999,0,0,3,0,1,0,0,0,0,0,0,0
14736,9311,1,55,25,53,152,19.300000000000004,13.479999999999999,4.6080000000000005,0,7,0,0,0,0,0,1,0,0,0
14740,2287,1,45,13,15,105,10.870000000000001,7.94,0,0,2,0,0,0,0,0,0,1,0,0
14769,10145,1,40,20,9,168,10.76,7.33,0,0,5,0,0,0,0,1,0,0,0,0
14781,10575,1,50,3,24,244,13.979999999999997,10.249999999999998,0.33840000000000003,0,9,1,0,0,0,0,0,0,0,0
14792,1733,1,18,14,33,174,18.92,13.719999999999999,3.6576,0,6,0,0,0,0,0,0,0,0,1
14827,2396,1,60,31,5,225,58.45,21.900000000000002,0,0,7,0,0,0,0,0,1,0,0,0
14870,5961,1,30,1,201,268,17.779999999999998,12.34,0.2574,1,1,0,0,1,0,0,0,0,0,0
14972,10630,1,21,21,51,456,21.04,13.55,0,0,3,0,1,0,0,0,0,0,0,0
14975,7574,1,24,21,4,156,15.540000000000001,10.66,0,0,6,0,0,0,0,0,0,0,0,1
14989,5898,1,40,2,115,200,19.209999999999997,12.59,0.5085000000000001,0,7,0,0,0,0,0,1,0,0,0
15044,4717,1,20,30,13,289,29.38,20.81,0,0,5,0,0,0,0,1,0,0,0,0
15045,10307,1,23,16,146,291,16.369999999999997,12.79,0.7128,0,1,0,0,1,0,0,0,0,0,0
15083,2014,1,95,23,15,158,12.129999999999999,8.87,0,0,6,0,0,0,0,0,0,0,0,1
15096,1292,1,18,8,811,445,33.78,22.110000000000003,0,0,1,0,0,1,0,0,0,0,0,0
15167,7096,1,30,23,38,95,10.34,6.9799999999999995,0,0,6,0,0,0,0,0,0,0,0,1
15255,9054,1,68,24,15,175,9.339999999999998,6.31,0.45,0,5,0,0,0,0,1,0,0,0,0
15282,2703,1,85,16,19,282,20.029999999999994,14.189999999999998,0.5868000000000001,0,9,1,0,0,0,0,0,0,0,0
15304,98,1,45,3,23,120,40.01,9.8,1.4301,0,1,0,0,1,0,0,0,0,0,0
15333,10301,1,25,30,34,318,11.75,7.4,0,0,4,0,0,0,0,0,0,0,1,0
15343,4509,1,25,18,10,103,7.47,5.83,0,0,5,0,0,0,0,1,0,0,0,0
15379,768,1,20,19,33,325,22.84,16.569999999999997,0.5625,0,1,0,0,1,0,0,0,0,0,0
15406,7037,1,75,6,31,106,9.479999999999999,6.559999999999998,0.6534,0,4,0,0,0,0,0,0,0,1,0
15438,2854,1,40,1,28,169,13.499999999999998,9.170000000000002,0.3024,1,3,0,1,0,0,0,0,0,0,0
15450,4081,1,38,9,10,123,10.85,7.489999999999999,0,0,8,0,0,0,1,0,0,0,0,0
15458,2429,1,36,25,94,223,9.5,6.579999999999998,1.4545,0,6,0,0,0,0,0,0,0,0,1
15528,11739,1,50,24,13,317,27.349999999999998,18.4,0,0,9,1,0,0,0,0,0,0,0,0
15589,7661,1,58,27,7,169,36.53,11.89,0.9162,0,6,0,0,0,0,0,0,0,0,1
15591,7518,1,60,22,55,286,25.720000000000002,16.11,7.5087,0,6,0,0,0,0,0,0,0,0,1
15666,9600,1,60,6,61,139,14.89,10.64,2.7423,0,3,0,1,0,0,0,0,0,0,0
15678,853,1,65,29,28,226,31.069999999999997,20.34,4.375,0,7,0,0,0,0,0,1,0,0,0
15700,1339,1,45,27,37,358,28.390000000000004,20.01,0,0,3,0,1,0,0,0,0,0,0,0
15701,8300,1,45,28,2,85,24.94,7.58,0,0,6,0,0,0,0,0,0,0,0,1
15712,2336,1,20,19,11,127,12.870000000000003,9.309999999999999,0,0,3,0,1,0,0,0,0,0,0,0
15715,6521,1,22,4,9,179,9.459999999999999,6.019999999999998,0,0,3,0,1,0,0,0,0,0,0,0
15732,5350,1,50,20,48,168,14.989999999999998,11.01,3.285,0,6,0,0,0,0,0,0,0,0,1
15768,9993,1,65,24,97,192,11.809999999999999,8.37,0.738,0,4,0,0,0,0,0,0,0,1,0
15800,8616,1,35,8,114,246,18.5,12.979999999999999,0.6668999999999999,0,9,1,0,0,0,0,0,0,0,0
15835,5295,1,21,10,42,244,19.96,14.429999999999998,0.5625,0,8,0,0,0,1,0,0,0,0,0
15872,1147,1,21,27,22,154,11.390000000000002,7,0,0,1,0,0,1,0,0,0,0,0,0
15898,8702,1,68,29,26,286,34.239999999999995,10.49,2.3562,0,6,0,0,0,0,0,0,0,0,1
15899,9074,1,26,20,8,148,9.72,6.69,0,0,5,0,0,0,0,1,0,0,0,0
15927,2409,1,35,10,35,260,34.84,15.17,0,0,2,0,0,0,0,0,0,1,0,0
16018,3329,1,18,1,5,69,4.6,3.55,0.09270000000000002,1,1,0,0,1,0,0,0,0,0,0
16020,4540,1,62,20,6,118,8,5.55,0.9,0,5,0,0,0,0,1,0,0,0,0
16152,10615,1,65,2,8,231,18.99,13.700000000000001,0.315,0,4,0,0,0,0,0,0,0,1,0
16159,9380,1,50,29,22,138,14.55,10.359999999999998,0.2169,0,7,0,0,0,0,0,1,0,0,0
16168,1616,1,37,13,48,279,29.78,20.560000000000002,0.1494,0,2,0,0,0,0,0,0,1,0,0
16181,4194,1,20,19,3,206,18.919999999999998,13.3,0.675,0,9,1,0,0,0,0,0,0,0,0
16187,5962,1,50,22,243,210,17.770000000000003,10.349999999999996,0.2673,0,8,0,0,0,1,0,0,0,0,0
16209,4832,1,20,18,76,187,14.349999999999998,9.489999999999998,3.1707,0,8,0,0,0,1,0,0,0,0,0
16311,51,1,25,26,597,170,17.889999999999997,14.66,8.812199999999999,0,4,0,0,0,0,0,0,0,1,0
16361,657,1,60,7,41,88,10.699999999999998,6.6,0,1,7,0,0,0,0,0,1,0,0,0
16399,3101,1,18,27,156,304,34.88,22.909999999999997,0.2502,0,7,0,0,0,0,0,1,0,0,0
16401,1587,1,22,26,24,210,27.310000000000002,19.15,0,0,4,0,0,0,0,0,0,0,1,0
16462,4635,1,45,27,102,241,24.01,16.32,0,0,7,0,0,0,0,0,1,0,0,0
16552,10999,1,24,7,56,157,18.14,12.52,1.08,1,5,0,0,0,0,1,0,0,0,0
16591,830,1,60,8,22,102,6.8,4.15,0,0,8,0,0,0,1,0,0,0,0,0
16597,8414,1,26,25,58,281,36.910000000000004,26.680000000000003,5.682,0,7,0,0,0,0,0,1,0,0,0
16599,453,1,32,21,57,190,12.11,10.04,0,0,3,0,1,0,0,0,0,0,0,0
16789,10427,1,35,14,1109,812,15.48,11.03,0,0,9,1,0,0,0,0,0,0,0,0
16842,3329,1,25,1,5,77,5.720000000000001,4.349999999999999,0.09270000000000002,1,1,0,0,1,0,0,0,0,0,0
16914,7223,1,38,18,915,188,27.349999999999998,11.1,0,0,9,1,0,0,0,0,0,0,0,0
16915,9157,1,38,5,3,126,11.659999999999998,9.019999999999998,0,0,9,1,0,0,0,0,0,0,0,0
16960,2773,1,24,27,3,122,13.739999999999998,10.71,0,0,3,0,1,0,0,0,0,0,0,0
16962,5228,1,65,13,5,151,13.69,9.7,0,0,9,1,0,0,0,0,0,0,0,0
17034,5624,1,35,7,54,149,12.359999999999996,8.159999999999998,3.15,1,7,0,0,0,0,0,1,0,0,0
17108,3406,1,35,17,118,319,27.57,19.27,0.3942,0,1,0,0,1,0,0,0,0,0,0
17163,9894,1,70,18,186,208,16.5,9.809999999999997,0.34019999999999995,0,8,0,0,0,1,0,0,0,0,0
17208,5333,1,30,25,17,243,33.39,22.54,0,0,7,0,0,0,0,0,1,0,0,0
17230,8816,1,60,14,8,257,25.849999999999998,18.429999999999996,1.9602,0,2,0,0,0,0,0,0,1,0,0
17240,9504,1,63,19,17,255,27.490000000000002,18.31,0,0,6,0,0,0,0,0,0,0,0,1
17267,11549,1,65,18,18,154,14.249999999999998,9.34,0,0,5,0,0,0,0,1,0,0,0,0
17275,2028,1,55,21,96,222,21.94,13.11,0.873,0,7,0,0,0,0,0,1,0,0,0
17319,3690,1,32,4,114,389,19.18,2.01,0.5697,0,5,0,0,0,0,1,0,0,0,0
17363,5573,1,18,24,1384,370,37.1,22.140000000000004,0,0,5,0,0,0,0,1,0,0,0,0
17405,5996,1,18,22,2,86,9.379999999999999,7.389999999999999,0.20970000000000005,0,4,0,0,0,0,0,0,0,1,0
17453,4084,1,30,4,31,88,8.58,4.9799999999999995,2.1096,0,3,0,1,0,0,0,0,0,0,0
17474,4543,1,36,7,8,203,17.27,16.959999999999997,0,1,9,1,0,0,0,0,0,0,0,0
17503,1784,1,22,15,30,127,13.47,8.879999999999999,0,0,2,0,0,0,0,0,0,1,0,0
17536,8747,1,30,15,6,143,13.530000000000001,9.62,0,0,8,0,0,0,1,0,0,0,0,0
17555,5615,1,27,13,29,112,13.909999999999998,8.939999999999998,10.54,0,8,0,0,0,1,0,0,0,0,0
17576,389,1,18,4,48,120,7.92,6.01,0.9,0,4,0,0,0,0,0,0,0,1,0
17585,6303,1,18,12,3,185,17.139999999999997,12.37,0,0,2,0,0,0,0,0,0,1,0,0
17612,2898,1,20,24,50,171,13.01,8.23,0.625,0,2,0,0,0,0,0,0,1,0,0
17674,8854,1,60,14,167,342,28.04999999999999,19.19,3.1319999999999997,0,8,0,0,0,1,0,0,0,0,0
17694,9883,1,28,14,831,390,20.03,13.41,0.2817,0,9,1,0,0,0,0,0,0,0,0
17736,5357,1,43,31,89,244,20.43,12.879999999999999,0.1791,0,7,0,0,0,0,0,1,0,0,0
17752,2170,1,36,29,5,191,18.74,13.74,3.3156,0,6,0,0,0,0,0,0,0,0,1
17772,5344,1,20,6,12,311,28.03,20.63,3.15,0,8,0,0,0,1,0,0,0,0,0
17793,8951,1,18,8,11,131,8.52,6.079999999999999,2.2698,0,8,0,0,0,1,0,0,0,0,0
17841,7364,1,25,20,58,224,20.07,13.479999999999997,0,0,6,0,0,0,0,0,0,0,0,1
17880,115,1,75,4,5,147,12.81,8.799999999999999,0.4068000000000001,0,3,0,1,0,0,0,0,0,0,0
17972,5295,1,60,10,22,139,11.519999999999996,8.309999999999999,0.5625,0,8,0,0,0,1,0,0,0,0,0
17980,2734,1,21,3,0,61,7.54,5.579999999999998,0.14490000000000003,0,1,0,0,1,0,0,0,0,0,0
17996,7155,1,30,14,40,173,14.31,10.27,0.36,0,9,1,0,0,0,0,0,0,0,0
18237,10309,1,60,23,729,143,28.800000000000004,10.559999999999999,0,0,7,0,0,0,0,0,1,0,0,0
18254,194,1,32,15,306,228,13.83,10.13,0,0,9,1,0,0,0,0,0,0,0,0
18259,2288,1,32,15,12,268,26.03,19.2,0,0,1,0,0,1,0,0,0,0,0,0
18268,5380,1,21,6,104,269,20.050000000000004,15.029999999999998,1.225,0,8,0,0,0,1,0,0,0,0,0
18277,4349,1,40,9,36,135,10.129999999999997,7.359999999999999,0,0,9,1,0,0,0,0,0,0,0,0
18284,5491,1,65,11,7,199,19.12,13.63,0.7497,0,3,0,1,0,0,0,0,0,0,0
18300,8671,1,55,22,111,159,12.57,7.419999999999999,0.234,0,5,0,0,0,0,1,0,0,0,0
18305,401,1,36,20,38,254,26.779999999999998,18.390000000000004,1.1754,0,8,0,0,0,1,0,0,0,0,0
18324,2749,1,20,27,2,179,18.12,12.44,1.26,0,3,0,1,0,0,0,0,0,0,0
18345,9390,1,32,10,34,121,11.78,7.639999999999999,0.6204,0,1,0,0,1,0,0,0,0,0,0
18368,10241,1,40,30,379,253,24.84,16.040000000000003,0,0,4,0,0,0,0,0,0,0,1,0
18391,1864,1,40,6,12,238,26.190000000000005,18.33,0.441,0,3,0,1,0,0,0,0,0,0,0
18393,11694,1,35,14,20,282,25.630000000000003,17.58,0,0,6,0,0,0,0,0,0,0,0,1
18400,8753,1,54,16,53,349,31.46,22.45,0,0,8,0,0,0,1,0,0,0,0,0
18408,9016,1,65,15,8,128,13.07,8.92,0,0,2,0,0,0,0,0,0,1,0,0
18423,7791,1,60,20,29,289,18.560000000000002,11.9,0,0,5,0,0,0,0,1,0,0,0,0
18428,333,1,20,9,6,155,11.499999999999998,7.22,0,0,2,0,0,0,0,0,0,1,0,0
18492,9365,1,75,22,135,254,28.77,19.83,2.565,0,7,0,0,0,0,0,1,0,0,0
18493,7243,1,22,26,19,312,33.08000000000001,22.06,1.4688,0,4,0,0,0,0,0,0,0,1,0
18495,527,1,69,11,10,103,8.120000000000001,5.919999999999999,0.3753,0,3,0,1,0,0,0,0,0,0,0
18509,6625,1,60,8,14,82,8.670000000000002,5.039999999999999,0.2817,0,4,0,0,0,0,0,0,0,1,0
18558,7644,1,23,28,32,156,14.629999999999999,11.469999999999999,0.3564,0,4,0,0,0,0,0,0,0,1,0
18565,11125,1,18,29,70,185,24.92,16.02,5.0525,0,7,0,0,0,0,0,1,0,0,0
18570,10917,1,45,23,1,73,7.72,6.179999999999999,1.8,0,1,0,0,1,0,0,0,0,0,0
18686,10236,1,44,27,330,261,15.86,9.42,0.29069999999999996,0,1,0,0,1,0,0,0,0,0,0
18696,7957,1,35,27,22,200,22.08,15.249999999999998,0.5562,0,7,0,0,0,0,0,1,0,0,0
18701,2591,1,45,21,1,144,16.8,13.68,0,0,9,1,0,0,0,0,0,0,0,0
18703,9220,1,29,18,43,192,13.590000000000002,9.06,0,0,5,0,0,0,0,1,0,0,0,0
18760,7073,1,38,18,19,216,21.79,14.929999999999998,0.873,0,6,0,0,0,0,0,0,0,0,1
18911,10715,1,36,20,23,93,6.93,3.41,0.46590000000000004,0,8,0,0,0,1,0,0,0,0,0
19003,7797,1,25,23,19,272,30.49,21.409999999999997,0.675,0,9,1,0,0,0,0,0,0,0,0
19022,2949,1,62,24,196,197,11.219999999999999,6.989999999999998,0,0,9,1,0,0,0,0,0,0,0,0
19042,333,1,24,9,35,261,23.840000000000007,15.379999999999999,0,0,2,0,0,0,0,0,0,1,0,0
19073,4619,1,27,4,13,180,12.09,8.93,0,0,4,0,0,0,0,0,0,0,1,0
19088,9442,1,40,9,13,2523,18.05,9.219999999999999,5.831,0,9,1,0,0,0,0,0,0,0,0
19160,9394,1,40,24,28,240,18.57,12.639999999999999,0.45,0,3,0,1,0,0,0,0,0,0,0
19217,7127,1,70,7,10,66,3,3.2099999999999995,0,1,9,1,0,0,0,0,0,0,0,0
19335,9607,1,35,5,130,208,20.31,13.18,0,0,8,0,0,0,1,0,0,0,0,0
19340,11125,1,46,29,76,224,30.099999999999998,19.610000000000007,5.0525,0,7,0,0,0,0,0,1,0,0,0
19353,7681,1,18,25,104,235,20.720000000000002,13.54,0,0,6,0,0,0,0,0,0,0,0,1
19362,10370,1,29,19,159,197,22.269999999999996,14.379999999999999,0,0,3,0,1,0,0,0,0,0,0,0
19375,10140,1,25,18,25,135,11.59,7.68,0,0,6,0,0,0,0,0,0,0,0,1
19376,6699,1,40,4,22,191,17.38,12.919999999999996,0.5390999999999999,0,3,0,1,0,0,0,0,0,0,0
19385,11168,1,40,16,25,134,11.990000000000002,9.629999999999999,0,0,8,0,0,0,1,0,0,0,0,0
19423,11887,1,22,5,66,122,40.800000000000004,10.020000000000001,0.5625,0,7,0,0,0,0,0,1,0,0,0
19462,9293,1,40,18,58,292,36.41,22.61,1.8,0,6,0,0,0,0,0,0,0,0,1
19483,6980,1,50,21,3,285,28.2,19.939999999999998,0,0,9,1,0,0,0,0,0,0,0,0
19500,6927,1,27,6,44,206,14.429999999999998,9.17,0,0,8,0,0,0,1,0,0,0,0,0
19522,1095,1,35,9,6,246,90.71,18.270000000000007,0,0,7,0,0,0,0,0,1,0,0,0
19528,2646,1,22,23,15,233,26.13,20.369999999999997,0,0,4,0,0,0,0,0,0,0,1,0
19658,3714,1,45,30,63,150,11.479999999999999,7.539999999999999,0,0,1,0,0,1,0,0,0,0,0,0
19673,3793,1,30,6,131,375,13.5,10.04,0,0,3,0,1,0,0,0,0,0,0,0
19726,9249,1,45,10,27,324,25.720000000000002,16.360000000000003,0.0756,0,2,0,0,0,0,0,0,1,0,0
19743,1877,1,60,20,402,628,26.740000000000002,15.290000000000001,0.15,0,3,0,1,0,0,0,0,0,0,0
19744,2080,1,38,8,223,300,16.630000000000003,10.95,5.265000000000001,0,8,0,0,0,1,0,0,0,0,0
19755,2239,1,32,21,47,245,22.529999999999998,16.07,0.1944,0,9,1,0,0,0,0,0,0,0,0
19788,7352,1,26,27,20,58,5.63,3.83,0,0,6,0,0,0,0,0,0,0,0,1
19846,5952,1,39,22,44,254,20.799999999999997,16.36,0,0,8,0,0,0,1,0,0,0,0,0
19875,1028,1,60,6,15,117,6.91,4.949999999999999,0,0,1,0,0,1,0,0,0,0,0,0
19903,3584,1,50,18,22,110,10.67,6.719999999999999,2.1566000000000005,0,6,0,0,0,0,0,0,0,0,1
19948,154,1,36,18,9,175,15.829999999999998,11.98,0.1836,0,5,0,0,0,0,1,0,0,0,0
19953,4660,1,35,13,10,171,13.439999999999998,9.37,0,0,2,0,0,0,0,0,0,1,0,0
19990,305,1,32,30,698,310,14.920000000000002,8.139999999999999,0.9054,0,4,0,0,0,0,0,0,0,1,0
19992,10754,1,50,6,15,246,19.78,15.8,0,0,5,0,0,0,0,1,0,0,0,0
19996,7848,1,57,14,29,203,22.16,14.799999999999999,0,0,9,1,0,0,0,0,0,0,0,0
20009,4507,1,70,7,166,177,17.14,11.29,0,1,8,0,0,0,1,0,0,0,0,0
20069,6520,1,40,8,79,216,16.439999999999998,11.789999999999997,0.6003000000000001,0,3,0,1,0,0,0,0,0,0,0
20081,2271,1,45,20,1039,117,11.690000000000001,9.520000000000001,1.092,0,5,0,0,0,0,1,0,0,0,0
20099,5401,1,48,31,40,304,39.43,27.730000000000004,1.2816,0,7,0,0,0,0,0,1,0,0,0
20144,2923,1,18,2,394,138,13.569999999999999,9.02,0.054,0,4,0,0,0,0,0,0,0,1,0
20211,3882,1,25,20,22,184,15.289999999999997,11.69,2.214,0,9,1,0,0,0,0,0,0,0,0
20308,10425,1,50,5,8,116,10.940000000000001,8.32,0,0,9,1,0,0,0,0,0,0,0,0
20458,3707,1,32,10,8,102,11.569999999999999,7.930000000000001,0,0,8,0,0,0,1,0,0,0,0,0
20461,10910,1,56,8,7,135,9.42,7.18,0,0,1,0,0,1,0,0,0,0,0,0
20467,1646,1,72,8,32,185,18.799999999999997,9.06,0,0,8,0,0,0,1,0,0,0,0,0
20485,6303,1,20,12,3,196,18.640000000000004,13.43,0,0,2,0,0,0,0,0,0,1,0,0
20522,10606,1,70,5,26,233,23.12,15.73,2.4930000000000003,0,5,0,0,0,0,1,0,0,0,0
20612,11527,1,25,21,5,50,2.7199999999999998,3.1599999999999997,0.6849,0,3,0,1,0,0,0,0,0,0,0
20646,11038,1,23,2,304,336,21.550000000000004,15.049999999999999,0.7497,0,4,0,0,0,0,0,0,0,1,0
20662,10830,1,45,15,10,278,20.819999999999997,12.899999999999999,0,0,1,0,0,1,0,0,0,0,0,0
20672,1745,1,47,19,21,127,11.95,6.749999999999999,0.423,0,3,0,1,0,0,0,0,0,0,0
20674,2178,1,42,10,78,139,9.340000000000002,6.079999999999999,1.3753,0,1,0,0,1,0,0,0,0,0,0
20694,3410,1,50,4,47,221,20,14.869999999999997,0,0,4,0,0,0,0,0,0,0,1,0
20750,5470,1,63,14,62,96,8.890000000000002,6.79,2.115,0,6,0,0,0,0,0,0,0,0,1
20818,6578,1,20,29,12,106,31.769999999999996,9.97,0.0181,0,7,0,0,0,0,0,1,0,0,0
20876,2220,1,66,3,37,467,30.59,20.5,0.63,0,7,0,0,0,0,0,1,0,0,0
20899,8792,1,42,25,15,222,24.63,17.98,0.2664,0,7,0,0,0,0,0,1,0,0,0
20926,8144,1,38,1,42,125,8.599999999999998,6.349999999999999,0.5688,1,3,0,1,0,0,0,0,0,0,0
20939,6279,1,78,20,27,151,18.749999999999996,11.209999999999999,1.44768,0,5,0,0,0,0,1,0,0,0,0
20950,5456,1,27,2,16,69,10.93,5.85,5.13,0,4,0,0,0,0,0,0,0,1,0
20963,163,1,28,7,4,156,13.629999999999997,11.19,0,1,9,1,0,0,0,0,0,0,0,0
21036,3714,1,18,30,43,171,16.54,12.139999999999999,0,0,1,0,0,1,0,0,0,0,0,0
21091,6194,1,40,26,15,221,19.470000000000002,13.54,0,0,2,0,0,0,0,0,0,1,0,0
21177,59,1,48,10,52,261,9.75,6.75,0.45530000000000004,0,1,0,0,1,0,0,0,0,0,0
21182,2775,1,52,16,5,101,10.110000000000001,6.9799999999999995,0,0,5,0,0,0,0,1,0,0,0,0
21219,5501,1,60,18,395,389,25.169999999999998,15.539999999999996,0.387,0,8,0,0,0,1,0,0,0,0,0
21233,4754,1,32,6,99,208,8.93,6.02,1.0152,0,4,0,0,0,0,0,0,0,1,0
21274,4202,1,28,24,416,203,16.830000000000002,9.51,0.2817,0,4,0,0,0,0,0,0,0,1,0
21311,2717,1,75,10,21,267,16.249999999999996,12.19,0.9,0,9,1,0,0,0,0,0,0,0,0
21358,5302,1,75,16,3,128,11.52,7.26,0,0,5,0,0,0,0,1,0,0,0,0
21364,8891,1,23,25,17,110,8.45,6.25,0,0,6,0,0,0,0,0,0,0,0,1
21366,3237,1,32,22,9,317,32.1,23.819999999999997,1.8,0,2,0,0,0,0,0,0,1,0,0
21376,10370,1,38,19,159,254,29.39,19.240000000000002,0,0,3,0,1,0,0,0,0,0,0,0
21399,1142,1,18,3,2,104,38.87,8.91,0,0,8,0,0,0,1,0,0,0,0,0
21436,8306,1,68,22,4,100,7.8500000000000005,5.8100000000000005,0.5607,0,2,0,0,0,0,0,0,1,0,0
21557,5753,1,22,5,26,232,19.83,12.78,0.7497,0,7,0,0,0,0,0,1,0,0,0
21564,8630,1,50,22,63,149,18.34,12.42,0.1368,0,4,0,0,0,0,0,0,0,1,0
21601,11400,1,29,10,34,226,17.64,12.240000000000002,0.8350000000000001,0,1,0,0,1,0,0,0,0,0,0
21602,854,1,35,23,39,201,20.55,14.479999999999999,0.1503,0,4,0,0,0,0,0,0,0,1,0
21631,9883,1,60,14,861,384,19.169999999999998,11.81,0.2817,0,9,1,0,0,0,0,0,0,0,0
21672,11701,1,24,22,23,142,12.569999999999999,8.98,0,0,5,0,0,0,0,1,0,0,0,0
21706,726,1,31,6,49,108,16.18,10.799999999999999,6.237000000000001,0,4,0,0,0,0,0,0,0,1,0
21732,6858,1,32,22,37,275,32.19,23.350000000000005,2.25,0,6,0,0,0,0,0,0,0,0,1
21741,4422,1,18,24,4,106,15.430000000000001,6.869999999999999,2.6466000000000003,0,2,0,0,0,0,0,0,1,0,0
21754,1474,1,50,5,55,212,22.749999999999996,14.809999999999999,0.6075,0,8,0,0,0,1,0,0,0,0,0
21802,8147,1,28,8,2549,314,27.119999999999997,9.899999999999999,0.315,0,4,0,0,0,0,0,0,0,1,0
21912,428,1,40,26,26,190,16.720000000000002,11.089999999999998,0.45,0,2,0,0,0,0,0,0,1,0,0
21927,3931,1,62,27,7,179,16.39,12.65,0,0,3,0,1,0,0,0,0,0,0,0
21953,4739,1,30,6,35,327,36.599999999999994,26.35,0.5121,0,5,0,0,0,0,1,0,0,0,0
22009,3232,1,47,9,11,179,16.97,11.759999999999998,0.7974,0,8,0,0,0,1,0,0,0,0,0
22052,10606,1,32,5,23,157,14.709999999999999,12.420000000000002,2.178,0,5,0,0,0,0,1,0,0,0,0
22127,4726,1,20,22,5,146,11.299999999999999,8.589999999999998,2.115,0,2,0,0,0,0,0,0,1,0,0
22318,11775,1,75,27,892,70,42.69,4.620000000000001,0,0,3,0,1,0,0,0,0,0,0,0
22320,6303,1,26,12,3,197,18.65,13.44,0,0,2,0,0,0,0,0,0,1,0,0
22427,6102,1,47,21,79,176,20.79,15.280000000000001,0.3528,0,4,0,0,0,0,0,0,0,1,0
22433,4018,1,40,22,8,234,22.08,15.739999999999998,0,0,2,0,0,0,0,0,0,1,0,0
22443,5573,1,60,24,590,198,21.42,11.419999999999996,0,0,5,0,0,0,0,1,0,0,0,0
22581,1419,1,24,19,41,364,24.229999999999997,17.55,0.45,0,1,0,0,1,0,0,0,0,0,0
22629,11247,1,31,25,20,306,30.41,19.629999999999995,0.441,0,7,0,0,0,0,0,1,0,0,0
22652,7026,1,26,25,376,235,16.74,10.36,0.9764999999999999,0,4,0,0,0,0,0,0,0,1,0
22690,7843,1,38,9,29,115,35.75999999999999,7.65,0.32130000000000003,0,7,0,0,0,0,0,1,0,0,0
22768,9214,1,38,14,1,146,12.57,9.309999999999997,0,0,9,1,0,0,0,0,0,0,0,0
22773,2568,1,65,12,2,102,10.8,8.250000000000002,0.4338,0,8,0,0,0,1,0,0,0,0,0
22830,1844,1,30,7,8,133,15.299999999999999,10.239999999999998,0,1,7,0,0,0,0,0,1,0,0,0
22841,2392,1,70,20,5,181,15.799999999999999,11.29,0,0,5,0,0,0,0,1,0,0,0,0
22938,2287,1,60,13,6,52,5.7299999999999995,3.34,0,0,2,0,0,0,0,0,0,1,0,0
22944,10766,1,68,16,2,69,6.8100000000000005,3.9899999999999998,0,0,9,1,0,0,0,0,0,0,0,0
22975,8776,1,30,17,1911,181,75,9.629999999999999,0.3375,0,6,0,0,0,0,0,0,0,0,1
22995,10038,1,40,29,31,115,14.4,9.769999999999998,0.1368,0,7,0,0,0,0,0,1,0,0,0
23011,1480,1,20,3,39,171,38.879999999999995,10.739999999999997,0.45,0,7,0,0,0,0,0,1,0,0,0
23023,10374,1,80,28,30,105,12.15,8.11,0.28350000000000003,0,6,0,0,0,0,0,0,0,0,1
23028,11184,1,40,3,8,107,14.06,9.379999999999997,0,0,8,0,0,0,1,0,0,0,0,0
23174,4229,1,65,1,752,282,19.689999999999998,12.789999999999997,0,1,1,0,0,1,0,0,0,0,0,0
23175,1523,1,18,26,702,677,25.93,12.709999999999999,0.35730000000000006,0,4,0,0,0,0,0,0,0,1,0
23184,5320,1,22,7,53,340,27.169999999999998,18.389999999999997,0.63,1,7,0,0,0,0,0,1,0,0,0
23194,7720,1,42,18,367,464,30.689999999999994,18.440000000000005,1.0206,0,8,0,0,0,1,0,0,0,0,0
23215,3849,1,56,13,17,104,9.250000000000002,6.52,2.8647,0,8,0,0,0,1,0,0,0,0,0
23239,8621,1,40,12,92,227,23.990000000000002,13.850000000000001,0.4734,0,6,0,0,0,0,0,0,0,0,1
23262,10814,1,28,8,91,119,7.53,6.54,0.531,0,4,0,0,0,0,0,0,0,1,0
23273,6852,1,40,2,295,163,13.84,9.66,0,0,4,0,0,0,0,0,0,0,1,0
23300,3118,1,33,23,370,80,19.42,6.18,0,0,7,0,0,0,0,0,1,0,0,0
23314,1652,1,50,29,27,117,13.28,8.71,0.1863,0,7,0,0,0,0,0,1,0,0,0
23442,4529,1,38,30,40,97,9.99,8.179999999999998,0.1656,0,4,0,0,0,0,0,0,0,1,0
23505,527,1,40,11,10,103,8.12,5.920000000000001,0.3753,0,3,0,1,0,0,0,0,0,0,0
23532,6005,1,25,13,11,232,21.78,15.549999999999997,2.978,0,8,0,0,0,1,0,0,0,0,0
23546,711,1,53,6,3,116,8.31,8.68,0,0,3,0,1,0,0,0,0,0,0,0
23579,9283,1,65,12,16,370,32.949999999999996,24.230000000000004,0,0,2,0,0,0,0,0,0,1,0,0
23633,7154,1,55,1,42,176,20.739999999999995,14.569999999999999,0,1,1,0,0,1,0,0,0,0,0,0
23653,10178,1,25,16,222,180,13.98,9.539999999999997,2.8512,0,8,0,0,0,1,0,0,0,0,0
23678,4719,1,52,21,83,287,27.469999999999995,19.470000000000002,2.07,0,6,0,0,0,0,0,0,0,0,1
23683,9743,1,19,21,105,218,27.400000000000002,18.67,0.738,0,7,0,0,0,0,0,1,0,0,0
23687,3288,1,65,8,70,232,11.8,7.679999999999999,0.32130000000000003,0,8,0,0,0,1,0,0,0,0,0
23706,5645,1,65,22,95,141,15.960000000000003,10.520000000000001,0.22590000000000005,0,4,0,0,0,0,0,0,0,1,0
23713,4248,1,50,18,15,162,12.410000000000002,8.679999999999998,0,0,5,0,0,0,0,1,0,0,0,0
23723,2874,1,18,25,330,277,24.92,16.580000000000002,0,0,6,0,0,0,0,0,0,0,0,1
23744,3483,1,26,21,115,175,9.77,6.35,0.5246999999999999,0,8,0,0,0,1,0,0,0,0,0
23765,679,1,35,25,299,223,22.44,14.17,0.04879999999999999,0,7,0,0,0,0,0,1,0,0,0
23769,1104,1,21,26,7,168,10.61,6.479999999999998,1.9818000000000002,0,4,0,0,0,0,0,0,0,1,0
23817,9261,1,70,29,101,241,11.780000000000001,7.679999999999999,2.4075,0,7,0,0,0,0,0,1,0,0,0
23832,11615,1,53,22,9,178,24.639999999999997,16.52,0,0,6,0,0,0,0,0,0,0,0,1
23871,963,1,60,21,163,180,13.760000000000002,9.129999999999997,0.14700000000000002,0,9,1,0,0,0,0,0,0,0,0
23901,2053,1,80,18,56,130,10.299999999999999,7.42,0.6894,0,9,1,0,0,0,0,0,0,0,0
23962,6170,1,22,27,31,219,18.03,12.129999999999999,0,0,6,0,0,0,0,0,0,0,0,1
23970,4152,1,45,14,8,119,11.73,7.93,0,0,2,0,0,0,0,0,0,1,0,0
24059,1754,1,65,7,8,123,10.940000000000001,7.77,0,1,9,1,0,0,0,0,0,0,0,0
24063,10953,1,40,28,13,143,10.049999999999999,7.409999999999999,0,0,1,0,0,1,0,0,0,0,0,0
24100,345,1,24,11,10,242,21.47,17.08,0,0,2,0,0,0,0,0,0,1,0,0
24105,2218,1,20,8,652,672,13.540000000000001,9.419999999999998,0.9,0,9,1,0,0,0,0,0,0,0,0
24123,7461,1,20,14,285,240,19.07,13.2,2.115,0,8,0,0,0,1,0,0,0,0,0
24143,7469,1,20,27,0,117,11.29,8.09,0,0,3,0,1,0,0,0,0,0,0,0
24155,874,1,22,22,5996,534,52.120000000000005,35.720000000000006,6.339000000000001,0,3,0,1,0,0,0,0,0,0,0
24184,1978,1,35,10,37,238,18.15,11.94,0,0,8,0,0,0,1,0,0,0,0,0
24267,4380,1,45,24,5,93,8.86,6.129999999999999,0,0,2,0,0,0,0,0,0,1,0,0
24309,5398,1,45,27,32,68,7.029999999999999,4.85,0,0,4,0,0,0,0,0,0,0,1,0
24334,8260,1,22,30,152,317,23.739999999999995,14.72,0,0,4,0,0,0,0,0,0,0,1,0
24472,2014,1,50,23,19,247,21.100000000000005,15.86,0,0,6,0,0,0,0,0,0,0,0,1
24516,6092,1,20,27,200,112,7.529999999999999,4.29,2.7171000000000003,0,7,0,0,0,0,0,1,0,0,0
24518,2734,1,24,3,0,66,7.69,5.52,0.14490000000000003,0,1,0,0,1,0,0,0,0,0,0
24532,1761,1,32,20,18,214,17.21,13.699999999999998,0.9,0,5,0,0,0,0,1,0,0,0,0
24581,5551,1,33,10,118,128,9.67,6.6499999999999995,0,0,9,1,0,0,0,0,0,0,0,0
24630,9716,1,35,25,23,256,25.86,19.49,0,0,6,0,0,0,0,0,0,0,0,1
24817,3099,1,55,13,93,192,14.999999999999995,9.709999999999997,1.7375,0,8,0,0,0,1,0,0,0,0,0
24834,11374,1,60,28,7,146,13.41,9.65,0,0,1,0,0,1,0,0,0,0,0,0
24923,11432,1,21,26,16,254,15.969999999999999,9.77,0,0,3,0,1,0,0,0,0,0,0,0
25011,7024,1,35,8,88,299,24.759999999999994,16.369999999999997,0.45,0,4,0,0,0,0,0,0,0,1,0
25016,299,1,80,22,379,260,15.809999999999999,10.11,0,0,8,0,0,0,1,0,0,0,0,0
25047,7638,1,35,11,7,108,8.28,6.109999999999999,0,0,2,0,0,0,0,0,0,1,0,0
25054,9708,1,28,27,12,126,14.500000000000002,9.629999999999999,0,0,7,0,0,0,0,0,1,0,0,0
25056,727,1,45,12,44,124,15.57,10.06,0,0,4,0,0,0,0,0,0,0,1,0
25071,2923,1,45,2,251,110,10.289999999999997,6.77,0.054,0,4,0,0,0,0,0,0,0,1,0
25073,144,1,52,21,27,222,22.17,15.65,0,0,9,1,0,0,0,0,0,0,0,0
25129,3494,1,23,14,85,224,26.499999999999996,15.87,0,0,6,0,0,0,0,0,0,0,0,1
25134,2883,1,42,8,306,205,5.47,3,0.6003000000000001,0,1,0,0,1,0,0,0,0,0,0
25229,9128,1,30,14,582,431,10.999999999999998,7.279999999999999,0.3708000000000001,0,9,1,0,0,0,0,0,0,0,0
25326,8450,1,18,10,4,119,7.359999999999999,7.819999999999999,0,0,2,0,0,0,0,0,0,1,0,0
25333,6060,1,60,22,100,278,20.249999999999996,13.839999999999998,1.7753,0,3,0,1,0,0,0,0,0,0,0
25416,7262,1,20,16,13,112,9.139999999999999,7.029999999999999,0,0,9,1,0,0,0,0,0,0,0,0
25439,235,1,34,8,82,295,21.629999999999995,13.760000000000003,1.7969,0,3,0,1,0,0,0,0,0,0,0
25454,4717,1,60,30,9,151,14.28,10.849999999999998,0,0,5,0,0,0,0,1,0,0,0,0
25505,959,1,28,6,713,76,6.1099999999999985,2.04,0.2691,0,4,0,0,0,0,0,0,0,1,0
25551,208,1,40,7,54,204,18.630000000000003,13.269999999999998,1.0044,1,9,1,0,0,0,0,0,0,0,0
25559,11885,1,52,14,96,186,17.549999999999997,9.979999999999999,0.14700000000000002,0,2,0,0,0,0,0,0,1,0,0
25579,1884,1,40,22,88,277,28.36,17.24,4.14,0,6,0,0,0,0,0,0,0,0,1
25594,11700,1,19,10,123,241,18.610000000000003,13.769999999999998,0,0,8,0,0,0,1,0,0,0,0,0
25623,9421,1,35,27,379,371,32.26,20.689999999999998,0,0,7,0,0,0,0,0,1,0,0,0
25638,483,1,42,23,567,565,18.990000000000002,12.129999999999999,0.4185,0,1,0,0,1,0,0,0,0,0,0
25682,9824,1,35,26,3,90,6.74,4.029999999999999,0.26280000000000003,0,4,0,0,0,0,0,0,0,1,0
25715,10571,1,18,18,62,297,36.730000000000004,25.71,0,0,6,0,0,0,0,0,0,0,0,1
25721,10273,1,25,9,37,132,64.05,13.629999999999999,0.45,0,7,0,0,0,0,0,1,0,0,0
25784,7002,1,37,10,786,686,23.17,16.1,0,0,9,1,0,0,0,0,0,0,0,0
25804,1882,1,26,28,17,174,17.88,13.1,0.1791,0,4,0,0,0,0,0,0,0,1,0
25809,3848,1,34,18,57,193,14.43,10.649999999999999,0.6003000000000001,0,1,0,0,1,0,0,0,0,0,0
25824,7073,1,80,18,6,172,18.949999999999996,13.819999999999999,1.395,0,6,0,0,0,0,0,0,0,0,1
25852,6125,1,52,8,19,363,38.11,26.270000000000007,1.53,0,5,0,0,0,0,1,0,0,0,0
25860,6278,1,24,3,40,96,8.53,6.14,0.738,0,9,1,0,0,0,0,0,0,0,0
25912,8568,1,20,22,4,145,12.03,9.159999999999998,0,0,2,0,0,0,0,0,0,1,0,0
25948,9335,1,49,20,88,269,9.53,7.109999999999999,5.5818,0,4,0,0,0,0,0,0,0,1,0
25964,8548,1,50,10,0,66,7.059999999999999,5.58,0,0,8,0,0,0,1,0,0,0,0,0
26047,7772,1,65,12,8,117,10.85,8.949999999999998,0,0,2,0,0,0,0,0,0,1,0,0
26103,8795,1,22,9,9,173,17.11,12.16,0.1368,0,2,0,0,0,0,0,0,1,0,0
26119,7518,1,24,22,64,383,28.78,18.520000000000003,2.2437,0,6,0,0,0,0,0,0,0,0,1
26136,10999,1,62,7,62,160,16.590000000000003,11.89,1.08,1,5,0,0,0,0,1,0,0,0,0
26154,1705,1,26,4,60,276,13.58,10.520000000000001,0.1728,0,5,0,0,0,0,1,0,0,0,0
26182,513,1,42,10,185,163,11.670000000000002,6.96,0,0,2,0,0,0,0,0,0,1,0,0
26212,542,1,18,16,29,145,12.019999999999998,7.479999999999998,0,0,8,0,0,0,1,0,0,0,0,0
26258,7336,1,21,23,44,384,28.929999999999996,19.57,1.26,0,9,1,0,0,0,0,0,0,0,0
26295,11711,1,49,30,4,235,23.74,17.640000000000004,0,0,5,0,0,0,0,1,0,0,0,0
26307,9480,1,25,29,43,102,10.889999999999999,6.83,0.2133,0,7,0,0,0,0,0,1,0,0,0
26387,5668,1,18,18,147,89,6.269999999999999,4.1899999999999995,0,0,5,0,0,0,0,1,0,0,0,0
26435,10921,1,70,9,389,339,9.65,5.739999999999999,0.9,0,9,1,0,0,0,0,0,0,0,0
26515,1696,1,20,22,26,224,15.09,10.709999999999997,0,0,2,0,0,0,0,0,0,1,0,0
26558,5262,1,37,23,1,149,15.709999999999999,12.559999999999999,2.1249,0,6,0,0,0,0,0,0,0,0,1
26609,4526,1,40,22,38,117,9.83,6.329999999999999,3.1319999999999997,0,6,0,0,0,0,0,0,0,0,1
26628,8306,1,32,22,1,56,7.8,5.52,0,0,2,0,0,0,0,0,0,1,0,0
26645,10732,1,52,22,30,261,36.64000000000001,23.940000000000005,0.27,0,7,0,0,0,0,0,1,0,0,0
26657,4643,1,62,22,34,159,10.429999999999998,8.1,0,0,2,0,0,0,0,0,0,1,0,0
26673,10630,1,55,21,41,387,19.2,12.259999999999998,0,0,3,0,1,0,0,0,0,0,0,0
26758,521,1,45,23,45,115,13.450000000000003,10.179999999999998,0.585,0,1,0,0,1,0,0,0,0,0,0
26759,9943,1,25,5,155,145,13.66,10.349999999999998,0.2763,0,8,0,0,0,1,0,0,0,0,0
26763,9169,1,28,26,5,102,11.54,7.839999999999999,0.4851,0,4,0,0,0,0,0,0,0,1,0
26818,11699,1,45,10,17,160,16.73,9.93,0.3276,0,4,0,0,0,0,0,0,0,1,0
26839,2594,1,23,12,45,303,22.009999999999998,12.08,0.8199,0,6,0,0,0,0,0,0,0,0,1
26911,4627,1,36,24,5,136,12.56,9.159999999999998,0,0,2,0,0,0,0,0,0,1,0,0
27004,7137,1,24,21,19,180,13.739999999999998,8.93,0.72,0,9,1,0,0,0,0,0,0,0,0
27026,125,1,22,12,20,179,18.689999999999998,14.419999999999996,0.0264,0,8,0,0,0,1,0,0,0,0,0
27058,10593,1,30,4,2,159,18.26,11.669999999999998,0.6003000000000001,0,4,0,0,0,0,0,0,0,1,0
27076,11472,1,22,2,2104,241,13.670000000000002,3.9899999999999998,0,0,4,0,0,0,0,0,0,0,1,0
27105,4172,1,18,25,602,188,14.829999999999998,10.369999999999997,0.28350000000000003,0,1,0,0,1,0,0,0,0,0,0
27110,6615,1,38,24,482,221,19.43,12.539999999999997,0,0,5,0,0,0,0,1,0,0,0,0
27124,8880,1,42,4,90,193,11.989999999999998,7.679999999999999,0.1503,0,3,0,1,0,0,0,0,0,0,0
27135,2517,1,24,26,9,138,13.639999999999999,9.979999999999999,0,0,1,0,0,1,0,0,0,0,0,0
27165,9993,1,18,24,98,215,14.46,11,0.738,0,4,0,0,0,0,0,0,0,1,0
27179,3521,1,32,21,188,312,18.700000000000003,12.56,1.8117,0,3,0,1,0,0,0,0,0,0,0
27192,4496,1,25,27,10,175,22.709999999999997,14.790000000000003,0,0,7,0,0,0,0,0,1,0,0,0
27204,824,1,20,17,29,98,12.489999999999997,8.799999999999999,0.2502,0,6,0,0,0,0,0,0,0,0,1
27219,4111,1,29,14,86,161,15.29,7.959999999999999,0,0,6,0,0,0,0,0,0,0,0,1
27220,6785,1,35,3,243,201,11.57,6.58,0,0,7,0,0,0,0,0,1,0,0,0
27240,960,1,36,25,90,212,20.990000000000002,16.55,0,0,6,0,0,0,0,0,0,0,0,1
27246,10114,1,21,13,6,219,21.32,15.95,0.17009999999999997,0,2,0,0,0,0,0,0,1,0,0
27250,2301,1,36,3,21,193,13.72,9.339999999999998,0.3132,0,9,1,0,0,0,0,0,0,0,0
27275,6407,1,29,18,481,279,15.619999999999997,7.469999999999998,0.4851,0,8,0,0,0,1,0,0,0,0,0
27305,7756,1,45,10,640,170,19,5.559999999999999,0,0,4,0,0,0,0,0,0,0,1,0
27373,374,1,19,4,139,269,21.779999999999998,17.68,0.45,0,4,0,0,0,0,0,0,0,1,0
27376,8566,1,21,22,33,332,32.55,25.55,0.63,0,2,0,0,0,0,0,0,1,0,0
27417,1896,1,40,23,72,126,12.5,8.209999999999999,0,0,6,0,0,0,0,0,0,0,0,1
27419,2122,1,70,10,108,211,14.120000000000001,8.780000000000001,0,0,2,0,0,0,0,0,0,1,0,0
27464,4880,1,45,7,9,223,24.520000000000003,18.46,0,1,9,1,0,0,0,0,0,0,0,0
27470,5750,1,60,11,15,255,25.490000000000002,18.360000000000003,0.3195,0,3,0,1,0,0,0,0,0,0,0
27474,8450,1,50,10,4,81,4.739999999999999,4.33,0,0,2,0,0,0,0,0,0,1,0,0
27564,10901,1,20,12,25,129,15.060000000000002,9.65,0.2313,0,8,0,0,0,1,0,0,0,0,0
27574,9576,1,20,5,8,113,56.97,8.4,0,0,7,0,0,0,0,0,1,0,0,0
27592,5991,1,70,4,1,119,10.55,6.930000000000001,0,0,3,0,1,0,0,0,0,0,0,0
27652,7254,1,52,13,49,272,20.960000000000004,14.949999999999996,0.32130000000000003,0,1,0,0,1,0,0,0,0,0,0
27666,339,1,36,29,165,202,27.47,18.9,0.0159,0,7,0,0,0,0,0,1,0,0,0
27766,3958,1,18,20,162,271,28.609999999999996,19.06,0,0,8,0,0,0,1,0,0,0,0,0
27771,8627,1,56,14,16,179,11.89,9.18,0,0,9,1,0,0,0,0,0,0,0,0
27775,10382,1,40,13,16,297,25.009999999999998,17.529999999999998,0,0,2,0,0,0,0,0,0,1,0,0
27820,11125,1,20,29,105,243,31.08,19.930000000000003,5.0525,0,7,0,0,0,0,0,1,0,0,0
27881,11125,1,23,29,85,229,30.32,19.68,5.0525,0,7,0,0,0,0,0,1,0,0,0
27915,11247,1,65,25,20,325,32.71000000000001,21.25,0.441,0,7,0,0,0,0,0,1,0,0,0
27956,1526,1,37,8,13,333,29.820000000000004,21.01,3.8997,0,3,0,1,0,0,0,0,0,0,0
27989,7855,1,45,9,45,161,56.879999999999995,11.469999999999999,1.8,0,7,0,0,0,0,0,1,0,0,0
28008,1461,1,88,10,175,200,12.83,8.409999999999998,0,0,2,0,0,0,0,0,0,1,0,0
28087,11206,1,43,5,48,266,26.54,17.75,2.7,0,7,0,0,0,0,0,1,0,0,0
28105,5561,1,45,21,17,216,16.83,12,0.6345000000000001,0,5,0,0,0,0,1,0,0,0,0
28152,6007,1,69,3,16,99,9.1,6.829999999999999,0.6939,0,8,0,0,0,1,0,0,0,0,0
28204,7469,1,48,27,0,124,11.829999999999998,9.019999999999998,0,0,3,0,1,0,0,0,0,0,0,0
28211,9315,1,20,20,24,313,37.95,25.70000000000001,0,0,6,0,0,0,0,0,0,0,0,1
28308,9600,1,20,6,61,161,18.050000000000004,12.87,2.7423,0,3,0,1,0,0,0,0,0,0,0
28373,757,1,55,2,7,175,12.579999999999998,8.069999999999999,0.2817,0,4,0,0,0,0,0,0,0,1,0
28419,2329,1,21,15,283,280,17.150000000000002,11.309999999999999,2.3814,0,8,0,0,0,1,0,0,0,0,0
28420,1632,1,20,11,18,239,22.01,15.159999999999998,0,0,2,0,0,0,0,0,0,1,0,0
28448,8492,1,45,9,1405,979,15.91,10.36,1.0575,0,9,1,0,0,0,0,0,0,0,0
28640,1225,1,31,21,40,322,27.72,19.73,2.0634,0,8,0,0,0,1,0,0,0,0,0
28655,8459,1,58,22,4,80,8.12,6.569999999999999,0,0,8,0,0,0,1,0,0,0,0,0
28668,980,1,55,23,23,130,15.600000000000001,10.11,0,0,1,0,0,1,0,0,0,0,0,0
28676,7809,1,25,30,8,73,4.3100000000000005,4.239999999999999,0,0,1,0,0,1,0,0,0,0,0,0
28681,7604,1,24,6,22,211,16.18,11.479999999999999,2.5650000000000004,0,8,0,0,0,1,0,0,0,0,0
28706,1292,1,40,8,809,384,27.41,17.810000000000002,0,0,1,0,0,1,0,0,0,0,0,0
28788,8119,1,60,27,94,179,88.39000000000003,14.250000000000002,0,0,7,0,0,0,0,0,1,0,0,0
28793,5328,1,70,6,17,128,9.759999999999998,6.619999999999999,0,0,5,0,0,0,0,1,0,0,0,0
28797,1225,1,28,21,32,230,18.23,12.089999999999998,2.0634,0,8,0,0,0,1,0,0,0,0,0
28803,5321,1,20,2,77,234,20.62,12.960000000000003,0,0,4,0,0,0,0,0,0,0,1,0
28819,3931,1,18,27,6,166,15.73,12.309999999999999,0,0,3,0,1,0,0,0,0,0,0,0
28841,6785,1,30,3,282,233,13.100000000000001,7.43,0,0,7,0,0,0,0,0,1,0,0,0
28881,398,1,32,21,151,469,40.48,28.470000000000002,0.42390000000000005,0,9,1,0,0,0,0,0,0,0,0
28963,4880,1,18,7,8,157,15.489999999999998,11.74,0,1,9,1,0,0,0,0,0,0,0,0
28977,2084,1,45,3,2,164,15.76,12.61,0,0,1,0,0,1,0,0,0,0,0,0
29050,1562,1,52,13,66,186,18.23,10.350000000000001,0,0,1,0,0,1,0,0,0,0,0,0
29178,3304,1,20,2,27,273,16.349999999999998,12.05,0,0,4,0,0,0,0,0,0,0,1,0
29222,1759,1,55,23,72,159,7.619999999999999,5.03,0.17009999999999997,0,5,0,0,0,0,1,0,0,0,0
29252,2514,1,70,17,115,161,9.43,8.12,0,0,6,0,0,0,0,0,0,0,0,1
29269,1745,1,30,19,26,177,15.540000000000001,9.62,0.423,0,3,0,1,0,0,0,0,0,0,0
29279,11615,1,33,22,13,277,37.76,25.529999999999998,0,0,6,0,0,0,0,0,0,0,0,1
29359,587,1,22,13,94,179,19.819999999999997,12.43,1.1303999999999998,0,9,1,0,0,0,0,0,0,0,0
29370,10987,1,33,25,135,248,17.76,12.659999999999998,5.688000000000001,0,4,0,0,0,0,0,0,0,1,0
29394,9966,1,70,16,4,93,10.7,7.050000000000001,0,0,5,0,0,0,0,1,0,0,0,0
29449,7404,1,52,29,41,87,9.2,6.3999999999999995,0.2295,0,7,0,0,0,0,0,1,0,0,0
29533,764,1,22,27,13,131,12.660000000000002,9.76,0.2,0,3,0,1,0,0,0,0,0,0,0
29541,7093,1,26,7,84,200,16.43,11.459999999999996,0.108,1,4,0,0,0,0,0,0,0,1,0
29610,9380,1,26,29,22,138,14.55,10.369999999999997,0.2169,0,7,0,0,0,0,0,1,0,0,0
29639,6954,1,36,8,41,277,21.770000000000007,14.119999999999996,0,0,4,0,0,0,0,0,0,0,1,0
29662,2952,1,24,23,1166,270,52.510000000000005,22.66,0,0,7,0,0,0,0,0,1,0,0,0
29690,4123,1,41,21,20,195,12.079999999999998,10.059999999999999,0,0,9,1,0,0,0,0,0,0,0,0
29754,349,1,65,7,53,209,17.69,11.6,0.7497,1,7,0,0,0,0,0,1,0,0,0
29773,10599,1,19,25,25,190,13.27,10.239999999999998,0,0,6,0,0,0,0,0,0,0,0,1
29791,4415,1,35,1,9,104,11.36,7.14,1.0476,1,3,0,1,0,0,0,0,0,0,0
29954,7455,1,78,9,11,203,14.89,10.479999999999999,3.1896,0,2,0,0,0,0,0,0,1,0,0
29976,7707,1,44,27,28,327,127.94000000000001,27.16,0,0,7,0,0,0,0,0,1,0,0,0
29986,2467,1,30,22,366,376,24.590000000000003,18.11,0,0,2,0,0,0,0,0,0,1,0,0
30000,10599,1,40,25,20,143,10.91,8.389999999999999,0,0,6,0,0,0,0,0,0,0,0,1
30026,10599,1,22,25,26,223,17.669999999999998,13.76,0,0,6,0,0,0,0,0,0,0,0,1
30036,7850,1,23,1,15,131,5.7700000000000005,4.42,0,1,1,0,0,1,0,0,0,0,0,0
30059,5470,1,20,14,72,124,11.880000000000003,9.339999999999998,2.115,0,6,0,0,0,0,0,0,0,0,1
30076,10969,1,35,6,137,180,15.05,10.489999999999997,1.0584,0,4,0,0,0,0,0,0,0,1,0
30104,1632,1,55,11,15,227,22.98,15.109999999999998,0,0,2,0,0,0,0,0,0,1,0,0
30105,4572,1,65,11,4,113,13.92,8.379999999999997,0.9,0,3,0,1,0,0,0,0,0,0,0
30122,7721,1,80,23,30,120,8.68,5.220000000000001,0.45,0,6,0,0,0,0,0,0,0,0,1
30123,4938,1,85,22,28,233,9,4.749999999999999,0.35550000000000004,0,5,0,0,0,0,1,0,0,0,0
30132,2239,1,35,21,77,390,36.79,25.58,0.1944,0,9,1,0,0,0,0,0,0,0,0
30158,9496,1,55,20,51,353,28.96,19.68,0.63,0,3,0,1,0,0,0,0,0,0,0
30187,9904,1,45,5,90,246,20.19,14.5,0.4374,0,9,1,0,0,0,0,0,0,0,0
30200,8234,1,25,23,73,210,25.860000000000007,15.459999999999999,5.797680000000001,0,5,0,0,0,0,1,0,0,0,0
30284,1775,1,60,5,47,127,12.34,7.550000000000001,0.5085000000000001,0,9,1,0,0,0,0,0,0,0,0
30289,1147,1,58,27,24,187,14.769999999999998,9.339999999999998,0,0,1,0,0,1,0,0,0,0,0,0
30330,6348,1,55,19,30,112,11.270000000000001,9.39,0,0,9,1,0,0,0,0,0,0,0,0
30350,8558,1,32,15,127,112,8.969999999999999,6.699999999999999,0,0,9,1,0,0,0,0,0,0,0,0
30356,4027,1,30,16,12,243,20.45,13.940000000000001,0,0,5,0,0,0,0,1,0,0,0,0
30368,2600,1,45,24,5,160,14.16,10.61,0,0,2,0,0,0,0,0,0,1,0,0
30410,7444,1,32,11,16,184,17.43,14.169999999999998,0.3645000000000001,0,8,0,0,0,1,0,0,0,0,0
30439,1748,1,52,21,4650,207,19,14.259999999999998,5.266500000000001,0,9,1,0,0,0,0,0,0,0,0
30520,3741,1,22,23,679,513,37.699999999999996,22.000000000000004,0.3672,0,7,0,0,0,0,0,1,0,0,0
30527,2699,1,36,12,15,222,18.15,10.299999999999999,1.5596999999999999,0,9,1,0,0,0,0,0,0,0,0
30553,8619,1,20,3,31,177,10.799999999999999,7.569999999999999,0,0,1,0,0,1,0,0,0,0,0,0
30671,9069,1,42,25,61,158,16.439999999999998,12.569999999999999,0,0,4,0,0,0,0,0,0,0,1,0
30677,10531,1,38,7,70,209,23.549999999999997,16.4,2.25,1,9,1,0,0,0,0,0,0,0,0
30764,5192,1,26,20,38,217,19.65,13.489999999999998,2.9177999999999997,0,8,0,0,0,1,0,0,0,0,0
30820,2703,1,30,16,10,175,14.640000000000002,10.48,0.5868000000000001,0,9,1,0,0,0,0,0,0,0,0
30889,7243,1,65,26,15,185,20.14,13.349999999999998,1.4688,0,4,0,0,0,0,0,0,0,1,0
30907,9365,1,35,22,1,57,7.59,5.420000000000001,0.675,0,7,0,0,0,0,0,1,0,0,0
30912,2920,1,42,24,22,340,27.59,19.119999999999997,0,0,3,0,1,0,0,0,0,0,0,0
30966,1434,1,47,12,65,299,25.050000000000004,16.74,0.21420000000000003,0,8,0,0,0,1,0,0,0,0,0
31006,573,1,25,23,182,207,20.57,15.17,2.8575,0,4,0,0,0,0,0,0,0,1,0
31022,10628,1,32,8,19,413,34.13,24.89,0,0,3,0,1,0,0,0,0,0,0,0
31041,7372,1,21,21,13,202,25.86,18.92,0,0,4,0,0,0,0,0,0,0,1,0
31093,9116,1,68,29,29,228,12.03,9.669999999999998,0,0,6,0,0,0,0,0,0,0,0,1
31114,529,1,45,12,59,111,7.8,5.1499999999999995,0,0,8,0,0,0,1,0,0,0,0,0
31173,9292,1,65,17,132,177,17.68,11.78,0.45,0,6,0,0,0,0,0,0,0,0,1
31201,5344,1,45,6,11,253,18,13.24,4.23,0,8,0,0,0,1,0,0,0,0,0
31203,7852,1,32,27,506,204,20.199999999999996,9.989999999999998,0.4536,0,7,0,0,0,0,0,1,0,0,0
31239,7218,1,25,8,9,151,12.719999999999999,9.21,1.125,0,8,0,0,0,1,0,0,0,0,0
31249,6885,1,45,6,16,194,17.570000000000004,12.949999999999998,0,0,1,0,0,1,0,0,0,0,0,0
31254,3274,1,35,21,4,71,9.65,6.04,0,0,7,0,0,0,0,0,1,0,0,0
31269,5852,1,33,18,91,300,21.2,15.14,0.4734,0,1,0,0,1,0,0,0,0,0,0
31376,8714,1,18,30,11,282,27.34,17.819999999999997,0.3888,0,4,0,0,0,0,0,0,0,1,0
31400,8923,1,45,23,399,443,25.249999999999996,17.330000000000002,1.395,0,7,0,0,0,0,0,1,0,0,0
31401,10699,1,60,17,6,173,14.009999999999998,9.66,0,0,6,0,0,0,0,0,0,0,0,1
31410,6550,1,58,5,105,234,21.25,16.13,0,0,8,0,0,0,1,0,0,0,0,0
31455,10157,1,30,3,28,105,9.959999999999999,7.889999999999999,1.116,0,8,0,0,0,1,0,0,0,0,0
31456,7020,1,48,13,1388,312,19.06,8.8,0,0,2,0,0,0,0,0,0,1,0,0
31460,4409,1,36,29,2,39,2.22,2.22,0.3024,0,6,0,0,0,0,0,0,0,0,1
31532,6225,1,38,6,18,226,27.62,19.48,4.7513000000000005,0,8,0,0,0,1,0,0,0,0,0
31568,2503,1,40,6,18,391,31.7,23.88,3.15,0,8,0,0,0,1,0,0,0,0,0
31625,10751,1,35,23,140,200,12.670000000000002,11.589999999999998,0,0,9,1,0,0,0,0,0,0,0,0
31628,1283,1,36,7,44,94,42.62,5.939999999999999,0.45,1,7,0,0,0,0,0,1,0,0,0
31735,7583,1,40,21,28,220,21.929999999999996,16.14,1.548,0,8,0,0,0,1,0,0,0,0,0
31754,9303,1,32,13,22,215,15.02,10.940000000000001,0,0,2,0,0,0,0,0,0,1,0,0
31818,10340,1,45,23,466,445,16.09,10.75,0,0,1,0,0,1,0,0,0,0,0,0
31823,5350,1,18,20,42,207,19.53,14.24,3.285,0,6,0,0,0,0,0,0,0,0,1
31880,326,1,70,18,13,62,13.439999999999998,6.159999999999999,0,0,9,1,0,0,0,0,0,0,0,0
31903,4422,1,56,24,4,131,20.59,9.34,2.6466000000000003,0,2,0,0,0,0,0,0,1,0,0
31912,5383,1,22,23,30,220,13.419999999999998,11.079999999999998,3.285,0,1,0,0,1,0,0,0,0,0,0
31964,8829,1,72,7,13,163,16.470000000000002,11.139999999999999,0.3033,1,9,1,0,0,0,0,0,0,0,0
31997,2630,1,35,20,7,137,14.72,10.469999999999997,0.29069999999999996,0,4,0,0,0,0,0,0,0,1,0
31999,1676,1,28,28,19,137,16.03,9.85,0.1791,0,6,0,0,0,0,0,0,0,0,1
32057,573,1,60,23,182,170,15.350000000000001,11.469999999999997,2.8575,0,4,0,0,0,0,0,0,0,1,0
32203,8260,1,23,30,17,295,19.01,12.569999999999999,0,0,4,0,0,0,0,0,0,0,1,0
32259,9701,1,48,9,9,159,14.07,9.84,0,0,9,1,0,0,0,0,0,0,0,0
32291,10617,1,80,15,86,224,19.740000000000002,13.11,1.0674,0,8,0,0,0,1,0,0,0,0,0
32332,7340,1,30,24,1,74,4.220000000000001,4.54,0.738,0,4,0,0,0,0,0,0,0,1,0
32398,6067,1,26,27,184,310,31.16,21.41,0,0,7,0,0,0,0,0,1,0,0,0
32408,2357,1,40,8,17,185,12.709999999999999,8.23,0.45,0,4,0,0,0,0,0,0,0,1,0
32412,9837,1,65,8,28,252,13.9,7.9799999999999995,0.3933,0,8,0,0,0,1,0,0,0,0,0
32419,5022,1,27,18,155,253,20.48,12.369999999999997,2.7684,0,8,0,0,0,1,0,0,0,0,0
32428,8350,1,40,6,23,76,8.94,6.49,0.4014,0,4,0,0,0,0,0,0,0,1,0
32484,2290,1,65,11,81,198,16.69,11.189999999999998,0,0,3,0,1,0,0,0,0,0,0,0
32543,4432,1,34,27,69,286,34.6,23.71,0,0,7,0,0,0,0,0,1,0,0,0
32592,9311,1,18,25,65,180,22.979999999999997,15.1,4.6080000000000005,0,7,0,0,0,0,0,1,0,0,0
32666,1713,1,20,8,29,362,30.71,20.71,2.6919000000000004,0,1,0,0,1,0,0,0,0,0,0
32686,5465,1,22,16,160,210,18.03,12.350000000000001,0,0,8,0,0,0,1,0,0,0,0,0
32728,10640,1,40,13,6,170,18.500000000000004,12.069999999999997,0.1323,0,2,0,0,0,0,0,0,1,0,0
32772,7339,1,20,21,10,227,16.66,12.549999999999999,1.8,0,3,0,1,0,0,0,0,0,0,0
32814,6382,1,40,25,19,159,10.56,9.749999999999998,0.0094,0,1,0,0,1,0,0,0,0,0,0
32833,7308,1,26,6,1831,609,26.23,13.219999999999999,2.1974,0,4,0,0,0,0,0,0,0,1,0
32867,859,1,55,21,173,355,30.97,21.29,0,0,9,1,0,0,0,0,0,0,0,0
32920,853,1,34,29,39,172,23.97,15.010000000000002,6.5625,0,7,0,0,0,0,0,1,0,0,0
32979,775,1,50,28,4,48,5.539999999999999,3.05,0,0,4,0,0,0,0,0,0,0,1,0
32991,3491,1,39,3,36,152,17.979999999999997,11.72,0.3753,0,7,0,0,0,0,0,1,0,0,0
33068,8346,1,22,12,88,248,15.73,11.54,0,0,9,1,0,0,0,0,0,0,0,0
33077,5100,1,67,14,43,214,18.29,11.909999999999998,0.3087,0,8,0,0,0,1,0,0,0,0,0
33128,265,1,47,12,19,127,13.58,10.229999999999999,0.945,0,8,0,0,0,1,0,0,0,0,0
33173,8260,1,54,30,157,362,25.700000000000003,16.07,0,0,4,0,0,0,0,0,0,0,1,0
33258,8181,1,75,3,110,153,38.67,8.959999999999999,1.2258,0,7,0,0,0,0,0,1,0,0,0
33280,1820,1,65,7,4,142,17.030000000000005,11.58,0,1,8,0,0,0,1,0,0,0,0,0
33329,8619,1,60,3,31,182,11.19,8.25,0,0,1,0,0,1,0,0,0,0,0,0
33350,10151,1,33,8,0,80,3.92,3.67,0.4671,0,4,0,0,0,0,0,0,0,1,0
33361,2762,1,40,7,16,296,25.99,16.939999999999998,0,1,7,0,0,0,0,0,1,0,0,0
33390,5587,1,45,19,39,81,7.01,4.3100000000000005,0.6326999999999999,0,3,0,1,0,0,0,0,0,0,0
33397,9054,1,45,24,26,307,18.12,12.28,0.45,0,5,0,0,0,0,1,0,0,0,0
33433,4172,1,21,25,368,164,14.8,10.129999999999999,1.6785,0,1,0,0,1,0,0,0,0,0,0
33447,2580,1,35,21,105,114,11.699999999999998,8.309999999999999,0.14700000000000002,0,9,1,0,0,0,0,0,0,0,0
33473,2646,1,19,23,18,254,29.17,22.51,0,0,4,0,0,0,0,0,0,0,1,0
33487,189,1,55,12,75,160,21.599999999999998,12.260000000000002,0.6984,0,6,0,0,0,0,0,0,0,0,1
33561,6176,1,70,25,9,60,5.09,3.4099999999999997,0.3636,0,7,0,0,0,0,0,1,0,0,0
33591,4724,1,20,25,6,171,17.52,11.77,0,0,3,0,1,0,0,0,0,0,0,0
33634,9893,1,40,4,210,306,20.7,14.389999999999999,0.6,0,8,0,0,0,1,0,0,0,0,0
33638,6303,1,60,12,3,196,16.970000000000002,10.519999999999998,0,0,2,0,0,0,0,0,0,1,0,0
33671,9743,1,21,21,105,234,29.630000000000006,20.25,0.738,0,7,0,0,0,0,0,1,0,0,0
33721,7009,1,50,3,2,76,7.54,4.99,0.33390000000000003,0,9,1,0,0,0,0,0,0,0,0
33829,10496,1,18,25,16,229,21.33,14.94,0,0,1,0,0,1,0,0,0,0,0,0
33880,1337,1,22,3,269,250,15.99,11.989999999999998,0.6462,0,8,0,0,0,1,0,0,0,0,0
33881,4081,1,80,9,7,47,5.159999999999999,3.8599999999999994,0,0,8,0,0,0,1,0,0,0,0,0
33910,7494,1,65,8,20,305,24.11,18.08,4.5,0,1,0,0,1,0,0,0,0,0,0
33940,5185,1,32,5,40,172,16.299999999999997,11.29,0.4824,0,9,1,0,0,0,0,0,0,0,0
33942,6020,1,35,20,23,100,12.860000000000001,8.749999999999998,3.85,0,6,0,0,0,0,0,0,0,0,1
34000,2221,1,19,18,4,99,8.47,6.1899999999999995,0.3726,0,5,0,0,0,0,1,0,0,0,0
34039,8248,1,50,30,7,527,20.299999999999997,9.04,0,0,4,0,0,0,0,0,0,0,1,0
34085,2446,1,28,1,21,96,5.02,3.6,0,1,3,0,1,0,0,0,0,0,0,0
34127,1321,1,40,6,73,409,33.959999999999994,22.900000000000002,0,0,8,0,0,0,1,0,0,0,0,0
34137,6492,1,36,23,24,225,13.84,9.27,0,0,1,0,0,1,0,0,0,0,0,0
34140,7137,1,64,21,17,162,12.479999999999999,8.249999999999996,0.72,0,9,1,0,0,0,0,0,0,0,0
34230,6193,1,30,8,909,757,19.26,13.379999999999999,0.7047,0,9,1,0,0,0,0,0,0,0,0
34238,3174,1,46,14,147,411,29.090000000000003,19.190000000000005,2.5182,0,2,0,0,0,0,0,0,1,0,0
34274,8774,1,28,19,17,212,13.18,11.219999999999999,1.755,0,3,0,1,0,0,0,0,0,0,0
34298,8299,1,30,20,14,181,15.139999999999999,10.699999999999996,0.6849,0,4,0,0,0,0,0,0,0,1,0
34318,4172,1,45,25,488,222,16.16,10.689999999999998,0.28350000000000003,0,1,0,0,1,0,0,0,0,0,0
34357,9751,1,30,8,34,246,27.740000000000002,19.470000000000006,2.3823000000000003,0,5,0,0,0,0,1,0,0,0,0
34402,9687,1,24,19,3,130,14.14,10.459999999999999,0.09,0,1,0,0,1,0,0,0,0,0,0
34421,1481,1,32,4,71,179,11.799999999999999,9.08,1,0,3,0,1,0,0,0,0,0,0,0
34446,5019,1,37,4,8,212,20.990000000000002,14.239999999999998,0,0,3,0,1,0,0,0,0,0,0,0
34507,10235,1,21,13,60,142,11.999999999999996,8.79,4.3038,0,2,0,0,0,0,0,0,1,0,0
34533,2410,1,45,16,423,131,6.46,3.7600000000000002,1.3644,0,9,1,0,0,0,0,0,0,0,0
34562,4514,1,37,6,223,272,26.569999999999997,18.36,2.4945000000000004,0,4,0,0,0,0,0,0,0,1,0
34566,11101,1,38,29,0,42,4.59,3.5999999999999996,0.3825,0,6,0,0,0,0,0,0,0,0,1
34616,774,1,27,6,209,242,12.329999999999997,7.569999999999998,0.6426000000000001,0,1,0,0,1,0,0,0,0,0,0
34628,3723,1,19,28,0,76,10.979999999999999,7.31,0,0,1,0,0,1,0,0,0,0,0,0
34670,6928,1,40,17,57,371,37.78999999999999,26.56,0,0,1,0,0,1,0,0,0,0,0,0
34687,2010,1,28,23,109,294,39.11,24.79,10.3453,0,7,0,0,0,0,0,1,0,0,0
34719,3674,1,47,5,36,124,14.219999999999999,7.239999999999999,0,0,8,0,0,0,1,0,0,0,0,0
34743,2944,1,38,29,472,157,15.089999999999998,11.019999999999998,0.4788,0,7,0,0,0,0,0,1,0,0,0
34793,5952,1,18,22,22,192,17.71,14.689999999999998,0,0,8,0,0,0,1,0,0,0,0,0
34800,5328,1,30,6,31,196,15.99,10.899999999999999,0,0,5,0,0,0,0,1,0,0,0,0
34831,11122,1,22,3,2917,151,16.21,10.659999999999997,3.9244,0,9,1,0,0,0,0,0,0,0,0
34905,3233,1,56,9,1,176,19.04,12.58,0.33030000000000004,0,9,1,0,0,0,0,0,0,0,0
34922,1589,1,36,25,78,113,10.569999999999999,6.05,0,0,1,0,0,1,0,0,0,0,0,0
34942,11801,1,22,6,0,73,3.8600000000000003,4.090000000000001,0.35550000000000004,0,3,0,1,0,0,0,0,0,0,0
34946,1431,1,56,14,124,188,15.109999999999998,10.83,0.0585,0,9,1,0,0,0,0,0,0,0,0
34972,4027,1,60,16,8,160,15.17,10.69,0,0,5,0,0,0,0,1,0,0,0,0
35053,371,1,63,9,19,210,22.779999999999998,15.41,0.5625,0,7,0,0,0,0,0,1,0,0,0
35086,1844,1,70,7,7,85,9.089999999999998,5.9399999999999995,0,1,7,0,0,0,0,0,1,0,0,0
35093,7433,1,60,1,28,161,15.490000000000002,10.31,0.225,1,3,0,1,0,0,0,0,0,0,0
35112,11374,1,30,28,11,226,21.39,15.059999999999999,0,0,1,0,0,1,0,0,0,0,0,0
35245,2940,1,65,8,6,99,6.759999999999999,4.1,0,0,3,0,1,0,0,0,0,0,0,0
35260,3890,1,55,19,1,48,6.289999999999999,3.9299999999999997,0,0,6,0,0,0,0,0,0,0,0,1
35364,5791,1,24,21,226,170,22.07,14.259999999999998,1.3382999999999998,0,7,0,0,0,0,0,1,0,0,0
35376,2898,1,60,24,8,160,16.849999999999998,11.41,0,0,2,0,0,0,0,0,0,1,0,0
35384,3169,1,29,10,67,180,17.189999999999998,13.219999999999997,0.4959,0,4,0,0,0,0,0,0,0,1,0
35385,1580,1,22,23,17,145,12.589999999999998,8.94,0,0,5,0,0,0,0,1,0,0,0,0
35431,3491,1,70,3,34,121,13.87,9.149999999999999,0.3753,0,7,0,0,0,0,0,1,0,0,0
35436,6323,1,28,12,93,186,16.950000000000003,12.959999999999999,0.001,0,8,0,0,0,1,0,0,0,0,0
35437,4486,1,40,26,13,300,24.8,20.48,2.8394999999999997,0,3,0,1,0,0,0,0,0,0,0
35466,7258,1,52,30,1,100,12.24,8.299999999999999,1.125,0,5,0,0,0,0,1,0,0,0,0
35469,2411,1,33,10,27,144,11.719999999999999,8.120000000000001,0,0,2,0,0,0,0,0,0,1,0,0
35516,158,1,40,6,12,178,17.310000000000002,11.33,0,0,1,0,0,1,0,0,0,0,0,0
35528,10386,1,73,19,36,178,11.84,7.949999999999999,0.45,0,3,0,1,0,0,0,0,0,0,0
35629,2549,1,60,9,65,237,59.56000000000001,13.999999999999998,0.45,0,7,0,0,0,0,0,1,0,0,0
35636,772,1,47,10,15,99,8.029999999999998,6.179999999999999,0.18900000000000003,0,8,0,0,0,1,0,0,0,0,0
35641,4484,1,28,13,21,293,27.64,19.82,0,0,1,0,0,1,0,0,0,0,0,0
35804,9978,1,58,23,12,223,19.1,12.01,0,0,3,0,1,0,0,0,0,0,0,0
35830,2205,1,25,12,152,166,14.6,9.79,0.35550000000000004,0,8,0,0,0,1,0,0,0,0,0
35883,2221,1,60,18,7,157,15.03,9.840000000000002,0,0,5,0,0,0,0,1,0,0,0,0
35981,2398,1,30,31,43,219,24.55,16.960000000000008,0.306,0,7,0,0,0,0,0,1,0,0,0
36001,6329,1,22,9,3,221,67.82000000000001,19.589999999999996,0,0,7,0,0,0,0,0,1,0,0,0
36070,8829,1,43,7,14,172,17.09,11.41,0.3033,1,9,1,0,0,0,0,0,0,0,0
36222,6407,1,58,18,481,310,19.189999999999998,9.939999999999998,0.4851,0,8,0,0,0,1,0,0,0,0,0
36270,933,1,45,10,33,323,27.509999999999998,18.320000000000004,0.4239,0,6,0,0,0,0,0,0,0,0,1
36274,930,1,25,6,53,144,14.849999999999998,8.879999999999999,0.4986,0,4,0,0,0,0,0,0,0,1,0
36303,7022,1,60,27,84,215,23.37,16.88,0,0,2,0,0,0,0,0,0,1,0,0
36306,4796,1,59,10,2,143,9.569999999999999,5.95,0.6003000000000001,0,1,0,0,1,0,0,0,0,0,0
36343,3304,1,60,2,19,224,15.39,11.12,0,0,4,0,0,0,0,0,0,0,1,0
36362,7433,1,35,1,33,215,20.429999999999996,13.679999999999998,0.225,1,3,0,1,0,0,0,0,0,0,0
36380,1337,1,48,3,269,244,15.15,11.4,0.6462,0,8,0,0,0,1,0,0,0,0,0
36385,8530,1,52,16,120,195,16.3,10.559999999999999,0.72,0,8,0,0,0,1,0,0,0,0,0
36405,2396,1,19,31,5,165,43.74,15.87,0,0,7,0,0,0,0,0,1,0,0,0
36409,10934,1,40,11,61,257,12.91,9.739999999999998,0.4167,0,3,0,1,0,0,0,0,0,0,0
36417,11456,1,23,31,87,85,8.58,4.97,0.207,0,7,0,0,0,0,0,1,0,0,0
36441,7090,1,31,8,131,310,19.7,14.079999999999998,0,0,1,0,0,1,0,0,0,0,0,0
36478,238,1,25,12,912,192,16.36,10.92,0,0,4,0,0,0,0,0,0,0,1,0
36524,449,1,40,14,21,231,14.020000000000001,10.37,0,0,9,1,0,0,0,0,0,0,0,0
36538,4550,1,51,29,122,54,2.67,1.71,0.4203,0,6,0,0,0,0,0,0,0,0,1
36571,6849,1,68,5,130,146,17.43,11.75,0,0,8,0,0,0,1,0,0,0,0,0
36600,2562,1,60,23,832,264,44.29,21.09,0.4554,0,7,0,0,0,0,0,1,0,0,0
36715,9487,1,18,28,17,130,4.71,5.1499999999999995,0.5211,0,4,0,0,0,0,0,0,0,1,0
36722,1587,1,65,26,23,196,26.28,17.630000000000006,0,0,4,0,0,0,0,0,0,0,1,0
36798,3185,1,42,20,54,250,23.420000000000005,15.889999999999999,0.9891,0,8,0,0,0,1,0,0,0,0,0
36806,4287,1,53,4,177,207,17.07,12.809999999999997,0.2574,0,4,0,0,0,0,0,0,0,1,0
36864,375,1,65,18,213,194,14.45,7.31,0.4311,0,8,0,0,0,1,0,0,0,0,0
36866,764,1,47,27,13,128,12.46,9.659999999999998,0.2,0,3,0,1,0,0,0,0,0,0,0
36927,7846,1,36,14,94,191,9.46,7.209999999999999,0,0,9,1,0,0,0,0,0,0,0,0
36947,7096,1,52,23,74,230,15.66,10.12,0,0,6,0,0,0,0,0,0,0,0,1
36953,4402,1,23,22,45,208,21.09,14.17,0.2844,0,8,0,0,0,1,0,0,0,0,0
36967,5991,1,40,4,1,129,10.740000000000002,7.630000000000001,0,0,3,0,1,0,0,0,0,0,0,0
36980,5996,1,55,22,3,114,13.239999999999998,10.01,0.20970000000000005,0,4,0,0,0,0,0,0,0,1,0
37000,11331,1,56,24,28,197,15.91,8.579999999999998,0.3861,0,5,0,0,0,0,1,0,0,0,0
37021,6839,1,35,29,5,125,14.91,9.67,0.675,0,7,0,0,0,0,0,1,0,0,0
37048,11622,1,37,7,82,218,19.71,15.21,0,1,8,0,0,0,1,0,0,0,0,0
37066,10140,1,27,18,18,74,6.88,4.45,0,0,6,0,0,0,0,0,0,0,0,1
37185,11837,1,35,20,45,356,21.04,12.969999999999999,0.45,0,3,0,1,0,0,0,0,0,0,0
37238,10051,1,42,11,43,177,14.77,10.330000000000002,0.4086,0,8,0,0,0,1,0,0,0,0,0
37260,6378,1,46,6,166,110,4.71,2.25,0.3753,0,7,0,0,0,0,0,1,0,0,0
37387,11335,1,48,19,102,411,45.459999999999994,31.41,0,0,9,1,0,0,0,0,0,0,0,0
37420,4960,1,29,10,6,174,19.63,12.899999999999997,0.6003000000000001,0,9,1,0,0,0,0,0,0,0,0
37434,10347,1,25,30,47,222,9.34,8.86,0,0,4,0,0,0,0,0,0,0,1,0
37439,662,1,52,10,91,187,13.3,9.61,0.9,0,9,1,0,0,0,0,0,0,0,0
37476,2565,1,45,4,6204,162,13.749999999999996,12.279999999999996,7.013700000000001,0,8,0,0,0,1,0,0,0,0,0
37524,10509,1,20,18,83,403,27.7,19.990000000000006,1.26,0,1,0,0,1,0,0,0,0,0,0
37525,7718,1,39,29,66,293,33.34,19.32,0.1557,0,7,0,0,0,0,0,1,0,0,0
37563,11350,1,72,23,82,204,20.2,14.27,0,0,9,1,0,0,0,0,0,0,0,0
37605,11860,1,45,12,386,351,27.179999999999996,16.66,2.2905,0,6,0,0,0,0,0,0,0,0,1
37620,901,1,37,8,7,116,11.549999999999999,8.659999999999998,0.29969999999999997,0,4,0,0,0,0,0,0,0,1,0
37679,4797,1,65,11,159,156,16.15,10.739999999999998,0.9459,0,8,0,0,0,1,0,0,0,0,0
37698,7391,1,65,6,2,78,8.819999999999999,6.079999999999998,0.675,0,1,0,0,1,0,0,0,0,0,0
37713,5460,1,55,16,37,115,8.819999999999999,6.449999999999998,0.34380000000000005,0,5,0,0,0,0,1,0,0,0,0
37746,5791,1,45,21,371,263,35.11,23.49,1.3382999999999998,0,7,0,0,0,0,0,1,0,0,0
37752,3606,1,60,1,20,213,18.03,13.649999999999999,1.935,1,1,0,0,1,0,0,0,0,0,0
37790,3796,1,30,18,5,149,11.34,8.27,0,0,5,0,0,0,0,1,0,0,0,0
37808,7009,1,27,3,3,102,11.15,7.55,0.33390000000000003,0,9,1,0,0,0,0,0,0,0,0
37812,5380,1,62,6,104,298,24.04,17.849999999999998,1.225,0,8,0,0,0,1,0,0,0,0,0
37841,6280,1,29,14,24,141,10.99,7.99,0.2727,0,9,1,0,0,0,0,0,0,0,0
37876,8740,1,24,12,16,161,16.36,12.12,8.58516,0,4,0,0,0,0,0,0,0,1,0
37913,2146,1,29,10,11,113,9.66,6.660000000000001,0.2358,0,6,0,0,0,0,0,0,0,0,1
37933,6645,1,28,8,33,335,22.75,16.450000000000003,1.3059,0,8,0,0,0,1,0,0,0,0,0
37958,2690,1,28,16,38,181,10.93,7.919999999999999,0.99,0,5,0,0,0,0,1,0,0,0,0
37968,11482,1,30,27,98,317,23.880000000000003,15.16,0,0,3,0,1,0,0,0,0,0,0,0
37978,6545,1,60,22,6,86,11.830000000000002,7.08,1.26,0,6,0,0,0,0,0,0,0,0,1
37981,1545,1,37,18,37,206,17.869999999999997,12.76,0,0,1,0,0,1,0,0,0,0,0,0
37983,707,1,32,4,7,119,9.18,6.959999999999999,0,0,3,0,1,0,0,0,0,0,0,0
38045,1480,1,23,3,39,190,41.510000000000005,12.6,0.45,0,7,0,0,0,0,0,1,0,0,0
38081,2397,1,35,23,3,134,16.78,11.449999999999998,2.7260999999999997,0,7,0,0,0,0,0,1,0,0,0
38162,2399,1,59,9,77,172,17.62,13.24,0,0,8,0,0,0,1,0,0,0,0,0
38164,2594,1,25,12,45,303,22.009999999999998,12.08,0.8190000000000001,0,6,0,0,0,0,0,0,0,0,1
38243,8859,1,35,22,4,164,14.999999999999998,11.660000000000002,0,0,2,0,0,0,0,0,0,1,0,0
38285,3247,1,64,8,412,360,22.979999999999997,12.22,2.115,0,9,1,0,0,0,0,0,0,0,0
38320,10145,1,18,20,10,153,8.51,6.319999999999999,0,0,5,0,0,0,0,1,0,0,0,0
38321,2854,1,80,1,27,207,18.610000000000003,9.549999999999999,0.3024,1,3,0,1,0,0,0,0,0,0,0
38364,8334,1,32,28,14,227,21.98,13.72,0,0,1,0,0,1,0,0,0,0,0,0
38369,4404,1,50,25,12,269,28.069999999999997,19.490000000000002,4.2075000000000005,0,7,0,0,0,0,0,1,0,0,0
38465,10897,1,49,26,11,118,16.39,10.179999999999998,0.5103,0,4,0,0,0,0,0,0,0,1,0
38484,3101,1,70,27,219,329,35.79,23.12,0.2502,0,7,0,0,0,0,0,1,0,0,0
38508,4661,1,35,6,67,145,14.049999999999999,10.979999999999999,0,0,1,0,0,1,0,0,0,0,0,0
38519,11818,1,38,2,288,342,27.540000000000003,16.759999999999998,0,0,7,0,0,0,0,0,1,0,0,0
38572,6150,1,58,18,19,198,18.45,12.889999999999999,0,0,5,0,0,0,0,1,0,0,0,0
38573,1054,1,50,8,1,98,5.5600000000000005,5.2700000000000005,0,0,3,0,1,0,0,0,0,0,0,0
38579,3483,1,55,21,115,185,11.229999999999999,7.319999999999999,0.5246999999999999,0,8,0,0,0,1,0,0,0,0,0
38580,11401,1,25,10,16,157,18.609999999999992,12.17,2.8401,0,9,1,0,0,0,0,0,0,0,0
38689,10503,1,36,6,21,120,4.12,3.1199999999999997,0,0,8,0,0,0,1,0,0,0,0,0
38715,496,1,32,6,22,197,26.939999999999998,16.460000000000004,0.63,0,7,0,0,0,0,0,1,0,0,0
38725,1281,1,20,16,48,149,17.330000000000002,11.369999999999997,0.3447,0,9,1,0,0,0,0,0,0,0,0
38958,8339,1,62,6,166,179,17.55,10.48,1.175,0,3,0,1,0,0,0,0,0,0,0
39097,2654,1,36,23,218,191,16.04,11.83,0,0,2,0,0,0,0,0,0,1,0,0
39151,9887,1,40,28,7,134,16.65,11.79,0.8995000000000001,0,1,0,0,1,0,0,0,0,0,0
39164,2703,1,60,16,10,197,17.95,11.469999999999997,0.5868000000000001,0,9,1,0,0,0,0,0,0,0,0
39300,4619,1,66,4,11,209,17.47,11.92,0,0,4,0,0,0,0,0,0,0,1,0
39312,5835,1,45,15,105,375,35.26,23.840000000000003,0.1224,0,8,0,0,0,1,0,0,0,0,0
39367,824,1,45,17,34,100,12.940000000000001,9.049999999999999,0.2502,0,6,0,0,0,0,0,0,0,0,1
39372,5888,1,65,22,427,440,29.19,19.75,0,0,7,0,0,0,0,0,1,0,0,0
39384,8971,1,19,9,4,61,6.1000000000000005,4.54,0,0,9,1,0,0,0,0,0,0,0,0
39389,9358,1,30,14,14,340,28.16,21.85,0,0,1,0,0,1,0,0,0,0,0,0
39430,6355,1,60,3,121,235,15.700000000000001,10.64,0.2214,0,9,1,0,0,0,0,0,0,0,0
39510,2275,1,90,14,35,60,6.639999999999999,4.98,0.1305,0,8,0,0,0,1,0,0,0,0,0
39524,11082,1,35,19,197,234,20.880000000000003,13.110000000000001,0.9,0,9,1,0,0,0,0,0,0,0,0
39558,11182,1,48,22,24,160,10.959999999999997,7.099999999999999,0.45,0,2,0,0,0,0,0,0,1,0,0
39569,6858,1,60,22,57,274,28.82,20.119999999999997,0,0,6,0,0,0,0,0,0,0,0,1
39579,6233,1,50,20,5,132,16.729999999999997,10.719999999999999,0,0,9,1,0,0,0,0,0,0,0,0
39643,4863,1,55,8,79,188,15.189999999999998,10.479999999999999,0,0,8,0,0,0,1,0,0,0,0,0
39670,5192,1,56,20,48,275,25.549999999999997,16.63,2.9177999999999997,0,8,0,0,0,1,0,0,0,0,0
39674,10891,1,25,23,19,203,14.84,10.13,0.3708000000000001,0,3,0,1,0,0,0,0,0,0,0
39710,6352,1,25,11,24,149,12.84,8.93,0.0263,0,2,0,0,0,0,0,0,1,0,0
