SUBJECT,HOUSEHOLD,SEX,AGE_YEAR,CONSUMPTION_DAY,sum_VITA_RAE_mcg,sum_FOLDFE_mcg,sum_IRON_mg,sum_ZINC_mg,sum_VITB12_mcg,WEEKEND,adm2_,adm2_2,adm2_6,adm2_3,adm2_7,adm2_8,adm2_1,adm2_4,adm2_5
38,6121,1,37,14,4,145,9.309999999999999,6.91,0,0,2,1,0,0,0,0,0,0,0
79,6012,1,22,30,16,161,10.059999999999999,6.87,0,0,6,0,1,0,0,0,0,0,0
97,3580,1,38,29,203,112,29.21,8.020000000000001,2.5970000000000004,0,3,0,0,1,0,0,0,0,0
120,10453,1,40,19,306,374,22.48,11.86,1.75,0,7,0,0,0,1,0,0,0,0
149,4663,1,54,19,380,293,21.580000000000002,10.04,5.4463,0,8,0,0,0,0,1,0,0,0
201,1672,1,58,10,36,124,5.449999999999999,3.96,0,0,1,0,0,0,0,0,1,0,0
214,5356,1,50,19,158,126,15.459999999999999,8.03,0,0,3,0,0,1,0,0,0,0,0
289,9067,1,19,21,0,34,2.67,2.96,0,0,8,0,0,0,0,1,0,0,0
315,3161,1,23,24,12,53,6.880000000000001,5.04,1.3125,0,3,0,0,1,0,0,0,0,0
405,10174,1,53,9,58,125,10.15,6.75,0,0,4,0,0,0,0,0,0,1,0
466,8223,1,20,11,1,78,8.409999999999998,5.82,0,0,8,0,0,0,0,1,0,0,0
580,1744,1,36,6,5,72,6.18,4.26,0,0,6,0,1,0,0,0,0,0,0
600,156,1,40,28,37,81,8.149999999999999,4.800000000000001,2,0,6,0,1,0,0,0,0,0,0
611,3285,1,26,3,3,106,6.699999999999999,4.5200000000000005,0,0,7,0,0,0,1,0,0,0,0
632,8919,1,36,12,1,95,9.67,7.470000000000001,0,0,8,0,0,0,0,1,0,0,0
642,1409,1,65,27,30,86,10.96,6.84,3.7860000000000005,0,4,0,0,0,0,0,0,1,0
658,8017,1,52,26,2,76,6.7700000000000005,4.9799999999999995,0.08,0,7,0,0,0,1,0,0,0,0
767,1495,1,19,1,18,98,11.5,6.42,1.069,1,6,0,1,0,0,0,0,0,0
778,10763,1,55,9,311,186,8.89,7.309999999999999,2.115,0,4,0,0,0,0,0,0,1,0
824,1845,1,28,28,671,181,31.099999999999994,10.199999999999998,4.375,0,3,0,0,1,0,0,0,0,0
895,5860,1,30,9,730,38,3.17,3.47,0,0,8,0,0,0,0,1,0,0,0
899,3733,1,43,28,27,159,8.039999999999997,6.419999999999999,0,0,7,0,0,0,1,0,0,0,0
933,9696,1,65,10,1,106,6.090000000000001,5.51,0,0,6,0,1,0,0,0,0,0,0
935,4589,1,53,12,0,94,9.799999999999997,6.33,2.115,0,1,0,0,0,0,0,1,0,0
1070,3277,1,52,20,1984,75,9.09,4.91,0,0,8,0,0,0,0,1,0,0,0
1113,6916,1,40,13,2,58,3.91,4.09,0,0,1,0,0,0,0,0,1,0,0
1235,1572,1,47,21,156,169,16.17,10.57,3.678,0,3,0,0,1,0,0,0,0,0
1293,303,1,82,27,0,16,2.3399999999999994,1.4200000000000002,0,0,4,0,0,0,0,0,0,1,0
1302,1444,1,45,12,28,360,17.389999999999997,10.940000000000001,0,0,6,0,1,0,0,0,0,0,0
1377,4856,1,65,10,262,109,9.059999999999997,6.729999999999998,0.18,0,2,1,0,0,0,0,0,0,0
1390,240,1,29,30,189,139,15.09,10.36,2.6994,0,6,0,1,0,0,0,0,0,0
1433,467,1,39,6,12,139,13.7,8.83,0,0,8,0,0,0,0,1,0,0,0
1455,7409,1,77,9,17,82,8.41,3.77,0,0,6,0,1,0,0,0,0,0,0
1463,340,1,60,20,36,91,11.25,7.6899999999999995,4.284000000000001,0,5,0,0,0,0,0,0,0,1
1476,1659,1,21,20,0,59,6.1000000000000005,5.4399999999999995,0,0,8,0,0,0,0,1,0,0,0
1504,6455,1,45,11,69,318,11.48,7.419999999999999,2.115,0,1,0,0,0,0,0,1,0,0
1588,3481,1,74,5,4,137,13.7,9.629999999999999,0.08,0,3,0,0,1,0,0,0,0,0
1674,9367,1,51,17,234,180,9.2,5.380000000000001,0,0,7,0,0,0,1,0,0,0,0
1690,1242,1,21,12,476,78,13.450000000000001,6,0,0,8,0,0,0,0,1,0,0,0
1716,1391,1,19,19,1980,199,13.620000000000001,8.1,1.4580000000000002,0,8,0,0,0,0,1,0,0,0
1718,3405,1,28,25,270,67,7.89,5.1499999999999995,0,0,7,0,0,0,1,0,0,0,0
1742,11099,1,30,14,5,71,8.290000000000001,6.93,3,0,4,0,0,0,0,0,0,1,0
1771,5473,1,44,11,7,103,8.760000000000002,6.789999999999999,0,0,4,0,0,0,0,0,0,1,0
1783,10324,1,45,14,35,132,6.58,4.67,0,0,2,1,0,0,0,0,0,0,0
1830,4515,1,60,1,0,53,9.85,5.55,0,1,6,0,1,0,0,0,0,0,0
1848,4825,1,77,12,57,232,15.870000000000001,9.77,3.0894,0,6,0,1,0,0,0,0,0,0
1855,5261,1,37,8,1061,114,30.06,8.219999999999999,3.681,0,3,0,0,1,0,0,0,0,0
1857,426,1,33,17,11,161,5.739999999999998,3.51,6.5794,0,2,1,0,0,0,0,0,0,0
1859,1495,1,19,1,18,98,11.5,6.42,1.069,1,6,0,1,0,0,0,0,0,0
1884,4502,1,46,21,0,57,7.46,5.109999999999999,0.1863,0,8,0,0,0,0,1,0,0,0
1906,9296,1,28,26,26,159,18.159999999999997,11.889999999999999,0,0,7,0,0,0,1,0,0,0,0
1931,2627,1,34,20,1,132,10.75,8.42,0,0,8,0,0,0,0,1,0,0,0
1970,4067,1,22,26,9,93,10.740000000000002,6.13,1.6192,0,5,0,0,0,0,0,0,0,1
2005,11155,1,42,28,200,187,10.379999999999999,5.609999999999999,0.194,0,3,0,0,1,0,0,0,0,0
2029,9254,1,82,24,325,132,14.680000000000003,6.84,3.0860000000000003,0,3,0,0,1,0,0,0,0,0
2147,9770,1,35,19,1566,77,7.3,4.63,0,0,8,0,0,0,0,1,0,0,0
2189,6627,1,61,1,621,110,18.4,5.16,1.332,1,1,0,0,0,0,0,1,0,0
2241,477,1,65,2,26,55,4.46,3.88,0,0,6,0,1,0,0,0,0,0,0
2246,3072,1,21,8,23,152,10.05,6.55,0,0,1,0,0,0,0,0,1,0,0
2257,9875,1,72,10,125,101,5.999999999999999,3.779999999999999,0.105,0,2,1,0,0,0,0,0,0,0
2259,8715,1,40,21,23,103,7.38,6.3,2.1726,0,8,0,0,0,0,1,0,0,0
2301,3302,1,38,26,715,77,18.17,4.31,0,0,1,0,0,0,0,0,1,0,0
2312,3949,1,70,8,0,71,5.380000000000001,5.79,0.08,0,1,0,0,0,0,0,1,0,0
2320,2663,1,61,26,253,324,21.74,11.370000000000001,3.5360000000000005,0,7,0,0,0,1,0,0,0,0
2332,4687,1,21,24,52,81,7.949999999999999,6.07,0.7128,0,5,0,0,0,0,0,0,0,1
2369,4838,1,59,6,88,192,9.81,6.49,0.06,0,3,0,0,1,0,0,0,0,0
2418,4048,1,27,23,28,136,8.559999999999999,5.86,0,0,5,0,0,0,0,0,0,0,1
2435,8806,1,52,22,15,663,16.02,7.209999999999999,1.2879999999999998,0,8,0,0,0,0,1,0,0,0
2471,128,1,37,23,1,97,10.04,6.86,1.2421,0,5,0,0,0,0,0,0,0,1
2512,9821,1,30,23,3,197,18.369999999999997,13.629999999999999,0,0,7,0,0,0,1,0,0,0,0
2537,11780,1,38,26,335,160,18.27,10.4,0.04,0,7,0,0,0,1,0,0,0,0
2543,6607,1,42,19,203,102,8.83,5.27,1.1880000000000002,0,8,0,0,0,0,1,0,0,0
2583,3027,1,24,30,2,148,18.959999999999997,10.62,2.1564,0,1,0,0,0,0,0,1,0,0
2667,10429,1,34,7,19,99,9.47,6.17,0,1,6,0,1,0,0,0,0,0,0
2848,4016,1,30,12,0,20,2.9800000000000004,2.68,0,0,8,0,0,0,0,1,0,0,0
2894,1316,1,67,6,1922,306,18.42,12.01,4.1418,0,3,0,0,1,0,0,0,0,0
2963,11858,1,42,15,91,123,10.28,5.9399999999999995,0.945,0,4,0,0,0,0,0,0,1,0
3012,8807,1,69,21,565,130,16.81,4.37,0,0,1,0,0,0,0,0,1,0,0
3057,10714,1,75,24,660,38,16.5,3.29,0,0,8,0,0,0,0,1,0,0,0
3083,3414,1,39,25,0,75,5.56,5.079999999999999,0,0,7,0,0,0,1,0,0,0,0
3110,3134,1,51,8,8,114,10.879999999999999,7.799999999999999,0,0,8,0,0,0,0,1,0,0,0
3258,10467,1,60,16,39,184,14.9,8.03,0.8320000000000001,0,3,0,0,1,0,0,0,0,0
3263,8379,1,60,12,4,125,9.01,6.760000000000001,0,0,6,0,1,0,0,0,0,0,0
3331,5594,1,39,12,680,248,22.740000000000002,11.790000000000001,1.4896,0,1,0,0,0,0,0,1,0,0
3362,10079,1,62,6,30,108,31.549999999999997,7.6099999999999985,1.6,0,4,0,0,0,0,0,0,1,0
3384,9594,1,30,29,0,85,9.75,7.78,0,0,7,0,0,0,1,0,0,0,0
3399,3982,1,39,19,13,33,3.4899999999999998,2.68,1.614,0,8,0,0,0,0,1,0,0,0
3424,7943,1,67,12,34,203,12.5,6.129999999999999,2,0,1,0,0,0,0,0,1,0,0
3454,8403,1,28,24,10,72,4.7700000000000005,3.22,1,0,3,0,0,1,0,0,0,0,0
3485,5682,1,48,29,98,431,25.17,10.05,12.991999999999999,0,3,0,0,1,0,0,0,0,0
3508,42,1,38,29,375,285,15.73,8.94,5.385,0,3,0,0,1,0,0,0,0,0
3516,10096,1,40,1,170,155,9.780000000000001,5.460000000000001,0,1,1,0,0,0,0,0,1,0,0
3521,3285,1,54,3,3,99,7.319999999999998,4.6899999999999995,0,0,7,0,0,0,1,0,0,0,0
3538,10196,1,32,20,0,75,8.64,7.05,0.7,0,7,0,0,0,1,0,0,0,0
3564,10017,1,34,9,3,139,10.639999999999999,6.88,0.3672,0,1,0,0,0,0,0,1,0,0
3595,2927,1,61,14,896,154,26.029999999999998,8.04,0.21,0,2,1,0,0,0,0,0,0,0
3597,8035,1,23,8,10,238,9.430000000000001,6.739999999999999,0,0,1,0,0,0,0,0,1,0,0
3638,8489,1,75,11,6,89,6.4799999999999995,4.819999999999999,0,0,4,0,0,0,0,0,0,1,0
3654,5364,1,48,5,32,141,14.899999999999999,10.04,1.6694,0,3,0,0,1,0,0,0,0,0
3815,3005,1,55,21,9,160,12.500000000000002,8.03,3.7491000000000003,0,1,0,0,0,0,0,1,0,0
3837,7059,1,42,16,372,94,10.76,5.68,0,0,5,0,0,0,0,0,0,0,1
3844,9832,1,37,2,449,307,18.779999999999998,9.32,2.092,0,1,0,0,0,0,0,1,0,0
3867,1207,1,50,17,21,219,14.029999999999998,10.09,0.945,0,7,0,0,0,1,0,0,0,0
3920,399,1,35,25,631,169,22.470000000000002,8.219999999999999,1.2839999999999998,0,3,0,0,1,0,0,0,0,0
3997,8534,1,28,26,1,255,12.03,6.32,6.236799999999999,0,5,0,0,0,0,0,0,0,1
4014,8945,1,40,7,268,249,21.039999999999996,10.409999999999998,2.276,1,3,0,0,1,0,0,0,0,0
4028,5846,1,42,8,26,80,7.839999999999999,5.7299999999999995,1.515,0,8,0,0,0,0,1,0,0,0
4148,11717,1,28,16,1,87,6.36,5.26,0,0,5,0,0,0,0,0,0,0,1
4176,6356,1,39,5,55,110,11.349999999999998,6.149999999999999,0,0,3,0,0,1,0,0,0,0,0
4194,836,1,18,28,122,122,6.959999999999999,3.5299999999999994,0,0,3,0,0,1,0,0,0,0,0
4196,8121,1,34,22,455,82,14.340000000000002,6.26,4.375,0,5,0,0,0,0,0,0,0,1
4207,3514,1,55,9,22,66,4.33,4.17,0,0,8,0,0,0,0,1,0,0,0
4320,317,1,38,9,0,40,3.56,3.36,2.5,0,6,0,1,0,0,0,0,0,0
4322,1108,1,47,26,19,101,5.6499999999999995,4.3500000000000005,0.306,0,7,0,0,0,1,0,0,0,0
4344,770,1,43,14,55,141,15.829999999999998,9.64,5.475,0,1,0,0,0,0,0,1,0,0
4369,8939,1,18,7,40,114,6.219999999999999,4.699999999999999,0,1,1,0,0,0,0,0,1,0,0
4579,6786,1,35,24,629,85,18.500000000000004,6.279999999999999,0,0,5,0,0,0,0,0,0,0,1
4593,11302,1,52,31,3,67,4.8500000000000005,5.05,0,0,1,0,0,0,0,0,1,0,0
4619,2765,1,46,12,57,164,10.819999999999997,6.129999999999998,0,0,1,0,0,0,0,0,1,0,0
4620,3249,1,35,7,4,50,7.47,5.21,0,1,6,0,1,0,0,0,0,0,0
4644,8968,1,18,9,4,128,7.3100000000000005,7.079999999999999,0,0,4,0,0,0,0,0,0,1,0
4704,3642,1,22,26,616,92,15.700000000000001,5.709999999999999,0.9504000000000002,0,1,0,0,0,0,0,1,0,0
4723,2272,1,35,25,2,95,7.81,5.930000000000001,0,0,5,0,0,0,0,0,0,0,1
4733,7709,1,35,14,195,128,5.5,4.2,0,0,8,0,0,0,0,1,0,0,0
4771,3509,1,26,25,0,83,5.57,5.420000000000001,0,0,7,0,0,0,1,0,0,0,0
4871,4548,1,66,30,587,43,6.640000000000001,2.55,0.08,0,1,0,0,0,0,0,1,0,0
4960,7438,1,45,21,26,192,13.52,6.8999999999999995,2.14,0,3,0,0,1,0,0,0,0,0
5008,10286,1,35,28,42,174,8.08,6.209999999999999,0,0,7,0,0,0,1,0,0,0,0
5055,5087,1,41,24,1,133,6.440000000000001,4.5,4.066,0,8,0,0,0,0,1,0,0,0
5067,8582,1,20,25,87,141,9.589999999999998,6.089999999999999,1.1880000000000002,0,5,0,0,0,0,0,0,0,1
5069,1066,1,30,12,2,123,11.62,7.819999999999998,0,0,2,1,0,0,0,0,0,0,0
5089,3598,1,42,16,158,260,22.42,13.36,3.1636,0,4,0,0,0,0,0,0,1,0
5170,8901,1,42,14,482,358,20.79,13.58,6,0,1,0,0,0,0,0,1,0,0
5279,4742,1,53,9,10,112,3.9000000000000004,4.19,0,0,8,0,0,0,0,1,0,0,0
5321,5598,1,35,22,11,121,7.619999999999999,6.109999999999999,1.8,0,5,0,0,0,0,0,0,0,1
5336,847,1,23,23,0,96,11.319999999999997,7.67,0.1863,0,5,0,0,0,0,0,0,0,1
5386,4361,1,26,14,44,68,4.180000000000001,4.3,0.5940000000000001,0,8,0,0,0,0,1,0,0,0
5438,10291,1,30,20,1,81,6.86,5.669999999999999,0,0,5,0,0,0,0,0,0,0,1
5511,9067,1,30,21,0,34,2.67,2.9600000000000004,0,0,8,0,0,0,0,1,0,0,0
5552,10539,1,49,16,17,322,21.439999999999998,10.649999999999999,9.636399999999998,0,3,0,0,1,0,0,0,0,0
5558,9831,1,20,29,31,235,11.84,8.549999999999999,0.3942,0,7,0,0,0,1,0,0,0,0
5596,400,1,47,29,72,92,6.470000000000001,4.199999999999999,2.1402,0,4,0,0,0,0,0,0,1,0
5598,8307,1,45,23,6,108,23.32,8.56,1.838,0,3,0,0,1,0,0,0,0,0
5644,4670,1,30,28,4,85,10.929999999999998,7.3999999999999995,2.928,0,3,0,0,1,0,0,0,0,0
5660,4313,1,22,2,0,121,7.470000000000001,4.63,0,0,6,0,1,0,0,0,0,0,0
5871,11012,1,44,7,3,120,7.4399999999999995,5.92,0,1,1,0,0,0,0,0,1,0,0
5879,11842,1,19,23,91,113,7.979999999999999,6.979999999999999,1.1583,0,7,0,0,0,1,0,0,0,0
5898,8502,1,40,14,6,126,12.790000000000001,9.629999999999999,0,0,8,0,0,0,0,1,0,0,0
5973,8969,1,55,20,0,66,9.729999999999999,6.18,0,0,8,0,0,0,0,1,0,0,0
5996,3042,1,75,13,12,215,13.569999999999999,7.690000000000001,0,0,4,0,0,0,0,0,0,1,0
6071,9826,1,45,14,0,84,6.3,5.559999999999999,1.2,0,2,1,0,0,0,0,0,0,0
6119,7467,1,28,9,0,78,4.559999999999999,4.759999999999999,0,0,8,0,0,0,0,1,0,0,0
6155,1671,1,34,13,87,97,7.789999999999998,6.119999999999999,1.1880000000000002,0,1,0,0,0,0,0,1,0,0
6168,9569,1,65,24,83,155,12.39,8.1,3.706699999999999,0,3,0,0,1,0,0,0,0,0
6170,6455,1,22,11,67,303,11.52,8.09,2.115,0,1,0,0,0,0,0,1,0,0
6213,3805,1,19,12,28,212,19.55,12.97,1.25,0,6,0,1,0,0,0,0,0,0
6222,7594,1,39,28,20,102,7.749999999999999,5.449999999999999,0.135,0,3,0,0,1,0,0,0,0,0
6270,9866,1,55,5,598,190,14.25,7.31,0,0,8,0,0,0,0,1,0,0,0
6283,11134,1,36,13,1,122,13.15,8.76,0,0,7,0,0,0,1,0,0,0,0
6295,2914,1,41,25,48,103,5.890000000000001,5.249999999999999,0,0,4,0,0,0,0,0,0,1,0
6320,4865,1,30,25,25,91,7.57,6.239999999999999,2.361,0,7,0,0,0,1,0,0,0,0
6327,1730,1,40,22,16,279,18.93,11.11,4.494,0,8,0,0,0,0,1,0,0,0
6357,4842,1,19,25,5,85,9.719999999999999,6.72,0.8320000000000001,0,4,0,0,0,0,0,0,1,0
6368,10355,1,52,13,14,86,6.12,4.749999999999999,0,0,5,0,0,0,0,0,0,0,1
6411,1826,1,46,6,38,248,13.54,9.209999999999999,0,0,3,0,0,1,0,0,0,0,0
6458,9604,1,45,28,26,107,10.56,4.75,0,0,6,0,1,0,0,0,0,0,0
6510,11064,1,27,16,519,81,11.22,5.25,0,0,5,0,0,0,0,0,0,0,1
6589,4250,1,20,1,3,106,9.19,5.859999999999999,0,1,1,0,0,0,0,0,1,0,0
6595,4459,1,51,9,63,278,21.31,13.329999999999998,0,0,4,0,0,0,0,0,0,1,0
6677,4548,1,38,30,587,64,9.06,4.640000000000001,0.08,0,1,0,0,0,0,0,1,0,0
6691,4499,1,50,30,29,132,10.129999999999999,7.249999999999998,0.1395,0,6,0,1,0,0,0,0,0,0
6728,10348,1,41,6,760,292,20.99,12.889999999999997,1.4280000000000002,0,3,0,0,1,0,0,0,0,0
6772,5588,1,56,9,13,38,4.779999999999999,2.69,0.072,0,2,1,0,0,0,0,0,0,0
6784,3520,1,35,9,12,116,7.779999999999999,5.470000000000001,0,0,2,1,0,0,0,0,0,0,0
6813,693,1,26,26,16,98,5.17,5.26,0,0,7,0,0,0,1,0,0,0,0
6854,10905,1,55,22,10,78,5.139999999999999,5.13,0,0,1,0,0,0,0,0,1,0,0
6871,1377,1,33,7,4,95,4.18,3.45,0,1,1,0,0,0,0,0,1,0,0
6905,6804,1,38,12,25,85,5.71,4.93,0,0,2,1,0,0,0,0,0,0,0
6909,1744,1,65,6,5,79,6.659999999999998,5.0200000000000005,0,0,6,0,1,0,0,0,0,0,0
6945,2296,1,40,30,15,189,16.640000000000004,9.229999999999999,0.6138,0,6,0,1,0,0,0,0,0,0
6963,6739,1,50,20,0,126,6.77,5.83,0,0,5,0,0,0,0,0,0,0,1
7026,11519,1,37,26,832,101,21.51,5.9300000000000015,0,0,5,0,0,0,0,0,0,0,1
7080,8001,1,34,28,35,156,14.84,9.809999999999999,2.2600000000000002,0,3,0,0,1,0,0,0,0,0
7189,6512,1,30,26,857,69,20.51,3.9999999999999996,0,0,1,0,0,0,0,0,1,0,0
7199,9218,1,62,19,16,124,6.71,5.29,0,0,3,0,0,1,0,0,0,0,0
7204,2569,1,61,6,23,178,11.84,8.09,0,0,3,0,0,1,0,0,0,0,0
7213,3601,1,35,23,3,257,14.120000000000001,7.75,8.025,0,3,0,0,1,0,0,0,0,0
7297,4875,1,31,6,1303,39,2.87,3.59,0,0,8,0,0,0,0,1,0,0,0
7317,11283,1,35,2,150,233,14.02,8.32,2.52,0,3,0,0,1,0,0,0,0,0
7347,2501,1,38,12,0,40,2.28,2.95,0,0,8,0,0,0,0,1,0,0,0
7365,9878,1,22,7,11,149,14.59,7.979999999999999,0,1,6,0,1,0,0,0,0,0,0
7368,7270,1,35,11,895,13,2.48,0.9800000000000001,0,0,1,0,0,0,0,0,1,0,0
7456,2426,1,58,14,244,215,10.789999999999997,6.72,0,0,1,0,0,0,0,0,1,0,0
7466,10467,1,25,16,39,184,14.899999999999999,8.030000000000001,0.8320000000000001,0,3,0,0,1,0,0,0,0,0
7488,9832,1,62,2,221,192,13.12,6.41,2.092,0,1,0,0,0,0,0,1,0,0
7502,2006,1,60,13,14,87,4.42,4.260000000000001,0.08,0,7,0,0,0,1,0,0,0,0
7505,11511,1,42,22,89,201,12.959999999999997,8.51,1.4940000000000002,0,5,0,0,0,0,0,0,0,1
7526,7099,1,34,13,0,41,4.09,3.66,0,0,1,0,0,0,0,0,1,0,0
7678,5299,1,18,9,111,188,13.049999999999997,6.899999999999999,0,0,1,0,0,0,0,0,1,0,0
7697,9745,1,40,23,0,47,5.84,4.339999999999999,0,0,8,0,0,0,0,1,0,0,0
7716,2295,1,48,2,37,163,13.319999999999997,7.609999999999999,0,0,3,0,0,1,0,0,0,0,0
7751,7982,1,18,14,44,94,10.16,7.51,0.5940000000000001,0,4,0,0,0,0,0,0,1,0
7756,4136,1,18,26,25,78,7.34,5.279999999999999,0.41,0,5,0,0,0,0,0,0,0,1
7816,3509,1,70,25,0,40,2.6100000000000003,2.3200000000000003,0,0,7,0,0,0,1,0,0,0,0
7896,2156,1,28,17,187,222,11.76,9.109999999999998,0,0,3,0,0,1,0,0,0,0,0
7925,7311,1,28,1,483,332,15.219999999999999,6.729999999999998,6.446,1,3,0,0,1,0,0,0,0,0
7952,3684,1,39,22,37,866,23.5,10.34,2.3134000000000006,0,8,0,0,0,0,1,0,0,0
8025,6671,1,41,19,273,202,9.790000000000001,6.15,0,0,7,0,0,0,1,0,0,0,0
8044,11562,1,30,23,608,110,17.689999999999998,4.99,0,0,1,0,0,0,0,0,1,0,0
8049,6199,1,34,15,148,107,8.350000000000001,5.17,1.666,0,4,0,0,0,0,0,0,1,0
8081,3461,1,60,26,7,57,6.720000000000001,4.219999999999999,0,0,1,0,0,0,0,0,1,0,0
8179,4482,1,37,23,326,231,11.76,8.02,1.8,0,7,0,0,0,1,0,0,0,0
8193,6304,1,40,25,1096,341,23.24,11.81,2.502,0,5,0,0,0,0,0,0,0,1
8207,4843,1,35,9,0,49,5.05,4.47,0,0,8,0,0,0,0,1,0,0,0
8262,2524,1,26,26,196,111,9.61,6.589999999999999,1.1880000000000002,0,7,0,0,0,1,0,0,0,0
8301,1980,1,48,23,15,633,12.529999999999998,8.02,1.2495000000000005,0,8,0,0,0,0,1,0,0,0
8338,4782,1,18,12,0,46,3.3000000000000003,3.73,0,0,8,0,0,0,0,1,0,0,0
8341,11583,1,19,8,177,114,6.9799999999999995,6.499999999999998,2.3760000000000003,0,6,0,1,0,0,0,0,0,0
8362,7751,1,47,23,8,97,9.799999999999999,7.3999999999999995,0,0,7,0,0,0,1,0,0,0,0
8369,3746,1,33,24,2255,125,11.120000000000001,6.07,0,0,4,0,0,0,0,0,0,1,0
8418,1829,1,38,9,19,137,13.090000000000002,8.56,0,0,8,0,0,0,0,1,0,0,0
8519,3067,1,46,2,197,142,9.049999999999999,4.529999999999999,1,0,1,0,0,0,0,0,1,0,0
8565,1391,1,41,19,1980,204,14.01,8.709999999999999,1.4580000000000002,0,8,0,0,0,0,1,0,0,0
8589,10673,1,50,31,1013,122,9.06,5.379999999999999,4.94,0,1,0,0,0,0,0,1,0,0
8655,3034,1,20,25,24,102,8.969999999999999,5.659999999999999,0.856,0,1,0,0,0,0,0,1,0,0
8663,156,1,19,28,22,49,5.720000000000001,2.73,1,0,6,0,1,0,0,0,0,0,0
8671,5945,1,60,23,65,185,20.910000000000007,12.370000000000003,5.9399999999999995,0,3,0,0,1,0,0,0,0,0
8790,4088,1,19,28,86,128,9.219999999999999,7.039999999999999,1.1583,0,7,0,0,0,1,0,0,0,0
8879,3947,1,46,18,5,91,7.19,6.1,1,0,5,0,0,0,0,0,0,0,1
8936,3460,1,25,22,0,84,8.049999999999999,6.09,0,0,5,0,0,0,0,0,0,0,1
8948,10440,1,38,23,8,135,12.700000000000001,8.43,0,0,3,0,0,1,0,0,0,0,0
8949,6592,1,18,8,47,155,9.059999999999999,6.0600000000000005,0,0,1,0,0,0,0,0,1,0,0
9082,5064,1,52,29,8,77,8.870000000000001,5.109999999999999,0,0,1,0,0,0,0,0,1,0,0
9084,8995,1,55,26,5,87,8.4,6.819999999999999,3.4000000000000004,0,5,0,0,0,0,0,0,0,1
9093,7917,1,60,26,79,85,13.5,6.959999999999998,2.424,0,1,0,0,0,0,0,1,0,0
9112,8977,1,33,10,100,202,8.72,6.489999999999999,0,0,1,0,0,0,0,0,1,0,0
9115,7596,1,23,26,174,86,5.45,3.97,2.5260000000000002,0,7,0,0,0,1,0,0,0,0
9142,6799,1,52,28,49,134,10.77,5.21,0.2115,0,6,0,1,0,0,0,0,0,0
9184,9577,1,33,6,2,82,7.46,5.47,0,0,6,0,1,0,0,0,0,0,0
9197,11240,1,40,29,361,96,12.66,5.59,0,0,1,0,0,0,0,0,1,0,0
9226,1555,1,65,6,102,184,7.37,4.67,0.306,0,4,0,0,0,0,0,0,1,0
9370,10762,1,19,28,496,413,9.37,5.4399999999999995,0.16,0,3,0,0,1,0,0,0,0,0
9411,6926,1,37,9,15,73,6.26,3.69,0.075,0,2,1,0,0,0,0,0,0,0
9432,1293,1,40,8,400,295,25.440000000000005,17.21,4.73,0,3,0,0,1,0,0,0,0,0
9474,1991,1,22,24,0,52,5.4799999999999995,4.25,0,0,8,0,0,0,0,1,0,0,0
9533,4946,1,75,18,1,84,7.75,5.37,2.625,0,5,0,0,0,0,0,0,0,1
9537,9680,1,41,2,16,140,7.419999999999999,4.749999999999999,0,0,6,0,1,0,0,0,0,0,0
9559,4939,1,51,9,24,166,11.509999999999998,7.639999999999999,0.5094000000000001,0,2,1,0,0,0,0,0,0,0
9636,10605,1,35,20,3947,122,11.809999999999999,5.21,0,0,8,0,0,0,0,1,0,0,0
9661,3901,1,53,12,86,355,16.8,10.929999999999998,3.15,0,6,0,1,0,0,0,0,0,0
9713,4570,1,50,14,537,726,18.53,9.79,13.2975,0,2,1,0,0,0,0,0,0,0
9766,7815,1,37,6,120,192,11.03,8.610000000000001,1,0,4,0,0,0,0,0,0,1,0
9835,6165,1,35,8,10,107,7.869999999999999,6.379999999999999,0,0,1,0,0,0,0,0,1,0,0
9858,2107,1,60,27,22,128,18.099999999999998,9.79,3.9375,0,4,0,0,0,0,0,0,1,0
9885,4512,1,22,7,4,175,8.57,6.93,0.8,1,1,0,0,0,0,0,1,0,0
9936,10174,1,23,9,67,131,10.39,6.829999999999998,0,0,4,0,0,0,0,0,0,1,0
9940,7934,1,22,26,18,110,11.36,6.299999999999999,0,0,3,0,0,1,0,0,0,0,0
9955,9391,1,38,20,45,79,7.5200000000000005,5.409999999999999,0.5940000000000001,0,5,0,0,0,0,0,0,0,1
10043,1444,1,20,12,34,437,19.96,12.780000000000001,0,0,6,0,1,0,0,0,0,0,0
10125,7181,1,35,10,6,84,5.72,4.319999999999999,0.912,0,4,0,0,0,0,0,0,1,0
10198,4030,1,42,24,38,76,6.99,2.64,1.5708000000000002,0,3,0,0,1,0,0,0,0,0
10242,5751,1,57,25,20,48,6.68,4.46,0,0,1,0,0,0,0,0,1,0,0
10317,10437,1,44,3,0,55,6.299999999999999,4.469999999999999,1,0,6,0,1,0,0,0,0,0,0
10374,7044,1,37,15,1,154,21.75,14.180000000000001,0,0,8,0,0,0,0,1,0,0,0
10385,10511,1,25,23,2326,188,16.32,8.01,4.935600000000001,0,1,0,0,0,0,0,1,0,0
10418,3947,1,18,18,5,91,7.19,6.1,1,0,5,0,0,0,0,0,0,0,1
10439,3858,1,50,3,247,171,8.81,5.7299999999999995,0,0,7,0,0,0,1,0,0,0,0
10473,8944,1,70,15,94,139,8.39,6.15,1.1880000000000002,0,4,0,0,0,0,0,0,1,0
10489,3988,1,50,16,2,121,6.640000000000001,5.5600000000000005,0,0,2,1,0,0,0,0,0,0,0
10520,5112,1,45,23,99,176,11.77,7.1,1.348,0,3,0,0,1,0,0,0,0,0
10639,7235,1,29,25,0,70,7.249999999999999,5.4799999999999995,0,0,7,0,0,0,1,0,0,0,0
10672,7232,1,30,15,267,94,16.749999999999996,10.099999999999998,2.799,0,2,1,0,0,0,0,0,0,0
10687,9367,1,22,17,234,180,9.2,5.38,0,0,7,0,0,0,1,0,0,0,0
10735,6541,1,30,19,60,128,26.169999999999998,6.3599999999999985,0,0,7,0,0,0,1,0,0,0,0
10759,4954,1,49,9,0,67,10.169999999999998,5.85,0,0,6,0,1,0,0,0,0,0,0
10779,3502,1,43,16,22,211,14.16,8.33,0.3132,0,3,0,0,1,0,0,0,0,0
10799,1122,1,38,7,52,65,4.96,2.9499999999999997,0,1,1,0,0,0,0,0,1,0,0
10928,7437,1,28,14,33,100,6.640000000000001,6.79,0,0,4,0,0,0,0,0,0,1,0
10941,6543,1,25,21,715,205,7.939999999999999,4.800000000000001,1.15884,0,8,0,0,0,0,1,0,0,0
10971,3669,1,26,14,39,195,12.16,8.790000000000001,0,0,1,0,0,0,0,0,1,0,0
10987,5627,1,31,5,2402,94,10.23,6.58,3.332,0,7,0,0,0,1,0,0,0,0
10996,11123,1,45,12,0,36,2.99,2.96,0,0,8,0,0,0,0,1,0,0,0
11010,7200,1,28,15,5,191,12.399999999999997,7.5699999999999985,0,0,1,0,0,0,0,0,1,0,0
11076,10017,1,56,9,3,122,8.29,5.21,0.3672,0,1,0,0,0,0,0,1,0,0
11112,10855,1,40,13,25,52,4.8100000000000005,4.01,0.18,0,2,1,0,0,0,0,0,0,0
11124,4825,1,42,12,60,321,24.26,16.259999999999998,3.0894000000000004,0,6,0,1,0,0,0,0,0,0
11298,3461,1,33,26,7,57,6.719999999999999,4.22,0,0,1,0,0,0,0,0,1,0,0
11302,4676,1,18,24,22,204,16.54,8.429999999999998,0,0,3,0,0,1,0,0,0,0,0
11321,4836,1,42,5,7,74,5.5600000000000005,4.19,0,0,8,0,0,0,0,1,0,0,0
11349,6097,1,62,29,5,100,11.379999999999999,7.25,2.727,0,4,0,0,0,0,0,0,1,0
11468,553,1,53,14,1,68,8.92,5.739999999999999,9.94,0,4,0,0,0,0,0,0,1,0
11472,8794,1,24,14,101,211,19.2,11.88,1.1880000000000002,0,1,0,0,0,0,0,1,0,0
11615,9343,1,35,22,107,177,20.879999999999995,10.03,2.5380000000000003,0,8,0,0,0,0,1,0,0,0
11642,11662,1,37,11,80,194,7.649999999999999,6.139999999999999,0,0,1,0,0,0,0,0,1,0,0
11674,10500,1,33,8,74,134,10.129999999999997,7.2299999999999995,1.4130000000000003,0,2,1,0,0,0,0,0,0,0
11703,4206,1,65,11,130,74,6.9,4.62,0,0,8,0,0,0,0,1,0,0,0
11709,8879,1,18,9,45,175,14.34,9.389999999999999,2.0860000000000003,0,4,0,0,0,0,0,0,1,0
11736,7097,1,23,24,51,110,6.43,5.21,0,0,3,0,0,1,0,0,0,0,0
11754,9912,1,24,16,0,61,5.77,4.47,0,0,2,1,0,0,0,0,0,0,0
11760,240,1,24,30,189,129,13.759999999999998,9.409999999999998,2.6994,0,6,0,1,0,0,0,0,0,0
11767,4654,1,38,26,851,94,7.489999999999999,7.45,1.25,0,7,0,0,0,1,0,0,0,0
11841,9470,1,32,25,860,88,20.75,5.21,0,0,5,0,0,0,0,0,0,0,1
11894,274,1,36,13,93,97,10.100000000000001,6.35,0,0,5,0,0,0,0,0,0,0,1
11939,773,1,19,14,419,245,11.739999999999998,5.59,0,0,1,0,0,0,0,0,1,0,0
11999,3629,1,20,15,0,45,3.98,3.89,0,0,8,0,0,0,0,1,0,0,0
12004,4088,1,40,28,86,128,9.22,7.039999999999999,1.1583,0,7,0,0,0,1,0,0,0,0
12071,10612,1,39,26,1,109,8.89,7.51,0,0,7,0,0,0,1,0,0,0,0
12076,2211,1,72,24,20,70,5.97,4.8,0,0,8,0,0,0,0,1,0,0,0
12120,712,1,40,14,44,88,7.920000000000001,4.4799999999999995,0,0,1,0,0,0,0,0,1,0,0
12133,2111,1,41,23,1285,102,5.51,5.8,0,0,7,0,0,0,1,0,0,0,0
12253,3024,1,40,26,10,84,6.73,5.469999999999999,1.2480000000000002,0,5,0,0,0,0,0,0,0,1
12329,9404,1,20,26,3,100,5.58,5.2299999999999995,3.8885,0,7,0,0,0,1,0,0,0,0
12379,10097,1,24,10,782,54,5.54,4.77,0,0,8,0,0,0,0,1,0,0,0
12408,4838,1,34,6,79,184,8.35,6.849999999999999,0.06,0,3,0,0,1,0,0,0,0,0
12512,11780,1,65,26,335,160,18.27,10.4,0.04,0,7,0,0,0,1,0,0,0,0
12535,828,1,35,1,57,65,4.37,4.2700000000000005,0,1,1,0,0,0,0,0,1,0,0
12598,3549,1,45,10,50,119,6.429999999999999,5.879999999999999,0,0,6,0,1,0,0,0,0,0,0
12613,5406,1,32,9,872,60,2.91,3.63,7.896,0,8,0,0,0,0,1,0,0,0
12695,4301,1,20,29,268,146,14.609999999999998,7.31,1.8,0,3,0,0,1,0,0,0,0,0
12699,8836,1,65,5,124,260,19.999999999999996,12.46,5.091,0,8,0,0,0,0,1,0,0,0
12795,1395,1,42,24,566,181,23.429999999999996,13.709999999999999,1.4280000000000002,0,7,0,0,0,1,0,0,0,0
12858,10851,1,18,10,900,236,7.48,4.8999999999999995,0,0,8,0,0,0,0,1,0,0,0
12912,9429,1,62,28,3992,187,23.58,16.99,6.959099999999999,0,3,0,0,1,0,0,0,0,0
12932,4382,1,22,14,4,90,6.779999999999999,5.45,0,0,8,0,0,0,0,1,0,0,0
13009,10179,1,25,11,9,78,5.43,4.83,0,0,8,0,0,0,0,1,0,0,0
13059,3457,1,42,24,13,163,15.3,10.38,0,0,7,0,0,0,1,0,0,0,0
13226,9429,1,19,28,4869,209,25.79,17.87,6.959099999999999,0,3,0,0,1,0,0,0,0,0
13319,3052,1,35,10,27,229,19.329999999999995,10.490000000000002,0,0,6,0,1,0,0,0,0,0,0
13376,3795,1,35,12,0,60,5.6000000000000005,4.95,0,0,8,0,0,0,0,1,0,0,0
13393,8794,1,54,14,101,211,19.2,11.879999999999999,1.1880000000000002,0,1,0,0,0,0,0,1,0,0
13396,5209,1,28,14,1,88,10.799999999999999,7.58,0,0,8,0,0,0,0,1,0,0,0
13503,3580,1,68,29,131,49,13.129999999999994,3.049999999999999,1.285,0,3,0,0,1,0,0,0,0,0
13626,829,1,55,24,64,149,13.22,7.23,0.5940000000000001,0,3,0,0,1,0,0,0,0,0
13658,10795,1,32,9,8,81,7.489999999999999,4.369999999999999,0,0,6,0,1,0,0,0,0,0,0
13708,5622,1,56,24,0,56,3.7399999999999998,4.39,0,0,7,0,0,0,1,0,0,0,0
13717,5480,1,44,22,29,93,7.199999999999999,5.21,0,0,5,0,0,0,0,0,0,0,1
13719,8629,1,58,25,1,122,4.26,3.39,4.2265,0,8,0,0,0,0,1,0,0,0
13862,644,1,55,12,9,130,11.599999999999996,5.7299999999999995,4.5287999999999995,0,6,0,1,0,0,0,0,0,0
13905,4829,1,41,24,1329,67,7.3,4.6000000000000005,0,0,8,0,0,0,0,1,0,0,0
13933,7592,1,50,23,44,119,8.85,7.26,0.5562,0,3,0,0,1,0,0,0,0,0
14052,3739,1,40,21,6,77,6.5699999999999985,4.4399999999999995,0,0,1,0,0,0,0,0,1,0,0
14069,3217,1,42,16,32,100,9.629999999999999,5.369999999999999,0.29600000000000004,0,2,1,0,0,0,0,0,0,0
14114,5048,1,44,15,536,140,12.6,6.61,0.21600000000000005,0,4,0,0,0,0,0,0,1,0
14173,1482,1,51,28,18,127,10.340000000000002,6.6899999999999995,0,0,1,0,0,0,0,0,1,0,0
14174,10304,1,77,8,14,57,7.1,4.5600000000000005,0.102,0,8,0,0,0,0,1,0,0,0
14178,11268,1,32,14,835,244,19.000000000000004,6.5200000000000005,0,0,2,1,0,0,0,0,0,0,0
14180,9278,1,34,28,87,235,13.6,10.6,1.96,0,7,0,0,0,1,0,0,0,0
14215,9829,1,30,29,104,90,6.499999999999999,5.11,1.2280000000000002,0,4,0,0,0,0,0,0,1,0
14308,1358,1,50,28,19,117,9.549999999999999,5.23,0,0,6,0,1,0,0,0,0,0,0
14403,6182,1,60,14,14,90,4.539999999999999,3.9,0,0,8,0,0,0,0,1,0,0,0
14455,6490,1,48,23,2961,131,13.180000000000003,4.890000000000001,1.8800000000000001,0,1,0,0,0,0,0,1,0,0
14508,9254,1,42,24,497,140,12.489999999999998,5.3100000000000005,2.191,0,3,0,0,1,0,0,0,0,0
14514,8223,1,70,11,1,78,8.409999999999998,5.82,0,0,8,0,0,0,0,1,0,0,0
14545,5358,1,20,23,100,99,7.63,5.49,3.0532000000000004,0,1,0,0,0,0,0,1,0,0
14592,815,1,30,12,0,55,5.039999999999999,4.18,0,0,4,0,0,0,0,0,0,1,0
14644,11404,1,70,11,16,85,6.019999999999999,5.1,1.614,0,1,0,0,0,0,0,1,0,0
14706,627,1,66,1,62,253,10.37,7.05,0,1,6,0,1,0,0,0,0,0,0
14721,10245,1,59,25,1,96,14.709999999999999,9.28,0,0,8,0,0,0,0,1,0,0,0
14729,2201,1,34,17,11,100,8.19,5.54,2.3526,0,7,0,0,0,1,0,0,0,0
14739,8682,1,70,13,2,105,7.6499999999999995,5.81,0,0,2,1,0,0,0,0,0,0,0
14749,681,1,35,22,77,233,7.550000000000001,5.099999999999999,5.7352,0,5,0,0,0,0,0,0,0,1
14776,5622,1,60,24,0,78,5.14,5.819999999999999,0,0,7,0,0,0,1,0,0,0,0
14787,10304,1,40,8,14,66,7.739999999999998,5.569999999999999,0.102,0,8,0,0,0,0,1,0,0,0
14790,9680,1,19,2,16,140,7.419999999999998,4.75,0,0,6,0,1,0,0,0,0,0,0
14798,5017,1,34,9,4,71,4.47,4.33,0.4518000000000001,0,2,1,0,0,0,0,0,0,0
14806,773,1,23,14,419,251,12.129999999999999,6.1899999999999995,0,0,1,0,0,0,0,0,1,0,0
14841,10511,1,18,23,2312,191,15.889999999999997,7.68,3.9356000000000004,0,1,0,0,0,0,0,1,0,0
14898,9232,1,66,6,96,214,18.17,8.71,2,0,1,0,0,0,0,0,1,0,0
14899,10704,1,48,11,2,162,19.74,12.7,5.35,0,4,0,0,0,0,0,0,1,0
14955,7907,1,29,5,254,164,7.289999999999999,3.6900000000000004,4.3414,0,7,0,0,0,1,0,0,0,0
15026,11407,1,50,2,37,82,12.360000000000001,4.83,5,0,6,0,1,0,0,0,0,0,0
15070,9065,1,40,2,4,146,9.459999999999999,5.37,0,0,6,0,1,0,0,0,0,0,0
15105,9646,1,20,12,303,213,9.58,5.989999999999998,0,0,1,0,0,0,0,0,1,0,0
15130,1533,1,48,29,2,113,14.38,8.979999999999999,0.08,0,3,0,0,1,0,0,0,0,0
15178,211,1,24,16,0,94,8.85,6.58,0,0,5,0,0,0,0,0,0,0,1
15209,10855,1,18,13,25,41,3.8800000000000003,3.18,0.18,0,2,1,0,0,0,0,0,0,0
15217,1685,1,55,9,3,123,11.320000000000002,6.199999999999999,1.1816,0,1,0,0,0,0,0,1,0,0
15279,4428,1,40,6,103,173,12.919999999999998,6.22,0,0,6,0,1,0,0,0,0,0,0
15320,10511,1,22,23,2312,191,15.889999999999997,7.679999999999999,3.9356000000000004,0,1,0,0,0,0,0,1,0,0
15339,943,1,36,17,21,57,3.35,4.16,0.15,0,2,1,0,0,0,0,0,0,0
15669,8379,1,18,12,4,133,10.139999999999999,7.5600000000000005,0,0,6,0,1,0,0,0,0,0,0
15692,1565,1,47,10,48,381,14.91,9.280000000000001,0,0,6,0,1,0,0,0,0,0,0
15741,843,1,35,8,10,261,19.28,12.790000000000001,0.2916,0,1,0,0,0,0,0,1,0,0
15776,9936,1,38,1,90,121,8.31,6.640000000000001,2.5280000000000005,1,3,0,0,1,0,0,0,0,0
15817,584,1,34,2,1,70,13.93,6.01,6.152,0,6,0,1,0,0,0,0,0,0
15825,1219,1,45,6,8,74,4.43,4.61,0,0,6,0,1,0,0,0,0,0,0
15909,11385,1,50,8,5,168,9.58,6.05,1.8711,0,1,0,0,0,0,0,1,0,0
15936,6254,1,37,19,2710,195,15.21,8.95,3.644,0,3,0,0,1,0,0,0,0,0
15943,11431,1,37,13,44,150,13.86,10.920000000000002,4.14,0,1,0,0,0,0,0,1,0,0
15972,10405,1,29,10,648,193,7.1,5.06,0,0,8,0,0,0,0,1,0,0,0
16046,4720,1,70,15,851,261,26.460000000000004,7.039999999999999,6.195999999999999,0,2,1,0,0,0,0,0,0,0
16067,4929,1,48,29,17,133,13.589999999999996,8.18,0,0,3,0,0,1,0,0,0,0,0
16097,9539,1,30,28,24,162,10.339999999999998,5.069999999999999,3.5762,0,6,0,1,0,0,0,0,0,0
16119,8494,1,45,7,515,331,23.73,6.649999999999999,8.209,1,3,0,0,1,0,0,0,0,0
16206,806,1,45,2,493,137,15.33,3.9699999999999998,3.2421,0,1,0,0,0,0,0,1,0,0
16230,10661,1,58,13,19,105,12.909999999999998,6.32,0,0,1,0,0,0,0,0,1,0,0
16244,902,1,50,8,446,46,3.86,3.7,0,0,8,0,0,0,0,1,0,0,0
16294,7033,1,47,28,2,110,8.21,7.170000000000001,1.332,0,7,0,0,0,1,0,0,0,0
16367,9355,1,35,17,355,49,8.78,4.66,0.08,0,2,1,0,0,0,0,0,0,0
16372,2996,1,45,26,31,202,12.07,6.2299999999999995,2.19,0,7,0,0,0,1,0,0,0,0
16396,5653,1,47,10,39,113,9.490000000000002,7.02,0,0,1,0,0,0,0,0,1,0,0
16454,3804,1,18,5,16,73,4.510000000000001,4.459999999999999,0,0,8,0,0,0,0,1,0,0,0
16495,8125,1,30,11,11,100,6.409999999999998,5.33,0,0,8,0,0,0,0,1,0,0,0
16546,11070,1,30,8,4,44,2.5900000000000003,3.2699999999999996,0,0,6,0,1,0,0,0,0,0,0
16612,7735,1,32,3,0,86,7.779999999999999,6.66,0,0,7,0,0,0,1,0,0,0,0
16662,2927,1,22,14,896,122,20.76,5.09,0.21,0,2,1,0,0,0,0,0,0,0
16699,11407,1,22,2,37,82,12.340000000000002,4.829999999999999,5,0,6,0,1,0,0,0,0,0,0
16732,667,1,45,12,517,317,19.21,8.889999999999999,4.8474,0,1,0,0,0,0,0,1,0,0
16754,2552,1,19,10,744,445,21.62,10.389999999999999,1.28,0,4,0,0,0,0,0,0,1,0
16804,11873,1,40,14,2,119,17.12,11.62,3.4547000000000003,0,4,0,0,0,0,0,0,1,0
16824,6635,1,52,24,61,169,17.84,11.37,0,0,3,0,0,1,0,0,0,0,0
16828,843,1,28,8,10,261,19.28,12.790000000000001,0.2916,0,1,0,0,0,0,0,1,0,0
16830,2407,1,38,9,678,28,1.75,2.44,0,0,8,0,0,0,0,1,0,0,0
16854,9377,1,54,21,9,107,5.88,5.91,0,0,8,0,0,0,0,1,0,0,0
16883,9296,1,62,26,1,161,17.51,12.47,3.15,0,7,0,0,0,1,0,0,0,0
16912,5076,1,43,4,8,91,9.84,6.739999999999999,0,0,8,0,0,0,0,1,0,0,0
16923,8675,1,60,5,1,102,11.879999999999999,8.819999999999999,0,0,8,0,0,0,0,1,0,0,0
16933,4441,1,56,14,83,136,9.3,6.649999999999999,1.8744,0,4,0,0,0,0,0,0,1,0
16935,783,1,32,13,10,45,3.92,2.65,0,0,7,0,0,0,1,0,0,0,0
16943,8651,1,43,12,32,75,6.6499999999999995,4.740000000000001,0,0,2,1,0,0,0,0,0,0,0
16997,9542,1,55,19,151,214,10.360000000000001,7.68,0,0,7,0,0,0,1,0,0,0,0
17010,11383,1,24,6,33,102,5.9399999999999995,3.96,0,0,6,0,1,0,0,0,0,0,0
17077,3371,1,44,22,2,73,6.07,5.02,1.8,0,5,0,0,0,0,0,0,0,1
17097,10782,1,43,17,20,108,8.319999999999999,4.71,0.099,0,5,0,0,0,0,0,0,0,1
17266,4680,1,48,14,1477,203,11.290000000000001,6,1.3940000000000001,0,1,0,0,0,0,0,1,0,0
17303,6528,1,24,21,15,72,5.8999999999999995,4.37,0,0,8,0,0,0,0,1,0,0,0
17305,10968,1,27,25,27,99,8.37,6.569999999999999,0.04,0,1,0,0,0,0,0,1,0,0
17345,9946,1,42,26,32,255,10.11,5.669999999999999,0,0,7,0,0,0,1,0,0,0,0
17367,6719,1,36,14,82,270,36.63000000000001,6.579999999999998,0,0,1,0,0,0,0,0,1,0,0
17428,3187,1,34,22,217,177,24.93,6.26,0,0,7,0,0,0,1,0,0,0,0
17431,6206,1,30,11,9,151,9.319999999999999,6.839999999999999,0,0,4,0,0,0,0,0,0,1,0
17460,3072,1,56,8,23,141,9.28,5.339999999999999,0,0,1,0,0,0,0,0,1,0,0
17471,2611,1,37,27,9,82,13.94,5.04,0,0,4,0,0,0,0,0,0,1,0
17498,6402,1,34,23,388,133,15.009999999999998,4.16,1.98,0,3,0,0,1,0,0,0,0,0
17502,11015,1,54,14,262,287,20.880000000000003,11.17,3.8864,0,4,0,0,0,0,0,0,1,0
17519,10851,1,75,10,900,232,7.19,4.449999999999999,0,0,8,0,0,0,0,1,0,0,0
17524,8969,1,24,20,0,66,9.73,6.180000000000001,0,0,8,0,0,0,0,1,0,0,0
17583,1098,1,40,13,4,165,8.709999999999999,6.359999999999999,0,0,1,0,0,0,0,0,1,0,0
17622,151,1,60,22,5,60,7.06,4.309999999999999,0,0,5,0,0,0,0,0,0,0,1
17634,2219,1,39,23,2,268,9.17,4.52,10.5395,0,5,0,0,0,0,0,0,0,1
17636,128,1,65,23,1,97,10.04,6.860000000000001,1.2421,0,5,0,0,0,0,0,0,0,1
17666,3141,1,60,14,35,102,8.34,5.51,0,0,4,0,0,0,0,0,0,1,0
17783,7592,1,18,23,36,108,10.449999999999998,7.059999999999999,0.4401000000000001,0,3,0,0,1,0,0,0,0,0
17785,11459,1,50,12,0,36,6.239999999999999,2.5499999999999994,0,0,1,0,0,0,0,0,1,0,0
17802,2682,1,29,9,52,145,10.89,7.91,0.174,0,2,1,0,0,0,0,0,0,0
17806,6762,1,60,29,124,130,14.07,7.93,1.348,0,4,0,0,0,0,0,0,1,0
17828,7948,1,40,1,80,168,12.329999999999997,7.34,0,1,6,0,1,0,0,0,0,0,0
17833,8836,1,30,5,123,243,17.69,10.829999999999998,5.091,0,8,0,0,0,0,1,0,0,0
17863,6498,1,23,6,5,83,7.78,4.75,0,0,8,0,0,0,0,1,0,0,0
17990,9083,1,35,10,141,111,8.259999999999998,3.8899999999999983,2.771299999999999,0,8,0,0,0,0,1,0,0,0
18016,2875,1,52,22,15,93,15.680000000000001,6.709999999999999,3.5496,0,8,0,0,0,0,1,0,0,0
18019,2219,1,72,23,2,268,9.17,4.52,10.5395,0,5,0,0,0,0,0,0,0,1
18143,5035,1,78,9,2,67,3.5,1.7000000000000002,0,0,6,0,1,0,0,0,0,0,0
18183,2765,1,23,12,57,164,10.82,6.129999999999999,0,0,1,0,0,0,0,0,1,0,0
18189,4990,1,28,23,2765,122,17.02,7.619999999999999,4.292,0,1,0,0,0,0,0,1,0,0
18202,7150,1,33,10,26,213,8.58,6.390000000000001,0.6538,0,4,0,0,0,0,0,0,1,0
18309,3067,1,25,2,197,142,9.05,4.53,1,0,1,0,0,0,0,0,1,0,0
18331,7798,1,35,9,62,101,9.379999999999997,6.51,0.18,0,2,1,0,0,0,0,0,0,0
18343,8629,1,30,25,1,122,4.259999999999999,3.39,4.2265,0,8,0,0,0,0,1,0,0,0
18371,5388,1,19,17,27,92,6.499999999999998,5.4,1.26,0,5,0,0,0,0,0,0,0,1
18404,9528,1,60,7,10,137,4.9,4.89,0,1,1,0,0,0,0,0,1,0,0
18432,1389,1,42,25,195,53,5.779999999999999,4.199999999999999,0,0,7,0,0,0,1,0,0,0,0
18527,1842,1,19,23,1,99,7.1,6.06,4.3,0,7,0,0,0,1,0,0,0,0
18656,9082,1,20,23,10,139,17.49,10.089999999999996,2.065,0,3,0,0,1,0,0,0,0,0
18659,9866,1,28,5,598,176,10.579999999999998,5.349999999999999,0,0,8,0,0,0,0,1,0,0,0
18665,6457,1,36,16,11,78,6.489999999999999,4.68,0,0,5,0,0,0,0,0,0,0,1
18825,3629,1,35,15,0,45,3.9800000000000004,3.8899999999999997,0,0,8,0,0,0,0,1,0,0,0
18831,5197,1,22,7,144,78,10.43,6.069999999999999,0,1,6,0,1,0,0,0,0,0,0
18857,11404,1,35,11,16,92,6.54,5.909999999999998,1.614,0,1,0,0,0,0,0,1,0,0
18864,3104,1,30,26,3662,109,12.07,4.529999999999999,0,0,1,0,0,0,0,0,1,0,0
18885,6401,1,52,22,258,207,40.3,6.090000000000001,0,0,7,0,0,0,1,0,0,0,0
18917,6439,1,41,19,26,163,11.099999999999998,6.500000000000002,0,0,8,0,0,0,0,1,0,0,0
18927,5965,1,38,16,0,108,8.18,5.0600000000000005,2.9,0,5,0,0,0,0,0,0,0,1
18948,3471,1,50,6,298,326,14.3,8.03,1.5,0,1,0,0,0,0,0,1,0,0
18991,1151,1,33,8,1,81,8.41,7.25,0.945,0,6,0,1,0,0,0,0,0,0
19002,3647,1,45,15,180,112,15.360000000000001,9.320000000000002,0,0,2,1,0,0,0,0,0,0,0
19027,11572,1,28,23,16,180,16.169999999999998,9.07,0,0,8,0,0,0,0,1,0,0,0
19050,3697,1,56,23,101,143,16.349999999999998,9.68,1.1880000000000002,0,8,0,0,0,0,1,0,0,0
19058,2659,1,37,26,497,66,13.57,4.369999999999999,0,0,5,0,0,0,0,0,0,0,1
19070,7929,1,38,26,7,108,9.7,7.81,2.656,0,7,0,0,0,1,0,0,0,0
19101,2615,1,26,12,575,470,19.189999999999998,8.899999999999999,5.304,0,1,0,0,0,0,0,1,0,0
19206,1452,1,65,10,61,119,10.660000000000002,6.989999999999999,0.21600000000000005,0,2,1,0,0,0,0,0,0,0
19324,439,1,19,17,88,138,6.789999999999999,5.92,3.075,0,3,0,0,1,0,0,0,0,0
19368,1261,1,21,27,5,95,12.84,7.049999999999999,0,0,4,0,0,0,0,0,0,1,0
19388,7938,1,40,17,39,175,11.77,9.209999999999999,3.804,0,2,1,0,0,0,0,0,0,0
19397,5266,1,32,7,1,44,5.449999999999999,4.1,0,1,8,0,0,0,0,1,0,0,0
19431,5272,1,66,23,128,103,6.8900000000000015,5.7,0,0,7,0,0,0,1,0,0,0,0
19439,1951,1,41,23,59,124,6.989999999999999,5.869999999999999,0,0,5,0,0,0,0,0,0,0,1
19473,4502,1,18,21,0,57,7.509999999999999,5.13,0.1863,0,8,0,0,0,0,1,0,0,0
19562,2899,1,45,11,6,138,9.629999999999999,5.84,0,0,4,0,0,0,0,0,0,1,0
19572,779,1,26,23,18,114,5.85,5.8500000000000005,0,0,7,0,0,0,1,0,0,0,0
19591,6455,1,20,11,67,303,11.520000000000001,8.09,2.115,0,1,0,0,0,0,0,1,0,0
19613,6541,1,45,19,60,134,26.589999999999996,7.019999999999999,0,0,7,0,0,0,1,0,0,0,0
19647,9082,1,62,23,9,121,14.989999999999998,8.319999999999999,2.065,0,3,0,0,1,0,0,0,0,0
19650,5086,1,20,14,44,66,7.83,5.06,0.5940000000000001,0,1,0,0,0,0,0,1,0,0
19654,942,1,42,24,187,152,19.060000000000002,11.509999999999998,2.36,0,3,0,0,1,0,0,0,0,0
19746,11053,1,47,26,13,432,19.409999999999997,9.88,7.382999999999999,0,7,0,0,0,1,0,0,0,0
19823,7798,1,62,9,62,96,9.01,5.93,0.18,0,2,1,0,0,0,0,0,0,0
19852,10776,1,39,12,26,294,11.390000000000002,7.56,0,0,6,0,1,0,0,0,0,0,0
19882,2615,1,61,12,575,470,19.189999999999998,8.899999999999999,5.304,0,1,0,0,0,0,0,1,0,0
19904,10491,1,50,25,11,59,5.909999999999999,4.1499999999999995,0,0,1,0,0,0,0,0,1,0,0
19950,10517,1,28,9,23,95,6.419999999999999,4.309999999999999,0,0,6,0,1,0,0,0,0,0,0
19985,2560,1,22,26,9,193,19.19,12.51,2.4705,0,7,0,0,0,1,0,0,0,0
20062,5118,1,46,29,457,86,17.229999999999997,7.060000000000001,0,0,4,0,0,0,0,0,0,1,0
20153,1254,1,30,23,1,135,15.629999999999997,10.68,3.03,0,5,0,0,0,0,0,0,0,1
20206,8040,1,30,1,13,241,17.29,9.62,0,1,3,0,0,1,0,0,0,0,0
20254,6215,1,23,22,102,118,4.3,3.5300000000000002,3.19,0,7,0,0,0,1,0,0,0,0
20307,3027,1,60,30,2,120,14.600000000000001,8.97,2.1564,0,1,0,0,0,0,0,1,0,0
20332,11842,1,55,23,91,113,7.98,6.9799999999999995,1.1583,0,7,0,0,0,1,0,0,0,0
20336,4954,1,27,9,0,39,11.280000000000001,5.17,0,0,6,0,1,0,0,0,0,0,0
20501,9065,1,20,2,4,146,9.459999999999999,5.37,0,0,6,0,1,0,0,0,0,0,0
20506,9594,1,52,29,1,93,10.82,8.53,0,0,7,0,0,0,1,0,0,0,0
20529,3666,1,40,17,32,96,8.549999999999999,6.0600000000000005,0.228,0,2,1,0,0,0,0,0,0,0
20573,7933,1,32,28,1,47,9.059999999999999,4.05,0.08,0,3,0,0,1,0,0,0,0,0
20633,4067,1,18,26,9,151,12.4,6.869999999999999,1.6192,0,5,0,0,0,0,0,0,0,1
20670,399,1,68,25,631,140,20.79,6.1,1.2839999999999998,0,3,0,0,1,0,0,0,0,0
20677,10551,1,40,10,862,457,13.7,6.92,0,0,1,0,0,0,0,0,1,0,0
20727,1565,1,23,10,48,392,15.85,10.27,0,0,6,0,1,0,0,0,0,0,0
20760,4310,1,34,23,2,133,13.020000000000001,9.79,0,0,7,0,0,0,1,0,0,0,0
20761,5316,1,29,7,83,100,10.379999999999997,5.46,2.6639999999999997,1,6,0,1,0,0,0,0,0,0
20800,8125,1,55,11,11,100,6.41,5.33,0,0,8,0,0,0,0,1,0,0,0
20837,1253,1,30,20,0,76,6.24,5.06,0,0,5,0,0,0,0,0,0,0,1
20896,2725,1,21,13,317,123,9.5,4.68,0,0,1,0,0,0,0,0,1,0,0
20900,4266,1,35,1,16,94,6.769999999999999,3.6199999999999997,0,1,3,0,0,1,0,0,0,0,0
20940,10635,1,54,9,11,120,11.34,8.13,0.1791,0,8,0,0,0,0,1,0,0,0
20983,11200,1,45,23,26,127,26.100000000000005,5.82,2.9779999999999998,0,3,0,0,1,0,0,0,0,0
21113,5970,1,34,29,103,75,6.66,3.0199999999999996,0,0,7,0,0,0,1,0,0,0,0
21123,298,1,27,13,53,120,6.67,5.47,0,0,5,0,0,0,0,0,0,0,1
21210,8847,1,38,12,6,187,21.31,13.719999999999999,0,0,6,0,1,0,0,0,0,0,0
21279,852,1,30,12,21,99,10.099999999999998,7.120000000000001,1.3554,0,4,0,0,0,0,0,0,1,0
21322,7130,1,30,12,1,70,4.74,4.8,0,0,2,1,0,0,0,0,0,0,0
21355,1659,1,46,20,0,59,6.1,5.4399999999999995,0,0,8,0,0,0,0,1,0,0,0
21362,1730,1,48,22,16,297,21.429999999999996,12.879999999999997,4.494,0,8,0,0,0,0,1,0,0,0
21372,8939,1,19,7,42,163,8.1,6.14,0,1,1,0,0,0,0,0,1,0,0
21531,3328,1,27,24,59,98,7.6,6.34,0.7722000000000001,0,7,0,0,0,1,0,0,0,0
21535,7157,1,39,5,90,94,8.069999999999999,5.62,1.2280000000000002,0,3,0,0,1,0,0,0,0,0
21618,5865,1,72,12,3,75,4.3100000000000005,2.9999999999999996,0,0,4,0,0,0,0,0,0,1,0
21646,489,1,42,16,9,143,16.099999999999998,8.04,1,0,3,0,0,1,0,0,0,0,0
21687,3415,1,30,31,4,66,4.6000000000000005,4.5200000000000005,0.08,0,1,0,0,0,0,0,1,0,0
21714,557,1,34,7,1,75,7.6,4.359999999999999,0,1,3,0,0,1,0,0,0,0,0
21723,4124,1,56,10,559,291,17.470000000000002,10.469999999999997,2.5540000000000003,0,2,1,0,0,0,0,0,0,0
21781,4829,1,20,24,1329,67,7.3,4.6000000000000005,0,0,8,0,0,0,0,1,0,0,0
21798,3626,1,39,13,55,155,11.89,6.6499999999999995,1,0,4,0,0,0,0,0,0,1,0
21861,2156,1,22,17,187,222,11.760000000000002,9.11,0,0,3,0,0,1,0,0,0,0,0
21872,8706,1,56,22,226,75,8.440000000000001,5.639999999999999,0,0,1,0,0,0,0,0,1,0,0
21889,7270,1,70,11,895,13,2.4799999999999995,0.9800000000000001,0,0,1,0,0,0,0,0,1,0,0
21978,7232,1,56,15,267,55,11.26,6.219999999999998,2.799,0,2,1,0,0,0,0,0,0,0
22124,1790,1,20,11,591,127,10.329999999999998,5.04,0,0,4,0,0,0,0,0,0,1,0
22161,4528,1,38,27,231,238,16.349999999999998,9.219999999999999,3.93,0,4,0,0,0,0,0,0,1,0
22175,836,1,25,28,122,148,10.250000000000002,5.6899999999999995,0,0,3,0,0,1,0,0,0,0,0
22203,4980,1,18,13,8,91,8.14,5.419999999999999,0,0,5,0,0,0,0,0,0,0,1
22221,9272,1,23,8,81,1839,15.21,10.77,3.99,0,1,0,0,0,0,0,1,0,0
22256,9624,1,30,15,98,171,12.899999999999999,8.42,1.1880000000000002,0,2,1,0,0,0,0,0,0,0
22261,3902,1,62,6,23,169,15.07,9.370000000000001,1.8504,0,4,0,0,0,0,0,0,1,0
22309,2627,1,66,20,1,132,10.79,8.42,0,0,8,0,0,0,0,1,0,0,0
22329,6636,1,34,13,9,79,6.239999999999999,5.7700000000000005,0,0,7,0,0,0,1,0,0,0,0
22388,11562,1,28,23,608,124,18.66,6.51,0,0,1,0,0,0,0,0,1,0,0
22466,4530,1,30,9,446,28,1.7,2.38,0,0,8,0,0,0,0,1,0,0,0
22491,2238,1,32,26,1,58,3.63,3.9000000000000004,0,0,5,0,0,0,0,0,0,0,1
22497,5506,1,52,28,106,162,15.570000000000002,9.049999999999999,2.4,0,3,0,0,1,0,0,0,0,0
22504,273,1,62,6,1303,48,5.09,5,0,0,8,0,0,0,0,1,0,0,0
22513,9314,1,42,22,1,358,5.24,4.01,0.7695,0,5,0,0,0,0,0,0,0,1
22514,8439,1,56,24,23,257,20.88,10.199999999999998,0.2448,0,3,0,0,1,0,0,0,0,0
22529,6636,1,60,13,21,108,10.21,8.420000000000002,0,0,7,0,0,0,1,0,0,0,0
22620,2063,1,30,22,166,139,17.909999999999997,8.72,0,0,8,0,0,0,0,1,0,0,0
22685,2799,1,21,25,5,87,9.67,5.6099999999999985,1.65,0,3,0,0,1,0,0,0,0,0
22767,6821,1,51,20,0,47,6.14,4.72,0,0,8,0,0,0,0,1,0,0,0
22787,1368,1,25,26,90,146,9.2,6.18,0.5940000000000001,0,1,0,0,0,0,0,1,0,0
22839,11599,1,45,16,17,117,12.76,6.119999999999999,1.575,0,3,0,0,1,0,0,0,0,0
22843,7214,1,36,6,37,146,11.330000000000002,8.149999999999999,0.25799999999999995,0,4,0,0,0,0,0,0,1,0
22869,4512,1,45,7,4,188,8.93,7.0200000000000005,0.8,1,1,0,0,0,0,0,1,0,0
22891,9878,1,60,7,12,167,15.519999999999998,8.85,0,1,6,0,1,0,0,0,0,0,0
22934,4499,1,35,30,30,137,10.17,7.269999999999999,0.1395,0,6,0,1,0,0,0,0,0,0
23008,3291,1,40,29,2,40,5.3999999999999995,3.81,0,0,1,0,0,0,0,0,1,0,0
23062,9646,1,42,12,303,213,9.580000000000002,5.989999999999999,0,0,1,0,0,0,0,0,1,0,0
23118,9603,1,30,2,3,88,7.38,5.719999999999999,1.8,0,1,0,0,0,0,0,1,0,0
23127,3511,1,31,8,21,188,10.75,7.18,0.774,0,2,1,0,0,0,0,0,0,0
23190,11003,1,60,14,0,40,2.4,3.2800000000000002,0,0,8,0,0,0,0,1,0,0,0
23250,10441,1,36,5,6,211,17.979999999999997,10.319999999999999,3.26,0,6,0,1,0,0,0,0,0,0
23267,6816,1,38,18,7,80,5.33,4.53,0.08,0,5,0,0,0,0,0,0,0,1
23372,7513,1,43,7,7,103,8.27,6.950000000000001,0,1,8,0,0,0,0,1,0,0,0
23521,9056,1,43,10,7,87,10.200000000000001,6.29,0.3186,0,6,0,1,0,0,0,0,0,0
23539,7312,1,30,10,0,58,4.79,4.640000000000001,0,0,8,0,0,0,0,1,0,0,0
23577,11650,1,61,29,18,182,16.22,7.969999999999999,0.306,0,3,0,0,1,0,0,0,0,0
23586,949,1,25,24,243,96,13.77,5.52,3,0,3,0,0,1,0,0,0,0,0
23654,5484,1,62,24,165,81,13.479999999999999,6.84,0,0,8,0,0,0,0,1,0,0,0
23656,3146,1,28,21,122,220,19.939999999999998,10.49,0,0,3,0,0,1,0,0,0,0,0
23660,5506,1,26,28,107,162,17.57,9.699999999999998,0.6,0,3,0,0,1,0,0,0,0,0
23735,7968,1,38,11,337,105,15.889999999999999,7.050000000000001,0.08399999999999999,0,2,1,0,0,0,0,0,0,0
23872,4234,1,52,13,0,86,8.24,5.2,0,0,4,0,0,0,0,0,0,1,0
23934,2201,1,67,17,11,100,6.580000000000002,5.02,2.3526,0,7,0,0,0,1,0,0,0,0
23952,4842,1,22,25,5,85,9.719999999999999,6.720000000000001,0.8320000000000001,0,4,0,0,0,0,0,0,1,0
23976,5151,1,22,6,19,105,8.41,5.54,1.7480000000000002,0,6,0,1,0,0,0,0,0,0
24022,10574,1,18,14,50,98,7.580000000000001,5.88,0,0,4,0,0,0,0,0,0,1,0
24091,5467,1,40,15,0,56,5.9399999999999995,4.51,0,0,4,0,0,0,0,0,0,1,0
24126,5286,1,26,19,1875,75,8.71,4.89,0,0,8,0,0,0,0,1,0,0,0
24170,4646,1,36,29,7804,206,21.029999999999998,14.949999999999998,8.3094,0,3,0,0,1,0,0,0,0,0
24173,2822,1,45,5,0,54,4.21,4.19,4.25,0,7,0,0,0,1,0,0,0,0
24251,7979,1,50,31,1016,211,17.670000000000005,12.399999999999999,8.622,0,1,0,0,0,0,0,1,0,0
24409,10438,1,31,10,19,263,12.779999999999998,8.62,0,0,6,0,1,0,0,0,0,0,0
24447,2343,1,39,7,12,53,3.65,2.67,0,1,8,0,0,0,0,1,0,0,0
24456,10437,1,25,3,0,55,6.8,4.87,2,0,6,0,1,0,0,0,0,0,0
24489,3974,1,35,6,738,72,6.13,5.61,0,0,8,0,0,0,0,1,0,0,0
24526,11155,1,18,28,200,161,9.279999999999998,3.62,0.194,0,3,0,0,1,0,0,0,0,0
24554,5457,1,34,13,77,167,11.98,8.75,0.15,0,2,1,0,0,0,0,0,0,0
24565,7501,1,30,8,269,242,14.269999999999998,7.0200000000000005,0,0,1,0,0,0,0,0,1,0,0
24570,6014,1,32,26,2,136,10.11,7.35,0.387,0,5,0,0,0,0,0,0,0,1
24607,21,1,42,5,42,166,15.489999999999998,10.67,0,0,7,0,0,0,1,0,0,0,0
24640,5861,1,42,25,0,55,3.9899999999999993,4.09,0,0,7,0,0,0,1,0,0,0,0
24711,9831,1,39,29,31,245,13.61,9.299999999999999,0.3942,0,7,0,0,0,1,0,0,0,0
24759,7407,1,55,26,338,136,20.509999999999998,9.350000000000001,0,0,1,0,0,0,0,0,1,0,0
24799,5785,1,60,6,23,154,8.819999999999999,8.729999999999999,0,0,4,0,0,0,0,0,0,1,0
24880,211,1,72,16,0,94,8.85,6.58,0,0,5,0,0,0,0,0,0,0,1
24885,6741,1,25,28,1,90,9.549999999999997,7.38,3.54,0,7,0,0,0,1,0,0,0,0
24889,822,1,23,24,95,139,11.540000000000001,7.38,1.1880000000000002,0,7,0,0,0,1,0,0,0,0
24898,3698,1,32,13,38,162,10.779999999999998,8.27,3.99,0,1,0,0,0,0,0,1,0,0
24922,4530,1,70,9,446,24,1.42,1.9500000000000002,0,0,8,0,0,0,0,1,0,0,0
24937,3805,1,21,12,28,206,18.77,12.419999999999998,1.25,0,6,0,1,0,0,0,0,0,0
25090,9404,1,32,26,3,127,8.02,7.78,5.831,0,7,0,0,0,1,0,0,0,0
25122,8505,1,60,17,1011,81,16.27,5.510000000000001,2.4629999999999996,0,7,0,0,0,1,0,0,0,0
25224,4048,1,22,23,28,136,8.56,5.859999999999999,0,0,5,0,0,0,0,0,0,0,1
25237,9201,1,33,4,0,93,9.919999999999998,7.399999999999999,0.782,0,8,0,0,0,0,1,0,0,0
25314,11302,1,27,31,3,79,5.68,5.99,0,0,1,0,0,0,0,0,1,0,0
25361,4828,1,63,7,10,165,11.159999999999998,7.299999999999999,0,1,6,0,1,0,0,0,0,0,0
25452,745,1,51,8,7,114,7.880000000000002,5.609999999999999,0.3132,0,2,1,0,0,0,0,0,0,0
25487,7606,1,36,7,1,72,8.06,6.109999999999999,0,1,6,0,1,0,0,0,0,0,0
25520,2191,1,67,24,13,89,13.93,7.67,2.865,0,3,0,0,1,0,0,0,0,0
25546,8879,1,30,9,45,174,15.34,9.18,2.0860000000000003,0,4,0,0,0,0,0,0,1,0
25547,11870,1,53,6,169,189,12.909999999999997,7.58,1.8018,0,4,0,0,0,0,0,0,1,0
25690,11015,1,19,14,268,370,32.43,17.81,3.26,0,4,0,0,0,0,0,0,1,0
25719,2186,1,22,6,0,70,6,5.1899999999999995,0,0,8,0,0,0,0,1,0,0,0
25811,3382,1,38,26,12,93,8.610000000000001,6.459999999999998,1.666,0,7,0,0,0,1,0,0,0,0
25864,1409,1,26,27,17,55,3.8000000000000007,2.5399999999999996,4.821,0,4,0,0,0,0,0,0,1,0
25883,4887,1,24,1,8,207,13.999999999999998,6.539999999999999,5.783099999999999,1,1,0,0,0,0,0,1,0,0
25899,10673,1,18,31,931,88,8.03,4.71,2.5900000000000003,0,1,0,0,0,0,0,1,0,0
25930,8032,1,29,1,12,78,8.22,5.38,0.08,1,1,0,0,0,0,0,1,0,0
25951,4008,1,36,9,447,40,8.649999999999999,4.26,0,0,8,0,0,0,0,1,0,0,0
25957,5786,1,47,14,357,237,16.919999999999998,8.329999999999998,1.166,0,4,0,0,0,0,0,0,1,0
26029,2063,1,28,22,167,157,20.369999999999997,10.459999999999997,0,0,8,0,0,0,0,1,0,0,0
26041,690,1,33,17,16,78,3.4000000000000004,4.22,0,0,7,0,0,0,1,0,0,0,0
26089,5299,1,45,9,111,188,13.05,6.9,0,0,1,0,0,0,0,0,1,0,0
26098,6435,1,35,22,52,150,15.790000000000001,9.72,0.945,0,8,0,0,0,0,1,0,0,0
26115,5286,1,19,19,1875,69,8.33,4.29,0,0,8,0,0,0,0,1,0,0,0
26198,1842,1,58,23,1,90,6.760000000000001,5.840000000000001,4.3,0,7,0,0,0,1,0,0,0,0
26206,9735,1,62,13,18,307,19.159999999999997,10.65,0,0,4,0,0,0,0,0,0,1,0
26260,11121,1,50,14,56,102,14.75,9.76,6.440999999999999,0,4,0,0,0,0,0,0,1,0
26293,1008,1,52,10,104,101,7.679999999999999,4.4799999999999995,1.4467,0,4,0,0,0,0,0,0,1,0
26325,69,1,20,17,62,155,6.17,5.06,0.5940000000000001,0,7,0,0,0,1,0,0,0,0
26384,3697,1,32,23,101,143,16.349999999999998,9.68,1.1880000000000002,0,8,0,0,0,0,1,0,0,0
26506,7276,1,30,15,31,146,16.04,9.92,0.21,0,2,1,0,0,0,0,0,0,0
26514,570,1,32,5,0,64,6.52,5.55,0,0,8,0,0,0,0,1,0,0,0
26545,6498,1,45,6,5,100,10.24,6.49,0,0,8,0,0,0,0,1,0,0,0
26617,5272,1,35,23,128,103,6.889999999999999,5.7,0,0,7,0,0,0,1,0,0,0,0
26665,10101,1,45,23,176,77,9.1,4.69,1.68,0,8,0,0,0,0,1,0,0,0
26696,4115,1,32,31,4,73,5.3999999999999995,4.95,0,0,1,0,0,0,0,0,1,0,0
26808,7016,1,52,26,6,50,7.06,4.4,1.7270000000000005,0,1,0,0,0,0,0,1,0,0
26864,806,1,18,2,493,144,13.54,4.02,3.2421,0,1,0,0,0,0,0,1,0,0
26927,6077,1,80,10,28,154,12.49,8.43,0,0,6,0,1,0,0,0,0,0,0
26941,3020,1,40,7,1,45,5.619999999999999,4.1499999999999995,0,1,6,0,1,0,0,0,0,0,0
26947,11471,1,80,28,272,82,8.67,4.86,3.213,0,7,0,0,0,1,0,0,0,0
26962,4620,1,52,19,12,131,9.780000000000001,7.63,0.2448,0,7,0,0,0,1,0,0,0,0
27043,11003,1,25,14,0,40,2.4,3.2800000000000002,0,0,8,0,0,0,0,1,0,0,0
27067,7003,1,40,6,498,70,15.81,5.06,1.6410000000000002,0,6,0,1,0,0,0,0,0,0
27132,11526,1,33,29,20,162,14.48,8.77,2,0,7,0,0,0,1,0,0,0,0
27214,3316,1,32,13,38,114,9.030000000000001,8.42,3.216,0,7,0,0,0,1,0,0,0,0
27226,6077,1,37,10,51,252,19.259999999999994,13.089999999999998,0,0,6,0,1,0,0,0,0,0,0
27252,9650,1,40,11,548,93,11.76,4.799999999999999,0.144,0,2,1,0,0,0,0,0,0,0
27271,4646,1,74,29,4127,147,16.61,11.139999999999999,6.2094000000000005,0,3,0,0,1,0,0,0,0,0
27364,7047,1,56,14,33,91,7.85,5.87,2.542,0,2,1,0,0,0,0,0,0,0
27371,3645,1,20,17,21,98,8.52,6.1,0.15,0,2,1,0,0,0,0,0,0,0
27395,5248,1,35,23,19,191,21.61,15.69,3.12,0,7,0,0,0,1,0,0,0,0
27429,7032,1,20,9,2,100,5.75,1.81,0,0,6,0,1,0,0,0,0,0,0
27490,4887,1,56,1,0,8,4.119999999999999,1.29,0.08,1,1,0,0,0,0,0,1,0,0
27500,10041,1,38,13,55,224,18.77,11.979999999999999,8.184299999999999,0,4,0,0,0,0,0,0,1,0
27559,11854,1,55,6,28,112,9.11,5.0200000000000005,0,0,4,0,0,0,0,0,0,1,0
27568,1312,1,25,2,656,77,19.660000000000004,5.129999999999999,0.8320000000000001,0,1,0,0,0,0,0,1,0,0
27735,847,1,52,23,0,96,11.319999999999997,7.67,0.1863,0,5,0,0,0,0,0,0,0,1
27762,1031,1,55,25,0,74,7.319999999999999,5.34,0,0,7,0,0,0,1,0,0,0,0
27763,6182,1,28,14,14,94,4.84,4.37,0,0,8,0,0,0,0,1,0,0,0
27799,650,1,48,24,1,77,4.67,3.8800000000000003,0,0,8,0,0,0,0,1,0,0,0
27800,7186,1,50,8,20,177,10.06,5.36,6.918099999999999,0,6,0,1,0,0,0,0,0,0
28020,4936,1,66,10,106,135,9.39,6.959999999999999,0.198,0,2,1,0,0,0,0,0,0,0
28022,7135,1,37,17,442,61,12.419999999999998,6.269999999999999,0,0,5,0,0,0,0,0,0,0,1
28032,10467,1,22,16,39,184,15.82,8.41,1.666,0,3,0,0,1,0,0,0,0,0
28045,10311,1,50,6,1,61,3.46,3.98,0,0,8,0,0,0,0,1,0,0,0
28181,11083,1,45,28,40,204,14.49,6.73,0.08,0,6,0,1,0,0,0,0,0,0
28207,460,1,33,10,6,117,8.899999999999999,6.909999999999998,0,0,6,0,1,0,0,0,0,0,0
28218,1152,1,20,17,0,60,7.1899999999999995,5.719999999999999,0,0,3,0,0,1,0,0,0,0,0
28270,10763,1,18,9,35,69,3,2.829999999999999,2.52,0,4,0,0,0,0,0,0,1,0
28281,10152,1,33,23,0,98,10.78,7.609999999999999,2.585,0,5,0,0,0,0,0,0,0,1
28323,5151,1,27,6,19,105,8.41,5.540000000000001,1.7480000000000002,0,6,0,1,0,0,0,0,0,0
28329,5836,1,38,24,0,107,12.109999999999998,7.83,0,0,8,0,0,0,0,1,0,0,0
28356,7790,1,48,24,3,74,10.379999999999999,6.66,3.125,0,3,0,0,1,0,0,0,0,0
28371,11471,1,47,28,272,71,8.3,4.29,1.8153000000000001,0,7,0,0,0,1,0,0,0,0
28381,1832,1,18,24,8,70,4.57,4.590000000000001,0,0,7,0,0,0,1,0,0,0,0
28407,11560,1,35,26,3,96,8.15,5.3,0,0,1,0,0,0,0,0,1,0,0
28409,5919,1,47,7,15,117,9.52,6.74,1.608,1,1,0,0,0,0,0,1,0,0
28528,4848,1,61,30,32,169,12.909999999999998,8.11,0.38159999999999994,0,6,0,1,0,0,0,0,0,0
28591,6541,1,47,19,60,128,26.17,6.359999999999999,0,0,7,0,0,0,1,0,0,0,0
28604,10224,1,60,14,19,48,3.2800000000000002,2.9899999999999998,0,0,8,0,0,0,0,1,0,0,0
28717,4030,1,39,24,40,184,12.899999999999999,7.83,1.5708000000000002,0,3,0,0,1,0,0,0,0,0
28720,7790,1,19,24,3,74,10.379999999999999,6.66,3.125,0,3,0,0,1,0,0,0,0,0
28866,6030,1,48,3,9,49,5.359999999999999,3.96,0,0,7,0,0,0,1,0,0,0,0
28887,4622,1,36,26,0,69,5,4.9799999999999995,0.04,0,1,0,0,0,0,0,1,0,0
28888,3046,1,31,23,6,127,7.85,6.09,0,0,8,0,0,0,0,1,0,0,0
28894,7386,1,42,23,0,55,3.1,3.78,0,0,7,0,0,0,1,0,0,0,0
28966,9845,1,40,21,2,59,7.610000000000001,5.62,0,0,1,0,0,0,0,0,1,0,0
29076,1193,1,72,13,6,92,14.1,6.1499999999999995,0,0,5,0,0,0,0,0,0,0,1
29077,4744,1,22,1,100,117,7.4,4.930000000000001,0.674,1,3,0,0,1,0,0,0,0,0
29082,6778,1,35,24,378,70,6.5,3.58,2.222,0,3,0,0,1,0,0,0,0,0
29121,6237,1,19,14,25,107,13.179999999999998,7.7299999999999995,0,0,8,0,0,0,0,1,0,0,0
29181,9809,1,34,14,340,215,12.899999999999999,6.709999999999998,1.3942,0,1,0,0,0,0,0,1,0,0
29199,11334,1,38,6,4,88,4.829999999999999,4.659999999999999,0,0,1,0,0,0,0,0,1,0,0
29265,6719,1,21,14,82,269,35.25,6.5,0,0,1,0,0,0,0,0,1,0,0
29278,7773,1,28,14,699,204,21.329999999999995,7.2299999999999995,2.8,0,1,0,0,0,0,0,1,0,0
29293,7007,1,55,25,18,80,7.93,5.72,0,0,3,0,0,1,0,0,0,0,0
29348,2899,1,20,11,0,29,6.550000000000001,4.140000000000001,0,0,4,0,0,0,0,0,0,1,0
29550,574,1,34,26,42,120,9.25,7.61,0.387,0,5,0,0,0,0,0,0,0,1
29633,9969,1,28,11,68,219,8.36,6.7299999999999995,0.5940000000000001,0,1,0,0,0,0,0,1,0,0
29656,11383,1,28,6,33,102,5.9399999999999995,3.96,0,0,6,0,1,0,0,0,0,0,0
29667,4980,1,46,13,508,114,19.29,6.969999999999999,0,0,5,0,0,0,0,0,0,0,1
29733,4768,1,29,12,353,331,11.52,6.13,0,0,1,0,0,0,0,0,1,0,0
29795,3614,1,45,25,2745,113,10.719999999999999,6.43,0.95,0,4,0,0,0,0,0,0,1,0
29805,7151,1,61,13,615,202,12.589999999999998,5.43,0,0,1,0,0,0,0,0,1,0,0
29826,9324,1,28,8,3,67,7.170000000000001,4.39,0.29969999999999997,0,6,0,1,0,0,0,0,0,0
29850,1191,1,33,31,5,66,5.04,4.75,0.08,0,1,0,0,0,0,0,1,0,0
29887,892,1,42,6,11,113,5.3500000000000005,4.63,0,0,6,0,1,0,0,0,0,0,0
29932,1695,1,38,25,123,67,6.189999999999999,4.61,0,0,4,0,0,0,0,0,0,1,0
30008,4149,1,36,13,0,86,10.45,6.7299999999999995,0,0,5,0,0,0,0,0,0,0,1
30086,5539,1,24,14,34,111,10.370000000000001,6.300000000000001,1.36374,0,4,0,0,0,0,0,0,1,0
30124,8148,1,28,8,58,333,19.84,13.5,0.105,0,2,1,0,0,0,0,0,0,0
30202,4136,1,52,26,25,84,7.72,5.88,0.41,0,5,0,0,0,0,0,0,0,1
30251,5167,1,60,7,177,469,16.34,8.4,4.652000000000001,1,3,0,0,1,0,0,0,0,0
30275,1583,1,62,25,8,89,8.58,6.5,0,0,5,0,0,0,0,0,0,0,1
30288,1193,1,45,13,6,92,14.099999999999998,6.15,0,0,5,0,0,0,0,0,0,0,1
30302,5358,1,55,23,100,104,7.819999999999998,5.59,3.0532000000000004,0,1,0,0,0,0,0,1,0,0
30404,9975,1,36,6,12,41,2.9799999999999995,3.59,0,0,1,0,0,0,0,0,1,0,0
30442,5932,1,38,29,73,121,15.18,7.259999999999999,2,0,3,0,0,1,0,0,0,0,0
30459,7054,1,35,22,0,116,13.239999999999997,9.349999999999998,1,0,7,0,0,0,1,0,0,0,0
30469,6084,1,36,8,27,153,11.03,7.57,0.072,0,2,1,0,0,0,0,0,0,0
30475,9458,1,24,26,6,87,7.12,5.719999999999999,0,0,7,0,0,0,1,0,0,0,0
30503,10256,1,42,2,8,176,14.85,8.889999999999999,1.75,0,1,0,0,0,0,0,1,0,0
30530,6543,1,52,21,715,205,7.9399999999999995,4.8,1.15884,0,8,0,0,0,0,1,0,0,0
30551,6799,1,80,28,45,116,7.94,3.7400000000000007,0.2115,0,6,0,1,0,0,0,0,0,0
30562,393,1,32,10,53,186,7.319999999999999,5.12,0,0,6,0,1,0,0,0,0,0,0
30605,4092,1,18,13,166,86,12.179999999999998,7.1899999999999995,3,0,5,0,0,0,0,0,0,0,1
30713,3837,1,52,2,28,192,16.57,9.769999999999998,0.5094000000000001,0,3,0,0,1,0,0,0,0,0
30741,8668,1,40,25,0,69,7.4399999999999995,5.77,1.6,0,5,0,0,0,0,0,0,0,1
30754,10887,1,31,14,228,242,11.9,7.28,4.192,0,4,0,0,0,0,0,0,1,0
30768,10471,1,72,17,30,118,8.370000000000001,3.9000000000000004,2.3583999999999996,0,3,0,0,1,0,0,0,0,0
30828,10008,1,34,7,123,290,19.519999999999996,11.669999999999998,1.5696,1,3,0,0,1,0,0,0,0,0
30898,5035,1,18,9,2,67,3.5000000000000004,1.7,0,0,6,0,1,0,0,0,0,0,0
30902,1261,1,54,27,7,63,7.97,3.45,0,0,4,0,0,0,0,0,0,1,0
30916,2656,1,78,22,0,57,12.520000000000001,5.889999999999999,0,0,5,0,0,0,0,0,0,0,1
30930,3007,1,57,6,1,209,71.79,7.04,6.2916,0,6,0,1,0,0,0,0,0,0
31012,4908,1,32,5,1,57,8.73,5.07,0,0,8,0,0,0,0,1,0,0,0
31014,5486,1,25,12,246,193,17.21,10.45,4.242000000000001,0,4,0,0,0,0,0,0,1,0
31043,6490,1,20,23,5270,204,20,7.159999999999999,1.8800000000000001,0,1,0,0,0,0,0,1,0,0
31204,7459,1,70,29,809,101,15.059999999999999,7.469999999999997,2.0408,0,3,0,0,1,0,0,0,0,0
31282,151,1,20,22,34,97,11.64,6.960000000000001,2.799,0,5,0,0,0,0,0,0,0,1
31288,2353,1,47,26,169,35,8.26,3.3099999999999996,1.5312,0,3,0,0,1,0,0,0,0,0
31298,9574,1,19,6,23,52,7.999999999999999,5.4799999999999995,2,0,6,0,1,0,0,0,0,0,0
31321,6199,1,18,15,149,107,7.68,4.9399999999999995,1.666,0,4,0,0,0,0,0,0,1,0
31330,11562,1,64,23,603,125,17.06,7.079999999999999,0,0,1,0,0,0,0,0,1,0,0
31364,7047,1,31,14,33,91,7.8500000000000005,5.87,2.542,0,2,1,0,0,0,0,0,0,0
31461,4067,1,52,26,0,68,6.579999999999999,3.76,1.2295,0,5,0,0,0,0,0,0,0,1
31487,8995,1,18,26,5,82,8.01,6.199999999999999,3.4000000000000004,0,5,0,0,0,0,0,0,0,1
31494,11419,1,44,9,5,88,6.069999999999999,6.17,35.25,0,4,0,0,0,0,0,0,1,0
31559,6691,1,28,15,17,98,9.24,6.4799999999999995,0,0,1,0,0,0,0,0,1,0,0
31682,10978,1,40,21,18,146,12.32,7.109999999999999,0,0,3,0,0,1,0,0,0,0,0
31720,6054,1,35,15,401,237,10.04,6.03,0,0,4,0,0,0,0,0,0,1,0
31730,3824,1,50,25,1542,151,10.59,6.25,0,0,7,0,0,0,1,0,0,0,0
31771,2063,1,70,22,166,139,17.91,8.719999999999999,0,0,8,0,0,0,0,1,0,0,0
31889,4971,1,70,11,1,47,2.8199999999999994,3.7399999999999998,0,0,1,0,0,0,0,0,1,0,0
31973,4278,1,37,7,1,54,3.5,4.109999999999999,0,1,8,0,0,0,0,1,0,0,0
32075,9370,1,65,30,19,293,16.709999999999997,9.629999999999999,3.8537999999999997,0,6,0,1,0,0,0,0,0,0
32140,3812,1,26,9,16,105,9.41,6.87,0,0,4,0,0,0,0,0,0,1,0
32210,7105,1,28,22,1,93,7.21,5.76,0,0,5,0,0,0,0,0,0,0,1
32281,3698,1,64,13,27,118,8.120000000000001,5.96,2.79,0,1,0,0,0,0,0,1,0,0
32336,3804,1,45,5,16,64,3.99,3.6499999999999995,0,0,8,0,0,0,0,1,0,0,0
32376,5889,1,51,9,83,130,7.240000000000001,4.659999999999999,0.198,0,2,1,0,0,0,0,0,0,0
32391,8817,1,85,25,1,26,4.6,2.29,0,0,1,0,0,0,0,0,1,0,0
32485,872,1,35,24,94,105,7.47,4.64,1.5,0,3,0,0,1,0,0,0,0,0
32491,2186,1,18,6,0,70,6,5.1899999999999995,0,0,8,0,0,0,0,1,0,0,0
32555,1254,1,65,23,0,114,12.77,8.67,3,0,5,0,0,0,0,0,0,0,1
32566,9209,1,26,24,5,55,5.569999999999999,5.18,6.58,0,4,0,0,0,0,0,0,1,0
32569,2234,1,22,22,2,65,7.7299999999999995,4.979999999999999,0,0,5,0,0,0,0,0,0,0,1
32577,11175,1,44,8,4,61,7.11,4.970000000000001,0,0,6,0,1,0,0,0,0,0,0
32723,4670,1,90,28,4,65,9.98,5.6899999999999995,1.464,0,3,0,0,1,0,0,0,0,0
32738,8817,1,38,25,33,193,9.15,4.739999999999999,6.6875,0,1,0,0,0,0,0,1,0,0
32768,1206,1,40,10,14,62,6.8,4.529999999999999,0,0,6,0,1,0,0,0,0,0,0
32866,4208,1,60,12,878,220,5.930000000000001,3.77,0,0,8,0,0,0,0,1,0,0,0
32913,5106,1,36,28,481,181,15.93,5.8500000000000005,4.1139,0,3,0,0,1,0,0,0,0,0
32926,7156,1,57,29,35,115,10.52,6.919999999999999,1.246,0,3,0,0,1,0,0,0,0,0
32938,9424,1,33,8,39,137,12.430000000000001,9.12,0.504,0,2,1,0,0,0,0,0,0,0
32939,11332,1,32,21,10,104,8.76,5.87,0.459,0,8,0,0,0,0,1,0,0,0
32959,2615,1,30,12,575,470,19.190000000000005,8.899999999999999,5.304,0,1,0,0,0,0,0,1,0,0
32967,407,1,70,23,0,24,6.249999999999999,3.0199999999999996,0,0,8,0,0,0,0,1,0,0,0
33013,11570,1,55,26,304,73,12.459999999999999,5.46,0,0,1,0,0,0,0,0,1,0,0
33054,9309,1,49,2,0,102,12.639999999999999,5.5,5,0,6,0,1,0,0,0,0,0,0
33065,8191,1,42,5,5,175,15.04,9.78,0,0,3,0,0,1,0,0,0,0,0
33072,9831,1,18,29,31,170,7.26,5.49,0.3942,0,7,0,0,0,1,0,0,0,0
33097,1952,1,53,5,6,54,5.779999999999999,3.5900000000000003,0.04,0,3,0,0,1,0,0,0,0,0
33103,9123,1,32,8,80,117,6.07,4.4799999999999995,2.625,0,1,0,0,0,0,0,1,0,0
33167,8454,1,56,21,743,183,20.319999999999997,5.99,5.553800000000001,0,1,0,0,0,0,0,1,0,0
33174,4231,1,39,8,1,109,11.770000000000001,9.4,0,0,6,0,1,0,0,0,0,0,0
33177,4640,1,35,8,14,181,14.219999999999999,9.879999999999999,1.1,0,3,0,0,1,0,0,0,0,0
33188,7979,1,19,31,1015,146,8.979999999999999,5.8100000000000005,8.622,0,1,0,0,0,0,0,1,0,0
33207,3451,1,27,26,3,64,9.32,5.76,3.875,0,1,0,0,0,0,0,1,0,0
33269,7415,1,50,5,264,200,13.239999999999998,7.85,2.0094000000000003,0,7,0,0,0,1,0,0,0,0
33296,2126,1,40,28,1,167,9.650000000000002,8.67,3.6252,0,7,0,0,0,1,0,0,0,0
33321,9225,1,33,11,57,82,12.23,4.7,0,0,4,0,0,0,0,0,0,1,0
33462,3645,1,40,17,21,98,8.52,6.1,0.15,0,2,1,0,0,0,0,0,0,0
33496,151,1,27,22,34,102,12.02,7.569999999999999,2.799,0,5,0,0,0,0,0,0,0,1
33557,10193,1,42,10,0,39,5.990000000000001,3.0200000000000005,0.5188,0,4,0,0,0,0,0,0,1,0
33599,3514,1,23,9,22,62,4.0600000000000005,3.74,0,0,8,0,0,0,0,1,0,0,0
33663,3420,1,34,6,425,55,13.239999999999998,6.78,2,0,6,0,1,0,0,0,0,0,0
33728,7425,1,60,5,0,47,4.760000000000001,3.0500000000000003,0,0,8,0,0,0,0,1,0,0,0
33760,8694,1,52,8,35,163,14.559999999999997,9.88,0,0,2,1,0,0,0,0,0,0,0
33777,6258,1,55,16,8,81,12.899999999999999,5.619999999999999,1,0,3,0,0,1,0,0,0,0,0
33784,10161,1,57,25,22,407,13.61,8.4,0.7175,0,8,0,0,0,0,1,0,0,0
33866,7156,1,26,29,35,126,11.339999999999998,8.2,1.246,0,3,0,0,1,0,0,0,0,0
33922,2712,1,52,6,98,116,9.94,8.04,0.4401000000000001,0,4,0,0,0,0,0,0,1,0
33981,131,1,34,21,168,155,10.919999999999998,6.68,5.1191,0,1,0,0,0,0,0,1,0,0
34003,2224,1,20,13,146,84,9.63,5.3100000000000005,0.08,0,5,0,0,0,0,0,0,0,1
34010,5101,1,45,16,93,138,16.869999999999997,10.29,2.9880000000000004,0,3,0,0,1,0,0,0,0,0
34044,10469,1,42,15,17,295,15.41,7.05,0,0,1,0,0,0,0,0,1,0,0
34070,3208,1,55,12,0,28,1.85,2.63,0,0,8,0,0,0,0,1,0,0,0
34114,9959,1,39,24,13,101,15.54,8.319999999999999,0.8,0,3,0,0,1,0,0,0,0,0
34257,10438,1,62,10,19,255,12.199999999999998,7.720000000000001,0,0,6,0,1,0,0,0,0,0,0
34292,2913,1,37,2,10,60,5.05,3.6300000000000003,0,0,1,0,0,0,0,0,1,0,0
34302,5472,1,72,16,16,130,11.520000000000001,6.31,2.1870000000000003,0,3,0,0,1,0,0,0,0,0
34325,5287,1,67,27,1083,972,18.710000000000004,7.580000000000001,5.65264,0,4,0,0,0,0,0,0,1,0
34360,742,1,24,18,4,64,3.8899999999999997,3.7699999999999996,0,0,5,0,0,0,0,0,0,0,1
34411,5197,1,26,7,250,83,12.27,6.340000000000001,0,1,6,0,1,0,0,0,0,0,0
34436,9646,1,18,12,303,201,8.749999999999998,4.699999999999999,0,0,1,0,0,0,0,0,1,0,0
34442,4191,1,30,14,2077,241,17.56,6.86,0,0,1,0,0,0,0,0,1,0,0
34490,417,1,30,16,2,122,7.269999999999999,5.579999999999999,0,0,5,0,0,0,0,0,0,0,1
34592,5841,1,68,10,3,46,4.17,2.9800000000000004,0,0,6,0,1,0,0,0,0,0,0
34595,9528,1,24,7,12,165,5.920000000000001,5.909999999999999,0,1,1,0,0,0,0,0,1,0,0
34601,9832,1,26,2,222,214,16.250000000000004,8.319999999999999,2.092,0,1,0,0,0,0,0,1,0,0
34605,10851,1,42,10,900,236,7.48,4.9,0,0,8,0,0,0,0,1,0,0,0
34614,9804,1,47,2,190,119,7,3.89,0,0,1,0,0,0,0,0,1,0,0
34736,2169,1,64,24,1841,80,7.9399999999999995,4.93,0,0,8,0,0,0,0,1,0,0,0
34797,10487,1,70,29,8,31,3.9699999999999993,2.58,0,0,1,0,0,0,0,0,1,0,0
34837,6646,1,37,29,503,183,23.17,12.209999999999999,4.841900000000001,0,3,0,0,1,0,0,0,0,0
34899,9948,1,44,24,40,161,12.25,5.8999999999999995,7.201700000000001,0,4,0,0,0,0,0,0,1,0
34914,7403,1,35,4,0,62,7.35,5.58,0,0,8,0,0,0,0,1,0,0,0
35000,11682,1,48,19,45,111,13.92,12.799999999999997,3.63,0,3,0,0,1,0,0,0,0,0
35017,5756,1,58,19,1960,78,6.85,4.8,0,0,8,0,0,0,0,1,0,0,0
35125,2932,1,40,5,10,200,24.159999999999997,15.18,2,0,3,0,0,1,0,0,0,0,0
35219,8207,1,24,5,11,74,6.669999999999999,5.109999999999999,0,0,8,0,0,0,0,1,0,0,0
35244,1856,1,30,25,2,81,7.819999999999999,6.220000000000001,0.027,0,1,0,0,0,0,0,1,0,0
35251,5102,1,40,22,118,154,8.17,6.2299999999999995,0,0,7,0,0,0,1,0,0,0,0
35256,11665,1,60,31,212,79,8.459999999999999,5.63,0,0,1,0,0,0,0,0,1,0,0
35320,5939,1,48,6,8,80,9.129999999999999,4.92,0,0,6,0,1,0,0,0,0,0,0
35327,6528,1,47,21,15,72,5.8999999999999995,4.37,0,0,8,0,0,0,0,1,0,0,0
35332,5620,1,21,18,19,98,9.279999999999998,6.969999999999999,1.286,0,5,0,0,0,0,0,0,0,1
35341,3047,1,28,20,1085,102,25.970000000000006,5.789999999999999,0,0,5,0,0,0,0,0,0,0,1
35358,5539,1,59,14,52,205,21.43,12.399999999999999,1.36374,0,4,0,0,0,0,0,0,1,0
35407,986,1,34,16,26,108,13.469999999999999,6.819999999999999,2,0,4,0,0,0,0,0,0,1,0
35448,1242,1,45,12,476,78,13.45,6,0,0,8,0,0,0,0,1,0,0,0
35482,11637,1,45,25,537,85,15.19,4.8,0.08,0,1,0,0,0,0,0,1,0,0
35503,290,1,35,14,15,136,9.559999999999999,7.46,0.04,0,4,0,0,0,0,0,0,1,0
35588,9798,1,33,12,2,115,8.83,6.66,0,0,4,0,0,0,0,0,0,1,0
35601,5030,1,48,17,30,56,5.46,5.109999999999999,1.6380000000000001,0,2,1,0,0,0,0,0,0,0
35632,10767,1,43,11,1631,97,9.6,7.890000000000001,0,0,4,0,0,0,0,0,0,1,0
35698,128,1,32,23,2,104,11.129999999999999,7.72,1.2421,0,5,0,0,0,0,0,0,0,1
35759,7010,1,95,29,55,68,7.85,4.199999999999999,0.8225,0,4,0,0,0,0,0,0,1,0
35782,5824,1,42,29,21,106,14.86,7.83,0,0,3,0,0,1,0,0,0,0,0
35846,5287,1,34,27,882,785,15.360000000000001,5.4,4.83364,0,4,0,0,0,0,0,0,1,0
35873,1718,1,48,22,87,94,7.46,6.61,2.4480000000000004,0,5,0,0,0,0,0,0,0,1
35924,5895,1,50,8,22,196,12.75,8.53,0.072,0,2,1,0,0,0,0,0,0,0
35935,4804,1,50,19,0,57,7.209999999999999,5.6,0,0,8,0,0,0,0,1,0,0,0
35976,6518,1,45,7,1,79,8.2,6.089999999999999,0,1,6,0,1,0,0,0,0,0,0
36006,1832,1,21,24,9,91,5.99,6.300000000000001,0,0,7,0,0,0,1,0,0,0,0
36031,5130,1,42,13,11,83,7.489999999999999,6.710000000000001,1.2,0,2,1,0,0,0,0,0,0,0
36128,10635,1,26,9,11,120,11.34,8.129999999999999,0.1791,0,8,0,0,0,0,1,0,0,0
36174,9969,1,66,11,66,204,7.3100000000000005,5.3,0.5940000000000001,0,1,0,0,0,0,0,1,0,0
36199,10574,1,39,14,50,98,7.58,5.88,0,0,4,0,0,0,0,0,0,1,0
36217,2725,1,50,13,317,135,10.39,6.069999999999999,0,0,1,0,0,0,0,0,1,0,0
36253,5600,1,32,13,2,141,15.739999999999998,9.679999999999998,0,0,7,0,0,0,1,0,0,0,0
36275,10348,1,73,6,760,278,19.029999999999998,11.5,1.4280000000000002,0,3,0,0,1,0,0,0,0,0
36280,6653,1,40,12,3,131,13.31,9.4,0.5094000000000001,0,4,0,0,0,0,0,0,1,0
36282,3393,1,25,6,492,279,18.49,9.249999999999998,7.149000000000001,0,6,0,1,0,0,0,0,0,0
36350,11869,1,62,14,15,185,15.45,8.28,3.8332999999999995,0,8,0,0,0,0,1,0,0,0
36384,2885,1,32,6,36,86,7.829999999999999,6.04,2.945,0,6,0,1,0,0,0,0,0,0
36486,4499,1,18,30,28,124,8.579999999999998,6.249999999999999,0.1395,0,6,0,1,0,0,0,0,0,0
36505,3926,1,55,1,1,77,7.239999999999999,4.71,0,1,3,0,0,1,0,0,0,0,0
36508,3926,1,22,1,1,77,7.239999999999999,4.709999999999998,0,1,3,0,0,1,0,0,0,0,0
36525,4666,1,41,24,69,254,21.579999999999995,12.13,0.15,0,3,0,0,1,0,0,0,0,0
36526,7253,1,28,8,7,72,6.79,4.899999999999999,0,0,6,0,1,0,0,0,0,0,0
36554,9574,1,49,6,24,73,9.020000000000001,5.93,2,0,6,0,1,0,0,0,0,0,0
36592,4828,1,22,7,10,165,11.159999999999998,7.3,0,1,6,0,1,0,0,0,0,0,0
36618,557,1,77,7,3,127,13.169999999999998,7.709999999999999,0,1,3,0,0,1,0,0,0,0,0
36625,4442,1,24,28,76,69,7.74,4.51,5.355,0,3,0,0,1,0,0,0,0,0
36648,616,1,46,19,7,91,5.56,4.420000000000001,0,0,8,0,0,0,0,1,0,0,0
36654,9569,1,23,24,113,226,21.66,14.87,5.5066999999999995,0,3,0,0,1,0,0,0,0,0
36655,4848,1,23,30,32,169,12.91,8.11,0.38159999999999994,0,6,0,1,0,0,0,0,0,0
36708,3468,1,33,17,11,248,10.169999999999998,4.550000000000001,8.7608,0,5,0,0,0,0,0,0,0,1
36740,7596,1,48,26,0,42,5.430000000000001,3.58,0,0,7,0,0,0,1,0,0,0,0
36791,9273,1,71,22,181,108,11.950000000000001,6.94,0.423,0,8,0,0,0,0,1,0,0,0
36810,3851,1,28,23,0,61,4.179999999999999,4.39,0,0,8,0,0,0,0,1,0,0,0
36838,704,1,33,22,0,73,7.3999999999999995,5.63,0.2817,0,5,0,0,0,0,0,0,0,1
36883,4450,1,56,9,35,181,13.039999999999997,9.07,0.15,0,2,1,0,0,0,0,0,0,0
36889,3837,1,19,2,28,197,15.719999999999999,9.49,2.3094,0,3,0,0,1,0,0,0,0,0
36936,8800,1,60,4,0,63,6.870000000000001,4.67,0,0,8,0,0,0,0,1,0,0,0
36952,211,1,23,16,0,94,8.85,6.579999999999999,0,0,5,0,0,0,0,0,0,0,1
37103,9296,1,30,26,34,220,19.61,13.929999999999998,6.3,0,7,0,0,0,1,0,0,0,0
37104,4148,1,64,10,89,54,5.5,3.44,1.5340000000000003,0,4,0,0,0,0,0,0,1,0
37111,4777,1,62,21,47,291,24.830000000000002,15.14,0,0,3,0,0,1,0,0,0,0,0
37149,6182,1,25,14,14,94,4.840000000000001,4.37,0,0,8,0,0,0,0,1,0,0,0
37182,4340,1,32,5,41,141,16.080000000000002,10.08,1.078,0,8,0,0,0,0,1,0,0,0
37220,5286,1,45,19,1875,75,8.71,4.890000000000001,0,0,8,0,0,0,0,1,0,0,0
37256,4148,1,31,10,89,54,5.499999999999999,3.44,1.5340000000000003,0,4,0,0,0,0,0,0,1,0
37262,10406,1,24,16,19,129,7.68,5.67,0.16999999999999998,0,2,1,0,0,0,0,0,0,0
37269,4512,1,18,7,4,175,8.569999999999999,6.93,0.8,1,1,0,0,0,0,0,1,0,0
37337,8557,1,45,10,69,148,7.89,6.369999999999999,0,0,1,0,0,0,0,0,1,0,0
37357,11540,1,34,9,446,316,12.21,7.699999999999999,0.945,0,4,0,0,0,0,0,0,1,0
37440,11076,1,46,18,3,51,2.1,2.5700000000000003,0,0,5,0,0,0,0,0,0,0,1
37495,4825,1,46,12,2,88,12.610000000000001,7.740000000000001,2.3894,0,6,0,1,0,0,0,0,0,0
37513,11550,1,20,28,0,0,0.02,0,0,0,3,0,0,1,0,0,0,0,0
37514,10539,1,20,16,23,314,19.080000000000002,9.54,10.9009,0,3,0,0,1,0,0,0,0,0
37527,1777,1,50,20,8,185,6.079999999999999,5.17,3.5417,0,5,0,0,0,0,0,0,0,1
37599,4659,1,40,17,31,140,23.950000000000003,6.9399999999999995,2.349,0,3,0,0,1,0,0,0,0,0
37629,11055,1,55,11,281,174,6.8199999999999985,5.22,0,0,1,0,0,0,0,0,1,0,0
37645,2193,1,72,19,34,143,18.45,6.91,2.6470000000000002,0,3,0,0,1,0,0,0,0,0
37654,693,1,62,26,16,94,4.91,4.85,0,0,7,0,0,0,1,0,0,0,0
37701,9542,1,22,19,151,214,10.36,7.68,0,0,7,0,0,0,1,0,0,0,0
37705,3447,1,35,17,108,107,5.82,4.3100000000000005,1.2960000000000003,0,2,1,0,0,0,0,0,0,0
37825,2927,1,25,14,896,122,20.759999999999998,5.089999999999999,0.21,0,2,1,0,0,0,0,0,0,0
37883,6290,1,74,10,134,172,12.8,6.219999999999998,0.08100000000000002,0,2,1,0,0,0,0,0,0,0
37896,652,1,75,24,0,54,8.22,5.5699999999999985,0,0,8,0,0,0,0,1,0,0,0
37898,4055,1,35,23,722,103,7.329999999999999,5.720000000000001,0.04,0,1,0,0,0,0,0,1,0,0
37922,11055,1,26,11,281,179,7.1899999999999995,5.8,0,0,1,0,0,0,0,0,1,0,0
37930,1208,1,35,14,92,67,7.199999999999999,4.21,0.5940000000000001,0,4,0,0,0,0,0,0,1,0
37989,6367,1,47,8,595,410,22.2,11.990000000000002,0.306,0,2,1,0,0,0,0,0,0,0
38064,11185,1,26,29,17,119,6.499999999999999,4.98,0,0,7,0,0,0,1,0,0,0,0
38134,5324,1,52,11,62,143,10.409999999999998,6.680000000000001,0,0,1,0,0,0,0,0,1,0,0
38145,11854,1,20,6,41,162,11.790000000000001,6.86,0,0,4,0,0,0,0,0,0,1,0
38152,5086,1,41,14,44,66,7.83,5.0600000000000005,0.5940000000000001,0,1,0,0,0,0,0,1,0,0
38201,7521,1,65,1,4,125,7.5600000000000005,4.48,0,1,6,0,1,0,0,0,0,0,0
38237,11665,1,22,31,184,79,8.129999999999999,5.6000000000000005,0,0,1,0,0,0,0,0,1,0,0
38255,3804,1,25,5,16,73,4.510000000000001,4.46,0,0,8,0,0,0,0,1,0,0,0
38289,9368,1,30,5,14,59,4.279999999999999,4.03,0,0,7,0,0,0,1,0,0,0,0
38312,2992,1,31,19,13,108,9.069999999999999,7.039999999999999,0,0,8,0,0,0,0,1,0,0,0
38383,7943,1,32,12,34,225,15.510000000000002,8.78,2,0,1,0,0,0,0,0,1,0,0
38384,6763,1,27,29,536,224,29.59000000000001,11.12,2.292,0,4,0,0,0,0,0,0,1,0
38404,5130,1,18,13,11,83,7.489999999999999,6.71,1.2,0,2,1,0,0,0,0,0,0,0
38411,6217,1,25,1,110,107,8.459999999999999,5.33,0.08,1,1,0,0,0,0,0,1,0,0
38424,4887,1,18,1,8,211,13.580000000000002,6.720000000000001,5.783099999999999,1,1,0,0,0,0,0,1,0,0
38485,11405,1,34,6,59,166,14.25,8.17,0.25799999999999995,0,3,0,0,1,0,0,0,0,0
38522,5480,1,20,22,29,93,7.2,5.209999999999999,0,0,5,0,0,0,0,0,0,0,1
38545,1845,1,56,28,670,153,27.55,7.909999999999999,4.375,0,3,0,0,1,0,0,0,0,0
38546,1826,1,80,6,19,152,7.549999999999999,5.17,0,0,3,0,0,1,0,0,0,0,0
38577,7564,1,60,13,852,256,8.17,5.18,0,0,2,1,0,0,0,0,0,0,0
38646,322,1,47,10,0,22,3.84,3.26,2,0,4,0,0,0,0,0,0,1,0
38684,6780,1,45,26,140,120,5.86,4.920000000000001,1.1880000000000002,0,7,0,0,0,1,0,0,0,0
38756,9334,1,45,10,548,55,13.02,4.09,0,0,8,0,0,0,0,1,0,0,0
38787,4479,1,39,23,156,64,5.03,4.3,0,0,8,0,0,0,0,1,0,0,0
38790,6465,1,24,24,1,61,7.84,5.34,0,0,3,0,0,1,0,0,0,0,0
38877,2325,1,62,23,1,59,5.71,4.72,0,0,7,0,0,0,1,0,0,0,0
38943,11676,1,24,10,7,146,9.100000000000001,7.329999999999999,0,0,6,0,1,0,0,0,0,0,0
39047,4243,1,34,7,217,65,11.02,5.52,0,1,6,0,1,0,0,0,0,0,0
39075,2810,1,28,14,27,61,6.069999999999999,5.65,3.54,0,2,1,0,0,0,0,0,0,0
39243,8582,1,55,25,87,141,9.59,6.089999999999999,1.1880000000000002,0,5,0,0,0,0,0,0,0,1
39250,69,1,18,17,105,166,6.56,5.33,1.1880000000000002,0,7,0,0,0,1,0,0,0,0
39374,3949,1,25,8,0,66,4.93,4.66,0.08,0,1,0,0,0,0,0,1,0,0
39378,6916,1,18,13,2,58,3.91,4.09,0,0,1,0,0,0,0,0,1,0,0
39414,10355,1,25,13,14,86,6.119999999999999,4.75,0,0,5,0,0,0,0,0,0,0,1
39463,9755,1,56,6,10,50,7.899999999999999,4.129999999999999,2.625,0,6,0,1,0,0,0,0,0,0
39472,6461,1,33,6,38,44,7.8199999999999985,4.539999999999998,2.5170000000000003,0,4,0,0,0,0,0,0,1,0
39487,2138,1,26,15,0,115,10.429999999999998,8.18,0,0,1,0,0,0,0,0,1,0,0
39611,6763,1,52,29,536,212,28.30000000000001,10.16,2.2920000000000003,0,4,0,0,0,0,0,0,1,0
39630,3005,1,28,21,7,129,10.860000000000001,6.879999999999998,3.7491000000000003,0,1,0,0,0,0,0,1,0,0
39640,6873,1,30,26,3129,93,11.53,4.35,0,0,1,0,0,0,0,0,1,0,0
39642,8153,1,40,26,209,84,10.409999999999998,4.11,0,0,1,0,0,0,0,0,1,0,0
39657,3056,1,45,8,235,457,26.209999999999994,16.03,14.358699999999999,0,3,0,0,1,0,0,0,0,0
39672,6135,1,46,12,68,235,11.249999999999998,6.329999999999999,1.27,0,6,0,1,0,0,0,0,0,0
