SUBJECT,HOUSEHOLD,SEX,AGE_YEAR,CONSUMPTION_DAY,WEEK_DAY,PREG_LACT,BREASTFEEDING,sum_ENERGY_kcal,WEEKEND,adm2_,adm2_9,adm2_3,adm2_1,adm2_8,adm2_2,adm2_7,adm2_10,adm2_5,adm2_6,adm2_4
2,5570,1,55,5,6,NA,NA,2113,0,9,1,0,0,0,0,0,0,0,0,0
11,3126,1,28,13,4,NA,NA,1521,0,3,0,1,0,0,0,0,0,0,0,0
16,11115,1,23,6,7,NA,NA,1031,1,9,1,0,0,0,0,0,0,0,0,0
17,799,1,39,30,4,NA,NA,1099,0,1,0,0,1,0,0,0,0,0,0,0
40,5770,1,21,14,4,NA,NA,1269,0,8,0,0,0,1,0,0,0,0,0,0
41,9638,1,45,19,5,NA,NA,1598,0,2,0,0,0,0,1,0,0,0,0,0
73,4112,1,30,9,4,NA,NA,2571,0,7,0,0,0,0,0,1,0,0,0,0
127,725,1,45,4,1,NA,NA,1713,1,1,0,0,1,0,0,0,0,0,0,0
138,11871,1,18,9,2,NA,NA,1154,0,10,0,0,0,0,0,0,1,0,0,0
205,3516,1,45,23,7,NA,NA,2446,1,5,0,0,0,0,0,0,0,1,0,0
271,4288,1,60,18,2,NA,NA,2620,0,3,0,1,0,0,0,0,0,0,0,0
361,10054,1,21,26,5,NA,NA,1266,0,2,0,0,0,0,1,0,0,0,0,0
389,2942,1,55,24,7,NA,NA,1200,1,6,0,0,0,0,0,0,0,0,1,0
456,8790,1,33,15,5,NA,NA,1250,0,8,0,0,0,1,0,0,0,0,0,0
470,226,1,68,21,6,NA,NA,1367,0,3,0,1,0,0,0,0,0,0,0,0
479,4107,1,23,13,4,NA,NA,1971,0,3,0,1,0,0,0,0,0,0,0,0
516,6441,1,23,27,4,NA,NA,1900,0,4,0,0,0,0,0,0,0,0,0,1
545,3374,1,60,30,2,NA,NA,1178,0,2,0,0,0,0,1,0,0,0,0,0
601,9319,1,40,5,2,NA,NA,2456,0,1,0,0,1,0,0,0,0,0,0,0
608,5678,1,19,26,5,NA,NA,537,0,2,0,0,0,0,1,0,0,0,0,0
800,320,1,60,3,6,NA,NA,1261,0,7,0,0,0,0,0,1,0,0,0,0
863,9693,1,35,20,3,NA,NA,1312,0,4,0,0,0,0,0,0,0,0,0,1
925,689,1,55,3,6,NA,NA,1325,0,9,1,0,0,0,0,0,0,0,0,0
947,11209,1,26,27,5,NA,NA,1439,0,3,0,1,0,0,0,0,0,0,0,0
967,11074,1,22,23,7,NA,NA,1556,1,5,0,0,0,0,0,0,0,1,0,0
1000,7199,1,26,30,4,NA,NA,2129,0,1,0,0,1,0,0,0,0,0,0,0
1039,9434,1,35,14,2,NA,NA,2071,0,7,0,0,0,0,0,1,0,0,0,0
1185,50,1,50,23,6,NA,NA,1045,0,6,0,0,0,0,0,0,0,0,1,0
1197,1603,1,65,6,3,NA,NA,1353,0,1,0,0,1,0,0,0,0,0,0,0
1249,2882,1,36,6,7,NA,NA,1716,1,9,1,0,0,0,0,0,0,0,0,0
1278,3191,1,42,9,2,NA,NA,1757,0,10,0,0,0,0,0,0,1,0,0,0
1303,4465,1,20,28,2,NA,NA,736,0,7,0,0,0,0,0,1,0,0,0,0
1345,9494,1,51,27,5,NA,NA,2229,0,3,0,1,0,0,0,0,0,0,0,0
1346,4819,1,20,27,4,NA,NA,1287,0,5,0,0,0,0,0,0,0,1,0,0
1395,4491,1,42,19,6,NA,NA,1373,0,1,0,0,1,0,0,0,0,0,0,0
1445,6075,1,28,14,4,NA,NA,1055,0,7,0,0,0,0,0,1,0,0,0,0
1452,5528,1,70,3,6,NA,NA,1527,0,9,1,0,0,0,0,0,0,0,0,0
1465,3854,1,36,5,6,NA,NA,1611,0,9,1,0,0,0,0,0,0,0,0,0
1480,4236,1,24,26,6,NA,NA,2233,0,1,0,0,1,0,0,0,0,0,0,0
1501,3137,1,63,25,6,NA,NA,1485,0,1,0,0,1,0,0,0,0,0,0,0
1539,6189,1,35,18,2,NA,NA,951,0,3,0,1,0,0,0,0,0,0,0,0
1601,2747,1,26,4,4,NA,NA,692,0,5,0,0,0,0,0,0,0,1,0,0
1608,2684,1,65,5,5,NA,NA,1097,0,5,0,0,0,0,0,0,0,1,0,0
1613,6893,1,37,8,4,NA,NA,965,0,7,0,0,0,0,0,1,0,0,0,0
1676,11826,1,35,22,5,NA,NA,2724,0,4,0,0,0,0,0,0,0,0,0,1
1687,7094,1,34,4,1,NA,NA,1312,1,1,0,0,1,0,0,0,0,0,0,0
1698,6446,1,18,28,2,NA,NA,1934,0,7,0,0,0,0,0,1,0,0,0,0
1704,589,1,22,15,3,NA,NA,1729,0,9,1,0,0,0,0,0,0,0,0,0
1773,3381,1,20,6,6,NA,NA,3298,0,6,0,0,0,0,0,0,0,0,1,0
1824,7760,1,49,21,6,NA,NA,1576,0,10,0,0,0,0,0,0,1,0,0,0
1831,610,1,34,7,7,NA,NA,1359,1,6,0,0,0,0,0,0,0,0,1,0
1836,388,1,33,11,4,NA,NA,2027,0,10,0,0,0,0,0,0,1,0,0,0
1851,8336,1,39,4,3,NA,NA,2765,0,5,0,0,0,0,0,0,0,1,0,0
1912,4381,1,55,15,7,NA,NA,2352,1,10,0,0,0,0,0,0,1,0,0,0
1945,11601,1,97,7,1,NA,NA,1080,1,9,1,0,0,0,0,0,0,0,0,0
1949,9746,1,19,13,4,NA,NA,1955,0,3,0,1,0,0,0,0,0,0,0,0
2064,481,1,40,20,3,NA,NA,1764,0,2,0,0,0,0,1,0,0,0,0,0
2071,5202,1,24,1,4,NA,NA,1723,0,2,0,0,0,0,1,0,0,0,0,0
2078,8,1,52,29,7,NA,NA,1503,1,3,0,1,0,0,0,0,0,0,0,0
2102,9929,1,22,30,4,NA,NA,2023,0,1,0,0,1,0,0,0,0,0,0,0
2105,10772,1,20,4,5,NA,NA,1083,0,9,1,0,0,0,0,0,0,0,0,0
2120,8152,1,38,11,4,NA,NA,1531,0,10,0,0,0,0,0,0,1,0,0,0
2157,6566,1,42,19,5,NA,NA,3286,0,2,0,0,0,0,1,0,0,0,0,0
2183,8742,1,70,30,4,NA,NA,707,0,1,0,0,1,0,0,0,0,0,0,0
2186,11655,1,30,13,5,NA,NA,1706,0,10,0,0,0,0,0,0,1,0,0,0
2209,9795,1,35,28,2,NA,NA,453,0,1,0,0,1,0,0,0,0,0,0,0
2245,9657,1,36,14,4,NA,NA,1100,0,8,0,0,0,1,0,0,0,0,0,0
2253,2144,1,30,21,1,NA,NA,2264,1,1,0,0,1,0,0,0,0,0,0,0
2307,8565,1,27,6,2,NA,NA,1740,0,7,0,0,0,0,0,1,0,0,0,0
2328,3324,1,70,24,7,NA,NA,1757,1,6,0,0,0,0,0,0,0,0,1,0
2333,1002,1,29,25,3,NA,NA,2271,0,3,0,1,0,0,0,0,0,0,0,0
2343,7030,1,55,4,1,NA,NA,1898,1,1,0,0,1,0,0,0,0,0,0,0
2381,3501,1,32,3,6,NA,NA,1557,0,9,1,0,0,0,0,0,0,0,0,0
2406,179,1,55,18,3,NA,NA,1820,0,3,0,1,0,0,0,0,0,0,0,0
2416,643,1,52,8,1,NA,NA,1982,1,6,0,0,0,0,0,0,0,0,1,0
2427,4876,1,90,2,2,NA,NA,1924,0,8,0,0,0,1,0,0,0,0,0,0
2436,3354,1,26,29,3,NA,NA,2333,0,1,0,0,1,0,0,0,0,0,0,0
2494,6566,1,18,19,5,NA,NA,2007,0,2,0,0,0,0,1,0,0,0,0,0
2515,7699,1,33,9,4,NA,NA,1268,0,7,0,0,0,0,0,1,0,0,0,0
2525,5742,1,31,29,7,NA,NA,1890,1,3,0,1,0,0,0,0,0,0,0,0
2528,3919,1,52,5,2,NA,NA,1964,0,1,0,0,1,0,0,0,0,0,0,0
2529,1929,1,24,6,2,NA,NA,1501,0,7,0,0,0,0,0,1,0,0,0,0
2581,1363,1,35,4,7,NA,NA,2645,1,7,0,0,0,0,0,1,0,0,0,0
2599,1768,1,37,4,7,NA,NA,2350,1,7,0,0,0,0,0,1,0,0,0,0
2602,7950,1,80,20,3,NA,NA,1429,0,8,0,0,0,1,0,0,0,0,0,0
2655,3073,1,35,9,3,NA,NA,1259,0,9,1,0,0,0,0,0,0,0,0,0
2689,13,1,40,23,1,NA,NA,2230,1,10,0,0,0,0,0,0,1,0,0,0
2734,10391,1,24,14,5,NA,NA,1603,0,3,0,1,0,0,0,0,0,0,0,0
2754,6061,1,28,3,3,NA,NA,2655,0,5,0,0,0,0,0,0,0,1,0,0
2756,5935,1,55,14,2,NA,NA,1853,0,7,0,0,0,0,0,1,0,0,0,0
2800,6330,1,22,20,3,NA,NA,2539,0,4,0,0,0,0,0,0,0,0,0,1
2802,4236,1,48,26,6,NA,NA,2342,0,1,0,0,1,0,0,0,0,0,0,0
2813,6265,1,31,22,5,NA,NA,1542,0,4,0,0,0,0,0,0,0,0,0,1
2844,1751,1,42,18,2,NA,NA,1616,0,3,0,1,0,0,0,0,0,0,0,0
2856,8667,1,32,25,2,NA,NA,1489,0,5,0,0,0,0,0,0,0,1,0,0
2870,11547,1,21,8,4,NA,NA,1765,0,7,0,0,0,0,0,1,0,0,0,0
2979,3582,1,55,26,5,NA,NA,1165,0,2,0,0,0,0,1,0,0,0,0,0
2989,11674,1,30,22,5,NA,NA,2040,0,2,0,0,0,0,1,0,0,0,0,0
2998,9960,1,30,16,7,NA,NA,1809,1,3,0,1,0,0,0,0,0,0,0,0
3025,5377,1,37,10,7,NA,NA,1437,1,7,0,0,0,0,0,1,0,0,0,0
3049,9477,1,23,9,3,NA,NA,886,0,9,1,0,0,0,0,0,0,0,0,0
3050,7331,1,21,25,3,NA,NA,484,0,3,0,1,0,0,0,0,0,0,0,0
3071,3190,1,30,20,5,NA,NA,1854,0,3,0,1,0,0,0,0,0,0,0,0
3167,5870,1,24,4,4,NA,NA,1196,0,5,0,0,0,0,0,0,0,1,0,0
3177,6870,1,24,9,2,NA,NA,1918,0,10,0,0,0,0,0,0,1,0,0,0
3191,2863,1,18,13,5,NA,NA,1106,0,10,0,0,0,0,0,0,1,0,0,0
3244,8661,1,70,21,5,NA,NA,1846,0,9,1,0,0,0,0,0,0,0,0,0
3267,9698,1,18,19,4,NA,NA,1303,0,3,0,1,0,0,0,0,0,0,0,0
3312,3077,1,59,18,3,NA,NA,2101,0,3,0,1,0,0,0,0,0,0,0,0
3392,11201,1,35,21,4,NA,NA,1470,0,4,0,0,0,0,0,0,0,0,0,1
3417,5521,1,21,21,1,NA,NA,2855,1,1,0,0,1,0,0,0,0,0,0,0
3427,7831,1,53,14,5,NA,NA,1318,0,3,0,1,0,0,0,0,0,0,0,0
3443,3844,1,35,17,2,NA,NA,2956,0,10,0,0,0,0,0,0,1,0,0,0
3449,11596,1,36,30,2,NA,NA,1119,0,7,0,0,0,0,0,1,0,0,0,0
3450,226,1,27,21,6,NA,NA,1280,0,3,0,1,0,0,0,0,0,0,0,0
3475,6559,1,30,20,3,NA,NA,993,0,4,0,0,0,0,0,0,0,0,0,1
3496,802,1,45,5,5,NA,NA,1772,0,5,0,0,0,0,0,0,0,1,0,0
3526,2988,1,47,21,1,NA,NA,2792,1,1,0,0,1,0,0,0,0,0,0,0
3572,319,1,28,9,2,NA,NA,1997,0,10,0,0,0,0,0,0,1,0,0,0
3573,4063,1,40,3,6,NA,NA,2102,0,2,0,0,0,0,1,0,0,0,0,0
3574,629,1,38,14,4,NA,NA,1800,0,7,0,0,0,0,0,1,0,0,0,0
3665,8716,1,25,4,7,NA,NA,2082,1,6,0,0,0,0,0,0,0,0,1,0
3666,3377,1,85,16,4,NA,NA,981,0,7,0,0,0,0,0,1,0,0,0,0
3706,10483,1,35,4,4,NA,NA,1658,0,5,0,0,0,0,0,0,0,1,0,0
3707,1440,1,65,25,2,NA,NA,1899,0,5,0,0,0,0,0,0,0,1,0,0
3718,6293,1,26,21,4,NA,NA,1760,0,4,0,0,0,0,0,0,0,0,0,1
3769,8955,1,24,7,1,NA,NA,975,1,9,1,0,0,0,0,0,0,0,0,0
3771,9919,1,20,16,4,NA,NA,1759,0,7,0,0,0,0,0,1,0,0,0,0
3787,2008,1,21,22,3,NA,NA,2202,0,7,0,0,0,0,0,1,0,0,0,0
3788,4057,1,23,27,1,NA,NA,2062,1,1,0,0,1,0,0,0,0,0,0,0
3794,7693,1,19,2,4,NA,NA,1216,0,2,0,0,0,0,1,0,0,0,0,0
3819,5005,1,33,24,4,NA,NA,1526,0,1,0,0,1,0,0,0,0,0,0,0
3826,2333,1,20,26,5,NA,NA,923,0,2,0,0,0,0,1,0,0,0,0,0
3860,10808,1,21,22,3,NA,NA,2131,0,4,0,0,0,0,0,0,0,0,0,1
3899,4222,1,90,24,7,NA,NA,817,1,6,0,0,0,0,0,0,0,0,1,0
3910,11852,1,35,18,3,NA,NA,1932,0,3,0,1,0,0,0,0,0,0,0,0
3931,10808,1,25,22,3,NA,NA,2131,0,4,0,0,0,0,0,0,0,0,0,1
3987,9040,1,74,28,6,NA,NA,694,0,3,0,1,0,0,0,0,0,0,0,0
3991,5278,1,85,21,6,NA,NA,2394,0,10,0,0,0,0,0,0,1,0,0,0
4032,10296,1,80,24,5,NA,NA,2651,0,7,0,0,0,0,0,1,0,0,0,0
4056,9682,1,40,27,1,NA,NA,1509,1,1,0,0,1,0,0,0,0,0,0,0
4168,4394,1,22,6,2,NA,NA,847,0,7,0,0,0,0,0,1,0,0,0,0
4245,8733,1,32,1,5,NA,NA,1967,0,1,0,0,1,0,0,0,0,0,0,0
4291,4650,1,25,4,4,NA,NA,2038,0,6,0,0,0,0,0,0,0,0,1,0
4305,754,1,40,15,3,NA,NA,1901,0,9,1,0,0,0,0,0,0,0,0,0
4338,9316,1,23,16,7,NA,NA,2732,1,3,0,1,0,0,0,0,0,0,0,0
4349,9477,1,28,9,3,NA,NA,1135,0,9,1,0,0,0,0,0,0,0,0,0
4393,6400,1,47,21,4,NA,NA,879,0,4,0,0,0,0,0,0,0,0,0,1
4400,7460,1,55,16,6,NA,NA,1011,0,8,0,0,0,1,0,0,0,0,0,0
4410,8274,1,42,28,5,NA,NA,3640,0,4,0,0,0,0,0,0,0,0,0,1
4504,1902,1,22,9,6,NA,NA,1950,0,7,0,0,0,0,0,1,0,0,0,0
4546,1813,1,65,3,3,NA,NA,1279,0,5,0,0,0,0,0,0,0,1,0,0
4547,4651,1,62,1,3,NA,NA,1412,0,2,0,0,0,0,1,0,0,0,0,0
4566,5548,1,50,1,3,NA,NA,1781,0,2,0,0,0,0,1,0,0,0,0,0
4571,3609,1,60,1,4,NA,NA,2135,0,2,0,0,0,0,1,0,0,0,0,0
4664,9895,1,30,16,4,NA,NA,2362,0,7,0,0,0,0,0,1,0,0,0,0
4739,1476,1,77,7,4,NA,NA,1226,0,1,0,0,1,0,0,0,0,0,0,0
4763,6412,1,19,9,6,NA,NA,2440,0,7,0,0,0,0,0,1,0,0,0,0
4824,9727,1,18,8,2,NA,NA,1579,0,9,1,0,0,0,0,0,0,0,0,0
4889,2333,1,45,26,5,NA,NA,1548,0,2,0,0,0,0,1,0,0,0,0,0
4903,5806,1,48,16,7,NA,NA,3027,1,3,0,1,0,0,0,0,0,0,0,0
4939,2269,1,23,25,2,NA,NA,1114,0,5,0,0,0,0,0,0,0,1,0,0
4949,7700,1,45,18,3,NA,NA,1349,0,3,0,1,0,0,0,0,0,0,0,0
4967,1490,1,65,14,4,NA,NA,1339,0,8,0,0,0,1,0,0,0,0,0,0
4984,1155,1,50,25,3,NA,NA,1685,0,3,0,1,0,0,0,0,0,0,0,0
5029,11024,1,45,30,2,NA,NA,1305,0,2,0,0,0,0,1,0,0,0,0,0
5039,4943,1,29,3,3,NA,NA,1244,0,5,0,0,0,0,0,0,0,1,0,0
5076,2722,1,70,4,7,NA,NA,3049,1,6,0,0,0,0,0,0,0,0,1,0
5077,8,1,26,29,7,NA,NA,2168,1,3,0,1,0,0,0,0,0,0,0,0
5085,1036,1,80,8,5,NA,NA,1434,0,1,0,0,1,0,0,0,0,0,0,0
5092,6436,1,42,2,4,NA,NA,900,0,2,0,0,0,0,1,0,0,0,0,0
5095,3619,1,32,6,2,NA,NA,1549,0,7,0,0,0,0,0,1,0,0,0,0
5099,10747,1,60,17,2,NA,NA,1783,0,10,0,0,0,0,0,0,1,0,0,0
5127,4893,1,59,7,4,NA,NA,2006,0,1,0,0,1,0,0,0,0,0,0,0
5147,8700,1,55,7,1,NA,NA,1259,1,9,1,0,0,0,0,0,0,0,0,0
5173,7304,1,45,6,3,NA,NA,2003,0,1,0,0,1,0,0,0,0,0,0,0
5189,7296,1,25,21,4,NA,NA,2300,0,4,0,0,0,0,0,0,0,0,0,1
5214,4978,1,40,17,5,NA,NA,1320,0,9,1,0,0,0,0,0,0,0,0,0
5276,2348,1,60,19,2,NA,NA,1232,0,8,0,0,0,1,0,0,0,0,0,0
5323,2975,1,38,3,6,NA,NA,947,0,9,1,0,0,0,0,0,0,0,0,0
5330,5950,1,85,8,4,NA,NA,1635,0,7,0,0,0,0,0,1,0,0,0,0
5341,9547,1,50,18,2,NA,NA,1893,0,3,0,1,0,0,0,0,0,0,0,0
5367,1624,1,30,9,2,NA,NA,3317,0,10,0,0,0,0,0,0,1,0,0,0
5374,3643,1,40,4,7,NA,NA,1298,1,6,0,0,0,0,0,0,0,0,1,0
5424,207,1,45,8,4,NA,NA,1805,0,6,0,0,0,0,0,0,0,0,1,0
5465,328,1,32,2,4,NA,NA,1712,0,2,0,0,0,0,1,0,0,0,0,0
5543,3507,1,65,30,2,NA,NA,1833,0,2,0,0,0,0,1,0,0,0,0,0
5566,2530,1,70,6,7,NA,NA,511,1,9,1,0,0,0,0,0,0,0,0,0
5641,7244,1,65,4,7,NA,NA,4482,1,6,0,0,0,0,0,0,0,0,1,0
5651,1314,1,31,30,6,NA,NA,1942,0,8,0,0,0,1,0,0,0,0,0,0
5695,8716,1,35,4,7,NA,NA,2377,1,6,0,0,0,0,0,0,0,0,1,0
5710,11178,1,40,25,6,NA,NA,389,0,1,0,0,1,0,0,0,0,0,0,0
5726,6870,1,80,9,2,NA,NA,699,0,10,0,0,0,0,0,0,1,0,0,0
5783,1874,1,30,11,4,NA,NA,2409,0,10,0,0,0,0,0,0,1,0,0,0
5786,1692,1,51,2,4,NA,NA,2998,0,2,0,0,0,0,1,0,0,0,0,0
5792,2254,1,19,20,3,NA,NA,1682,0,4,0,0,0,0,0,0,0,0,0,1
5820,3789,1,45,21,4,NA,NA,1915,0,4,0,0,0,0,0,0,0,0,0,1
5822,2481,1,60,2,5,NA,NA,2423,0,6,0,0,0,0,0,0,0,0,1,0
5828,7031,1,50,6,2,NA,NA,1422,0,7,0,0,0,0,0,1,0,0,0,0
5837,4850,1,72,6,5,NA,NA,1103,0,5,0,0,0,0,0,0,0,1,0,0
5844,1074,1,56,9,2,NA,NA,4756,0,10,0,0,0,0,0,0,1,0,0,0
5924,6965,1,50,5,6,NA,NA,1841,0,9,1,0,0,0,0,0,0,0,0,0
5937,8986,1,29,2,4,NA,NA,1830,0,2,0,0,0,0,1,0,0,0,0,0
5971,10808,1,28,22,3,NA,NA,2131,0,4,0,0,0,0,0,0,0,0,0,1
5984,1449,1,55,30,7,NA,NA,2310,1,5,0,0,0,0,0,0,0,1,0,0
6016,6937,1,54,4,3,NA,NA,2987,0,5,0,0,0,0,0,0,0,1,0,0
6019,9811,1,30,21,1,NA,NA,1726,1,1,0,0,1,0,0,0,0,0,0,0
6028,6243,1,40,30,2,NA,NA,1754,0,2,0,0,0,0,1,0,0,0,0,0
6067,3171,1,36,14,4,NA,NA,1456,0,7,0,0,0,0,0,1,0,0,0,0
6074,11658,1,29,18,2,NA,NA,2001,0,3,0,1,0,0,0,0,0,0,0,0
6121,8692,1,64,6,5,NA,NA,2014,0,5,0,0,0,0,0,0,0,1,0,0
6126,7949,1,23,6,2,NA,NA,891,0,7,0,0,0,0,0,1,0,0,0,0
6134,1404,1,50,9,2,NA,NA,2015,0,10,0,0,0,0,0,0,1,0,0,0
6149,6884,1,30,6,7,NA,NA,1312,1,9,1,0,0,0,0,0,0,0,0,0
6163,5318,1,40,12,5,NA,NA,3303,0,10,0,0,0,0,0,0,1,0,0,0
6174,10548,1,65,20,3,NA,NA,577,0,8,0,0,0,1,0,0,0,0,0,0
6181,8839,1,22,1,1,NA,NA,2261,1,8,0,0,0,1,0,0,0,0,0,0
6197,2942,1,22,24,7,NA,NA,1201,1,6,0,0,0,0,0,0,0,0,1,0
6251,9874,1,66,6,7,NA,NA,1361,1,9,1,0,0,0,0,0,0,0,0,0
6279,628,1,38,4,4,NA,NA,2604,0,6,0,0,0,0,0,0,0,0,1,0
6296,7242,1,40,7,4,NA,NA,1559,0,1,0,0,1,0,0,0,0,0,0,0
6345,786,1,22,22,5,NA,NA,930,0,6,0,0,0,0,0,0,0,0,1,0
6377,3162,1,80,7,3,NA,NA,1135,0,7,0,0,0,0,0,1,0,0,0,0
6390,8600,1,30,6,3,NA,NA,1541,0,1,0,0,1,0,0,0,0,0,0,0
6398,7884,1,55,20,3,NA,NA,1075,0,8,0,0,0,1,0,0,0,0,0,0
6416,10282,1,93,6,2,NA,NA,1155,0,7,0,0,0,0,0,1,0,0,0,0
6437,4364,1,35,24,5,NA,NA,1479,0,7,0,0,0,0,0,1,0,0,0,0
6474,9727,1,21,8,2,NA,NA,1145,0,9,1,0,0,0,0,0,0,0,0,0
6512,2619,1,45,22,3,NA,NA,1099,0,7,0,0,0,0,0,1,0,0,0,0
6530,3595,1,55,25,3,NA,NA,2222,0,3,0,1,0,0,0,0,0,0,0,0
6601,3078,1,36,6,6,NA,NA,2091,0,6,0,0,0,0,0,0,0,0,1,0
6623,6209,1,29,29,3,NA,NA,2069,0,1,0,0,1,0,0,0,0,0,0,0
6661,7282,1,66,6,6,NA,NA,1332,0,6,0,0,0,0,0,0,0,0,1,0
6698,2942,1,28,24,7,NA,NA,1201,1,6,0,0,0,0,0,0,0,0,1,0
6744,9453,1,27,15,5,NA,NA,1402,0,8,0,0,0,1,0,0,0,0,0,0
6831,10526,1,35,22,5,NA,NA,1954,0,2,0,0,0,0,1,0,0,0,0,0
6843,7031,1,21,6,2,NA,NA,1409,0,7,0,0,0,0,0,1,0,0,0,0
6859,11061,1,18,8,2,NA,NA,1453,0,9,1,0,0,0,0,0,0,0,0,0
6908,10711,1,26,1,4,NA,NA,2630,0,2,0,0,0,0,1,0,0,0,0,0
6924,5948,1,45,1,3,NA,NA,1940,0,2,0,0,0,0,1,0,0,0,0,0
6927,11756,1,35,2,6,NA,NA,1607,0,1,0,0,1,0,0,0,0,0,0,0
6954,2482,1,43,29,7,NA,NA,1660,1,3,0,1,0,0,0,0,0,0,0,0
6982,9715,1,35,19,6,NA,NA,2924,0,1,0,0,1,0,0,0,0,0,0,0
6991,319,1,70,9,2,NA,NA,1709,0,10,0,0,0,0,0,0,1,0,0,0
7007,4074,1,70,26,7,NA,NA,1270,1,1,0,0,1,0,0,0,0,0,0,0
7034,4239,1,60,4,5,NA,NA,1591,0,9,1,0,0,0,0,0,0,0,0,0
7070,2613,1,27,26,5,NA,NA,817,0,2,0,0,0,0,1,0,0,0,0,0
7092,9121,1,20,10,4,NA,NA,1692,0,9,1,0,0,0,0,0,0,0,0,0
7116,7497,1,70,24,5,NA,NA,1252,0,7,0,0,0,0,0,1,0,0,0,0
7128,9766,1,26,4,3,NA,NA,3062,0,5,0,0,0,0,0,0,0,1,0,0
7141,8213,1,32,7,6,NA,NA,1472,0,5,0,0,0,0,0,0,0,1,0,0
7147,7823,1,18,26,5,NA,NA,1890,0,2,0,0,0,0,1,0,0,0,0,0
7150,6167,1,18,24,4,NA,NA,2266,0,1,0,0,1,0,0,0,0,0,0,0
7159,7685,1,26,19,2,NA,NA,775,0,8,0,0,0,1,0,0,0,0,0,0
7171,11672,1,45,10,7,NA,NA,2115,1,7,0,0,0,0,0,1,0,0,0,0
7207,8731,1,25,14,2,NA,NA,1436,0,7,0,0,0,0,0,1,0,0,0,0
7230,11516,1,40,1,4,NA,NA,1848,0,2,0,0,0,0,1,0,0,0,0,0
7241,3501,1,65,3,6,NA,NA,482,0,9,1,0,0,0,0,0,0,0,0,0
7248,6981,1,65,8,2,NA,NA,959,0,9,1,0,0,0,0,0,0,0,0,0
7252,7949,1,18,6,2,NA,NA,1584,0,7,0,0,0,0,0,1,0,0,0,0
7254,1404,1,18,9,2,NA,NA,2038,0,10,0,0,0,0,0,0,1,0,0,0
7264,6955,1,23,27,1,NA,NA,1268,1,1,0,0,1,0,0,0,0,0,0,0
7294,8881,1,60,18,1,NA,NA,766,1,8,0,0,0,1,0,0,0,0,0,0
7296,5326,1,35,20,3,NA,NA,1291,0,4,0,0,0,0,0,0,0,0,0,1
7303,11305,1,21,15,5,NA,NA,1711,0,8,0,0,0,1,0,0,0,0,0,0
7314,11441,1,20,21,5,NA,NA,1785,0,5,0,0,0,0,0,0,0,1,0,0
7343,9366,1,35,7,1,NA,NA,1515,1,9,1,0,0,0,0,0,0,0,0,0
7378,3325,1,75,2,1,NA,NA,1268,1,5,0,0,0,0,0,0,0,1,0,0
7391,5746,1,36,18,1,NA,NA,1390,1,8,0,0,0,1,0,0,0,0,0,0
7421,6388,1,21,29,6,NA,NA,2102,0,5,0,0,0,0,0,0,0,1,0,0
7473,9746,1,55,13,4,NA,NA,1739,0,3,0,1,0,0,0,0,0,0,0,0
7560,10794,1,56,2,4,NA,NA,1336,0,2,0,0,0,0,1,0,0,0,0,0
7561,10772,1,60,4,5,NA,NA,1241,0,9,1,0,0,0,0,0,0,0,0,0
7638,5246,1,50,6,2,NA,NA,2561,0,6,0,0,0,0,0,0,0,0,1,0
7702,6441,1,45,27,4,NA,NA,2300,0,4,0,0,0,0,0,0,0,0,0,1
7775,419,1,43,3,6,NA,NA,982,0,2,0,0,0,0,1,0,0,0,0,0
7782,11469,1,70,4,4,NA,NA,1631,0,6,0,0,0,0,0,0,0,0,1,0
7787,877,1,21,29,7,NA,NA,1751,1,3,0,1,0,0,0,0,0,0,0,0
7792,2838,1,85,19,7,NA,NA,1698,1,4,0,0,0,0,0,0,0,0,0,1
7829,9213,1,32,22,5,NA,NA,2922,0,2,0,0,0,0,1,0,0,0,0,0
7845,8301,1,50,18,1,NA,NA,1275,1,8,0,0,0,1,0,0,0,0,0,0
7864,3159,1,52,17,5,NA,NA,1293,0,9,1,0,0,0,0,0,0,0,0,0
7887,480,1,19,19,2,NA,NA,687,0,8,0,0,0,1,0,0,0,0,0,0
7912,195,1,35,20,3,NA,NA,668,0,4,0,0,0,0,0,0,0,0,0,1
7963,9356,1,40,20,5,NA,NA,1345,0,3,0,1,0,0,0,0,0,0,0,0
7989,752,1,50,15,5,NA,NA,496,0,8,0,0,0,1,0,0,0,0,0,0
8006,9729,1,25,20,3,NA,NA,1300,0,8,0,0,0,1,0,0,0,0,0,0
8026,1449,1,25,30,7,NA,NA,1052,1,5,0,0,0,0,0,0,0,1,0,0
8029,8015,1,50,21,6,NA,NA,1531,0,3,0,1,0,0,0,0,0,0,0,0
8039,4910,1,47,30,6,NA,NA,2821,0,8,0,0,0,1,0,0,0,0,0,0
8047,706,1,22,28,2,NA,NA,2138,0,1,0,0,1,0,0,0,0,0,0,0
8083,4653,1,39,18,3,NA,NA,1559,0,3,0,1,0,0,0,0,0,0,0,0
8091,7856,1,23,6,3,NA,NA,1236,0,1,0,0,1,0,0,0,0,0,0,0
8107,123,1,29,8,1,NA,NA,2042,1,6,0,0,0,0,0,0,0,0,1,0
8127,6453,1,60,28,5,NA,NA,1695,0,4,0,0,0,0,0,0,0,0,0,1
8145,5648,1,38,18,5,NA,NA,1667,0,1,0,0,1,0,0,0,0,0,0,0
8170,6349,1,35,25,2,NA,NA,2709,0,9,1,0,0,0,0,0,0,0,0,0
8231,1505,1,24,3,3,NA,NA,2023,0,5,0,0,0,0,0,0,0,1,0,0
8233,799,1,73,30,4,NA,NA,1957,0,1,0,0,1,0,0,0,0,0,0,0
8279,6316,1,50,16,6,NA,NA,519,0,8,0,0,0,1,0,0,0,0,0,0
8306,4878,1,43,20,3,NA,NA,1407,0,2,0,0,0,0,1,0,0,0,0,0
8335,7282,1,34,6,6,NA,NA,1968,0,6,0,0,0,0,0,0,0,0,1,0
8372,7610,1,41,3,6,NA,NA,1457,0,9,1,0,0,0,0,0,0,0,0,0
8420,1325,1,50,24,4,NA,NA,2942,0,1,0,0,1,0,0,0,0,0,0,0
8438,4849,1,50,13,4,NA,NA,1740,0,3,0,1,0,0,0,0,0,0,0,0
8450,2973,1,48,22,6,NA,NA,2244,0,9,1,0,0,0,0,0,0,0,0,0
8542,5935,1,22,14,2,NA,NA,1345,0,7,0,0,0,0,0,1,0,0,0,0
8580,8813,1,37,20,1,NA,NA,1669,1,4,0,0,0,0,0,0,0,0,0,1
8596,4416,1,23,24,5,NA,NA,1608,0,1,0,0,1,0,0,0,0,0,0,0
8621,5371,1,38,21,4,NA,NA,2964,0,4,0,0,0,0,0,0,0,0,0,1
8635,7578,1,60,23,1,NA,NA,1902,1,10,0,0,0,0,0,0,1,0,0,0
8659,4685,1,21,21,6,NA,NA,1952,0,10,0,0,0,0,0,0,1,0,0,0
8668,7949,1,50,6,2,NA,NA,1906,0,7,0,0,0,0,0,1,0,0,0,0
8685,2497,1,28,8,4,NA,NA,1304,0,6,0,0,0,0,0,0,0,0,1,0
8686,3126,1,32,13,4,NA,NA,1521,0,3,0,1,0,0,0,0,0,0,0,0
8703,2276,1,18,1,4,NA,NA,1885,0,2,0,0,0,0,1,0,0,0,0,0
8720,1559,1,28,19,4,NA,NA,1706,0,10,0,0,0,0,0,0,1,0,0,0
8812,5715,1,45,24,1,NA,NA,1800,1,9,1,0,0,0,0,0,0,0,0,0
8818,5243,1,27,4,4,NA,NA,3103,0,6,0,0,0,0,0,0,0,0,1,0
8820,10228,1,22,22,5,NA,NA,1249,0,2,0,0,0,0,1,0,0,0,0,0
8850,3921,1,32,8,1,NA,NA,2077,1,6,0,0,0,0,0,0,0,0,1,0
8864,8171,1,30,26,7,NA,NA,1736,1,1,0,0,1,0,0,0,0,0,0,0
8887,3581,1,45,1,5,NA,NA,1126,0,1,0,0,1,0,0,0,0,0,0,0
8903,8210,1,30,23,7,NA,NA,2005,1,5,0,0,0,0,0,0,0,1,0,0
8933,8220,1,45,18,3,NA,NA,1557,0,3,0,1,0,0,0,0,0,0,0,0
8941,9992,1,65,24,5,NA,NA,1521,0,1,0,0,1,0,0,0,0,0,0,0
9001,3372,1,65,26,5,NA,NA,950,0,2,0,0,0,0,1,0,0,0,0,0
9028,5548,1,29,1,3,NA,NA,1794,0,2,0,0,0,0,1,0,0,0,0,0
9097,5742,1,76,29,7,NA,NA,803,1,3,0,1,0,0,0,0,0,0,0,0
9218,4210,1,43,16,4,NA,NA,1816,0,7,0,0,0,0,0,1,0,0,0,0
9222,2732,1,40,28,5,NA,NA,918,0,4,0,0,0,0,0,0,0,0,0,1
9231,182,1,35,13,4,NA,NA,1623,0,3,0,1,0,0,0,0,0,0,0,0
9255,9548,1,35,2,5,NA,NA,1214,0,6,0,0,0,0,0,0,0,0,1,0
9336,7819,1,30,2,6,NA,NA,2771,0,1,0,0,1,0,0,0,0,0,0,0
9347,10229,1,40,27,4,NA,NA,1616,0,5,0,0,0,0,0,0,0,1,0,0
9367,9321,1,65,1,1,NA,NA,2557,1,8,0,0,0,1,0,0,0,0,0,0
9386,5967,1,30,24,4,NA,NA,2669,0,1,0,0,1,0,0,0,0,0,0,0
9552,6447,1,55,30,7,NA,NA,1390,1,5,0,0,0,0,0,0,0,1,0,0
9571,11597,1,57,9,2,NA,NA,2385,0,10,0,0,0,0,0,0,1,0,0,0
9572,10384,1,25,30,4,NA,NA,2038,0,1,0,0,1,0,0,0,0,0,0,0
9589,1235,1,32,14,5,NA,NA,1355,0,3,0,1,0,0,0,0,0,0,0,0
9596,4176,1,65,5,6,NA,NA,2340,0,9,1,0,0,0,0,0,0,0,0,0
9599,10644,1,30,5,5,NA,NA,2722,0,6,0,0,0,0,0,0,0,0,1,0
9631,8239,1,37,1,1,NA,NA,1437,1,8,0,0,0,1,0,0,0,0,0,0
9637,9195,1,18,21,4,NA,NA,1345,0,4,0,0,0,0,0,0,0,0,0,1
9646,71,1,25,19,5,NA,NA,2351,0,2,0,0,0,0,1,0,0,0,0,0
9664,7334,1,70,18,4,NA,NA,809,0,2,0,0,0,0,1,0,0,0,0,0
9674,7908,1,65,23,7,NA,NA,1764,1,5,0,0,0,0,0,0,0,1,0,0
9689,8779,1,45,29,3,NA,NA,1325,0,1,0,0,1,0,0,0,0,0,0,0
9704,6673,1,35,27,4,NA,NA,2293,0,4,0,0,0,0,0,0,0,0,0,1
9763,3978,1,23,28,6,NA,NA,2248,0,3,0,1,0,0,0,0,0,0,0,0
9776,5073,1,20,6,6,NA,NA,3642,0,5,0,0,0,0,0,0,0,1,0,0
9779,11263,1,75,22,5,NA,NA,1861,0,2,0,0,0,0,1,0,0,0,0,0
9866,5938,1,52,19,4,NA,NA,1011,0,3,0,1,0,0,0,0,0,0,0,0
9917,3434,1,75,20,3,NA,NA,1518,0,8,0,0,0,1,0,0,0,0,0,0
9995,1816,1,50,19,4,NA,NA,2678,0,10,0,0,0,0,0,0,1,0,0,0
10050,1725,1,19,3,3,NA,NA,1602,0,5,0,0,0,0,0,0,0,1,0,0
10058,1827,1,24,11,4,NA,NA,1746,0,10,0,0,0,0,0,0,1,0,0,0
10066,4126,1,70,1,5,NA,NA,1814,0,1,0,0,1,0,0,0,0,0,0,0
10123,10131,1,35,14,4,NA,NA,2027,0,8,0,0,0,1,0,0,0,0,0,0
10218,3029,1,55,24,1,NA,NA,2072,1,9,1,0,0,0,0,0,0,0,0,0
10232,1325,1,18,24,4,NA,NA,2597,0,1,0,0,1,0,0,0,0,0,0,0
10312,6946,1,40,23,6,NA,NA,2007,0,6,0,0,0,0,0,0,0,0,1,0
10336,6827,1,65,26,6,NA,NA,2420,0,1,0,0,1,0,0,0,0,0,0,0
10339,5885,1,50,6,3,NA,NA,2417,0,1,0,0,1,0,0,0,0,0,0,0
10346,5796,1,45,4,4,NA,NA,2396,0,6,0,0,0,0,0,0,0,0,1,0
10347,10975,1,48,1,4,NA,NA,2515,0,2,0,0,0,0,1,0,0,0,0,0
10408,6583,1,35,3,3,NA,NA,1714,0,5,0,0,0,0,0,0,0,1,0,0
10430,2254,1,18,20,3,NA,NA,1682,0,4,0,0,0,0,0,0,0,0,0,1
10437,10006,1,33,17,3,NA,NA,1705,0,2,0,0,0,0,1,0,0,0,0,0
10461,7132,1,45,19,5,NA,NA,1190,0,2,0,0,0,0,1,0,0,0,0,0
10521,7680,1,62,16,7,NA,NA,1531,1,3,0,1,0,0,0,0,0,0,0,0
10570,6388,1,83,29,6,NA,NA,1160,0,5,0,0,0,0,0,0,0,1,0,0
10591,8037,1,60,19,7,NA,NA,1820,1,4,0,0,0,0,0,0,0,0,0,1
10596,5816,1,22,10,4,NA,NA,1047,0,9,1,0,0,0,0,0,0,0,0,0
10603,8699,1,57,6,2,NA,NA,474,0,6,0,0,0,0,0,0,0,0,1,0
10604,1929,1,56,6,2,NA,NA,1517,0,7,0,0,0,0,0,1,0,0,0,0
10732,5811,1,21,3,6,NA,NA,2576,0,2,0,0,0,0,1,0,0,0,0,0
10794,5847,1,22,27,5,NA,NA,1769,0,3,0,1,0,0,0,0,0,0,0,0
10814,8275,1,45,7,4,NA,NA,1135,0,1,0,0,1,0,0,0,0,0,0,0
10815,9903,1,31,27,4,NA,NA,1053,0,5,0,0,0,0,0,0,0,1,0,0
10824,2286,1,70,22,3,NA,NA,872,0,4,0,0,0,0,0,0,0,0,0,1
10832,1641,1,61,23,7,NA,NA,1636,1,5,0,0,0,0,0,0,0,1,0,0
10865,5066,1,38,5,5,NA,NA,1706,0,5,0,0,0,0,0,0,0,1,0,0
10884,1823,1,37,20,3,NA,NA,1957,0,2,0,0,0,0,1,0,0,0,0,0
10950,5059,1,24,29,3,NA,NA,2125,0,1,0,0,1,0,0,0,0,0,0,0
10964,6325,1,40,26,7,NA,NA,2819,1,1,0,0,1,0,0,0,0,0,0,0
11002,5183,1,70,12,5,NA,NA,1576,0,10,0,0,0,0,0,0,1,0,0,0
11007,8039,1,65,24,7,NA,NA,1247,1,6,0,0,0,0,0,0,0,0,1,0
11059,6494,1,48,23,1,NA,NA,1715,1,10,0,0,0,0,0,0,1,0,0,0
11062,11376,1,45,4,1,NA,NA,1521,1,1,0,0,1,0,0,0,0,0,0,0
11078,6793,1,66,25,2,NA,NA,1195,0,9,1,0,0,0,0,0,0,0,0,0
11105,8797,1,35,8,1,NA,NA,989,1,6,0,0,0,0,0,0,0,0,1,0
11115,9698,1,47,19,4,NA,NA,1303,0,3,0,1,0,0,0,0,0,0,0,0
11125,7163,1,75,15,5,NA,NA,973,0,8,0,0,0,1,0,0,0,0,0,0
11204,5542,1,50,1,1,NA,NA,2353,1,8,0,0,0,1,0,0,0,0,0,0
11210,6024,1,40,9,3,NA,NA,1392,0,9,1,0,0,0,0,0,0,0,0,0
11237,5564,1,54,1,4,NA,NA,1210,0,2,0,0,0,0,1,0,0,0,0,0
11242,10779,1,65,24,7,NA,NA,1573,1,6,0,0,0,0,0,0,0,0,1,0
11282,4458,1,35,24,4,NA,NA,2565,0,1,0,0,1,0,0,0,0,0,0,0
11288,9657,1,62,14,4,NA,NA,683,0,8,0,0,0,1,0,0,0,0,0,0
11329,1657,1,55,8,1,NA,NA,1424,1,6,0,0,0,0,0,0,0,0,1,0
11374,7030,1,19,4,1,NA,NA,2791,1,1,0,0,1,0,0,0,0,0,0,0
11387,10216,1,24,28,2,NA,NA,2061,0,7,0,0,0,0,0,1,0,0,0,0
11398,8015,1,25,21,6,NA,NA,2007,0,3,0,1,0,0,0,0,0,0,0,0
11404,10419,1,45,22,5,NA,NA,1444,0,6,0,0,0,0,0,0,0,0,1,0
11511,754,1,20,15,3,NA,NA,2524,0,9,1,0,0,0,0,0,0,0,0,0
11574,11281,1,40,24,5,NA,NA,1187,0,7,0,0,0,0,0,1,0,0,0,0
11581,11507,1,65,12,5,NA,NA,2320,0,10,0,0,0,0,0,0,1,0,0,0
11603,3863,1,80,10,4,NA,NA,845,0,9,1,0,0,0,0,0,0,0,0,0
11613,9215,1,31,4,5,NA,NA,1791,0,9,1,0,0,0,0,0,0,0,0,0
11626,1024,1,23,21,5,NA,NA,1339,0,5,0,0,0,0,0,0,0,1,0,0
11639,2391,1,21,24,5,NA,NA,1994,0,1,0,0,1,0,0,0,0,0,0,0
11643,6897,1,21,28,6,NA,NA,2488,0,3,0,1,0,0,0,0,0,0,0,0
11653,4112,1,50,9,4,NA,NA,2079,0,7,0,0,0,0,0,1,0,0,0,0
11706,7293,1,60,29,7,NA,NA,1706,1,3,0,1,0,0,0,0,0,0,0,0
11712,6544,1,78,7,4,NA,NA,2054,0,1,0,0,1,0,0,0,0,0,0,0
11731,11853,1,29,30,2,NA,NA,1905,0,7,0,0,0,0,0,1,0,0,0,0
11795,1518,1,55,9,3,NA,NA,1013,0,9,1,0,0,0,0,0,0,0,0,0
11854,8175,1,23,12,2,NA,NA,2031,0,7,0,0,0,0,0,1,0,0,0,0
11881,5141,1,25,28,2,NA,NA,1222,0,1,0,0,1,0,0,0,0,0,0,0
11893,9271,1,52,19,5,NA,NA,2425,0,2,0,0,0,0,1,0,0,0,0,0
11914,8803,1,55,28,2,NA,NA,3112,0,7,0,0,0,0,0,1,0,0,0,0
11929,7634,1,45,6,6,NA,NA,2720,0,5,0,0,0,0,0,0,0,1,0,0
11959,4200,1,58,30,6,NA,NA,1754,0,8,0,0,0,1,0,0,0,0,0,0
12048,1100,1,39,28,6,NA,NA,2374,0,3,0,1,0,0,0,0,0,0,0,0
12134,3439,1,50,4,7,NA,NA,1618,1,7,0,0,0,0,0,1,0,0,0,0
12234,738,1,45,3,6,NA,NA,2031,0,2,0,0,0,0,1,0,0,0,0,0
12240,11098,1,26,29,6,NA,NA,668,0,5,0,0,0,0,0,0,0,1,0,0
12319,3648,1,60,19,5,NA,NA,2330,0,2,0,0,0,0,1,0,0,0,0,0
12374,1275,1,75,5,2,NA,NA,1080,0,1,0,0,1,0,0,0,0,0,0,0
12430,2361,1,50,7,4,NA,NA,2581,0,1,0,0,1,0,0,0,0,0,0,0
12475,8117,1,75,25,2,NA,NA,1764,0,9,1,0,0,0,0,0,0,0,0,0
12499,3797,1,60,14,2,NA,NA,1860,0,7,0,0,0,0,0,1,0,0,0,0
12576,9727,1,50,8,2,NA,NA,654,0,9,1,0,0,0,0,0,0,0,0,0
12768,1827,1,20,11,4,NA,NA,1235,0,10,0,0,0,0,0,0,1,0,0,0
12780,5280,1,40,16,7,NA,NA,2069,1,3,0,1,0,0,0,0,0,0,0,0
12813,9383,1,43,8,5,NA,NA,1576,0,1,0,0,1,0,0,0,0,0,0,0
12831,1645,1,35,9,4,NA,NA,2234,0,7,0,0,0,0,0,1,0,0,0,0
12880,5941,1,18,8,4,NA,NA,1392,0,7,0,0,0,0,0,1,0,0,0,0
12882,763,1,58,1,4,NA,NA,2062,0,2,0,0,0,0,1,0,0,0,0,0
12885,10004,1,65,2,5,NA,NA,3702,0,6,0,0,0,0,0,0,0,0,1,0
12886,8732,1,36,1,5,NA,NA,2210,0,1,0,0,1,0,0,0,0,0,0,0
12922,9177,1,55,29,6,NA,NA,1617,0,5,0,0,0,0,0,0,0,1,0,0
12939,10285,1,45,21,6,NA,NA,1326,0,3,0,1,0,0,0,0,0,0,0,0
12959,7085,1,45,30,2,NA,NA,2460,0,2,0,0,0,0,1,0,0,0,0,0
13007,7950,1,31,20,3,NA,NA,634,0,8,0,0,0,1,0,0,0,0,0,0
13011,3609,1,30,1,4,NA,NA,1949,0,2,0,0,0,0,1,0,0,0,0,0
13014,4074,1,27,26,7,NA,NA,1685,1,1,0,0,1,0,0,0,0,0,0,0
13022,10942,1,60,12,5,NA,NA,1305,0,10,0,0,0,0,0,0,1,0,0,0
13062,8483,1,35,27,1,NA,NA,1493,1,1,0,0,1,0,0,0,0,0,0,0
13160,1037,1,42,7,1,NA,NA,1587,1,9,1,0,0,0,0,0,0,0,0,0
13181,6387,1,37,21,6,NA,NA,2400,0,10,0,0,0,0,0,0,1,0,0,0
13186,3853,1,45,15,7,NA,NA,2120,1,10,0,0,0,0,0,0,1,0,0,0
13204,10322,1,45,24,4,NA,NA,2063,0,1,0,0,1,0,0,0,0,0,0,0
13240,9766,1,59,4,3,NA,NA,2766,0,5,0,0,0,0,0,0,0,1,0,0
13276,5767,1,65,22,5,NA,NA,1273,0,4,0,0,0,0,0,0,0,0,0,1
13388,338,1,31,24,4,NA,NA,2410,0,1,0,0,1,0,0,0,0,0,0,0
13389,5678,1,40,26,5,NA,NA,642,0,2,0,0,0,0,1,0,0,0,0,0
13465,11731,1,38,22,3,NA,NA,688,0,7,0,0,0,0,0,1,0,0,0,0
13467,3381,1,60,6,6,NA,NA,2892,0,6,0,0,0,0,0,0,0,0,1,0
13496,2415,1,22,22,5,NA,NA,1650,0,4,0,0,0,0,0,0,0,0,0,1
13498,11024,1,18,30,2,NA,NA,1539,0,2,0,0,0,0,1,0,0,0,0,0
13536,6819,1,55,5,6,NA,NA,1347,0,9,1,0,0,0,0,0,0,0,0,0
13540,7647,1,45,28,2,NA,NA,1249,0,7,0,0,0,0,0,1,0,0,0,0
13622,3563,1,38,6,6,NA,NA,2284,0,6,0,0,0,0,0,0,0,0,1,0
13659,5921,1,75,4,5,NA,NA,1064,0,9,1,0,0,0,0,0,0,0,0,0
13664,3212,1,43,3,6,NA,NA,749,0,7,0,0,0,0,0,1,0,0,0,0
13672,10199,1,75,28,6,NA,NA,1654,0,3,0,1,0,0,0,0,0,0,0,0
13703,4145,1,46,28,2,NA,NA,1898,0,1,0,0,1,0,0,0,0,0,0,0
13704,4593,1,48,6,6,NA,NA,2447,0,6,0,0,0,0,0,0,0,0,1,0
13712,5567,1,70,16,4,NA,NA,1447,0,7,0,0,0,0,0,1,0,0,0,0
13738,223,1,62,15,3,NA,NA,1135,0,9,1,0,0,0,0,0,0,0,0,0
13765,6453,1,30,28,5,NA,NA,1591,0,4,0,0,0,0,0,0,0,0,0,1
13867,10724,1,60,21,6,NA,NA,1608,0,10,0,0,0,0,0,0,1,0,0,0
13896,856,1,40,9,2,NA,NA,2781,0,10,0,0,0,0,0,0,1,0,0,0
13911,7240,1,50,29,6,NA,NA,2299,0,5,0,0,0,0,0,0,0,1,0,0
13947,1996,1,55,14,4,NA,NA,652,0,8,0,0,0,1,0,0,0,0,0,0
14008,2279,1,39,28,2,NA,NA,1811,0,1,0,0,1,0,0,0,0,0,0,0
14048,10199,1,34,28,6,NA,NA,1448,0,3,0,1,0,0,0,0,0,0,0,0
14104,1470,1,45,25,6,NA,NA,1337,0,1,0,0,1,0,0,0,0,0,0,0
14187,8728,1,38,30,4,NA,NA,2205,0,1,0,0,1,0,0,0,0,0,0,0
14228,589,1,45,15,3,NA,NA,1787,0,9,1,0,0,0,0,0,0,0,0,0
14397,2279,1,75,28,2,NA,NA,1339,0,1,0,0,1,0,0,0,0,0,0,0
14497,2216,1,42,21,5,NA,NA,2177,0,9,1,0,0,0,0,0,0,0,0,0
14552,5683,1,35,8,5,NA,NA,1417,0,7,0,0,0,0,0,1,0,0,0,0
14563,3928,1,34,29,6,NA,NA,1391,0,5,0,0,0,0,0,0,0,1,0,0
14567,10828,1,55,3,3,NA,NA,930,0,5,0,0,0,0,0,0,0,1,0,0
14576,2519,1,30,25,6,NA,NA,1754,0,1,0,0,1,0,0,0,0,0,0,0
14606,9627,1,18,28,6,NA,NA,1652,0,3,0,1,0,0,0,0,0,0,0,0
14607,870,1,43,23,1,NA,NA,3101,1,10,0,0,0,0,0,0,1,0,0,0
14632,6641,1,21,16,4,NA,NA,2709,0,9,1,0,0,0,0,0,0,0,0,0
14637,5290,1,18,29,6,NA,NA,1771,0,5,0,0,0,0,0,0,0,1,0,0
14640,2026,1,23,30,7,NA,NA,1686,1,5,0,0,0,0,0,0,0,1,0,0
14648,11469,1,80,4,4,NA,NA,1636,0,6,0,0,0,0,0,0,0,0,1,0
14686,8742,1,35,30,4,NA,NA,1499,0,1,0,0,1,0,0,0,0,0,0,0
14716,10251,1,46,4,3,NA,NA,2819,0,5,0,0,0,0,0,0,0,1,0,0
14754,5077,1,38,6,5,NA,NA,2253,0,5,0,0,0,0,0,0,0,1,0,0
14760,8323,1,27,21,6,NA,NA,3148,0,10,0,0,0,0,0,0,1,0,0,0
14835,1053,1,36,1,3,NA,NA,3386,0,2,0,0,0,0,1,0,0,0,0,0
14923,3078,1,42,6,6,NA,NA,1400,0,6,0,0,0,0,0,0,0,0,1,0
14931,1835,1,19,21,5,NA,NA,1648,0,9,1,0,0,0,0,0,0,0,0,0
15022,4021,1,39,4,3,NA,NA,2218,0,5,0,0,0,0,0,0,0,1,0,0
15024,2928,1,47,28,2,NA,NA,1836,0,1,0,0,1,0,0,0,0,0,0,0
15055,9929,1,65,30,4,NA,NA,936,0,1,0,0,1,0,0,0,0,0,0,0
15073,394,1,50,4,7,NA,NA,2076,1,6,0,0,0,0,0,0,0,0,1,0
15101,9874,1,24,6,7,NA,NA,880,1,9,1,0,0,0,0,0,0,0,0,0
15108,884,1,32,3,5,NA,NA,2425,0,2,0,0,0,0,1,0,0,0,0,0
15109,2103,1,60,22,5,NA,NA,1843,0,6,0,0,0,0,0,0,0,0,1,0
15124,10330,1,50,7,1,NA,NA,1534,1,9,1,0,0,0,0,0,0,0,0,0
15213,6357,1,45,20,7,NA,NA,1927,1,1,0,0,1,0,0,0,0,0,0,0
15288,968,1,68,13,5,NA,NA,1913,0,10,0,0,0,0,0,0,1,0,0,0
15400,11305,1,60,15,5,NA,NA,1270,0,8,0,0,0,1,0,0,0,0,0,0
15462,6727,1,60,16,6,NA,NA,1293,0,8,0,0,0,1,0,0,0,0,0,0
15472,9672,1,31,4,4,NA,NA,2779,0,5,0,0,0,0,0,0,0,1,0,0
15481,6648,1,37,3,3,NA,NA,1731,0,5,0,0,0,0,0,0,0,1,0,0
15494,2194,1,55,16,4,NA,NA,1668,0,7,0,0,0,0,0,1,0,0,0,0
15501,4709,1,54,11,4,NA,NA,1923,0,10,0,0,0,0,0,0,1,0,0,0
15503,9802,1,48,20,3,NA,NA,1361,0,4,0,0,0,0,0,0,0,0,0,1
15665,11043,1,47,6,3,NA,NA,1808,0,1,0,0,1,0,0,0,0,0,0,0
15685,4007,1,55,21,5,NA,NA,1797,0,5,0,0,0,0,0,0,0,1,0,0
15687,5564,1,23,1,4,NA,NA,1601,0,2,0,0,0,0,1,0,0,0,0,0
15702,1325,1,22,24,4,NA,NA,2035,0,1,0,0,1,0,0,0,0,0,0,0
15758,1505,1,22,3,3,NA,NA,1986,0,5,0,0,0,0,0,0,0,1,0,0
15786,87,1,58,17,5,NA,NA,1884,0,9,1,0,0,0,0,0,0,0,0,0
15796,2953,1,28,4,5,NA,NA,1108,0,9,1,0,0,0,0,0,0,0,0,0
15821,5170,1,50,24,5,NA,NA,1816,0,1,0,0,1,0,0,0,0,0,0,0
15894,2519,1,28,25,6,NA,NA,1754,0,1,0,0,1,0,0,0,0,0,0,0
15901,9193,1,23,4,7,NA,NA,1407,1,7,0,0,0,0,0,1,0,0,0,0
15926,10216,1,55,28,2,NA,NA,2007,0,7,0,0,0,0,0,1,0,0,0,0
15928,3286,1,40,30,7,NA,NA,2261,1,5,0,0,0,0,0,0,0,1,0,0
15929,1835,1,40,21,5,NA,NA,1482,0,9,1,0,0,0,0,0,0,0,0,0
15977,8676,1,30,16,4,NA,NA,2306,0,9,1,0,0,0,0,0,0,0,0,0
16001,1996,1,30,14,4,NA,NA,1100,0,8,0,0,0,1,0,0,0,0,0,0
16077,9105,1,67,9,2,NA,NA,1470,0,10,0,0,0,0,0,0,1,0,0,0
16165,6488,1,50,21,4,NA,NA,2594,0,4,0,0,0,0,0,0,0,0,0,1
16201,8832,1,50,6,2,NA,NA,5859,0,6,0,0,0,0,0,0,0,0,1,0
16231,995,1,70,24,7,NA,NA,1295,1,6,0,0,0,0,0,0,0,0,1,0
16278,319,1,38,9,2,NA,NA,1688,0,10,0,0,0,0,0,0,1,0,0,0
16279,2086,1,80,24,5,NA,NA,873,0,7,0,0,0,0,0,1,0,0,0,0
16330,10801,1,20,2,1,NA,NA,1008,1,5,0,0,0,0,0,0,0,1,0,0
16332,2415,1,45,22,5,NA,NA,2280,0,4,0,0,0,0,0,0,0,0,0,1
16340,3307,1,90,1,5,NA,NA,1181,0,1,0,0,1,0,0,0,0,0,0,0
16376,9663,1,25,20,3,NA,NA,1384,0,2,0,0,0,0,1,0,0,0,0,0
16435,2555,1,48,5,5,NA,NA,1143,0,5,0,0,0,0,0,0,0,1,0,0
16441,5811,1,64,3,6,NA,NA,2911,0,2,0,0,0,0,1,0,0,0,0,0
16474,548,1,21,30,6,NA,NA,740,0,8,0,0,0,1,0,0,0,0,0,0
16544,5538,1,49,3,3,NA,NA,1418,0,5,0,0,0,0,0,0,0,1,0,0
16550,3637,1,67,23,6,NA,NA,760,0,6,0,0,0,0,0,0,0,0,1,0
16561,8602,1,23,15,3,NA,NA,2578,0,9,1,0,0,0,0,0,0,0,0,0
16648,3423,1,47,3,6,NA,NA,1659,0,7,0,0,0,0,0,1,0,0,0,0
16686,6128,1,29,28,2,NA,NA,1029,0,1,0,0,1,0,0,0,0,0,0,0
16784,578,1,55,23,1,NA,NA,1166,1,10,0,0,0,0,0,0,1,0,0,0
16829,8773,1,50,18,2,NA,NA,1760,0,3,0,1,0,0,0,0,0,0,0,0
16833,11002,1,40,7,1,NA,NA,1760,1,9,1,0,0,0,0,0,0,0,0,0
16860,6965,1,18,5,6,NA,NA,1185,0,9,1,0,0,0,0,0,0,0,0,0
16861,434,1,72,5,5,NA,NA,1833,0,5,0,0,0,0,0,0,0,1,0,0
16862,10808,1,30,22,3,NA,NA,2131,0,4,0,0,0,0,0,0,0,0,0,1
17057,2390,1,60,28,6,NA,NA,544,0,3,0,1,0,0,0,0,0,0,0,0
17084,11756,1,43,2,6,NA,NA,1731,0,1,0,0,1,0,0,0,0,0,0,0
17139,890,1,46,14,4,NA,NA,1771,0,7,0,0,0,0,0,1,0,0,0,0
17149,8618,1,60,9,2,NA,NA,2474,0,10,0,0,0,0,0,0,1,0,0,0
17164,8152,1,55,11,4,NA,NA,1823,0,10,0,0,0,0,0,0,1,0,0,0
17168,8731,1,60,14,2,NA,NA,1318,0,7,0,0,0,0,0,1,0,0,0,0
17215,4690,1,47,6,3,NA,NA,2228,0,1,0,0,1,0,0,0,0,0,0,0
17226,6079,1,55,2,5,NA,NA,1201,0,6,0,0,0,0,0,0,0,0,1,0
17229,6685,1,45,3,6,NA,NA,690,0,7,0,0,0,0,0,1,0,0,0,0
17259,4210,1,75,16,4,NA,NA,1252,0,7,0,0,0,0,0,1,0,0,0,0
17278,2907,1,62,28,2,NA,NA,1162,0,7,0,0,0,0,0,1,0,0,0,0
17291,11107,1,60,5,2,NA,NA,844,0,1,0,0,1,0,0,0,0,0,0,0
17317,3078,1,65,6,6,NA,NA,2267,0,6,0,0,0,0,0,0,0,0,1,0
17336,1318,1,18,8,5,NA,NA,2770,0,7,0,0,0,0,0,1,0,0,0,0
17346,8135,1,27,15,5,NA,NA,1042,0,8,0,0,0,1,0,0,0,0,0,0
17361,8341,1,32,5,5,NA,NA,1632,0,5,0,0,0,0,0,0,0,1,0,0
17394,3844,1,70,17,2,NA,NA,2461,0,10,0,0,0,0,0,0,1,0,0,0
17414,5868,1,65,6,6,NA,NA,1105,0,6,0,0,0,0,0,0,0,0,1,0
17416,4132,1,52,6,2,NA,NA,1563,0,7,0,0,0,0,0,1,0,0,0,0
17420,8660,1,34,21,5,NA,NA,1453,0,5,0,0,0,0,0,0,0,1,0,0
17443,746,1,18,21,4,NA,NA,1830,0,4,0,0,0,0,0,0,0,0,0,1
17469,3225,1,49,19,5,NA,NA,2183,0,2,0,0,0,0,1,0,0,0,0,0
17493,2027,1,25,30,6,NA,NA,1745,0,8,0,0,0,1,0,0,0,0,0,0
17499,6167,1,42,24,4,NA,NA,1781,0,1,0,0,1,0,0,0,0,0,0,0
17511,747,1,30,1,1,NA,NA,2253,1,8,0,0,0,1,0,0,0,0,0,0
17547,10458,1,30,1,3,NA,NA,1039,0,2,0,0,0,0,1,0,0,0,0,0
17562,5806,1,19,16,7,NA,NA,2218,1,3,0,1,0,0,0,0,0,0,0,0
17614,1064,1,54,19,4,NA,NA,1444,0,10,0,0,0,0,0,0,1,0,0,0
17617,6041,1,51,21,1,NA,NA,1770,1,1,0,0,1,0,0,0,0,0,0,0
17661,8037,1,25,19,7,NA,NA,1820,1,4,0,0,0,0,0,0,0,0,0,1
17717,10730,1,45,21,5,NA,NA,1836,0,9,1,0,0,0,0,0,0,0,0,0
17748,531,1,55,8,5,NA,NA,1331,0,7,0,0,0,0,0,1,0,0,0,0
17755,10225,1,30,8,2,NA,NA,1384,0,9,1,0,0,0,0,0,0,0,0,0
17792,11242,1,20,24,5,NA,NA,1332,0,7,0,0,0,0,0,1,0,0,0,0
17817,3202,1,45,4,1,NA,NA,2388,1,1,0,0,1,0,0,0,0,0,0,0
17904,2155,1,20,15,3,NA,NA,2381,0,9,1,0,0,0,0,0,0,0,0,0
17921,3324,1,45,24,7,NA,NA,1745,1,6,0,0,0,0,0,0,0,0,1,0
17935,2276,1,55,1,4,NA,NA,1165,0,2,0,0,0,0,1,0,0,0,0,0
17985,1486,1,66,7,1,NA,NA,980,1,9,1,0,0,0,0,0,0,0,0,0
17994,3431,1,55,5,6,NA,NA,1855,0,9,1,0,0,0,0,0,0,0,0,0
18001,4426,1,19,22,3,NA,NA,1190,0,4,0,0,0,0,0,0,0,0,0,1
18022,801,1,30,8,4,NA,NA,2819,0,6,0,0,0,0,0,0,0,0,1,0
18050,6662,1,38,7,3,NA,NA,2916,0,7,0,0,0,0,0,1,0,0,0,0
18069,833,1,22,11,4,NA,NA,1292,0,10,0,0,0,0,0,0,1,0,0,0
18084,7261,1,42,24,4,NA,NA,2552,0,1,0,0,1,0,0,0,0,0,0,0
18087,5459,1,30,20,1,NA,NA,2205,1,4,0,0,0,0,0,0,0,0,0,1
18149,3622,1,30,25,3,NA,NA,2149,0,3,0,1,0,0,0,0,0,0,0,0
18186,3199,1,31,1,4,NA,NA,1733,0,2,0,0,0,0,1,0,0,0,0,0
18194,3113,1,35,13,5,NA,NA,3522,0,10,0,0,0,0,0,0,1,0,0,0
18245,1074,1,24,9,2,NA,NA,3045,0,10,0,0,0,0,0,0,1,0,0,0
18281,434,1,33,5,5,NA,NA,2290,0,5,0,0,0,0,0,0,0,1,0,0
18334,4145,1,30,28,2,NA,NA,1923,0,1,0,0,1,0,0,0,0,0,0,0
18389,7434,1,42,7,1,NA,NA,1430,1,9,1,0,0,0,0,0,0,0,0,0
18433,5915,1,25,19,5,NA,NA,1021,0,2,0,0,0,0,1,0,0,0,0,0
18491,4006,1,28,4,7,NA,NA,1341,1,6,0,0,0,0,0,0,0,0,1,0
18545,11473,1,28,23,6,NA,NA,1915,0,6,0,0,0,0,0,0,0,0,1,0
18557,3252,1,45,24,1,NA,NA,2233,1,9,1,0,0,0,0,0,0,0,0,0
18608,514,1,40,8,4,NA,NA,3715,0,6,0,0,0,0,0,0,0,0,1,0
18724,5905,1,42,5,6,NA,NA,2821,0,9,1,0,0,0,0,0,0,0,0,0
18732,11211,1,21,18,3,NA,NA,1695,0,3,0,1,0,0,0,0,0,0,0,0
18758,10943,1,50,11,4,NA,NA,1671,0,10,0,0,0,0,0,0,1,0,0,0
18770,8565,1,52,6,2,NA,NA,3118,0,7,0,0,0,0,0,1,0,0,0,0
18905,5243,1,50,4,4,NA,NA,2530,0,6,0,0,0,0,0,0,0,0,1,0
18953,9121,1,18,10,4,NA,NA,1236,0,9,1,0,0,0,0,0,0,0,0,0
18954,5290,1,42,29,6,NA,NA,1813,0,5,0,0,0,0,0,0,0,1,0,0
18961,2485,1,28,13,4,NA,NA,1926,0,3,0,1,0,0,0,0,0,0,0,0
18969,5169,1,25,22,5,NA,NA,1504,0,4,0,0,0,0,0,0,0,0,0,1
19000,752,1,23,15,5,NA,NA,1086,0,8,0,0,0,1,0,0,0,0,0,0
19040,6466,1,40,24,5,NA,NA,527,0,7,0,0,0,0,0,1,0,0,0,0
19156,8511,1,44,24,4,NA,NA,1827,0,1,0,0,1,0,0,0,0,0,0,0
19173,4381,1,20,15,7,NA,NA,2757,1,10,0,0,0,0,0,0,1,0,0,0
19194,7866,1,58,25,2,NA,NA,1683,0,5,0,0,0,0,0,0,0,1,0,0
19286,5938,1,21,19,4,NA,NA,1254,0,3,0,1,0,0,0,0,0,0,0,0
19403,5730,1,18,4,5,NA,NA,1375,0,9,1,0,0,0,0,0,0,0,0,0
19404,8432,1,35,3,6,NA,NA,1452,0,9,1,0,0,0,0,0,0,0,0,0
19466,1075,1,30,15,5,NA,NA,723,0,8,0,0,0,1,0,0,0,0,0,0
19491,1075,1,28,15,5,NA,NA,745,0,8,0,0,0,1,0,0,0,0,0,0
19529,1511,1,29,29,6,NA,NA,1149,0,5,0,0,0,0,0,0,0,1,0,0
19604,8790,1,19,15,5,NA,NA,817,0,8,0,0,0,1,0,0,0,0,0,0
19628,10601,1,30,3,3,NA,NA,3053,0,5,0,0,0,0,0,0,0,1,0,0
19655,5000,1,45,6,6,NA,NA,1873,0,5,0,0,0,0,0,0,0,1,0,0
19668,8808,1,70,2,1,NA,NA,2335,1,5,0,0,0,0,0,0,0,1,0,0
19735,7671,1,50,30,7,NA,NA,987,1,5,0,0,0,0,0,0,0,1,0,0
19741,8839,1,24,1,1,NA,NA,2261,1,8,0,0,0,1,0,0,0,0,0,0
19793,9872,1,34,29,5,NA,NA,1466,0,5,0,0,0,0,0,0,0,1,0,0
19822,801,1,54,8,4,NA,NA,2499,0,6,0,0,0,0,0,0,0,0,1,0
19835,6445,1,40,16,6,NA,NA,1766,0,8,0,0,0,1,0,0,0,0,0,0
19856,6153,1,45,18,5,NA,NA,2740,0,1,0,0,1,0,0,0,0,0,0,0
19863,7330,1,55,30,4,NA,NA,2198,0,1,0,0,1,0,0,0,0,0,0,0
19908,6374,1,33,13,5,NA,NA,2702,0,10,0,0,0,0,0,0,1,0,0,0
19943,6731,1,70,3,6,NA,NA,1448,0,2,0,0,0,0,1,0,0,0,0,0
19960,4075,1,45,2,6,NA,NA,1012,0,1,0,0,1,0,0,0,0,0,0,0
19982,6257,1,28,27,1,NA,NA,3246,1,1,0,0,1,0,0,0,0,0,0,0
20011,623,1,38,19,7,NA,NA,1677,1,4,0,0,0,0,0,0,0,0,0,1
20053,6836,1,39,6,3,NA,NA,1195,0,1,0,0,1,0,0,0,0,0,0,0
20059,9919,1,50,16,4,NA,NA,492,0,7,0,0,0,0,0,1,0,0,0,0
20087,2414,1,45,26,5,NA,NA,2729,0,2,0,0,0,0,1,0,0,0,0,0
20093,11105,1,53,28,2,NA,NA,1110,0,7,0,0,0,0,0,1,0,0,0,0
20114,10251,1,22,4,3,NA,NA,3019,0,5,0,0,0,0,0,0,0,1,0,0
20121,2589,1,64,24,4,NA,NA,2192,0,1,0,0,1,0,0,0,0,0,0,0
20135,6494,1,85,23,1,NA,NA,1252,1,10,0,0,0,0,0,0,1,0,0,0
20174,9181,1,35,15,3,NA,NA,1622,0,9,1,0,0,0,0,0,0,0,0,0
20256,3307,1,51,1,5,NA,NA,1438,0,1,0,0,1,0,0,0,0,0,0,0
20275,3799,1,26,20,5,NA,NA,2005,0,3,0,1,0,0,0,0,0,0,0,0
20277,5781,1,60,14,2,NA,NA,2632,0,7,0,0,0,0,0,1,0,0,0,0
20278,9717,1,65,27,1,NA,NA,1098,1,1,0,0,1,0,0,0,0,0,0,0
20351,2026,1,55,30,7,NA,NA,1291,1,5,0,0,0,0,0,0,0,1,0,0
20393,7094,1,63,4,1,NA,NA,2783,1,1,0,0,1,0,0,0,0,0,0,0
20433,11638,1,55,20,5,NA,NA,2338,0,3,0,1,0,0,0,0,0,0,0,0
20438,2933,1,40,21,1,NA,NA,2328,1,1,0,0,1,0,0,0,0,0,0,0
20469,11242,1,70,24,5,NA,NA,1671,0,7,0,0,0,0,0,1,0,0,0,0
20542,10379,1,27,23,7,NA,NA,1417,1,5,0,0,0,0,0,0,0,1,0,0
20559,6003,1,35,30,6,NA,NA,1487,0,8,0,0,0,1,0,0,0,0,0,0
20570,10580,1,45,22,6,NA,NA,1267,0,9,1,0,0,0,0,0,0,0,0,0
20588,9903,1,63,27,4,NA,NA,1119,0,5,0,0,0,0,0,0,0,1,0,0
20743,11641,1,40,3,3,NA,NA,1589,0,5,0,0,0,0,0,0,0,1,0,0
20757,93,1,45,6,6,NA,NA,2424,0,6,0,0,0,0,0,0,0,0,1,0
20769,4824,1,26,3,6,NA,NA,1285,0,2,0,0,0,0,1,0,0,0,0,0
20770,1166,1,55,5,5,NA,NA,971,0,5,0,0,0,0,0,0,0,1,0,0
20791,1476,1,38,7,4,NA,NA,1794,0,1,0,0,1,0,0,0,0,0,0,0
20812,6853,1,23,5,5,NA,NA,1810,0,5,0,0,0,0,0,0,0,1,0,0
20834,8784,1,34,28,6,NA,NA,2500,0,3,0,1,0,0,0,0,0,0,0,0
20870,7671,1,21,30,7,NA,NA,982,1,5,0,0,0,0,0,0,0,1,0,0
20871,10076,1,42,22,3,NA,NA,1483,0,7,0,0,0,0,0,1,0,0,0,0
20880,4807,1,60,19,6,NA,NA,1300,0,1,0,0,1,0,0,0,0,0,0,0
20989,1932,1,38,19,4,NA,NA,1674,0,10,0,0,0,0,0,0,1,0,0,0
21015,5292,1,37,19,4,NA,NA,1119,0,3,0,1,0,0,0,0,0,0,0,0
21024,1921,1,35,19,7,NA,NA,1747,1,4,0,0,0,0,0,0,0,0,0,1
21043,5202,1,55,1,4,NA,NA,1797,0,2,0,0,0,0,1,0,0,0,0,0
21152,5555,1,60,6,7,NA,NA,723,1,9,1,0,0,0,0,0,0,0,0,0
21174,5809,1,75,24,5,NA,NA,1643,0,1,0,0,1,0,0,0,0,0,0,0
21239,11324,1,70,8,2,NA,NA,954,0,9,1,0,0,0,0,0,0,0,0,0
21267,3671,1,35,6,2,NA,NA,2612,0,7,0,0,0,0,0,1,0,0,0,0
21338,11838,1,38,18,3,NA,NA,1368,0,3,0,1,0,0,0,0,0,0,0,0
21379,8282,1,70,3,6,NA,NA,1245,0,9,1,0,0,0,0,0,0,0,0,0
21421,320,1,28,3,6,NA,NA,1698,0,7,0,0,0,0,0,1,0,0,0,0
21446,11364,1,65,4,4,NA,NA,1247,0,5,0,0,0,0,0,0,0,1,0,0
21459,5459,1,55,20,1,NA,NA,1848,1,4,0,0,0,0,0,0,0,0,0,1
21464,10332,1,40,16,7,NA,NA,2040,1,3,0,1,0,0,0,0,0,0,0,0
21479,5570,1,20,5,6,NA,NA,1330,0,9,1,0,0,0,0,0,0,0,0,0
21480,8869,1,56,23,6,NA,NA,985,0,6,0,0,0,0,0,0,0,0,1,0
21485,6684,1,42,18,2,NA,NA,2063,0,3,0,1,0,0,0,0,0,0,0,0
21490,8175,1,56,12,2,NA,NA,2005,0,7,0,0,0,0,0,1,0,0,0,0
21500,3252,1,18,24,1,NA,NA,2078,1,9,1,0,0,0,0,0,0,0,0,0
21501,3075,1,56,19,7,NA,NA,1715,1,4,0,0,0,0,0,0,0,0,0,1
21555,9746,1,26,13,4,NA,NA,1990,0,3,0,1,0,0,0,0,0,0,0,0
21599,10652,1,37,14,2,NA,NA,2172,0,7,0,0,0,0,0,1,0,0,0,0
21611,7244,1,26,4,7,NA,NA,3849,1,6,0,0,0,0,0,0,0,0,1,0
21612,8955,1,50,7,1,NA,NA,1679,1,9,1,0,0,0,0,0,0,0,0,0
21617,50,1,28,23,6,NA,NA,1012,0,6,0,0,0,0,0,0,0,0,1,0
21660,1610,1,18,18,2,NA,NA,1915,0,3,0,1,0,0,0,0,0,0,0,0
21696,9512,1,47,19,5,NA,NA,1438,0,2,0,0,0,0,1,0,0,0,0,0
21700,610,1,72,7,7,NA,NA,1754,1,6,0,0,0,0,0,0,0,0,1,0
21724,9529,1,35,9,6,NA,NA,2223,0,7,0,0,0,0,0,1,0,0,0,0
21742,256,1,58,11,4,NA,NA,2093,0,10,0,0,0,0,0,0,1,0,0,0
21775,10942,1,30,12,5,NA,NA,1529,0,10,0,0,0,0,0,0,1,0,0,0
21780,5220,1,19,21,4,NA,NA,1714,0,4,0,0,0,0,0,0,0,0,0,1
21789,6466,1,70,24,5,NA,NA,1569,0,7,0,0,0,0,0,1,0,0,0,0
21809,1033,1,18,14,4,NA,NA,1140,0,8,0,0,0,1,0,0,0,0,0,0
21827,2189,1,60,1,5,NA,NA,2156,0,1,0,0,1,0,0,0,0,0,0,0
21859,7261,1,38,24,4,NA,NA,2304,0,1,0,0,1,0,0,0,0,0,0,0
21883,2008,1,27,22,3,NA,NA,1945,0,7,0,0,0,0,0,1,0,0,0,0
21891,11186,1,29,17,2,NA,NA,976,0,10,0,0,0,0,0,0,1,0,0,0
21931,4488,1,45,4,3,NA,NA,2388,0,5,0,0,0,0,0,0,0,1,0,0
21974,4154,1,29,30,7,NA,NA,1985,1,5,0,0,0,0,0,0,0,1,0,0
21997,4276,1,27,8,5,NA,NA,3029,0,1,0,0,1,0,0,0,0,0,0,0
22031,4126,1,30,1,5,NA,NA,684,0,1,0,0,1,0,0,0,0,0,0,0
22066,1497,1,20,10,4,NA,NA,1132,0,9,1,0,0,0,0,0,0,0,0,0
22125,1356,1,66,26,7,NA,NA,1781,1,1,0,0,1,0,0,0,0,0,0,0
22131,10756,1,18,27,4,NA,NA,1310,0,5,0,0,0,0,0,0,0,1,0,0
22196,11029,1,18,8,1,NA,NA,2762,1,6,0,0,0,0,0,0,0,0,1,0
22246,8756,1,35,22,6,NA,NA,1443,0,9,1,0,0,0,0,0,0,0,0,0
22299,5449,1,49,19,4,NA,NA,1740,0,3,0,1,0,0,0,0,0,0,0,0
22305,5807,1,47,26,6,NA,NA,2033,0,1,0,0,1,0,0,0,0,0,0,0
22342,11855,1,80,26,6,NA,NA,1911,0,1,0,0,1,0,0,0,0,0,0,0
22431,3884,1,38,30,2,NA,NA,1899,0,2,0,0,0,0,1,0,0,0,0,0
22472,1530,1,45,31,3,NA,NA,1773,0,7,0,0,0,0,0,1,0,0,0,0
22490,4107,1,82,13,4,NA,NA,1835,0,3,0,1,0,0,0,0,0,0,0,0
22498,9316,1,56,16,7,NA,NA,1863,1,3,0,1,0,0,0,0,0,0,0,0
22527,2214,1,35,1,4,NA,NA,1962,0,2,0,0,0,0,1,0,0,0,0,0
22562,10566,1,70,11,4,NA,NA,1930,0,10,0,0,0,0,0,0,1,0,0,0
22594,5513,1,72,13,5,NA,NA,1602,0,10,0,0,0,0,0,0,1,0,0,0
22625,4850,1,27,6,5,NA,NA,1533,0,5,0,0,0,0,0,0,0,1,0,0
22671,10644,1,65,5,5,NA,NA,2006,0,6,0,0,0,0,0,0,0,0,1,0
22709,7561,1,28,19,2,NA,NA,848,0,8,0,0,0,1,0,0,0,0,0,0
22797,7729,1,32,29,6,NA,NA,2134,0,5,0,0,0,0,0,0,0,1,0,0
22807,6115,1,66,23,1,NA,NA,2397,1,10,0,0,0,0,0,0,1,0,0,0
22823,3100,1,34,22,3,NA,NA,1399,0,4,0,0,0,0,0,0,0,0,0,1
22835,1858,1,59,3,3,NA,NA,2673,0,5,0,0,0,0,0,0,0,1,0,0
23002,11826,1,30,22,5,NA,NA,2578,0,4,0,0,0,0,0,0,0,0,0,1
23029,366,1,32,17,5,NA,NA,1968,0,9,1,0,0,0,0,0,0,0,0,0
23074,9397,1,46,19,4,NA,NA,1275,0,10,0,0,0,0,0,0,1,0,0,0
23087,8600,1,60,6,3,NA,NA,1049,0,1,0,0,1,0,0,0,0,0,0,0
23124,11767,1,22,15,7,NA,NA,1059,1,10,0,0,0,0,0,0,1,0,0,0
23206,4107,1,43,13,4,NA,NA,2387,0,3,0,1,0,0,0,0,0,0,0,0
23224,10296,1,55,24,5,NA,NA,2746,0,7,0,0,0,0,0,1,0,0,0,0
23226,3537,1,34,29,5,NA,NA,2333,0,5,0,0,0,0,0,0,0,1,0,0
23265,2042,1,52,11,4,NA,NA,1875,0,10,0,0,0,0,0,0,1,0,0,0
23336,995,1,32,24,7,NA,NA,1353,1,6,0,0,0,0,0,0,0,0,1,0
23367,3951,1,75,4,4,NA,NA,1214,0,5,0,0,0,0,0,0,0,1,0,0
23374,10228,1,50,22,5,NA,NA,1182,0,2,0,0,0,0,1,0,0,0,0,0
23410,2863,1,45,13,5,NA,NA,1185,0,10,0,0,0,0,0,0,1,0,0,0
23452,4093,1,45,16,4,NA,NA,1208,0,7,0,0,0,0,0,1,0,0,0,0
23484,7580,1,45,3,3,NA,NA,2016,0,5,0,0,0,0,0,0,0,1,0,0
23528,11209,1,29,27,5,NA,NA,1635,0,3,0,1,0,0,0,0,0,0,0,0
23530,10922,1,35,21,6,NA,NA,1406,0,3,0,1,0,0,0,0,0,0,0,0
23589,10555,1,59,29,3,NA,NA,1749,0,1,0,0,1,0,0,0,0,0,0,0
23630,10618,1,30,3,6,NA,NA,1637,0,2,0,0,0,0,1,0,0,0,0,0
23637,11040,1,50,24,7,NA,NA,1828,1,6,0,0,0,0,0,0,0,0,1,0
23640,6426,1,40,6,2,NA,NA,2995,0,6,0,0,0,0,0,0,0,0,1,0
23665,786,1,49,22,5,NA,NA,1201,0,6,0,0,0,0,0,0,0,0,1,0
23666,11460,1,80,21,6,NA,NA,665,0,10,0,0,0,0,0,0,1,0,0,0
23722,797,1,50,27,4,NA,NA,1159,0,5,0,0,0,0,0,0,0,1,0,0
23781,7077,1,18,25,2,NA,NA,1757,0,5,0,0,0,0,0,0,0,1,0,0
23783,9298,1,28,24,1,NA,NA,1553,1,9,1,0,0,0,0,0,0,0,0,0
23870,5040,1,65,6,2,NA,NA,1373,0,7,0,0,0,0,0,1,0,0,0,0
23902,3377,1,27,16,4,NA,NA,1853,0,7,0,0,0,0,0,1,0,0,0,0
23906,3622,1,65,25,3,NA,NA,1035,0,3,0,1,0,0,0,0,0,0,0,0
23933,4644,1,52,7,4,NA,NA,2538,0,1,0,0,1,0,0,0,0,0,0,0
23937,5189,1,34,22,5,NA,NA,2843,0,2,0,0,0,0,1,0,0,0,0,0
23941,3224,1,65,4,1,NA,NA,1603,1,1,0,0,1,0,0,0,0,0,0,0
23953,8899,1,46,4,1,NA,NA,1820,1,1,0,0,1,0,0,0,0,0,0,0
23989,2613,1,26,26,5,NA,NA,505,0,2,0,0,0,0,1,0,0,0,0,0
23990,8699,1,55,6,2,NA,NA,1463,0,6,0,0,0,0,0,0,0,0,1,0
24008,7261,1,33,24,4,NA,NA,2483,0,1,0,0,1,0,0,0,0,0,0,0
24018,9627,1,24,28,6,NA,NA,1782,0,3,0,1,0,0,0,0,0,0,0,0
24019,2155,1,50,15,3,NA,NA,2163,0,9,1,0,0,0,0,0,0,0,0,0
24023,4256,1,55,4,4,NA,NA,1248,0,5,0,0,0,0,0,0,0,1,0,0
24061,8573,1,32,6,2,NA,NA,3323,0,6,0,0,0,0,0,0,0,0,1,0
24146,8475,1,61,17,3,NA,NA,1982,0,2,0,0,0,0,1,0,0,0,0,0
24190,6446,1,56,28,2,NA,NA,1724,0,7,0,0,0,0,0,1,0,0,0,0
24207,9652,1,75,6,5,NA,NA,1731,0,5,0,0,0,0,0,0,0,1,0,0
24211,7679,1,80,19,4,NA,NA,1457,0,3,0,1,0,0,0,0,0,0,0,0
24224,6641,1,27,16,4,NA,NA,1580,0,9,1,0,0,0,0,0,0,0,0,0
24245,2813,1,60,21,5,NA,NA,1264,0,5,0,0,0,0,0,0,0,1,0,0
24260,8578,1,29,19,7,NA,NA,1761,1,4,0,0,0,0,0,0,0,0,0,1
24282,10216,1,22,28,2,NA,NA,1446,0,7,0,0,0,0,0,1,0,0,0,0
24284,9627,1,48,28,6,NA,NA,1513,0,3,0,1,0,0,0,0,0,0,0,0
24382,9510,1,65,27,1,NA,NA,2222,1,1,0,0,1,0,0,0,0,0,0,0
24388,2760,1,40,2,2,NA,NA,2205,0,8,0,0,0,1,0,0,0,0,0,0
24407,746,1,32,21,4,NA,NA,1945,0,4,0,0,0,0,0,0,0,0,0,1
24423,10817,1,43,20,3,NA,NA,1164,0,4,0,0,0,0,0,0,0,0,0,1
24431,2911,1,50,12,5,NA,NA,3817,0,10,0,0,0,0,0,0,1,0,0,0
24438,7785,1,42,16,6,NA,NA,1331,0,8,0,0,0,1,0,0,0,0,0,0
24548,1304,1,27,4,1,NA,NA,1577,1,1,0,0,1,0,0,0,0,0,0,0
24569,2254,1,41,20,3,NA,NA,1630,0,4,0,0,0,0,0,0,0,0,0,1
24717,2640,1,40,5,2,NA,NA,1917,0,1,0,0,1,0,0,0,0,0,0,0
24785,5767,1,25,22,5,NA,NA,1718,0,4,0,0,0,0,0,0,0,0,0,1
24819,4979,1,43,25,2,NA,NA,2043,0,5,0,0,0,0,0,0,0,1,0,0
24850,2975,1,77,3,6,NA,NA,1316,0,9,1,0,0,0,0,0,0,0,0,0
24860,6330,1,20,20,3,NA,NA,1011,0,4,0,0,0,0,0,0,0,0,0,1
24963,5773,1,42,8,5,NA,NA,2719,0,1,0,0,1,0,0,0,0,0,0,0
24995,6245,1,35,3,3,NA,NA,1990,0,5,0,0,0,0,0,0,0,1,0,0
25009,11305,1,19,15,5,NA,NA,1270,0,8,0,0,0,1,0,0,0,0,0,0
25022,7067,1,37,15,7,NA,NA,1820,1,10,0,0,0,0,0,0,1,0,0,0
25026,1772,1,25,14,4,NA,NA,1196,0,8,0,0,0,1,0,0,0,0,0,0
25031,1136,1,35,10,4,NA,NA,1897,0,9,1,0,0,0,0,0,0,0,0,0
25039,9529,1,55,9,6,NA,NA,1507,0,7,0,0,0,0,0,1,0,0,0,0
25167,825,1,40,19,6,NA,NA,1346,0,1,0,0,1,0,0,0,0,0,0,0
25223,8699,1,22,6,2,NA,NA,1359,0,6,0,0,0,0,0,0,0,0,1,0
25257,6359,1,55,29,7,NA,NA,1234,1,3,0,1,0,0,0,0,0,0,0,0
25261,9828,1,50,3,3,NA,NA,2839,0,5,0,0,0,0,0,0,0,1,0,0
25316,2391,1,55,24,5,NA,NA,1604,0,1,0,0,1,0,0,0,0,0,0,0
25329,7685,1,65,19,2,NA,NA,706,0,8,0,0,0,1,0,0,0,0,0,0
25367,2622,1,35,23,7,NA,NA,2199,1,5,0,0,0,0,0,0,0,1,0,0
25372,5809,1,40,24,5,NA,NA,2046,0,1,0,0,1,0,0,0,0,0,0,0
25421,3893,1,65,27,5,NA,NA,1411,0,3,0,1,0,0,0,0,0,0,0,0
25433,11551,1,46,8,5,NA,NA,2278,0,1,0,0,1,0,0,0,0,0,0,0
25453,5811,1,24,3,6,NA,NA,3007,0,2,0,0,0,0,1,0,0,0,0,0
25463,7693,1,42,2,4,NA,NA,1379,0,2,0,0,0,0,1,0,0,0,0,0
25496,7259,1,65,6,2,NA,NA,1988,0,7,0,0,0,0,0,1,0,0,0,0
25504,10548,1,30,20,3,NA,NA,986,0,8,0,0,0,1,0,0,0,0,0,0
25511,10315,1,40,28,2,NA,NA,2274,0,7,0,0,0,0,0,1,0,0,0,0
25542,8790,1,60,15,5,NA,NA,1248,0,8,0,0,0,1,0,0,0,0,0,0
25568,5306,1,65,6,2,NA,NA,1137,0,6,0,0,0,0,0,0,0,0,1,0
25576,11211,1,55,18,3,NA,NA,1944,0,3,0,1,0,0,0,0,0,0,0,0
25581,3863,1,40,10,4,NA,NA,729,0,9,1,0,0,0,0,0,0,0,0,0
25609,9510,1,24,27,1,NA,NA,2142,1,1,0,0,1,0,0,0,0,0,0,0
25631,4193,1,45,20,5,NA,NA,1448,0,3,0,1,0,0,0,0,0,0,0,0
25672,3162,1,18,7,3,NA,NA,1775,0,7,0,0,0,0,0,1,0,0,0,0
25701,8126,1,46,30,2,NA,NA,1837,0,7,0,0,0,0,0,1,0,0,0,0
25710,5351,1,50,3,6,NA,NA,1288,0,7,0,0,0,0,0,1,0,0,0,0
25733,3574,1,25,24,5,NA,NA,52,0,1,0,0,1,0,0,0,0,0,0,0
25764,2774,1,62,22,3,NA,NA,1954,0,4,0,0,0,0,0,0,0,0,0,1
25766,1874,1,55,11,4,NA,NA,2072,0,10,0,0,0,0,0,0,1,0,0,0
25786,2838,1,20,19,7,NA,NA,2646,1,4,0,0,0,0,0,0,0,0,0,1
25791,5521,1,25,21,1,NA,NA,2135,1,1,0,0,1,0,0,0,0,0,0,0
25826,11137,1,48,25,2,NA,NA,2673,0,5,0,0,0,0,0,0,0,1,0,0
25831,9233,1,22,17,2,NA,NA,1935,0,10,0,0,0,0,0,0,1,0,0,0
25917,6981,1,20,8,2,NA,NA,1458,0,9,1,0,0,0,0,0,0,0,0,0
25952,2254,1,65,20,3,NA,NA,1234,0,4,0,0,0,0,0,0,0,0,0,1
25956,1610,1,55,18,2,NA,NA,1801,0,3,0,1,0,0,0,0,0,0,0,0
26025,7065,1,21,29,7,NA,NA,1462,1,3,0,1,0,0,0,0,0,0,0,0
26031,8700,1,32,7,1,NA,NA,1259,1,9,1,0,0,0,0,0,0,0,0,0
26054,3043,1,38,4,1,NA,NA,1707,1,1,0,0,1,0,0,0,0,0,0,0
26078,4466,1,50,20,1,NA,NA,1445,1,4,0,0,0,0,0,0,0,0,0,1
26093,5081,1,65,29,5,NA,NA,1691,0,5,0,0,0,0,0,0,0,1,0,0
26141,763,1,25,1,4,NA,NA,2187,0,2,0,0,0,0,1,0,0,0,0,0
26142,3951,1,35,4,4,NA,NA,1317,0,5,0,0,0,0,0,0,0,1,0,0
26153,7954,1,30,8,4,NA,NA,2299,0,6,0,0,0,0,0,0,0,0,1,0
26200,10794,1,27,2,4,NA,NA,1075,0,2,0,0,0,0,1,0,0,0,0,0
26201,6905,1,40,6,2,NA,NA,1346,0,7,0,0,0,0,0,1,0,0,0,0
26204,11107,1,32,5,2,NA,NA,668,0,1,0,0,1,0,0,0,0,0,0,0
26219,9486,1,64,21,1,NA,NA,2440,1,1,0,0,1,0,0,0,0,0,0,0
26256,689,1,26,3,6,NA,NA,1410,0,9,1,0,0,0,0,0,0,0,0,0
26285,3799,1,58,20,5,NA,NA,828,0,3,0,1,0,0,0,0,0,0,0,0
26291,5342,1,42,27,4,NA,NA,1296,0,4,0,0,0,0,0,0,0,0,0,1
26300,7402,1,21,24,5,NA,NA,3704,0,1,0,0,1,0,0,0,0,0,0,0
26320,4753,1,48,9,2,NA,NA,2515,0,10,0,0,0,0,0,0,1,0,0,0
26337,7605,1,40,6,3,NA,NA,1649,0,1,0,0,1,0,0,0,0,0,0,0
26345,2905,1,70,20,3,NA,NA,1128,0,4,0,0,0,0,0,0,0,0,0,1
26361,11104,1,20,29,7,NA,NA,1630,1,3,0,1,0,0,0,0,0,0,0,0
26378,5141,1,48,28,2,NA,NA,1510,0,1,0,0,1,0,0,0,0,0,0,0
26379,136,1,27,19,5,NA,NA,1553,0,2,0,0,0,0,1,0,0,0,0,0
26416,5710,1,42,25,6,NA,NA,1803,0,1,0,0,1,0,0,0,0,0,0,0
26420,4426,1,28,22,3,NA,NA,1671,0,4,0,0,0,0,0,0,0,0,0,1
26438,5504,1,29,15,5,NA,NA,816,0,8,0,0,0,1,0,0,0,0,0,0
26442,548,1,25,30,6,NA,NA,812,0,8,0,0,0,1,0,0,0,0,0,0
26449,10335,1,22,18,5,NA,NA,2367,0,1,0,0,1,0,0,0,0,0,0,0
26526,6729,1,55,30,4,NA,NA,1905,0,1,0,0,1,0,0,0,0,0,0,0
26532,480,1,26,19,2,NA,NA,933,0,8,0,0,0,1,0,0,0,0,0,0
26535,2895,1,72,5,5,NA,NA,2243,0,5,0,0,0,0,0,0,0,1,0,0
26542,2103,1,30,22,5,NA,NA,2043,0,6,0,0,0,0,0,0,0,0,1,0
26550,8812,1,70,22,5,NA,NA,929,0,6,0,0,0,0,0,0,0,0,1,0
26561,2236,1,50,4,4,NA,NA,1839,0,5,0,0,0,0,0,0,0,1,0,0
26575,8603,1,40,8,4,NA,NA,1577,0,7,0,0,0,0,0,1,0,0,0,0
26666,7428,1,45,6,6,NA,NA,2845,0,5,0,0,0,0,0,0,0,1,0,0
26667,4006,1,50,4,7,NA,NA,2518,1,6,0,0,0,0,0,0,0,0,1,0
26709,10417,1,45,6,7,NA,NA,668,1,9,1,0,0,0,0,0,0,0,0,0
26716,4161,1,28,19,5,NA,NA,1902,0,2,0,0,0,0,1,0,0,0,0,0
26720,11386,1,40,7,1,NA,NA,1344,1,9,1,0,0,0,0,0,0,0,0,0
26752,11074,1,47,23,7,NA,NA,2066,1,5,0,0,0,0,0,0,0,1,0,0
26754,8839,1,52,1,1,NA,NA,2337,1,8,0,0,0,1,0,0,0,0,0,0
26766,4075,1,19,2,6,NA,NA,1048,0,1,0,0,1,0,0,0,0,0,0,0
26830,3075,1,55,19,7,NA,NA,2290,1,4,0,0,0,0,0,0,0,0,0,1
26837,7317,1,65,22,3,NA,NA,1983,0,4,0,0,0,0,0,0,0,0,0,1
26857,1006,1,45,9,2,NA,NA,1475,0,10,0,0,0,0,0,0,1,0,0,0
26872,405,1,60,27,4,NA,NA,1658,0,5,0,0,0,0,0,0,0,1,0,0
26888,5057,1,34,1,3,NA,NA,2432,0,2,0,0,0,0,1,0,0,0,0,0
26892,1601,1,75,4,5,NA,NA,744,0,9,1,0,0,0,0,0,0,0,0,0
26925,788,1,26,9,2,NA,NA,2195,0,10,0,0,0,0,0,0,1,0,0,0
26957,2804,1,45,11,4,NA,NA,1627,0,10,0,0,0,0,0,0,1,0,0,0
26983,3190,1,61,20,5,NA,NA,2006,0,3,0,1,0,0,0,0,0,0,0,0
27044,978,1,80,23,6,NA,NA,657,0,6,0,0,0,0,0,0,0,0,1,0
27072,6270,1,49,21,1,NA,NA,2937,1,1,0,0,1,0,0,0,0,0,0,0
27097,8387,1,65,8,4,NA,NA,1302,0,6,0,0,0,0,0,0,0,0,1,0
27138,4281,1,21,12,5,NA,NA,2248,0,10,0,0,0,0,0,0,1,0,0,0
27158,894,1,32,13,5,NA,NA,1609,0,10,0,0,0,0,0,0,1,0,0,0
27216,6729,1,22,30,4,NA,NA,1326,0,1,0,0,1,0,0,0,0,0,0,0
27237,6499,1,19,9,4,NA,NA,1177,0,7,0,0,0,0,0,1,0,0,0,0
27242,4743,1,55,29,5,NA,NA,2246,0,5,0,0,0,0,0,0,0,1,0,0
27278,1782,1,35,26,6,NA,NA,4320,0,1,0,0,1,0,0,0,0,0,0,0
27288,8609,1,45,15,5,NA,NA,1521,0,8,0,0,0,1,0,0,0,0,0,0
27378,5871,1,26,14,2,NA,NA,1426,0,7,0,0,0,0,0,1,0,0,0,0
27408,2248,1,39,13,5,NA,NA,2293,0,10,0,0,0,0,0,0,1,0,0,0
27413,123,1,25,8,1,NA,NA,3075,1,6,0,0,0,0,0,0,0,0,1,0
27438,5533,1,30,30,2,NA,NA,2581,0,7,0,0,0,0,0,1,0,0,0,0
27549,9321,1,32,1,1,NA,NA,2544,1,8,0,0,0,1,0,0,0,0,0,0
27555,2831,1,70,21,6,NA,NA,1125,0,10,0,0,0,0,0,0,1,0,0,0
27560,643,1,19,8,1,NA,NA,1641,1,6,0,0,0,0,0,0,0,0,1,0
27570,5000,1,70,6,6,NA,NA,796,0,5,0,0,0,0,0,0,0,1,0,0
27609,5935,1,25,14,2,NA,NA,1894,0,7,0,0,0,0,0,1,0,0,0,0
27615,7228,1,60,20,3,NA,NA,1959,0,8,0,0,0,1,0,0,0,0,0,0
27673,8808,1,38,2,1,NA,NA,1761,1,5,0,0,0,0,0,0,0,1,0,0
27715,7277,1,65,5,5,NA,NA,3495,0,5,0,0,0,0,0,0,0,1,0,0
27836,2438,1,60,30,6,NA,NA,1822,0,8,0,0,0,1,0,0,0,0,0,0
27914,11855,1,25,26,6,NA,NA,1209,0,1,0,0,1,0,0,0,0,0,0,0
27926,4755,1,60,6,7,NA,NA,1341,1,9,1,0,0,0,0,0,0,0,0,0
27976,6008,1,46,6,3,NA,NA,2110,0,1,0,0,1,0,0,0,0,0,0,0
27981,1120,1,30,22,5,NA,NA,2002,0,4,0,0,0,0,0,0,0,0,0,1
28082,3637,1,30,23,6,NA,NA,756,0,6,0,0,0,0,0,0,0,0,1,0
28095,3282,1,31,26,7,NA,NA,1235,1,1,0,0,1,0,0,0,0,0,0,0
28302,11486,1,40,10,4,NA,NA,868,0,9,1,0,0,0,0,0,0,0,0,0
28315,10189,1,21,20,3,NA,NA,1041,0,8,0,0,0,1,0,0,0,0,0,0
28322,10597,1,62,3,2,NA,NA,5,0,9,1,0,0,0,0,0,0,0,0,0
28322,10597,1,62,3,6,NA,NA,996,0,9,1,0,0,0,0,0,0,0,0,0
28345,5646,1,35,2,5,NA,NA,1692,0,6,0,0,0,0,0,0,0,0,1,0
28411,11640,1,50,16,7,NA,NA,1647,1,3,0,1,0,0,0,0,0,0,0,0
28416,4006,1,30,4,7,NA,NA,1788,1,6,0,0,0,0,0,0,0,0,1,0
28467,5973,1,25,8,5,NA,NA,2145,0,1,0,0,1,0,0,0,0,0,0,0
28491,6116,1,22,21,6,NA,NA,1941,0,3,0,1,0,0,0,0,0,0,0,0
28595,2589,1,38,24,4,NA,NA,2152,0,1,0,0,1,0,0,0,0,0,0,0
28745,9507,1,26,9,4,NA,NA,1335,0,7,0,0,0,0,0,1,0,0,0,0
28761,11507,1,25,12,5,NA,NA,2320,0,10,0,0,0,0,0,0,1,0,0,0
28801,5513,1,37,13,5,NA,NA,1370,0,10,0,0,0,0,0,0,1,0,0,0
28807,4749,1,25,29,3,NA,NA,2473,0,1,0,0,1,0,0,0,0,0,0,0
28832,5637,1,42,17,5,NA,NA,2436,0,9,1,0,0,0,0,0,0,0,0,0
28834,5521,1,60,21,1,NA,NA,2125,1,1,0,0,1,0,0,0,0,0,0,0
28846,4399,1,70,26,6,NA,NA,2086,0,1,0,0,1,0,0,0,0,0,0,0
28883,4767,1,35,24,7,NA,NA,1500,1,6,0,0,0,0,0,0,0,0,1,0
28958,6951,1,57,27,4,NA,NA,1186,0,4,0,0,0,0,0,0,0,0,0,1
28973,9571,1,40,9,3,NA,NA,1277,0,9,1,0,0,0,0,0,0,0,0,0
28978,2635,1,59,3,3,NA,NA,3161,0,5,0,0,0,0,0,0,0,1,0,0
29017,9195,1,21,21,4,NA,NA,1345,0,4,0,0,0,0,0,0,0,0,0,1
29038,2267,1,49,5,5,NA,NA,1206,0,5,0,0,0,0,0,0,0,1,0,0
29078,10335,1,58,18,5,NA,NA,2345,0,1,0,0,1,0,0,0,0,0,0,0
29080,7884,1,30,20,3,NA,NA,1031,0,8,0,0,0,1,0,0,0,0,0,0
29173,10228,1,25,22,5,NA,NA,1911,0,2,0,0,0,0,1,0,0,0,0,0
29194,1835,1,21,21,5,NA,NA,1597,0,9,1,0,0,0,0,0,0,0,0,0
29215,7434,1,22,7,1,NA,NA,1910,1,9,1,0,0,0,0,0,0,0,0,0
29254,3137,1,30,25,6,NA,NA,1637,0,1,0,0,1,0,0,0,0,0,0,0
29314,531,1,24,8,5,NA,NA,1386,0,7,0,0,0,0,0,1,0,0,0,0
29340,3126,1,60,13,4,NA,NA,1165,0,3,0,1,0,0,0,0,0,0,0,0
29344,10808,1,23,22,3,NA,NA,2131,0,4,0,0,0,0,0,0,0,0,0,1
29431,1232,1,45,4,7,NA,NA,1881,1,6,0,0,0,0,0,0,0,0,1,0
29446,11254,1,65,8,5,NA,NA,1572,0,7,0,0,0,0,0,1,0,0,0,0
29513,9516,1,46,4,3,NA,NA,1929,0,5,0,0,0,0,0,0,0,1,0,0
29587,4448,1,19,20,3,NA,NA,2154,0,2,0,0,0,0,1,0,0,0,0,0
29603,6837,1,48,20,1,NA,NA,1750,1,4,0,0,0,0,0,0,0,0,0,1
29714,877,1,75,29,7,NA,NA,1498,1,3,0,1,0,0,0,0,0,0,0,0
29728,9905,1,23,23,1,NA,NA,1121,1,10,0,0,0,0,0,0,1,0,0,0
29770,3354,1,60,29,3,NA,NA,1969,0,1,0,0,1,0,0,0,0,0,0,0
29772,1970,1,36,14,5,NA,NA,2641,0,3,0,1,0,0,0,0,0,0,0,0
29797,1456,1,21,25,2,NA,NA,1500,0,5,0,0,0,0,0,0,0,1,0,0
29803,10733,1,45,27,4,NA,NA,1838,0,5,0,0,0,0,0,0,0,1,0,0
29818,1764,1,26,3,6,NA,NA,1644,0,2,0,0,0,0,1,0,0,0,0,0
29822,9840,1,26,14,4,NA,NA,1382,0,8,0,0,0,1,0,0,0,0,0,0
29849,2497,1,60,8,4,NA,NA,520,0,6,0,0,0,0,0,0,0,0,1,0
29894,5458,1,30,26,5,NA,NA,2531,0,2,0,0,0,0,1,0,0,0,0,0
29903,1772,1,65,14,4,NA,NA,625,0,8,0,0,0,1,0,0,0,0,0,0
29922,4943,1,68,3,3,NA,NA,1209,0,5,0,0,0,0,0,0,0,1,0,0
29930,4410,1,50,22,3,NA,NA,2729,0,7,0,0,0,0,0,1,0,0,0,0
29977,10817,1,23,20,3,NA,NA,1712,0,4,0,0,0,0,0,0,0,0,0,1
30004,1426,1,75,21,1,NA,NA,1837,1,1,0,0,1,0,0,0,0,0,0,0
30010,8117,1,34,25,2,NA,NA,1901,0,9,1,0,0,0,0,0,0,0,0,0
30035,3145,1,28,19,6,NA,NA,3523,0,1,0,0,1,0,0,0,0,0,0,0
30094,3265,1,28,12,5,NA,NA,2974,0,10,0,0,0,0,0,0,1,0,0,0
30134,5603,1,60,21,6,NA,NA,1831,0,3,0,1,0,0,0,0,0,0,0,0
30147,682,1,50,25,6,NA,NA,1720,0,1,0,0,1,0,0,0,0,0,0,0
30148,10808,1,62,22,3,NA,NA,1264,0,4,0,0,0,0,0,0,0,0,0,1
30197,11233,1,22,1,1,NA,NA,4186,1,8,0,0,0,1,0,0,0,0,0,0
30216,4252,1,30,19,2,NA,NA,1085,0,8,0,0,0,1,0,0,0,0,0,0
30236,9704,1,69,18,5,NA,NA,2000,0,1,0,0,1,0,0,0,0,0,0,0
30239,6330,1,55,20,3,NA,NA,1217,0,4,0,0,0,0,0,0,0,0,0,1
30267,6488,1,20,21,4,NA,NA,2708,0,4,0,0,0,0,0,0,0,0,0,1
30290,6647,1,46,29,3,NA,NA,1185,0,1,0,0,1,0,0,0,0,0,0,0
30339,416,1,32,27,5,NA,NA,1697,0,3,0,1,0,0,0,0,0,0,0,0
30364,3623,1,40,19,2,NA,NA,1287,0,8,0,0,0,1,0,0,0,0,0,0
30377,3325,1,35,2,1,NA,NA,1567,1,5,0,0,0,0,0,0,0,1,0,0
30388,4046,1,48,25,6,NA,NA,1785,0,1,0,0,1,0,0,0,0,0,0,0
30431,4893,1,28,7,4,NA,NA,1579,0,1,0,0,1,0,0,0,0,0,0,0
30435,6359,1,25,29,7,NA,NA,658,1,3,0,1,0,0,0,0,0,0,0,0
30455,2267,1,25,5,5,NA,NA,1372,0,5,0,0,0,0,0,0,0,1,0,0
30484,478,1,22,5,6,NA,NA,869,0,9,1,0,0,0,0,0,0,0,0,0
30492,53,1,55,9,3,NA,NA,1096,0,9,1,0,0,0,0,0,0,0,0,0
30575,7199,1,32,30,4,NA,NA,2078,0,1,0,0,1,0,0,0,0,0,0,0
30641,5941,1,23,8,4,NA,NA,966,0,7,0,0,0,0,0,1,0,0,0,0
30646,8531,1,35,3,2,NA,NA,2695,0,5,0,0,0,0,0,0,0,1,0,0
30701,8680,1,25,21,5,NA,NA,1635,0,9,1,0,0,0,0,0,0,0,0,0
30793,531,1,29,8,5,NA,NA,1113,0,7,0,0,0,0,0,1,0,0,0,0
30802,7634,1,18,6,6,NA,NA,2171,0,5,0,0,0,0,0,0,0,1,0,0
30843,8869,1,21,23,6,NA,NA,615,0,6,0,0,0,0,0,0,0,0,1,0
30922,1101,1,36,18,6,NA,NA,2096,0,9,1,0,0,0,0,0,0,0,0,0
30958,2792,1,65,20,1,NA,NA,1664,1,4,0,0,0,0,0,0,0,0,0,1
31066,7811,1,36,20,5,NA,NA,1416,0,3,0,1,0,0,0,0,0,0,0,0
31078,4910,1,21,30,6,NA,NA,2796,0,8,0,0,0,1,0,0,0,0,0,0
31101,4158,1,41,2,1,NA,NA,1912,1,5,0,0,0,0,0,0,0,1,0,0
31123,582,1,55,15,7,NA,NA,3181,1,10,0,0,0,0,0,0,1,0,0,0
31134,7460,1,28,16,6,NA,NA,741,0,8,0,0,0,1,0,0,0,0,0,0
31136,4346,1,40,19,2,NA,NA,628,0,8,0,0,0,1,0,0,0,0,0,0
31153,7679,1,27,19,4,NA,NA,899,0,3,0,1,0,0,0,0,0,0,0,0
31163,7856,1,70,6,3,NA,NA,1195,0,1,0,0,1,0,0,0,0,0,0,0
31234,5683,1,32,8,5,NA,NA,1417,0,7,0,0,0,0,0,1,0,0,0,0
31260,10828,1,21,3,3,NA,NA,391,0,5,0,0,0,0,0,0,0,1,0,0
31261,347,1,30,30,2,NA,NA,2568,0,2,0,0,0,0,1,0,0,0,0,0
31336,3370,1,50,8,5,NA,NA,436,0,7,0,0,0,0,0,1,0,0,0,0
31349,7094,1,31,4,1,NA,NA,2659,1,1,0,0,1,0,0,0,0,0,0,0
31350,4223,1,26,5,2,NA,NA,1733,0,1,0,0,1,0,0,0,0,0,0,0
31398,4222,1,60,24,7,NA,NA,1863,1,6,0,0,0,0,0,0,0,0,1,0
31414,1304,1,55,4,1,NA,NA,1234,1,1,0,0,1,0,0,0,0,0,0,0
31430,1456,1,65,25,2,NA,NA,1515,0,5,0,0,0,0,0,0,0,1,0,0
31438,6727,1,26,16,6,NA,NA,801,0,8,0,0,0,1,0,0,0,0,0,0
31465,4665,1,21,18,5,NA,NA,2334,0,1,0,0,1,0,0,0,0,0,0,0
31476,10632,1,52,17,2,NA,NA,1301,0,10,0,0,0,0,0,0,1,0,0,0
31489,1093,1,60,2,2,NA,NA,1414,0,8,0,0,0,1,0,0,0,0,0,0
31496,9686,1,38,18,1,NA,NA,1521,1,8,0,0,0,1,0,0,0,0,0,0
31562,8117,1,50,25,2,NA,NA,1960,0,9,1,0,0,0,0,0,0,0,0,0
31580,2738,1,65,22,5,NA,NA,1069,0,6,0,0,0,0,0,0,0,0,1,0
31706,2300,1,48,1,1,NA,NA,1700,1,8,0,0,0,1,0,0,0,0,0,0
31739,4101,1,40,9,4,NA,NA,1080,0,7,0,0,0,0,0,1,0,0,0,0
31740,5870,1,65,4,4,NA,NA,1036,0,5,0,0,0,0,0,0,0,1,0,0
31746,11291,1,58,12,2,NA,NA,1934,0,7,0,0,0,0,0,1,0,0,0,0
31794,3204,1,50,29,5,NA,NA,1929,0,5,0,0,0,0,0,0,0,1,0,0
31830,4705,1,38,20,1,NA,NA,2322,1,4,0,0,0,0,0,0,0,0,0,1
31853,6412,1,75,9,6,NA,NA,984,0,7,0,0,0,0,0,1,0,0,0,0
31868,5053,1,22,5,6,NA,NA,1531,0,9,1,0,0,0,0,0,0,0,0,0
32035,4113,1,65,8,4,NA,NA,1140,0,6,0,0,0,0,0,0,0,0,1,0
32051,6837,1,19,20,1,NA,NA,2252,1,4,0,0,0,0,0,0,0,0,0,1
32103,8959,1,19,27,4,NA,NA,699,0,5,0,0,0,0,0,0,0,1,0,0
32109,9507,1,60,9,4,NA,NA,1049,0,7,0,0,0,0,0,1,0,0,0,0
32158,3835,1,40,22,6,NA,NA,1470,0,9,1,0,0,0,0,0,0,0,0,0
32189,11629,1,38,27,1,NA,NA,1400,1,1,0,0,1,0,0,0,0,0,0,0
32199,2971,1,38,27,5,NA,NA,2577,0,3,0,1,0,0,0,0,0,0,0,0
32216,6747,1,36,12,2,NA,NA,2138,0,7,0,0,0,0,0,1,0,0,0,0
32231,5568,1,58,16,7,NA,NA,847,1,3,0,1,0,0,0,0,0,0,0,0
32252,740,1,21,19,6,NA,NA,691,0,1,0,0,1,0,0,0,0,0,0,0
32284,3867,1,29,22,5,NA,NA,1445,0,6,0,0,0,0,0,0,0,0,1,0
32394,5607,1,42,29,6,NA,NA,1546,0,5,0,0,0,0,0,0,0,1,0,0
32411,10455,1,40,11,4,NA,NA,1722,0,10,0,0,0,0,0,0,1,0,0,0
32417,3021,1,55,29,7,NA,NA,2698,1,3,0,1,0,0,0,0,0,0,0,0
32427,2344,1,70,14,2,NA,NA,1269,0,7,0,0,0,0,0,1,0,0,0,0
32454,5220,1,41,21,4,NA,NA,1296,0,4,0,0,0,0,0,0,0,0,0,1
32461,5698,1,30,21,5,NA,NA,2195,0,5,0,0,0,0,0,0,0,1,0,0
32547,4222,1,24,24,7,NA,NA,2045,1,6,0,0,0,0,0,0,0,0,1,0
32596,6209,1,25,29,3,NA,NA,2069,0,1,0,0,1,0,0,0,0,0,0,0
32613,2155,1,27,15,3,NA,NA,2377,0,9,1,0,0,0,0,0,0,0,0,0
32692,11638,1,27,20,5,NA,NA,2338,0,3,0,1,0,0,0,0,0,0,0,0
32702,6188,1,35,18,3,NA,NA,1628,0,3,0,1,0,0,0,0,0,0,0,0
32725,11198,1,30,7,6,NA,NA,1789,0,5,0,0,0,0,0,0,0,1,0,0
32741,5611,1,40,8,4,NA,NA,2787,0,6,0,0,0,0,0,0,0,0,1,0
32876,1359,1,52,11,4,NA,NA,2673,0,10,0,0,0,0,0,0,1,0,0,0
32942,9556,1,43,16,6,NA,NA,1473,0,8,0,0,0,1,0,0,0,0,0,0
32950,5059,1,50,29,3,NA,NA,625,0,1,0,0,1,0,0,0,0,0,0,0
32962,11342,1,18,30,6,NA,NA,1795,0,8,0,0,0,1,0,0,0,0,0,0
32963,8135,1,55,15,5,NA,NA,1269,0,8,0,0,0,1,0,0,0,0,0,0
33002,9905,1,58,23,1,NA,NA,1661,1,10,0,0,0,0,0,0,1,0,0,0
33019,5542,1,70,1,1,NA,NA,3059,1,8,0,0,0,1,0,0,0,0,0,0
33080,3225,1,24,19,5,NA,NA,1503,0,2,0,0,0,0,1,0,0,0,0,0
33115,3636,1,30,9,3,NA,NA,1355,0,9,1,0,0,0,0,0,0,0,0,0
33130,916,1,62,16,4,NA,NA,1292,0,9,1,0,0,0,0,0,0,0,0,0
33149,7597,1,50,22,5,NA,NA,2153,0,4,0,0,0,0,0,0,0,0,0,1
33172,10801,1,55,2,1,NA,NA,2101,1,5,0,0,0,0,0,0,0,1,0,0
33179,2827,1,48,8,4,NA,NA,1596,0,7,0,0,0,0,0,1,0,0,0,0
33197,2607,1,27,22,3,NA,NA,2009,0,4,0,0,0,0,0,0,0,0,0,1
33302,539,1,45,17,3,NA,NA,3385,0,2,0,0,0,0,1,0,0,0,0,0
33386,6332,1,45,26,7,NA,NA,2014,1,1,0,0,1,0,0,0,0,0,0,0
33395,6729,1,25,30,4,NA,NA,1846,0,1,0,0,1,0,0,0,0,0,0,0
33414,8073,1,60,27,1,NA,NA,1250,1,1,0,0,1,0,0,0,0,0,0,0
33508,2082,1,36,10,7,NA,NA,1973,1,7,0,0,0,0,0,1,0,0,0,0
33571,6951,1,25,27,4,NA,NA,2046,0,4,0,0,0,0,0,0,0,0,0,1
33589,4437,1,37,9,4,NA,NA,2503,0,7,0,0,0,0,0,1,0,0,0,0
33594,2987,1,65,5,5,NA,NA,3484,0,5,0,0,0,0,0,0,0,1,0,0
33649,3679,1,50,17,3,NA,NA,2083,0,2,0,0,0,0,1,0,0,0,0,0
33653,5504,1,35,15,5,NA,NA,894,0,8,0,0,0,1,0,0,0,0,0,0
33664,7866,1,30,25,2,NA,NA,1621,0,5,0,0,0,0,0,0,0,1,0,0
33686,5522,1,40,8,4,NA,NA,1690,0,7,0,0,0,0,0,1,0,0,0,0
33739,481,1,22,20,3,NA,NA,1998,0,2,0,0,0,0,1,0,0,0,0,0
33753,2390,1,38,28,6,NA,NA,1399,0,3,0,1,0,0,0,0,0,0,0,0
33768,6889,1,31,16,6,NA,NA,1232,0,8,0,0,0,1,0,0,0,0,0,0
33782,1858,1,26,3,3,NA,NA,2251,0,5,0,0,0,0,0,0,0,1,0,0
33837,9183,1,35,28,6,NA,NA,1907,0,3,0,1,0,0,0,0,0,0,0,0
33864,4276,1,32,8,5,NA,NA,2576,0,1,0,0,1,0,0,0,0,0,0,0
33873,50,1,23,23,6,NA,NA,1009,0,6,0,0,0,0,0,0,0,0,1,0
33893,7857,1,62,22,5,NA,NA,2094,0,2,0,0,0,0,1,0,0,0,0,0
33915,11469,1,29,4,4,NA,NA,2008,0,6,0,0,0,0,0,0,0,0,1,0
33929,10327,1,45,24,5,NA,NA,2314,0,7,0,0,0,0,0,1,0,0,0,0
34043,2485,1,50,13,4,NA,NA,1827,0,3,0,1,0,0,0,0,0,0,0,0
34068,11645,1,38,3,6,NA,NA,1950,0,2,0,0,0,0,1,0,0,0,0,0
34081,2505,1,35,19,4,NA,NA,1445,0,3,0,1,0,0,0,0,0,0,0,0
34165,9656,1,65,4,4,NA,NA,2616,0,6,0,0,0,0,0,0,0,0,1,0
34175,10943,1,21,11,4,NA,NA,1451,0,10,0,0,0,0,0,0,1,0,0,0
34180,1243,1,30,10,4,NA,NA,769,0,9,1,0,0,0,0,0,0,0,0,0
34182,4019,1,40,24,7,NA,NA,1322,1,6,0,0,0,0,0,0,0,0,1,0
34203,3439,1,22,4,7,NA,NA,1109,1,7,0,0,0,0,0,1,0,0,0,0
34251,1970,1,75,14,5,NA,NA,1226,0,3,0,1,0,0,0,0,0,0,0,0
34262,1959,1,24,5,2,NA,NA,1868,0,1,0,0,1,0,0,0,0,0,0,0
34279,1883,1,33,2,2,NA,NA,2568,0,8,0,0,0,1,0,0,0,0,0,0
34284,4292,1,60,5,5,NA,NA,2364,0,5,0,0,0,0,0,0,0,1,0,0
34305,7945,1,22,14,4,NA,NA,1706,0,7,0,0,0,0,0,1,0,0,0,0
34326,3660,1,50,22,5,NA,NA,1254,0,4,0,0,0,0,0,0,0,0,0,1
34347,6016,1,70,22,5,NA,NA,1739,0,4,0,0,0,0,0,0,0,0,0,1
34349,5044,1,45,30,2,NA,NA,1084,0,7,0,0,0,0,0,1,0,0,0,0
34350,352,1,33,20,3,NA,NA,2109,0,8,0,0,0,1,0,0,0,0,0,0
34366,1938,1,75,2,4,NA,NA,1278,0,2,0,0,0,0,1,0,0,0,0,0
34367,9836,1,40,22,3,NA,NA,1375,0,7,0,0,0,0,0,1,0,0,0,0
34447,1559,1,79,19,4,NA,NA,1279,0,10,0,0,0,0,0,0,1,0,0,0
34448,5568,1,30,16,7,NA,NA,2363,1,3,0,1,0,0,0,0,0,0,0,0
34457,11833,1,30,18,2,NA,NA,1270,0,3,0,1,0,0,0,0,0,0,0,0
34463,5073,1,65,6,6,NA,NA,2660,0,5,0,0,0,0,0,0,0,1,0,0
34494,8404,1,35,8,4,NA,NA,2134,0,7,0,0,0,0,0,1,0,0,0,0
34502,1692,1,19,2,4,NA,NA,2739,0,2,0,0,0,0,1,0,0,0,0,0
34542,5351,1,18,3,6,NA,NA,902,0,7,0,0,0,0,0,1,0,0,0,0
34555,6447,1,32,30,7,NA,NA,1192,1,5,0,0,0,0,0,0,0,1,0,0
34578,4987,1,32,2,2,NA,NA,2802,0,8,0,0,0,1,0,0,0,0,0,0
34604,4824,1,24,3,6,NA,NA,1799,0,2,0,0,0,0,1,0,0,0,0,0
34711,6602,1,70,18,5,NA,NA,1958,0,1,0,0,1,0,0,0,0,0,0,0
34739,9840,1,25,14,4,NA,NA,1315,0,8,0,0,0,1,0,0,0,0,0,0
34772,8117,1,19,25,2,NA,NA,1119,0,9,1,0,0,0,0,0,0,0,0,0
34806,2361,1,19,7,4,NA,NA,1786,0,1,0,0,1,0,0,0,0,0,0,0
34825,978,1,28,23,6,NA,NA,587,0,6,0,0,0,0,0,0,0,0,1,0
34845,2701,1,66,25,2,NA,NA,804,0,5,0,0,0,0,0,0,0,1,0,0
35002,7330,1,22,30,4,NA,NA,1295,0,1,0,0,1,0,0,0,0,0,0,0
35010,11746,1,20,8,1,NA,NA,2433,1,6,0,0,0,0,0,0,0,0,1,0
35037,4979,1,20,25,2,NA,NA,2090,0,5,0,0,0,0,0,0,0,1,0,0
35113,10580,1,19,22,6,NA,NA,1654,0,9,1,0,0,0,0,0,0,0,0,0
35158,5215,1,35,18,3,NA,NA,832,0,3,0,1,0,0,0,0,0,0,0,0
35165,8728,1,75,30,4,NA,NA,1658,0,1,0,0,1,0,0,0,0,0,0,0
35196,11089,1,56,28,6,NA,NA,1958,0,3,0,1,0,0,0,0,0,0,0,0
35197,11396,1,24,6,6,NA,NA,2393,0,5,0,0,0,0,0,0,0,1,0,0
35240,7085,1,20,30,2,NA,NA,1774,0,2,0,0,0,0,1,0,0,0,0,0
35263,10845,1,65,18,1,NA,NA,688,1,8,0,0,0,1,0,0,0,0,0,0
35278,8959,1,54,27,4,NA,NA,1020,0,5,0,0,0,0,0,0,0,1,0,0
35301,6642,1,30,5,5,NA,NA,2142,0,5,0,0,0,0,0,0,0,1,0,0
35345,738,1,18,3,6,NA,NA,1398,0,2,0,0,0,0,1,0,0,0,0,0
35359,594,1,66,29,6,NA,NA,1367,0,5,0,0,0,0,0,0,0,1,0,0
35367,3162,1,40,7,3,NA,NA,1904,0,7,0,0,0,0,0,1,0,0,0,0
35374,6488,1,27,21,4,NA,NA,2737,0,4,0,0,0,0,0,0,0,0,0,1
35393,689,1,20,3,6,NA,NA,1250,0,9,1,0,0,0,0,0,0,0,0,0
35461,3094,1,45,6,2,NA,NA,2069,0,6,0,0,0,0,0,0,0,0,1,0
35462,7856,1,55,6,3,NA,NA,1373,0,1,0,0,1,0,0,0,0,0,0,0
35493,4701,1,80,18,1,NA,NA,1419,1,8,0,0,0,1,0,0,0,0,0,0
35523,1073,1,53,15,7,NA,NA,2251,1,10,0,0,0,0,0,0,1,0,0,0
35554,884,1,60,3,5,NA,NA,2066,0,2,0,0,0,0,1,0,0,0,0,0
35567,3670,1,35,6,2,NA,NA,1281,0,6,0,0,0,0,0,0,0,0,1,0
35635,8585,1,26,28,5,NA,NA,1584,0,4,0,0,0,0,0,0,0,0,0,1
35638,4542,1,55,16,4,NA,NA,2189,0,7,0,0,0,0,0,1,0,0,0,0
35667,6104,1,50,27,4,NA,NA,2034,0,4,0,0,0,0,0,0,0,0,0,1
35718,2668,1,32,17,3,NA,NA,1462,0,2,0,0,0,0,1,0,0,0,0,0
35752,6767,1,19,20,3,NA,NA,845,0,8,0,0,0,1,0,0,0,0,0,0
35780,3756,1,45,9,3,NA,NA,1174,0,9,1,0,0,0,0,0,0,0,0,0
35803,1553,1,24,20,1,NA,NA,1649,1,4,0,0,0,0,0,0,0,0,0,1
35816,1959,1,44,5,2,NA,NA,2011,0,1,0,0,1,0,0,0,0,0,0,0
35899,4749,1,56,29,3,NA,NA,2638,0,1,0,0,1,0,0,0,0,0,0,0
35956,6095,1,40,8,4,NA,NA,2400,0,6,0,0,0,0,0,0,0,0,1,0
35967,6505,1,19,21,6,NA,NA,1168,0,3,0,1,0,0,0,0,0,0,0,0
35969,833,1,24,11,4,NA,NA,1516,0,10,0,0,0,0,0,0,1,0,0,0
36003,2235,1,60,25,3,NA,NA,2253,0,3,0,1,0,0,0,0,0,0,0,0
36058,5168,1,35,28,2,NA,NA,2140,0,1,0,0,1,0,0,0,0,0,0,0
36081,7206,1,22,21,5,NA,NA,1398,0,9,1,0,0,0,0,0,0,0,0,0
36090,3582,1,29,26,5,NA,NA,596,0,2,0,0,0,0,1,0,0,0,0,0
36125,2318,1,62,8,2,NA,NA,1322,0,9,1,0,0,0,0,0,0,0,0,0
36148,752,1,20,15,5,NA,NA,977,0,8,0,0,0,1,0,0,0,0,0,0
36195,2236,1,19,4,4,NA,NA,1136,0,5,0,0,0,0,0,0,0,1,0,0
36218,11291,1,18,12,2,NA,NA,2078,0,7,0,0,0,0,0,1,0,0,0,0
36248,8565,1,25,6,2,NA,NA,1593,0,7,0,0,0,0,0,1,0,0,0,0
36250,5770,1,45,14,4,NA,NA,1355,0,8,0,0,0,1,0,0,0,0,0,0
36368,10779,1,24,24,7,NA,NA,1479,1,6,0,0,0,0,0,0,0,0,1,0
36389,4645,1,21,23,7,NA,NA,716,1,5,0,0,0,0,0,0,0,1,0,0
36459,7680,1,33,16,7,NA,NA,1830,1,3,0,1,0,0,0,0,0,0,0,0
36461,3326,1,42,18,5,NA,NA,2570,0,1,0,0,1,0,0,0,0,0,0,0
36477,5053,1,55,5,6,NA,NA,1947,0,9,1,0,0,0,0,0,0,0,0,0
36518,1518,1,27,9,3,NA,NA,1137,0,9,1,0,0,0,0,0,0,0,0,0
36546,2747,1,55,4,4,NA,NA,733,0,5,0,0,0,0,0,0,0,1,0,0
36563,7769,1,46,21,5,NA,NA,1947,0,5,0,0,0,0,0,0,0,1,0,0
36567,10644,1,40,5,5,NA,NA,2981,0,6,0,0,0,0,0,0,0,0,1,0
36581,7945,1,50,14,4,NA,NA,1204,0,7,0,0,0,0,0,1,0,0,0,0
36637,3643,1,72,4,7,NA,NA,372,1,6,0,0,0,0,0,0,0,0,1,0
36646,3377,1,66,16,4,NA,NA,1591,0,7,0,0,0,0,0,1,0,0,0,0
36665,8355,1,32,4,7,NA,NA,2626,1,6,0,0,0,0,0,0,0,0,1,0
36670,8683,1,48,18,6,NA,NA,1294,0,9,1,0,0,0,0,0,0,0,0,0
36678,1497,1,70,10,4,NA,NA,1815,0,9,1,0,0,0,0,0,0,0,0,0
36697,4753,1,28,9,2,NA,NA,3394,0,10,0,0,0,0,0,0,1,0,0,0
36729,11254,1,21,8,5,NA,NA,1572,0,7,0,0,0,0,0,1,0,0,0,0
36734,5690,1,45,30,4,NA,NA,966,0,1,0,0,1,0,0,0,0,0,0,0
36804,11233,1,60,1,1,NA,NA,2744,1,8,0,0,0,1,0,0,0,0,0,0
36937,9526,1,55,18,5,NA,NA,1963,0,1,0,0,1,0,0,0,0,0,0,0
36941,7591,1,45,9,2,NA,NA,1234,0,10,0,0,0,0,0,0,1,0,0,0
36962,11655,1,33,13,5,NA,NA,1503,0,10,0,0,0,0,0,0,1,0,0,0
36976,9772,1,30,18,4,NA,NA,1484,0,2,0,0,0,0,1,0,0,0,0,0
36991,8245,1,35,30,7,NA,NA,1207,1,5,0,0,0,0,0,0,0,1,0,0
36999,3782,1,40,4,1,NA,NA,2140,1,1,0,0,1,0,0,0,0,0,0,0
37161,10730,1,23,21,5,NA,NA,1286,0,9,1,0,0,0,0,0,0,0,0,0
37171,4046,1,26,25,6,NA,NA,1808,0,1,0,0,1,0,0,0,0,0,0,0
37227,9869,1,43,22,3,NA,NA,1611,0,7,0,0,0,0,0,1,0,0,0,0
37233,3290,1,29,24,7,NA,NA,1012,1,6,0,0,0,0,0,0,0,0,1,0
37245,2124,1,18,18,1,NA,NA,2028,1,8,0,0,0,1,0,0,0,0,0,0
37266,11629,1,67,27,1,NA,NA,1135,1,1,0,0,1,0,0,0,0,0,0,0
37289,7449,1,35,26,7,NA,NA,2596,1,1,0,0,1,0,0,0,0,0,0,0
37292,10991,1,40,20,1,NA,NA,1369,1,4,0,0,0,0,0,0,0,0,0,1
37348,8030,1,70,10,4,NA,NA,1513,0,9,1,0,0,0,0,0,0,0,0,0
37361,5698,1,65,21,5,NA,NA,769,0,5,0,0,0,0,0,0,0,1,0,0
37409,6690,1,22,8,1,NA,NA,3192,1,6,0,0,0,0,0,0,0,0,1,0
37413,7277,1,30,5,5,NA,NA,3329,0,5,0,0,0,0,0,0,0,1,0,0
37422,4181,1,59,9,2,NA,NA,3864,0,10,0,0,0,0,0,0,1,0,0,0
37431,9298,1,65,24,1,NA,NA,1570,1,9,1,0,0,0,0,0,0,0,0,0
37468,5603,1,19,21,6,NA,NA,1533,0,3,0,1,0,0,0,0,0,0,0,0
37502,11882,1,55,27,5,NA,NA,1321,0,3,0,1,0,0,0,0,0,0,0,0
37538,7228,1,25,20,3,NA,NA,1394,0,8,0,0,0,1,0,0,0,0,0,0
37562,9848,1,42,16,7,NA,NA,2460,1,3,0,1,0,0,0,0,0,0,0,0
37565,3158,1,35,14,4,NA,NA,1453,0,7,0,0,0,0,0,1,0,0,0,0
37610,7423,1,46,27,5,NA,NA,539,0,3,0,1,0,0,0,0,0,0,0,0
37613,5690,1,19,30,4,NA,NA,1525,0,1,0,0,1,0,0,0,0,0,0,0
37709,5973,1,23,8,5,NA,NA,2235,0,1,0,0,1,0,0,0,0,0,0,0
37715,6640,1,35,9,4,NA,NA,1520,0,7,0,0,0,0,0,1,0,0,0,0
37735,8756,1,20,22,6,NA,NA,1207,0,9,1,0,0,0,0,0,0,0,0,0
37777,6907,1,40,4,3,NA,NA,3210,0,5,0,0,0,0,0,0,0,1,0,0
37843,6573,1,35,16,6,NA,NA,1080,0,8,0,0,0,1,0,0,0,0,0,0
37861,1401,1,45,14,4,NA,NA,1716,0,7,0,0,0,0,0,1,0,0,0,0
37866,10054,1,28,26,5,NA,NA,1852,0,2,0,0,0,0,1,0,0,0,0,0
37880,1074,1,30,9,2,NA,NA,3648,0,10,0,0,0,0,0,0,1,0,0,0
37890,6544,1,40,7,4,NA,NA,2603,0,1,0,0,1,0,0,0,0,0,0,0
37960,9652,1,46,6,5,NA,NA,2285,0,5,0,0,0,0,0,0,0,1,0,0
37967,5637,1,20,17,5,NA,NA,1715,0,9,1,0,0,0,0,0,0,0,0,0
37994,1437,1,35,19,5,NA,NA,2288,0,2,0,0,0,0,1,0,0,0,0,0
38118,2189,1,30,1,5,NA,NA,2265,0,1,0,0,1,0,0,0,0,0,0,0
38209,2766,1,52,19,4,NA,NA,1465,0,3,0,1,0,0,0,0,0,0,0,0
38227,1212,1,56,19,7,NA,NA,1669,1,4,0,0,0,0,0,0,0,0,0,1
38236,87,1,22,17,5,NA,NA,2149,0,9,1,0,0,0,0,0,0,0,0,0
38250,226,1,38,21,6,NA,NA,1280,0,3,0,1,0,0,0,0,0,0,0,0
38314,172,1,46,4,4,NA,NA,1708,0,6,0,0,0,0,0,0,0,0,1,0
38318,825,1,18,19,6,NA,NA,1345,0,1,0,0,1,0,0,0,0,0,0,0
38319,2987,1,33,5,5,NA,NA,2608,0,5,0,0,0,0,0,0,0,1,0,0
38323,4161,1,35,19,5,NA,NA,1381,0,2,0,0,0,0,1,0,0,0,0,0
38329,7865,1,42,2,6,NA,NA,4122,0,1,0,0,1,0,0,0,0,0,0,0
38336,2428,1,31,21,5,NA,NA,1342,0,5,0,0,0,0,0,0,0,1,0,0
38359,9317,1,51,6,2,NA,NA,991,0,7,0,0,0,0,0,1,0,0,0,0
38360,6357,1,65,20,7,NA,NA,1311,1,1,0,0,1,0,0,0,0,0,0,0
38390,8132,1,71,31,3,NA,NA,1316,0,7,0,0,0,0,0,1,0,0,0,0
38410,1519,1,65,10,4,NA,NA,1269,0,9,1,0,0,0,0,0,0,0,0,0
38425,6043,1,30,24,1,NA,NA,2441,1,9,1,0,0,0,0,0,0,0,0,0
38431,7397,1,50,15,5,NA,NA,2313,0,8,0,0,0,1,0,0,0,0,0,0
38464,473,1,25,29,5,NA,NA,2894,0,5,0,0,0,0,0,0,0,1,0,0
38468,8259,1,28,5,6,NA,NA,1271,0,9,1,0,0,0,0,0,0,0,0,0
38504,366,1,65,17,5,NA,NA,2914,0,9,1,0,0,0,0,0,0,0,0,0
38529,5160,1,35,19,4,NA,NA,1844,0,3,0,1,0,0,0,0,0,0,0,0
38540,2621,1,35,8,2,NA,NA,946,0,9,1,0,0,0,0,0,0,0,0,0
38570,4190,1,32,18,5,NA,NA,3130,0,1,0,0,1,0,0,0,0,0,0,0
38588,5745,1,55,19,4,NA,NA,1889,0,10,0,0,0,0,0,0,1,0,0,0
38591,6111,1,28,3,2,NA,NA,1895,0,5,0,0,0,0,0,0,0,1,0,0
38642,6061,1,60,3,3,NA,NA,2571,0,5,0,0,0,0,0,0,0,1,0,0
38686,5528,1,20,3,6,NA,NA,1863,0,9,1,0,0,0,0,0,0,0,0,0
38783,4690,1,24,6,3,NA,NA,906,0,1,0,0,1,0,0,0,0,0,0,0
38822,877,1,50,29,7,NA,NA,2250,1,3,0,1,0,0,0,0,0,0,0,0
38845,11611,1,26,22,5,NA,NA,2048,0,2,0,0,0,0,1,0,0,0,0,0
38897,8330,1,23,1,3,NA,NA,2220,0,2,0,0,0,0,1,0,0,0,0,0
38900,10772,1,22,4,5,NA,NA,505,0,9,1,0,0,0,0,0,0,0,0,0
38938,6767,1,45,20,3,NA,NA,759,0,8,0,0,0,1,0,0,0,0,0,0
38966,5434,1,26,19,5,NA,NA,2161,0,2,0,0,0,0,1,0,0,0,0,0
38996,4181,1,24,9,2,NA,NA,4464,0,10,0,0,0,0,0,0,1,0,0,0
38998,9998,1,41,20,7,NA,NA,2084,1,1,0,0,1,0,0,0,0,0,0,0
39001,7449,1,60,26,7,NA,NA,2181,1,1,0,0,1,0,0,0,0,0,0,0
39019,5542,1,22,1,1,NA,NA,2316,1,8,0,0,0,1,0,0,0,0,0,0
39055,8291,1,59,26,6,NA,NA,1801,0,1,0,0,1,0,0,0,0,0,0,0
39073,8456,1,75,30,6,NA,NA,1837,0,8,0,0,0,1,0,0,0,0,0,0
39085,5871,1,50,14,2,NA,NA,1697,0,7,0,0,0,0,0,1,0,0,0,0
39124,10221,1,30,5,2,NA,NA,1507,0,1,0,0,1,0,0,0,0,0,0,0
39140,8258,1,38,26,5,NA,NA,2035,0,2,0,0,0,0,1,0,0,0,0,0
39144,4876,1,36,2,2,NA,NA,2835,0,8,0,0,0,1,0,0,0,0,0,0
39170,11074,1,87,23,7,NA,NA,829,1,5,0,0,0,0,0,0,0,1,0,0
39230,182,1,65,13,4,NA,NA,1368,0,3,0,1,0,0,0,0,0,0,0,0
39242,8518,1,40,8,2,NA,NA,1342,0,9,1,0,0,0,0,0,0,0,0,0
39249,6452,1,50,26,6,NA,NA,2107,0,1,0,0,1,0,0,0,0,0,0,0
39252,3766,1,30,21,6,NA,NA,1971,0,3,0,1,0,0,0,0,0,0,0,0
39343,1120,1,48,22,5,NA,NA,1773,0,4,0,0,0,0,0,0,0,0,0,1
39397,8839,1,26,1,1,NA,NA,2261,1,8,0,0,0,1,0,0,0,0,0,0
39407,10391,1,55,14,5,NA,NA,1761,0,3,0,1,0,0,0,0,0,0,0,0
39412,7434,1,18,7,1,NA,NA,1379,1,9,1,0,0,0,0,0,0,0,0,0
39454,621,1,64,21,6,NA,NA,1225,0,3,0,1,0,0,0,0,0,0,0,0
39495,9167,1,60,25,2,NA,NA,1207,0,5,0,0,0,0,0,0,0,1,0,0
39503,6133,1,45,6,6,NA,NA,2986,0,6,0,0,0,0,0,0,0,0,1,0
39545,1860,1,80,13,5,NA,NA,1271,0,10,0,0,0,0,0,0,1,0,0,0
39557,133,1,35,17,3,NA,NA,573,0,2,0,0,0,0,1,0,0,0,0,0
39580,10756,1,45,27,4,NA,NA,1268,0,5,0,0,0,0,0,0,0,1,0,0
39582,11043,1,23,6,3,NA,NA,1986,0,1,0,0,1,0,0,0,0,0,0,0
39622,11263,1,32,22,5,NA,NA,2524,0,2,0,0,0,0,1,0,0,0,0,0
39636,10409,1,30,6,2,NA,NA,1214,0,7,0,0,0,0,0,1,0,0,0,0
39702,4593,1,19,6,6,NA,NA,2303,0,6,0,0,0,0,0,0,0,0,1,0
39713,11547,1,45,8,4,NA,NA,1955,0,7,0,0,0,0,0,1,0,0,0,0
