SUBJECT,HOUSEHOLD,SEX,AGE_YEAR,CONSUMPTION_DAY,WEEK_DAY,PREG_LACT,BREASTFEEDING,sum_ENERGY_kcal,WEEKEND,adm2_,adm2_9,adm2_14,adm2_15,adm2_12,adm2_1,adm2_3,adm2_8,adm2_10,adm2_11,adm2_4,adm2_13,adm2_7,adm2_2,adm2_5,adm2_6
7,534,2,40,25,4,1,NA,2126,0,9,1,0,0,0,0,0,0,0,0,0,0,0,0,0,0
34,11252,2,33,17,7,1,NA,1913,1,14,0,1,0,0,0,0,0,0,0,0,0,0,0,0,0
71,1857,2,65,8,5,0,NA,1155,0,15,0,0,1,0,0,0,0,0,0,0,0,0,0,0,0
114,1540,2,31,17,1,1,NA,796,1,12,0,0,0,1,0,0,0,0,0,0,0,0,0,0,0
126,11875,2,42,17,1,1,NA,1847,1,12,0,0,0,1,0,0,0,0,0,0,0,0,0,0,0
128,9229,2,35,27,3,1,NA,1057,0,12,0,0,0,1,0,0,0,0,0,0,0,0,0,0,0
152,11707,2,26,19,4,1,NA,1961,0,15,0,0,1,0,0,0,0,0,0,0,0,0,0,0,0
209,2038,2,27,18,5,1,NA,2089,0,1,0,0,0,0,1,0,0,0,0,0,0,0,0,0,0
215,3064,2,35,1,1,1,NA,1197,1,3,0,0,0,0,0,1,0,0,0,0,0,0,0,0,0
223,10329,2,62,29,1,0,NA,2253,1,9,1,0,0,0,0,0,0,0,0,0,0,0,0,0,0
228,588,2,56,27,6,0,NA,1392,0,8,0,0,0,0,0,0,1,0,0,0,0,0,0,0,0
249,10407,2,47,3,1,1,NA,1070,1,10,0,0,0,0,0,0,0,1,0,0,0,0,0,0,0
253,2289,2,55,29,3,0,NA,1418,0,3,0,0,0,0,0,1,0,0,0,0,0,0,0,0,0
295,8019,2,35,31,5,1,NA,1735,0,3,0,0,0,0,0,1,0,0,0,0,0,0,0,0,0
316,1531,2,27,30,6,1,NA,1346,0,11,0,0,0,0,0,0,0,0,1,0,0,0,0,0,0
337,7761,2,28,6,2,1,NA,1579,0,14,0,1,0,0,0,0,0,0,0,0,0,0,0,0,0
345,11133,2,39,12,4,1,NA,1498,0,4,0,0,0,0,0,0,0,0,0,1,0,0,0,0,0
398,8887,2,39,27,4,1,NA,1638,0,13,0,0,0,0,0,0,0,0,0,0,1,0,0,0,0
435,8209,2,55,12,4,0,NA,2400,0,4,0,0,0,0,0,0,0,0,0,1,0,0,0,0,0
472,1317,2,45,11,6,1,NA,2091,0,8,0,0,0,0,0,0,1,0,0,0,0,0,0,0,0
503,5629,2,28,23,7,1,NA,1782,1,1,0,0,0,0,1,0,0,0,0,0,0,0,0,0,0
506,4831,2,58,26,7,0,NA,1661,1,9,1,0,0,0,0,0,0,0,0,0,0,0,0,0,0
539,2550,2,45,2,6,1,NA,1708,0,3,0,0,0,0,0,1,0,0,0,0,0,0,0,0,0
566,4587,2,27,6,1,1,NA,1598,1,11,0,0,0,0,0,0,0,0,1,0,0,0,0,0,0
569,9018,2,36,10,2,1,NA,1437,0,11,0,0,0,0,0,0,0,0,1,0,0,0,0,0,0
574,4392,2,82,18,1,0,NA,1233,1,14,0,1,0,0,0,0,0,0,0,0,0,0,0,0,0
590,4251,2,43,4,6,1,NA,1742,0,14,0,1,0,0,0,0,0,0,0,0,0,0,0,0,0
606,11684,2,47,10,5,1,NA,1590,0,7,0,0,0,0,0,0,0,0,0,0,0,1,0,0,0
618,3967,2,41,17,4,1,NA,1395,0,1,0,0,0,0,1,0,0,0,0,0,0,0,0,0,0
625,9651,2,52,6,2,0,NA,1368,0,14,0,1,0,0,0,0,0,0,0,0,0,0,0,0,0
631,1496,2,24,15,5,1,NA,1127,0,14,0,1,0,0,0,0,0,0,0,0,0,0,0,0,0
643,5839,2,38,21,5,1,NA,1552,0,3,0,0,0,0,0,1,0,0,0,0,0,0,0,0,0
651,8818,2,35,16,4,1,NA,1357,0,2,0,0,0,0,0,0,0,0,0,0,0,0,1,0,0
663,4813,2,30,1,3,1,NA,1972,0,4,0,0,0,0,0,0,0,0,0,1,0,0,0,0,0
665,5417,2,26,14,2,1,NA,1879,0,11,0,0,0,0,0,0,0,0,1,0,0,0,0,0,0
728,4787,2,47,10,5,1,NA,2718,0,9,1,0,0,0,0,0,0,0,0,0,0,0,0,0,0
793,1643,2,40,14,6,1,NA,1212,0,4,0,0,0,0,0,0,0,0,0,1,0,0,0,0,0
814,6295,2,54,29,3,0,NA,1521,0,3,0,0,0,0,0,1,0,0,0,0,0,0,0,0,0
817,10974,2,30,21,3,1,NA,2675,0,13,0,0,0,0,0,0,0,0,0,0,1,0,0,0,0
818,3997,2,70,12,7,0,NA,2074,1,8,0,0,0,0,0,0,1,0,0,0,0,0,0,0,0
882,2515,2,31,2,4,1,NA,2147,0,10,0,0,0,0,0,0,0,1,0,0,0,0,0,0,0
888,8412,2,38,25,4,1,NA,1736,0,9,1,0,0,0,0,0,0,0,0,0,0,0,0,0,0
914,7478,2,50,27,3,0,NA,2220,0,11,0,0,0,0,0,0,0,0,1,0,0,0,0,0,0
937,11193,2,25,23,7,1,NA,2023,1,1,0,0,0,0,1,0,0,0,0,0,0,0,0,0,0
1007,4926,2,85,10,7,0,NA,1214,1,15,0,0,1,0,0,0,0,0,0,0,0,0,0,0,0
1052,5257,2,40,11,2,1,NA,1656,0,11,0,0,0,0,0,0,0,0,1,0,0,0,0,0,0
1054,2207,2,23,27,3,1,NA,2382,0,2,0,0,0,0,0,0,0,0,0,0,0,0,1,0,0
1133,6053,2,38,30,6,1,NA,1916,0,13,0,0,0,0,0,0,0,0,0,0,1,0,0,0,0
1162,5332,2,22,22,7,1,NA,1783,1,5,0,0,0,0,0,0,0,0,0,0,0,0,0,1,0
1163,9061,2,44,19,4,1,NA,1479,0,15,0,0,1,0,0,0,0,0,0,0,0,0,0,0,0
1221,3783,2,48,10,2,1,NA,1715,0,11,0,0,0,0,0,0,0,0,1,0,0,0,0,0,0
1290,4125,2,40,24,5,1,NA,2268,0,8,0,0,0,0,0,0,1,0,0,0,0,0,0,0,0
1297,9259,2,38,20,1,1,NA,2260,1,4,0,0,0,0,0,0,0,0,0,1,0,0,0,0,0
1320,11166,2,27,18,5,1,NA,1633,0,1,0,0,0,0,1,0,0,0,0,0,0,0,0,0,0
1324,3688,2,51,30,5,0,NA,1470,0,4,0,0,0,0,0,0,0,0,0,1,0,0,0,0,0
1365,5237,2,45,25,5,1,NA,1954,0,5,0,0,0,0,0,0,0,0,0,0,0,0,0,1,0
1391,372,2,53,17,7,0,NA,1568,1,14,0,1,0,0,0,0,0,0,0,0,0,0,0,0,0
1477,1433,2,35,5,3,1,NA,1149,0,15,0,0,1,0,0,0,0,0,0,0,0,0,0,0,0
1534,5373,2,49,29,1,1,NA,1416,1,9,1,0,0,0,0,0,0,0,0,0,0,0,0,0,0
1554,2839,2,43,9,4,1,NA,2240,0,2,0,0,0,0,0,0,0,0,0,0,0,0,1,0,0
1568,4652,2,24,19,3,1,NA,1111,0,2,0,0,0,0,0,0,0,0,0,0,0,0,1,0,0
1594,3942,2,47,3,6,1,NA,1719,0,13,0,0,0,0,0,0,0,0,0,0,1,0,0,0,0
1625,9306,2,45,17,7,1,NA,1613,1,14,0,1,0,0,0,0,0,0,0,0,0,0,0,0,0
1644,10973,2,30,10,6,1,NA,1919,0,2,0,0,0,0,0,0,0,0,0,0,0,0,1,0,0
1675,10074,2,72,29,6,0,NA,1217,0,1,0,0,0,0,1,0,0,0,0,0,0,0,0,0,0
1678,611,2,60,13,3,0,NA,2304,0,15,0,0,1,0,0,0,0,0,0,0,0,0,0,0,0
1694,2158,2,19,5,7,1,NA,1598,1,4,0,0,0,0,0,0,0,0,0,1,0,0,0,0,0
1828,5959,2,47,8,4,1,NA,1675,0,2,0,0,0,0,0,0,0,0,0,0,0,0,1,0,0
1829,11199,2,59,24,1,0,NA,1510,1,3,0,0,0,0,0,1,0,0,0,0,0,0,0,0,0
1883,4897,2,65,28,2,0,NA,1365,0,9,1,0,0,0,0,0,0,0,0,0,0,0,0,0,0
1903,391,2,44,2,6,1,NA,1728,0,3,0,0,0,0,0,1,0,0,0,0,0,0,0,0,0
1913,4354,2,38,3,3,1,NA,1263,0,13,0,0,0,0,0,0,0,0,0,0,1,0,0,0,0
1918,5265,2,76,29,3,0,NA,2197,0,3,0,0,0,0,0,1,0,0,0,0,0,0,0,0,0
1990,2647,2,23,6,2,1,NA,1384,0,14,0,1,0,0,0,0,0,0,0,0,0,0,0,0,0
2010,10035,2,31,11,6,1,NA,1004,0,8,0,0,0,0,0,0,1,0,0,0,0,0,0,0,0
2049,4386,2,22,4,7,1,NA,1105,1,13,0,0,0,0,0,0,0,0,0,0,1,0,0,0,0
2085,3998,2,20,22,7,1,NA,2226,1,5,0,0,0,0,0,0,0,0,0,0,0,0,0,1,0
2091,10586,2,40,8,5,1,NA,1640,0,15,0,0,1,0,0,0,0,0,0,0,0,0,0,0,0
2113,3861,2,21,5,5,1,NA,1481,0,13,0,0,0,0,0,0,0,0,0,0,1,0,0,0,0
2128,2833,2,30,22,3,1,NA,2145,0,8,0,0,0,0,0,0,1,0,0,0,0,0,0,0,0
2194,3376,2,30,6,1,1,NA,1310,1,11,0,0,0,0,0,0,0,0,1,0,0,0,0,0,0
2215,7292,2,37,3,1,1,NA,2157,1,10,0,0,0,0,0,0,0,1,0,0,0,0,0,0,0
2274,11889,2,46,9,4,1,NA,1645,0,2,0,0,0,0,0,0,0,0,0,0,0,0,1,0,0
2322,4638,2,24,6,6,1,NA,1263,0,5,0,0,0,0,0,0,0,0,0,0,0,0,0,1,0
2362,11458,2,26,29,1,1,NA,1928,1,9,1,0,0,0,0,0,0,0,0,0,0,0,0,0,0
2395,1911,2,42,10,5,1,NA,2627,0,7,0,0,0,0,0,0,0,0,0,0,0,1,0,0,0
2422,1317,2,20,11,6,1,NA,2511,0,8,0,0,0,0,0,0,1,0,0,0,0,0,0,0,0
2489,8536,2,39,9,4,1,NA,1404,0,7,0,0,0,0,0,0,0,0,0,0,0,1,0,0,0
2491,10578,2,20,9,4,1,NA,1285,0,2,0,0,0,0,0,0,0,0,0,0,0,0,1,0,0
2514,7880,2,26,30,6,1,NA,1579,0,11,0,0,0,0,0,0,0,0,1,0,0,0,0,0,0
2564,10885,2,38,14,2,1,NA,643,0,11,0,0,0,0,0,0,0,0,1,0,0,0,0,0,0
2573,10799,2,18,2,4,1,NA,1603,0,14,0,1,0,0,0,0,0,0,0,0,0,0,0,0,0
2622,10321,2,48,4,2,1,NA,1706,0,15,0,0,1,0,0,0,0,0,0,0,0,0,0,0,0
2708,2424,2,51,7,3,0,NA,1784,0,11,0,0,0,0,0,0,0,0,1,0,0,0,0,0,0
2716,3987,2,56,5,3,0,NA,1120,0,15,0,0,1,0,0,0,0,0,0,0,0,0,0,0,0
2733,10078,2,39,29,3,1,NA,1529,0,3,0,0,0,0,0,1,0,0,0,0,0,0,0,0,0
2742,7172,2,47,27,4,1,NA,1634,0,13,0,0,0,0,0,0,0,0,0,0,1,0,0,0,0
2779,3912,2,19,25,2,1,NA,2333,0,1,0,0,0,0,1,0,0,0,0,0,0,0,0,0,0
2780,8268,2,75,30,6,0,NA,1079,0,13,0,0,0,0,0,0,0,0,0,0,1,0,0,0,0
2785,4373,2,50,5,5,0,NA,1384,0,13,0,0,0,0,0,0,0,0,0,0,1,0,0,0,0
2812,11174,2,56,22,4,0,NA,2576,0,7,0,0,0,0,0,0,0,0,0,0,0,1,0,0,0
2822,4392,2,19,18,1,1,NA,1387,1,14,0,1,0,0,0,0,0,0,0,0,0,0,0,0,0
2831,2816,2,32,14,6,1,NA,1760,0,4,0,0,0,0,0,0,0,0,0,1,0,0,0,0,0
2841,9375,2,32,11,2,1,NA,1832,0,11,0,0,0,0,0,0,0,0,1,0,0,0,0,0,0
2877,8665,2,34,10,5,1,NA,2149,0,7,0,0,0,0,0,0,0,0,0,0,0,1,0,0,0
2897,5263,2,21,22,7,1,NA,2031,1,5,0,0,0,0,0,0,0,0,0,0,0,0,0,1,0
2922,9078,2,27,11,6,1,NA,2448,0,11,0,0,0,0,0,0,0,0,1,0,0,0,0,0,0
2923,10110,2,25,1,1,1,NA,1297,1,3,0,0,0,0,0,1,0,0,0,0,0,0,0,0,0
2931,3600,2,36,9,4,1,NA,1850,0,2,0,0,0,0,0,0,0,0,0,0,0,0,1,0,0
2953,4267,2,35,31,3,1,NA,1967,0,3,0,0,0,0,0,1,0,0,0,0,0,0,0,0,0
3000,8086,2,28,6,1,1,NA,1787,1,2,0,0,0,0,0,0,0,0,0,0,0,0,1,0,0
3004,9697,2,60,4,6,0,NA,2219,0,14,0,1,0,0,0,0,0,0,0,0,0,0,0,0,0
3009,4102,2,25,19,3,1,NA,1326,0,2,0,0,0,0,0,0,0,0,0,0,0,0,1,0,0
3018,4747,2,63,6,2,0,NA,1290,0,11,0,0,0,0,0,0,0,0,1,0,0,0,0,0,0
3099,325,2,31,10,2,1,NA,1646,0,11,0,0,0,0,0,0,0,0,1,0,0,0,0,0,0
3127,1912,2,45,30,4,1,NA,1601,0,8,0,0,0,0,0,0,1,0,0,0,0,0,0,0,0
3144,10060,2,50,19,4,0,NA,1351,0,15,0,0,1,0,0,0,0,0,0,0,0,0,0,0,0
3149,5263,2,55,22,7,0,NA,1901,1,5,0,0,0,0,0,0,0,0,0,0,0,0,0,1,0
3162,9111,2,36,10,7,1,NA,1698,1,15,0,0,1,0,0,0,0,0,0,0,0,0,0,0,0
3165,4809,2,24,15,5,1,NA,527,0,14,0,1,0,0,0,0,0,0,0,0,0,0,0,0,0
3223,4957,2,25,27,4,1,NA,1423,0,13,0,0,0,0,0,0,0,0,0,0,1,0,0,0,0
3256,5213,2,48,3,1,1,NA,1755,1,10,0,0,0,0,0,0,0,1,0,0,0,0,0,0,0
3299,8718,2,32,8,1,1,NA,2065,1,12,0,0,0,1,0,0,0,0,0,0,0,0,0,0,0
3317,10447,2,24,10,5,1,NA,634,0,7,0,0,0,0,0,0,0,0,0,0,0,1,0,0,0
3373,8294,2,60,4,6,0,NA,391,0,14,0,1,0,0,0,0,0,0,0,0,0,0,0,0,0
3374,9897,2,23,17,5,1,NA,1368,0,10,0,0,0,0,0,0,0,1,0,0,0,0,0,0,0
3389,6932,2,49,14,6,1,NA,1926,0,15,0,0,1,0,0,0,0,0,0,0,0,0,0,0,0
3470,10719,2,56,27,7,0,NA,1595,1,6,0,0,0,0,0,0,0,0,0,0,0,0,0,0,1
3482,5937,2,55,2,6,0,NA,1550,0,8,0,0,0,0,0,0,1,0,0,0,0,0,0,0,0
3500,1245,2,19,3,3,1,NA,2103,0,3,0,0,0,0,0,1,0,0,0,0,0,0,0,0,0
3525,2818,2,50,26,7,0,NA,1762,1,9,1,0,0,0,0,0,0,0,0,0,0,0,0,0,0
3530,4456,2,30,20,1,1,NA,1766,1,4,0,0,0,0,0,0,0,0,0,1,0,0,0,0,0
3542,1163,2,32,18,6,1,NA,1843,0,2,0,0,0,0,0,0,0,0,0,0,0,0,1,0,0
3594,11343,2,21,24,5,1,NA,1633,0,6,0,0,0,0,0,0,0,0,0,0,0,0,0,0,1
3626,10447,2,50,10,5,0,NA,1345,0,7,0,0,0,0,0,0,0,0,0,0,0,1,0,0,0
3667,2730,2,46,2,6,1,NA,2091,0,8,0,0,0,0,0,0,1,0,0,0,0,0,0,0,0
3698,6655,2,32,28,4,1,NA,2034,0,12,0,0,0,1,0,0,0,0,0,0,0,0,0,0,0
3715,502,2,44,7,3,1,NA,2071,0,11,0,0,0,0,0,0,0,0,1,0,0,0,0,0,0
3754,11783,2,57,4,7,0,NA,1177,1,13,0,0,0,0,0,0,0,0,0,0,1,0,0,0,0
3773,5817,2,33,8,4,1,NA,1699,0,2,0,0,0,0,0,0,0,0,0,0,0,0,1,0,0
3808,11542,2,48,15,3,1,NA,2831,0,10,0,0,0,0,0,0,0,1,0,0,0,0,0,0,0
3854,11050,2,28,13,1,1,NA,2326,1,8,0,0,0,0,0,0,1,0,0,0,0,0,0,0,0
3862,3948,2,39,30,5,1,NA,1760,0,4,0,0,0,0,0,0,0,0,0,1,0,0,0,0,0
3871,4787,2,21,10,5,1,NA,1914,0,9,1,0,0,0,0,0,0,0,0,0,0,0,0,0,0
3909,6395,2,55,16,6,0,NA,761,0,14,0,1,0,0,0,0,0,0,0,0,0,0,0,0,0
3947,3195,2,24,8,1,1,NA,2138,1,12,0,0,0,1,0,0,0,0,0,0,0,0,0,0,0
3959,7930,2,42,27,7,1,NA,1526,1,5,0,0,0,0,0,0,0,0,0,0,0,0,0,1,0
3980,831,2,55,28,7,0,NA,1237,1,10,0,0,0,0,0,0,0,1,0,0,0,0,0,0,0
4070,9622,2,62,23,3,0,NA,911,0,5,0,0,0,0,0,0,0,0,0,0,0,0,0,1,0
4111,7440,2,47,24,5,1,NA,1836,0,8,0,0,0,0,0,0,1,0,0,0,0,0,0,0,0
4114,10583,2,38,2,4,1,NA,1446,0,10,0,0,0,0,0,0,0,1,0,0,0,0,0,0,0
4124,10081,2,43,12,7,1,NA,2626,1,11,0,0,0,0,0,0,0,0,1,0,0,0,0,0,0
4151,11069,2,27,23,6,1,NA,1607,0,2,0,0,0,0,0,0,0,0,0,0,0,0,1,0,0
4229,11749,2,21,8,5,1,NA,823,0,15,0,0,1,0,0,0,0,0,0,0,0,0,0,0,0
4253,8782,2,40,31,3,1,NA,1372,0,3,0,0,0,0,0,1,0,0,0,0,0,0,0,0,0
4273,6434,2,70,27,7,0,NA,1716,1,6,0,0,0,0,0,0,0,0,0,0,0,0,0,0,1
4316,11316,2,31,2,4,1,NA,1893,0,10,0,0,0,0,0,0,0,1,0,0,0,0,0,0,0
4332,702,2,30,17,5,1,NA,1315,0,10,0,0,0,0,0,0,0,1,0,0,0,0,0,0,0
4347,1106,2,28,28,4,1,NA,2025,0,13,0,0,0,0,0,0,0,0,0,0,1,0,0,0,0
4445,10504,2,25,9,3,1,NA,1243,0,15,0,0,1,0,0,0,0,0,0,0,0,0,0,0,0
4450,10974,2,24,21,3,1,NA,2035,0,13,0,0,0,0,0,0,0,0,0,0,1,0,0,0,0
4455,11382,2,66,13,3,0,NA,1242,0,14,0,1,0,0,0,0,0,0,0,0,0,0,0,0,0
4494,7799,2,42,23,3,1,NA,1206,0,5,0,0,0,0,0,0,0,0,0,0,0,0,0,1,0
4529,2395,2,30,26,7,1,NA,1698,1,6,0,0,0,0,0,0,0,0,0,0,0,0,0,0,1
4549,438,2,36,24,1,1,NA,1764,1,3,0,0,0,0,0,1,0,0,0,0,0,0,0,0,0
4560,3400,2,26,3,6,1,NA,958,0,13,0,0,0,0,0,0,0,0,0,0,1,0,0,0,0
4565,4536,2,37,28,7,1,NA,1614,1,10,0,0,0,0,0,0,0,1,0,0,0,0,0,0,0
4567,3886,2,21,8,4,1,NA,917,0,2,0,0,0,0,0,0,0,0,0,0,0,0,1,0,0
4584,3758,2,27,27,6,1,NA,2133,0,8,0,0,0,0,0,0,1,0,0,0,0,0,0,0,0
4597,8589,2,26,15,3,1,NA,2018,0,10,0,0,0,0,0,0,0,1,0,0,0,0,0,0,0
4601,420,2,30,13,3,1,NA,1929,0,15,0,0,1,0,0,0,0,0,0,0,0,0,0,0,0
4604,11433,2,55,17,1,0,NA,2566,1,12,0,0,0,1,0,0,0,0,0,0,0,0,0,0,0
4613,2794,2,60,29,1,0,NA,1678,1,9,1,0,0,0,0,0,0,0,0,0,0,0,0,0,0
4618,2324,2,52,24,1,0,NA,1402,1,3,0,0,0,0,0,1,0,0,0,0,0,0,0,0,0
4630,11722,2,28,28,7,1,NA,2011,1,10,0,0,0,0,0,0,0,1,0,0,0,0,0,0,0
4695,6629,2,28,18,1,1,NA,1079,1,14,0,1,0,0,0,0,0,0,0,0,0,0,0,0,0
4728,9136,2,50,6,1,0,NA,1615,1,11,0,0,0,0,0,0,0,0,1,0,0,0,0,0,0
4732,5511,2,50,10,5,0,NA,1614,0,7,0,0,0,0,0,0,0,0,0,0,0,1,0,0,0
4779,6988,2,37,18,5,1,NA,1551,0,13,0,0,0,0,0,0,0,0,0,0,1,0,0,0,0
4815,9842,2,21,5,7,1,NA,1506,1,14,0,1,0,0,0,0,0,0,0,0,0,0,0,0,0
4876,1089,2,33,9,4,1,NA,1574,0,7,0,0,0,0,0,0,0,0,0,0,0,1,0,0,0
4938,2647,2,20,6,2,1,NA,1383,0,14,0,1,0,0,0,0,0,0,0,0,0,0,0,0,0
4946,10556,2,32,30,4,1,NA,1827,0,8,0,0,0,0,0,0,1,0,0,0,0,0,0,0,0
4955,4747,2,36,6,2,1,NA,1820,0,11,0,0,0,0,0,0,0,0,1,0,0,0,0,0,0
4956,9239,2,45,8,1,1,NA,2469,1,12,0,0,0,1,0,0,0,0,0,0,0,0,0,0,0
4961,6923,2,36,31,5,1,NA,1792,0,3,0,0,0,0,0,1,0,0,0,0,0,0,0,0,0
5015,5580,2,31,27,6,1,NA,1922,0,8,0,0,0,0,0,0,1,0,0,0,0,0,0,0,0
5036,3821,2,53,25,7,0,NA,2250,1,10,0,0,0,0,0,0,0,1,0,0,0,0,0,0,0
5056,3154,2,26,2,4,1,NA,1204,0,14,0,1,0,0,0,0,0,0,0,0,0,0,0,0,0
5074,8744,2,20,26,7,1,NA,1444,1,9,1,0,0,0,0,0,0,0,0,0,0,0,0,0,0
5141,907,2,34,8,3,1,NA,2325,0,4,0,0,0,0,0,0,0,0,0,1,0,0,0,0,0
5185,119,2,25,27,3,1,NA,1780,0,12,0,0,0,1,0,0,0,0,0,0,0,0,0,0,0
5254,5227,2,25,30,3,1,NA,1669,0,15,0,0,1,0,0,0,0,0,0,0,0,0,0,0,0
5302,8139,2,22,22,5,1,NA,1312,0,2,0,0,0,0,0,0,0,0,0,0,0,0,1,0,0
5313,8864,2,33,28,2,1,NA,2591,0,9,1,0,0,0,0,0,0,0,0,0,0,0,0,0,0
5372,3597,2,20,24,5,1,NA,981,0,6,0,0,0,0,0,0,0,0,0,0,0,0,0,0,1
5377,7079,2,44,17,5,1,NA,2436,0,10,0,0,0,0,0,0,0,1,0,0,0,0,0,0,0
5389,7414,2,40,25,4,1,NA,1720,0,9,1,0,0,0,0,0,0,0,0,0,0,0,0,0,0
5416,4120,2,28,1,2,1,NA,2637,0,6,0,0,0,0,0,0,0,0,0,0,0,0,0,0,1
5419,4638,2,37,6,6,1,NA,2251,0,5,0,0,0,0,0,0,0,0,0,0,0,0,0,1,0
5449,7360,2,33,30,3,1,NA,1679,0,15,0,0,1,0,0,0,0,0,0,0,0,0,0,0,0
5464,734,2,19,3,6,1,NA,1081,0,13,0,0,0,0,0,0,0,0,0,0,1,0,0,0,0
5523,11014,2,19,20,1,1,NA,1367,1,4,0,0,0,0,0,0,0,0,0,1,0,0,0,0,0
5547,3997,2,40,12,7,1,NA,2075,1,8,0,0,0,0,0,0,1,0,0,0,0,0,0,0,0
5631,3223,2,30,26,7,1,NA,1346,1,6,0,0,0,0,0,0,0,0,0,0,0,0,0,0,1
5640,5133,2,54,8,4,0,NA,2148,0,2,0,0,0,0,0,0,0,0,0,0,0,0,1,0,0
5707,1797,2,61,20,2,0,NA,1719,0,13,0,0,0,0,0,0,0,0,0,0,1,0,0,0,0
5713,8408,2,50,2,6,0,NA,2221,0,3,0,0,0,0,0,1,0,0,0,0,0,0,0,0,0
5803,8155,2,19,4,6,1,NA,1286,0,10,0,0,0,0,0,0,0,1,0,0,0,0,0,0,0
5869,10972,2,25,30,3,1,NA,1698,0,15,0,0,1,0,0,0,0,0,0,0,0,0,0,0,0
5872,11836,2,45,23,3,1,NA,2459,0,5,0,0,0,0,0,0,0,0,0,0,0,0,0,1,0
5890,11706,2,46,24,5,1,NA,1183,0,6,0,0,0,0,0,0,0,0,0,0,0,0,0,0,1
5980,9758,2,43,13,4,1,NA,3566,0,11,0,0,0,0,0,0,0,0,1,0,0,0,0,0,0
6029,7301,2,70,23,3,0,NA,1304,0,13,0,0,0,0,0,0,0,0,0,0,1,0,0,0,0
6031,7648,2,19,8,3,1,NA,1415,0,9,1,0,0,0,0,0,0,0,0,0,0,0,0,0,0
6047,778,2,36,27,4,1,NA,1768,0,13,0,0,0,0,0,0,0,0,0,0,1,0,0,0,0
6091,9564,2,75,25,2,0,NA,2399,0,1,0,0,0,0,1,0,0,0,0,0,0,0,0,0,0
6144,8318,2,18,31,3,1,NA,2107,0,3,0,0,0,0,0,1,0,0,0,0,0,0,0,0,0
6153,2200,2,40,13,4,1,NA,2006,0,11,0,0,0,0,0,0,0,0,1,0,0,0,0,0,0
6159,2974,2,47,12,4,1,NA,1680,0,4,0,0,0,0,0,0,0,0,0,1,0,0,0,0,0
6259,7598,2,30,2,2,1,NA,2446,0,3,0,0,0,0,0,1,0,0,0,0,0,0,0,0,0
6373,6157,2,42,30,6,1,NA,1923,0,11,0,0,0,0,0,0,0,0,1,0,0,0,0,0,0
6422,6032,2,50,25,2,0,NA,1744,0,1,0,0,0,0,1,0,0,0,0,0,0,0,0,0,0
6425,6978,2,65,20,1,0,NA,2124,1,4,0,0,0,0,0,0,0,0,0,1,0,0,0,0,0
6473,10877,2,45,30,3,1,NA,1054,0,15,0,0,1,0,0,0,0,0,0,0,0,0,0,0,0
6506,3189,2,60,2,6,0,NA,1673,0,8,0,0,0,0,0,0,1,0,0,0,0,0,0,0,0
6508,4626,2,60,12,2,0,NA,1116,0,15,0,0,1,0,0,0,0,0,0,0,0,0,0,0,0
6532,3783,2,22,10,2,1,NA,1061,0,11,0,0,0,0,0,0,0,0,1,0,0,0,0,0,0
6542,3894,2,23,27,7,1,NA,1550,1,5,0,0,0,0,0,0,0,0,0,0,0,0,0,1,0
6574,6174,2,28,9,4,1,NA,1596,0,7,0,0,0,0,0,0,0,0,0,0,0,1,0,0,0
6591,11031,2,34,28,2,1,NA,1356,0,9,1,0,0,0,0,0,0,0,0,0,0,0,0,0,0
6611,8898,2,60,4,7,0,NA,1516,1,14,0,1,0,0,0,0,0,0,0,0,0,0,0,0,0
6656,1783,2,38,24,5,1,NA,2411,0,8,0,0,0,0,0,0,1,0,0,0,0,0,0,0,0
6706,1859,2,53,6,2,0,NA,1988,0,14,0,1,0,0,0,0,0,0,0,0,0,0,0,0,0
6771,9344,2,65,17,5,0,NA,1624,0,10,0,0,0,0,0,0,0,1,0,0,0,0,0,0,0
6781,5363,2,42,29,1,1,NA,1818,1,9,1,0,0,0,0,0,0,0,0,0,0,0,0,0,0
6826,2523,2,32,3,1,1,NA,2170,1,10,0,0,0,0,0,0,0,1,0,0,0,0,0,0,0
6839,11784,2,50,2,6,0,NA,2396,0,8,0,0,0,0,0,0,1,0,0,0,0,0,0,0,0
6867,3250,2,36,8,3,1,NA,1226,0,4,0,0,0,0,0,0,0,0,0,1,0,0,0,0,0
6896,3855,2,48,13,3,1,NA,1298,0,14,0,1,0,0,0,0,0,0,0,0,0,0,0,0,0
6925,3996,2,30,19,4,1,NA,1658,0,15,0,0,1,0,0,0,0,0,0,0,0,0,0,0,0
6950,9938,2,50,23,3,0,NA,2037,0,5,0,0,0,0,0,0,0,0,0,0,0,0,0,1,0
6976,408,2,30,1,1,1,NA,2573,1,3,0,0,0,0,0,1,0,0,0,0,0,0,0,0,0
7044,10607,2,42,13,1,1,NA,1728,1,7,0,0,0,0,0,0,0,0,0,0,0,1,0,0,0
7090,11504,2,42,22,7,1,NA,2267,1,5,0,0,0,0,0,0,0,0,0,0,0,0,0,1,0
7094,4673,2,28,27,4,1,NA,1553,0,13,0,0,0,0,0,0,0,0,0,0,1,0,0,0,0
7107,10081,2,24,12,7,1,NA,1846,1,11,0,0,0,0,0,0,0,0,1,0,0,0,0,0,0
7125,7754,2,44,8,3,1,NA,1726,0,4,0,0,0,0,0,0,0,0,0,1,0,0,0,0,0
7148,11531,2,53,4,6,0,NA,1923,0,10,0,0,0,0,0,0,0,1,0,0,0,0,0,0,0
7179,3310,2,57,1,1,0,NA,1096,1,13,0,0,0,0,0,0,0,0,0,0,1,0,0,0,0
7185,268,2,42,17,5,1,NA,1409,0,10,0,0,0,0,0,0,0,1,0,0,0,0,0,0,0
7286,5348,2,33,24,5,1,NA,1552,0,6,0,0,0,0,0,0,0,0,0,0,0,0,0,0,1
7302,6203,2,50,1,2,0,NA,2288,0,6,0,0,0,0,0,0,0,0,0,0,0,0,0,0,1
7346,2249,2,53,26,7,0,NA,1940,1,9,1,0,0,0,0,0,0,0,0,0,0,0,0,0,0
7390,5136,2,29,8,3,1,NA,1708,0,9,1,0,0,0,0,0,0,0,0,0,0,0,0,0,0
7397,4157,2,24,20,2,1,NA,1762,0,13,0,0,0,0,0,0,0,0,0,0,1,0,0,0,0
7495,6612,2,23,8,1,1,NA,1377,1,12,0,0,0,1,0,0,0,0,0,0,0,0,0,0,0
7499,8407,2,57,5,5,0,NA,1746,0,13,0,0,0,0,0,0,0,0,0,0,1,0,0,0,0
7509,1722,2,75,16,6,0,NA,624,0,14,0,1,0,0,0,0,0,0,0,0,0,0,0,0,0
7544,3070,2,27,14,6,1,NA,1471,0,4,0,0,0,0,0,0,0,0,0,1,0,0,0,0,0
7571,3819,2,21,17,2,1,NA,1416,0,15,0,0,1,0,0,0,0,0,0,0,0,0,0,0,0
7624,1793,2,27,4,7,1,NA,1444,1,14,0,1,0,0,0,0,0,0,0,0,0,0,0,0,0
7670,2439,2,35,10,7,1,NA,2829,1,15,0,0,1,0,0,0,0,0,0,0,0,0,0,0,0
7679,3454,2,25,4,7,1,NA,1213,1,13,0,0,0,0,0,0,0,0,0,0,1,0,0,0,0
7681,6856,2,31,27,4,1,NA,1498,0,1,0,0,0,0,1,0,0,0,0,0,0,0,0,0,0
7690,1717,2,39,2,4,1,NA,1755,0,10,0,0,0,0,0,0,0,1,0,0,0,0,0,0,0
7713,7708,2,39,25,7,1,NA,2355,1,10,0,0,0,0,0,0,0,1,0,0,0,0,0,0,0
7744,7777,2,46,19,6,1,NA,1634,0,13,0,0,0,0,0,0,0,0,0,0,1,0,0,0,0
7754,7291,2,32,25,5,1,NA,2336,0,5,0,0,0,0,0,0,0,0,0,0,0,0,0,1,0
7763,1189,2,50,3,3,0,NA,1968,0,3,0,0,0,0,0,1,0,0,0,0,0,0,0,0,0
7850,2763,2,39,10,6,1,NA,1979,0,2,0,0,0,0,0,0,0,0,0,0,0,0,1,0,0
7879,8781,2,27,27,7,1,NA,1573,1,5,0,0,0,0,0,0,0,0,0,0,0,0,0,1,0
7881,10258,2,55,25,4,0,NA,1772,0,9,1,0,0,0,0,0,0,0,0,0,0,0,0,0,0
7918,6248,2,52,10,7,0,NA,1517,1,15,0,0,1,0,0,0,0,0,0,0,0,0,0,0,0
7919,807,2,43,31,3,1,NA,1766,0,3,0,0,0,0,0,1,0,0,0,0,0,0,0,0,0
7949,6910,2,72,20,1,0,NA,1369,1,4,0,0,0,0,0,0,0,0,0,1,0,0,0,0,0
7960,45,2,30,27,7,1,NA,1184,1,5,0,0,0,0,0,0,0,0,0,0,0,0,0,1,0
8017,1403,2,45,13,1,1,NA,2133,1,8,0,0,0,0,0,0,1,0,0,0,0,0,0,0,0
8054,607,2,52,27,3,0,NA,2030,0,11,0,0,0,0,0,0,0,0,1,0,0,0,0,0,0
8101,9999,2,36,12,4,1,NA,672,0,4,0,0,0,0,0,0,0,0,0,1,0,0,0,0,0
8206,4551,2,20,14,2,1,NA,1903,0,11,0,0,0,0,0,0,0,0,1,0,0,0,0,0,0
8260,4217,2,22,23,7,1,NA,675,1,1,0,0,0,0,1,0,0,0,0,0,0,0,0,0,0
8287,8201,2,38,13,4,1,NA,2080,0,11,0,0,0,0,0,0,0,0,1,0,0,0,0,0,0
8309,8362,2,40,30,3,1,NA,1616,0,15,0,0,1,0,0,0,0,0,0,0,0,0,0,0,0
8326,4638,2,27,6,6,1,NA,1961,0,5,0,0,0,0,0,0,0,0,0,0,0,0,0,1,0
8501,651,2,45,4,7,1,NA,2058,1,14,0,1,0,0,0,0,0,0,0,0,0,0,0,0,0
8502,3819,2,21,17,2,1,NA,1817,0,15,0,0,1,0,0,0,0,0,0,0,0,0,0,0,0
8526,3547,2,24,4,6,1,NA,1093,0,10,0,0,0,0,0,0,0,1,0,0,0,0,0,0,0
8530,2440,2,25,15,3,1,NA,1644,0,10,0,0,0,0,0,0,0,1,0,0,0,0,0,0,0
8587,6534,2,54,26,7,0,NA,2065,1,9,1,0,0,0,0,0,0,0,0,0,0,0,0,0,0
8613,10583,2,19,2,4,1,NA,1280,0,10,0,0,0,0,0,0,0,1,0,0,0,0,0,0,0
8652,10788,2,70,27,6,0,NA,1535,0,8,0,0,0,0,0,0,1,0,0,0,0,0,0,0,0
8679,6219,2,40,22,3,1,NA,1693,0,8,0,0,0,0,0,0,1,0,0,0,0,0,0,0,0
8717,6291,2,58,17,4,0,NA,1338,0,1,0,0,0,0,1,0,0,0,0,0,0,0,0,0,0
8722,5578,2,52,3,3,0,NA,2030,0,13,0,0,0,0,0,0,0,0,0,0,1,0,0,0,0
8760,2554,2,30,23,3,1,NA,1862,0,13,0,0,0,0,0,0,0,0,0,0,1,0,0,0,0
8761,9520,2,61,30,4,0,NA,1877,0,8,0,0,0,0,0,0,1,0,0,0,0,0,0,0,0
8785,8051,2,32,22,4,1,NA,1795,0,7,0,0,0,0,0,0,0,0,0,0,0,1,0,0,0
8803,2225,2,38,23,7,1,NA,1957,1,1,0,0,0,0,1,0,0,0,0,0,0,0,0,0,0
8808,5880,2,32,5,4,1,NA,2143,0,11,0,0,0,0,0,0,0,0,1,0,0,0,0,0,0
8851,1464,2,25,14,6,1,NA,1691,0,15,0,0,1,0,0,0,0,0,0,0,0,0,0,0,0
8875,9968,2,23,28,2,1,NA,1280,0,9,1,0,0,0,0,0,0,0,0,0,0,0,0,0,0
8894,6112,2,50,4,6,0,NA,1646,0,4,0,0,0,0,0,0,0,0,0,1,0,0,0,0,0
8900,10040,2,75,31,5,0,NA,1418,0,3,0,0,0,0,0,1,0,0,0,0,0,0,0,0,0
8901,1205,2,24,21,5,1,NA,1616,0,2,0,0,0,0,0,0,0,0,0,0,0,0,1,0,0
8922,4840,2,21,29,5,1,NA,1653,0,12,0,0,0,1,0,0,0,0,0,0,0,0,0,0,0
8935,9285,2,30,2,3,1,NA,1329,0,6,0,0,0,0,0,0,0,0,0,0,0,0,0,0,1
8959,10354,2,24,15,5,1,NA,1919,0,14,0,1,0,0,0,0,0,0,0,0,0,0,0,0,0
9017,10393,2,45,4,6,1,NA,2142,0,4,0,0,0,0,0,0,0,0,0,1,0,0,0,0,0
9048,1418,2,55,3,3,0,NA,1862,0,13,0,0,0,0,0,0,0,0,0,0,1,0,0,0,0
9054,7648,2,40,8,3,1,NA,2338,0,9,1,0,0,0,0,0,0,0,0,0,0,0,0,0,0
9090,4926,2,55,10,7,0,NA,1974,1,15,0,0,1,0,0,0,0,0,0,0,0,0,0,0,0
9144,2447,2,55,2,4,0,NA,1922,0,10,0,0,0,0,0,0,0,1,0,0,0,0,0,0,0
9168,5879,2,19,11,6,1,NA,2209,0,8,0,0,0,0,0,0,1,0,0,0,0,0,0,0,0
9178,1205,2,60,21,5,0,NA,2682,0,2,0,0,0,0,0,0,0,0,0,0,0,0,1,0,0
9204,2945,2,25,15,3,1,NA,2015,0,10,0,0,0,0,0,0,0,1,0,0,0,0,0,0,0
9221,11609,2,59,10,7,0,NA,1880,1,15,0,0,1,0,0,0,0,0,0,0,0,0,0,0,0
9284,903,2,43,3,3,1,NA,2088,0,13,0,0,0,0,0,0,0,0,0,0,1,0,0,0,0
9314,335,2,35,2,6,1,NA,1967,0,3,0,0,0,0,0,1,0,0,0,0,0,0,0,0,0
9317,10760,2,23,27,7,1,NA,2205,1,5,0,0,0,0,0,0,0,0,0,0,0,0,0,1,0
9359,1989,2,58,13,1,0,NA,1757,1,8,0,0,0,0,0,0,1,0,0,0,0,0,0,0,0
9372,766,2,48,30,6,1,NA,1468,0,11,0,0,0,0,0,0,0,0,1,0,0,0,0,0,0
9384,7932,2,40,29,3,1,NA,1597,0,3,0,0,0,0,0,1,0,0,0,0,0,0,0,0,0
9395,1383,2,32,3,3,1,NA,2656,0,3,0,0,0,0,0,1,0,0,0,0,0,0,0,0,0
9420,9803,2,28,14,6,1,NA,1873,0,15,0,0,1,0,0,0,0,0,0,0,0,0,0,0,0
9509,2676,2,50,2,6,0,NA,1834,0,8,0,0,0,0,0,0,1,0,0,0,0,0,0,0,0
9510,2183,2,36,1,2,1,NA,1490,0,6,0,0,0,0,0,0,0,0,0,0,0,0,0,0,1
9542,6535,2,32,2,4,1,NA,1643,0,14,0,1,0,0,0,0,0,0,0,0,0,0,0,0,0
9544,9044,2,61,10,5,0,NA,770,0,7,0,0,0,0,0,0,0,0,0,0,0,1,0,0,0
9546,7045,2,58,21,5,0,NA,1146,0,3,0,0,0,0,0,1,0,0,0,0,0,0,0,0,0
9615,4786,2,65,10,6,0,NA,1714,0,2,0,0,0,0,0,0,0,0,0,0,0,0,1,0,0
9625,11248,2,29,3,3,1,NA,1181,0,13,0,0,0,0,0,0,0,0,0,0,1,0,0,0,0
9663,1532,2,33,27,4,1,NA,1464,0,13,0,0,0,0,0,0,0,0,0,0,1,0,0,0,0
9729,9842,2,42,5,7,1,NA,1168,1,14,0,1,0,0,0,0,0,0,0,0,0,0,0,0,0
9734,9674,2,37,25,7,1,NA,2064,1,10,0,0,0,0,0,0,0,1,0,0,0,0,0,0,0
9751,11553,2,48,22,6,1,NA,2077,0,3,0,0,0,0,0,1,0,0,0,0,0,0,0,0,0
9783,1209,2,53,2,4,0,NA,2394,0,14,0,1,0,0,0,0,0,0,0,0,0,0,0,0,0
9805,6124,2,46,22,7,1,NA,2289,1,5,0,0,0,0,0,0,0,0,0,0,0,0,0,1,0
9865,335,2,50,2,6,0,NA,2399,0,3,0,0,0,0,0,1,0,0,0,0,0,0,0,0,0
9883,372,2,21,17,7,1,NA,1075,1,14,0,1,0,0,0,0,0,0,0,0,0,0,0,0,0
9989,7648,2,18,8,3,1,NA,1397,0,9,1,0,0,0,0,0,0,0,0,0,0,0,0,0,0
9999,10527,2,27,30,6,1,NA,2297,0,13,0,0,0,0,0,0,0,0,0,0,1,0,0,0,0
10018,11375,2,75,25,7,0,NA,665,1,10,0,0,0,0,0,0,0,1,0,0,0,0,0,0,0
10024,10935,2,37,9,4,1,NA,1382,0,7,0,0,0,0,0,0,0,0,0,0,0,1,0,0,0
10032,1531,2,56,30,6,0,NA,1947,0,11,0,0,0,0,0,0,0,0,1,0,0,0,0,0,0
10049,3967,2,20,17,4,1,NA,1432,0,1,0,0,0,0,1,0,0,0,0,0,0,0,0,0,0
10084,8814,2,20,17,2,1,NA,1038,0,15,0,0,1,0,0,0,0,0,0,0,0,0,0,0,0
10107,677,2,22,8,4,1,NA,1704,0,2,0,0,0,0,0,0,0,0,0,0,0,0,1,0,0
10128,6501,2,39,11,2,1,NA,1548,0,11,0,0,0,0,0,0,0,0,1,0,0,0,0,0,0
10338,5047,2,39,19,3,1,NA,2437,0,2,0,0,0,0,0,0,0,0,0,0,0,0,1,0,0
10371,11437,2,55,13,3,0,NA,1711,0,14,0,1,0,0,0,0,0,0,0,0,0,0,0,0,0
10407,7958,2,54,25,5,0,NA,1506,0,5,0,0,0,0,0,0,0,0,0,0,0,0,0,1,0
10438,758,2,25,17,4,1,NA,1586,0,1,0,0,0,0,1,0,0,0,0,0,0,0,0,0,0
10444,4890,2,53,25,2,0,NA,1284,0,1,0,0,0,0,1,0,0,0,0,0,0,0,0,0,0
10450,7500,2,60,25,4,0,NA,1759,0,9,1,0,0,0,0,0,0,0,0,0,0,0,0,0,0
10490,6735,2,65,26,7,0,NA,2166,1,9,1,0,0,0,0,0,0,0,0,0,0,0,0,0,0
10526,6297,2,33,26,7,1,NA,1699,1,6,0,0,0,0,0,0,0,0,0,0,0,0,0,0,1
10535,10485,2,33,11,6,1,NA,1951,0,11,0,0,0,0,0,0,0,0,1,0,0,0,0,0,0
10543,918,2,33,27,4,1,NA,1616,0,13,0,0,0,0,0,0,0,0,0,0,1,0,0,0,0
10563,3838,2,19,28,7,1,NA,1593,1,10,0,0,0,0,0,0,0,1,0,0,0,0,0,0,0
10566,9347,2,23,23,3,1,NA,1538,0,13,0,0,0,0,0,0,0,0,0,0,1,0,0,0,0
10650,5359,2,42,11,6,1,NA,1748,0,8,0,0,0,0,0,0,1,0,0,0,0,0,0,0,0
10706,5,2,32,9,4,1,NA,1304,0,7,0,0,0,0,0,0,0,0,0,0,0,1,0,0,0
10777,10655,2,44,26,7,1,NA,1909,1,9,1,0,0,0,0,0,0,0,0,0,0,0,0,0,0
10784,4134,2,32,18,5,1,NA,1559,0,13,0,0,0,0,0,0,0,0,0,0,1,0,0,0,0
10802,8139,2,45,22,5,1,NA,1390,0,2,0,0,0,0,0,0,0,0,0,0,0,0,1,0,0
10833,10012,2,28,13,4,1,NA,1325,0,11,0,0,0,0,0,0,0,0,1,0,0,0,0,0,0
10872,5070,2,27,27,4,1,NA,1710,0,1,0,0,0,0,1,0,0,0,0,0,0,0,0,0,0
10887,7018,2,44,30,3,1,NA,1273,0,15,0,0,1,0,0,0,0,0,0,0,0,0,0,0,0
10911,9170,2,35,18,1,1,NA,1585,1,14,0,1,0,0,0,0,0,0,0,0,0,0,0,0,0
10933,5815,2,49,3,3,1,NA,2257,0,13,0,0,0,0,0,0,0,0,0,0,1,0,0,0,0
10993,2346,2,41,17,1,1,NA,1088,1,12,0,0,0,1,0,0,0,0,0,0,0,0,0,0,0
10998,9572,2,21,17,1,1,NA,1270,1,12,0,0,0,1,0,0,0,0,0,0,0,0,0,0,0
11090,4673,2,65,27,4,0,NA,1082,0,13,0,0,0,0,0,0,0,0,0,0,1,0,0,0,0
11133,11146,2,30,30,6,1,NA,1336,0,13,0,0,0,0,0,0,0,0,0,0,1,0,0,0,0
11138,9452,2,45,30,6,1,NA,2409,0,11,0,0,0,0,0,0,0,0,1,0,0,0,0,0,0
11189,1317,2,23,11,6,1,NA,969,0,8,0,0,0,0,0,0,1,0,0,0,0,0,0,0,0
11193,1982,2,40,28,4,1,NA,2009,0,13,0,0,0,0,0,0,0,0,0,0,1,0,0,0,0
11195,2704,2,36,14,2,1,NA,2065,0,11,0,0,0,0,0,0,0,0,1,0,0,0,0,0,0
11202,611,2,30,13,3,1,NA,1920,0,15,0,0,1,0,0,0,0,0,0,0,0,0,0,0,0
11212,10913,2,42,22,7,1,NA,1881,1,5,0,0,0,0,0,0,0,0,0,0,0,0,0,1,0
11297,5270,2,26,10,5,1,NA,1841,0,9,1,0,0,0,0,0,0,0,0,0,0,0,0,0,0
11334,6654,2,45,24,1,1,NA,1723,1,3,0,0,0,0,0,1,0,0,0,0,0,0,0,0,0
11430,5418,2,32,10,5,1,NA,1782,0,7,0,0,0,0,0,0,0,0,0,0,0,1,0,0,0
11465,849,2,44,22,3,1,NA,2371,0,8,0,0,0,0,0,0,1,0,0,0,0,0,0,0,0
11555,4862,2,32,5,7,1,NA,2327,1,14,0,1,0,0,0,0,0,0,0,0,0,0,0,0,0
11558,4565,2,45,22,4,1,NA,1830,0,7,0,0,0,0,0,0,0,0,0,0,0,1,0,0,0
11560,974,2,40,2,4,1,NA,2935,0,10,0,0,0,0,0,0,0,1,0,0,0,0,0,0,0
11633,10103,2,23,9,4,1,NA,1349,0,2,0,0,0,0,0,0,0,0,0,0,0,0,1,0,0
11645,5237,2,60,25,5,0,NA,1920,0,5,0,0,0,0,0,0,0,0,0,0,0,0,0,1,0
11672,10032,2,45,2,4,1,NA,2098,0,14,0,1,0,0,0,0,0,0,0,0,0,0,0,0,0
11723,9192,2,55,18,1,0,NA,1243,1,14,0,1,0,0,0,0,0,0,0,0,0,0,0,0,0
11765,6910,2,42,20,1,1,NA,1612,1,4,0,0,0,0,0,0,0,0,0,1,0,0,0,0,0
11781,2377,2,45,28,2,1,NA,1580,0,9,1,0,0,0,0,0,0,0,0,0,0,0,0,0,0
11790,4518,2,45,21,5,1,NA,2342,0,3,0,0,0,0,0,1,0,0,0,0,0,0,0,0,0
11838,3990,2,29,5,4,1,NA,2064,0,11,0,0,0,0,0,0,0,0,1,0,0,0,0,0,0
11847,11406,2,44,5,3,1,NA,992,0,15,0,0,1,0,0,0,0,0,0,0,0,0,0,0,0
11862,5832,2,30,8,5,1,NA,2282,0,15,0,0,1,0,0,0,0,0,0,0,0,0,0,0,0
11895,7387,2,55,26,7,0,NA,2490,1,9,1,0,0,0,0,0,0,0,0,0,0,0,0,0,0
11954,10233,2,24,19,4,1,NA,1547,0,15,0,0,1,0,0,0,0,0,0,0,0,0,0,0,0
11968,11362,2,36,24,1,1,NA,1895,1,3,0,0,0,0,0,1,0,0,0,0,0,0,0,0,0
11998,4961,2,70,7,3,0,NA,498,0,11,0,0,0,0,0,0,0,0,1,0,0,0,0,0,0
12111,8672,2,52,29,5,0,NA,1333,0,12,0,0,0,1,0,0,0,0,0,0,0,0,0,0,0
12157,6749,2,38,27,3,1,NA,1790,0,12,0,0,0,1,0,0,0,0,0,0,0,0,0,0,0
12211,7369,2,41,27,7,1,NA,1555,1,5,0,0,0,0,0,0,0,0,0,0,0,0,0,1,0
12251,837,2,40,15,3,1,NA,2375,0,10,0,0,0,0,0,0,0,1,0,0,0,0,0,0,0
12257,9151,2,34,29,3,1,NA,1389,0,3,0,0,0,0,0,1,0,0,0,0,0,0,0,0,0
12274,2860,2,42,8,2,1,NA,1305,0,15,0,0,1,0,0,0,0,0,0,0,0,0,0,0,0
12285,4355,2,32,28,7,1,NA,2160,1,10,0,0,0,0,0,0,0,1,0,0,0,0,0,0,0
12302,8767,2,43,10,2,1,NA,2179,0,11,0,0,0,0,0,0,0,0,1,0,0,0,0,0,0
12326,1433,2,70,5,3,0,NA,1380,0,15,0,0,1,0,0,0,0,0,0,0,0,0,0,0,0
12342,3135,2,25,3,3,1,NA,1770,0,13,0,0,0,0,0,0,0,0,0,0,1,0,0,0,0
12346,3012,2,22,29,6,1,NA,1593,0,1,0,0,0,0,1,0,0,0,0,0,0,0,0,0,0
12347,6090,2,45,1,3,1,NA,1794,0,4,0,0,0,0,0,0,0,0,0,1,0,0,0,0,0
12352,5929,2,32,17,2,1,NA,1246,0,15,0,0,1,0,0,0,0,0,0,0,0,0,0,0,0
12371,8305,2,35,18,6,1,NA,2130,0,2,0,0,0,0,0,0,0,0,0,0,0,0,1,0,0
12378,8369,2,25,13,1,1,NA,1722,1,7,0,0,0,0,0,0,0,0,0,0,0,1,0,0,0
12522,6514,2,32,23,7,1,NA,1812,1,1,0,0,0,0,1,0,0,0,0,0,0,0,0,0,0
12531,581,2,26,8,3,1,NA,2375,0,9,1,0,0,0,0,0,0,0,0,0,0,0,0,0,0
12615,9519,2,39,10,2,1,NA,1838,0,11,0,0,0,0,0,0,0,0,1,0,0,0,0,0,0
12651,7985,2,44,13,3,1,NA,1749,0,14,0,1,0,0,0,0,0,0,0,0,0,0,0,0,0
12677,10002,2,56,21,5,0,NA,1290,0,2,0,0,0,0,0,0,0,0,0,0,0,0,1,0,0
12709,318,2,87,4,2,0,NA,1255,0,15,0,0,1,0,0,0,0,0,0,0,0,0,0,0,0
12737,546,2,49,27,3,1,NA,1314,0,2,0,0,0,0,0,0,0,0,0,0,0,0,1,0,0
12789,9387,2,30,10,2,1,NA,1684,0,11,0,0,0,0,0,0,0,0,1,0,0,0,0,0,0
12800,7480,2,39,13,4,1,NA,1871,0,11,0,0,0,0,0,0,0,0,1,0,0,0,0,0,0
12817,3683,2,50,31,3,0,NA,2875,0,3,0,0,0,0,0,1,0,0,0,0,0,0,0,0,0
12860,2128,2,29,14,6,1,NA,2385,0,4,0,0,0,0,0,0,0,0,0,1,0,0,0,0,0
12861,10586,2,20,8,5,1,NA,1804,0,15,0,0,1,0,0,0,0,0,0,0,0,0,0,0,0
12897,2881,2,52,5,4,0,NA,1747,0,11,0,0,0,0,0,0,0,0,1,0,0,0,0,0,0
12964,1804,2,20,28,4,1,NA,1301,0,13,0,0,0,0,0,0,0,0,0,0,1,0,0,0,0
13071,8718,2,60,8,1,0,NA,795,1,12,0,0,0,1,0,0,0,0,0,0,0,0,0,0,0
13081,1035,2,40,7,2,1,NA,1310,0,2,0,0,0,0,0,0,0,0,0,0,0,0,1,0,0
13093,10527,2,54,30,6,0,NA,1791,0,13,0,0,0,0,0,0,0,0,0,0,1,0,0,0,0
13187,10735,2,34,23,6,1,NA,1828,0,2,0,0,0,0,0,0,0,0,0,0,0,0,1,0,0
13224,7687,2,27,3,6,1,NA,1190,0,13,0,0,0,0,0,0,0,0,0,0,1,0,0,0,0
13231,10180,2,50,13,1,0,NA,1452,1,7,0,0,0,0,0,0,0,0,0,0,0,1,0,0,0
13260,243,2,63,1,1,0,NA,1862,1,13,0,0,0,0,0,0,0,0,0,0,1,0,0,0,0
13279,11433,2,38,17,1,1,NA,2080,1,12,0,0,0,1,0,0,0,0,0,0,0,0,0,0,0
13305,2878,2,30,5,4,1,NA,1774,0,11,0,0,0,0,0,0,0,0,1,0,0,0,0,0,0
13307,2570,2,29,13,1,1,NA,3040,1,7,0,0,0,0,0,0,0,0,0,0,0,1,0,0,0
13312,5213,2,21,3,1,1,NA,1755,1,10,0,0,0,0,0,0,0,1,0,0,0,0,0,0,0
13313,4511,2,31,31,5,1,NA,1473,0,3,0,0,0,0,0,1,0,0,0,0,0,0,0,0,0
13338,11726,2,22,10,2,1,NA,2197,0,11,0,0,0,0,0,0,0,0,1,0,0,0,0,0,0
13416,2077,2,32,6,2,1,NA,1459,0,14,0,1,0,0,0,0,0,0,0,0,0,0,0,0,0
13477,10966,2,65,1,2,0,NA,2011,0,6,0,0,0,0,0,0,0,0,0,0,0,0,0,0,1
13582,10368,2,30,22,5,1,NA,2350,0,2,0,0,0,0,0,0,0,0,0,0,0,0,1,0,0
13594,8442,2,50,18,5,0,NA,1648,0,13,0,0,0,0,0,0,0,0,0,0,1,0,0,0,0
13601,2957,2,65,18,1,0,NA,1230,1,14,0,1,0,0,0,0,0,0,0,0,0,0,0,0,0
13647,10984,2,38,8,3,1,NA,2326,0,9,1,0,0,0,0,0,0,0,0,0,0,0,0,0,0
13674,8857,2,32,4,6,1,NA,1470,0,14,0,1,0,0,0,0,0,0,0,0,0,0,0,0,0
13684,3433,2,65,26,7,0,NA,1811,1,6,0,0,0,0,0,0,0,0,0,0,0,0,0,0,1
13706,6434,2,23,27,7,1,NA,2507,1,6,0,0,0,0,0,0,0,0,0,0,0,0,0,0,1
13727,5026,2,19,27,3,1,NA,1560,0,11,0,0,0,0,0,0,0,0,1,0,0,0,0,0,0
13787,8478,2,29,13,1,1,NA,1359,1,7,0,0,0,0,0,0,0,0,0,0,0,1,0,0,0
13798,2520,2,35,27,4,1,NA,2297,0,13,0,0,0,0,0,0,0,0,0,0,1,0,0,0,0
13807,11545,2,60,30,5,0,NA,1284,0,4,0,0,0,0,0,0,0,0,0,1,0,0,0,0,0
13890,5082,2,45,25,7,1,NA,1621,1,10,0,0,0,0,0,0,0,1,0,0,0,0,0,0,0
13920,11375,2,30,25,7,1,NA,1771,1,10,0,0,0,0,0,0,0,1,0,0,0,0,0,0,0
13942,5332,2,45,22,7,1,NA,1686,1,5,0,0,0,0,0,0,0,0,0,0,0,0,0,1,0
13992,8499,2,35,2,6,1,NA,2090,0,3,0,0,0,0,0,1,0,0,0,0,0,0,0,0,0
13997,9344,2,31,17,5,1,NA,1899,0,10,0,0,0,0,0,0,0,1,0,0,0,0,0,0,0
14110,5475,2,22,23,6,1,NA,1643,0,2,0,0,0,0,0,0,0,0,0,0,0,0,1,0,0
14111,11807,2,26,19,3,1,NA,1347,0,2,0,0,0,0,0,0,0,0,0,0,0,0,1,0,0
14150,2136,2,39,14,6,1,NA,1585,0,15,0,0,1,0,0,0,0,0,0,0,0,0,0,0,0
14183,5879,2,50,11,6,0,NA,2380,0,8,0,0,0,0,0,0,1,0,0,0,0,0,0,0,0
14218,7385,2,37,29,5,1,NA,1373,0,12,0,0,0,1,0,0,0,0,0,0,0,0,0,0,0
14259,7436,2,47,3,6,1,NA,1434,0,13,0,0,0,0,0,0,0,0,0,0,1,0,0,0,0
14273,2455,2,25,11,6,1,NA,2599,0,8,0,0,0,0,0,0,1,0,0,0,0,0,0,0,0
14319,4392,2,52,18,1,0,NA,1777,1,14,0,1,0,0,0,0,0,0,0,0,0,0,0,0,0
14336,11118,2,25,26,7,1,NA,1497,1,6,0,0,0,0,0,0,0,0,0,0,0,0,0,0,1
14344,5227,2,60,30,3,0,NA,1614,0,15,0,0,1,0,0,0,0,0,0,0,0,0,0,0,0
14359,7182,2,48,13,1,1,NA,2146,1,8,0,0,0,0,0,0,1,0,0,0,0,0,0,0,0
14374,10473,2,75,27,3,0,NA,1357,0,11,0,0,0,0,0,0,0,0,1,0,0,0,0,0,0
14466,10042,2,65,29,3,0,NA,945,0,3,0,0,0,0,0,1,0,0,0,0,0,0,0,0,0
14471,3068,2,40,8,3,1,NA,1707,0,9,1,0,0,0,0,0,0,0,0,0,0,0,0,0,0
14474,10950,2,34,19,4,1,NA,1776,0,15,0,0,1,0,0,0,0,0,0,0,0,0,0,0,0
14538,9918,2,43,16,4,1,NA,1312,0,2,0,0,0,0,0,0,0,0,0,0,0,0,1,0,0
14561,5091,2,35,24,4,1,NA,1538,0,13,0,0,0,0,0,0,0,0,0,0,1,0,0,0,0
14562,550,2,32,4,6,1,NA,1644,0,10,0,0,0,0,0,0,0,1,0,0,0,0,0,0,0
14635,392,2,25,24,5,1,NA,1232,0,8,0,0,0,0,0,0,1,0,0,0,0,0,0,0,0
14649,11014,2,22,20,1,1,NA,1785,1,4,0,0,0,0,0,0,0,0,0,1,0,0,0,0,0
14712,7289,2,42,11,6,1,NA,1786,0,11,0,0,0,0,0,0,0,0,1,0,0,0,0,0,0
14768,2297,2,23,25,5,1,NA,1956,0,5,0,0,0,0,0,0,0,0,0,0,0,0,0,1,0
14783,4000,2,35,23,3,1,NA,1807,0,13,0,0,0,0,0,0,0,0,0,0,1,0,0,0,0
14794,6100,2,34,2,4,1,NA,2193,0,10,0,0,0,0,0,0,0,1,0,0,0,0,0,0,0
14807,6467,2,55,1,1,0,NA,1268,1,3,0,0,0,0,0,1,0,0,0,0,0,0,0,0,0
14862,6941,2,38,26,7,1,NA,2000,1,6,0,0,0,0,0,0,0,0,0,0,0,0,0,0,1
14889,5713,2,19,30,2,1,NA,3088,0,4,0,0,0,0,0,0,0,0,0,1,0,0,0,0,0
14903,10031,2,38,28,4,1,NA,1847,0,13,0,0,0,0,0,0,0,0,0,0,1,0,0,0,0
14942,1863,2,42,22,4,1,NA,1836,0,7,0,0,0,0,0,0,0,0,0,0,0,1,0,0,0
14949,7749,2,33,29,6,1,NA,1775,0,1,0,0,0,0,1,0,0,0,0,0,0,0,0,0,0
14959,5724,2,38,8,3,1,NA,1696,0,4,0,0,0,0,0,0,0,0,0,1,0,0,0,0,0
14967,246,2,48,22,4,1,NA,1689,0,7,0,0,0,0,0,0,0,0,0,0,0,1,0,0,0
14979,8155,2,37,4,6,1,NA,1555,0,10,0,0,0,0,0,0,0,1,0,0,0,0,0,0,0
14984,3267,2,32,2,4,1,NA,1741,0,10,0,0,0,0,0,0,0,1,0,0,0,0,0,0,0
14993,677,2,41,8,4,1,NA,2238,0,2,0,0,0,0,0,0,0,0,0,0,0,0,1,0,0
15121,84,2,21,27,6,1,NA,1486,0,8,0,0,0,0,0,0,1,0,0,0,0,0,0,0,0
15168,2763,2,70,10,6,0,NA,1186,0,2,0,0,0,0,0,0,0,0,0,0,0,0,1,0,0
15261,6608,2,48,2,6,1,NA,1807,0,3,0,0,0,0,0,1,0,0,0,0,0,0,0,0,0
15300,3913,2,50,27,4,0,NA,1888,0,13,0,0,0,0,0,0,0,0,0,0,1,0,0,0,0
15310,8873,2,57,23,3,0,NA,2440,0,13,0,0,0,0,0,0,0,0,0,0,1,0,0,0,0
15344,9771,2,27,25,4,1,NA,1613,0,9,1,0,0,0,0,0,0,0,0,0,0,0,0,0,0
15351,7723,2,30,21,3,1,NA,2025,0,13,0,0,0,0,0,0,0,0,0,0,1,0,0,0,0
15363,8041,2,40,11,2,1,NA,1527,0,11,0,0,0,0,0,0,0,0,1,0,0,0,0,0,0
15365,5117,2,27,13,1,1,NA,2049,1,8,0,0,0,0,0,0,1,0,0,0,0,0,0,0,0
15368,1857,2,40,8,5,1,NA,2377,0,15,0,0,1,0,0,0,0,0,0,0,0,0,0,0,0
15404,9152,2,20,17,1,1,NA,1223,1,12,0,0,0,1,0,0,0,0,0,0,0,0,0,0,0
15432,7864,2,47,27,3,1,NA,1770,0,2,0,0,0,0,0,0,0,0,0,0,0,0,1,0,0
15448,6025,2,52,30,4,0,NA,2408,0,8,0,0,0,0,0,0,1,0,0,0,0,0,0,0,0
15451,9530,2,24,22,7,1,NA,2139,1,5,0,0,0,0,0,0,0,0,0,0,0,0,0,1,0
15455,2958,2,20,18,6,1,NA,2023,0,2,0,0,0,0,0,0,0,0,0,0,0,0,1,0,0
15489,121,2,50,1,2,0,NA,1872,0,6,0,0,0,0,0,0,0,0,0,0,0,0,0,0,1
15497,9345,2,50,23,3,0,NA,2468,0,5,0,0,0,0,0,0,0,0,0,0,0,0,0,1,0
15542,3341,2,24,14,2,1,NA,2574,0,11,0,0,0,0,0,0,0,0,1,0,0,0,0,0,0
15587,6883,2,29,14,6,1,NA,1521,0,4,0,0,0,0,0,0,0,0,0,1,0,0,0,0,0
15648,7465,2,54,3,3,0,NA,1232,0,13,0,0,0,0,0,0,0,0,0,0,1,0,0,0,0
15653,4965,2,80,10,6,0,NA,1734,0,2,0,0,0,0,0,0,0,0,0,0,0,0,1,0,0
15739,7445,2,27,21,5,1,NA,1655,0,2,0,0,0,0,0,0,0,0,0,0,0,0,1,0,0
15750,6918,2,53,20,2,0,NA,1627,0,13,0,0,0,0,0,0,0,0,0,0,1,0,0,0,0
15765,11297,2,65,28,4,0,NA,1513,0,13,0,0,0,0,0,0,0,0,0,0,1,0,0,0,0
15767,8659,2,24,1,1,1,NA,1847,1,3,0,0,0,0,0,1,0,0,0,0,0,0,0,0,0
15792,11020,2,52,4,7,0,NA,1199,1,14,0,1,0,0,0,0,0,0,0,0,0,0,0,0,0
15801,8222,2,24,23,3,1,NA,1699,0,5,0,0,0,0,0,0,0,0,0,0,0,0,0,1,0
15809,5741,2,31,27,4,1,NA,1800,0,1,0,0,0,0,1,0,0,0,0,0,0,0,0,0,0
15819,411,2,33,26,6,1,NA,1322,0,6,0,0,0,0,0,0,0,0,0,0,0,0,0,0,1
15833,1245,2,40,3,3,1,NA,2159,0,3,0,0,0,0,0,1,0,0,0,0,0,0,0,0,0
15838,6248,2,28,10,7,1,NA,1526,1,15,0,0,1,0,0,0,0,0,0,0,0,0,0,0,0
15867,10028,2,38,22,3,1,NA,1827,0,8,0,0,0,0,0,0,1,0,0,0,0,0,0,0,0
15873,2706,2,31,6,6,1,NA,1811,0,5,0,0,0,0,0,0,0,0,0,0,0,0,0,1,0
15880,861,2,26,28,2,1,NA,1542,0,9,1,0,0,0,0,0,0,0,0,0,0,0,0,0,0
15907,38,2,43,16,6,1,NA,1472,0,14,0,1,0,0,0,0,0,0,0,0,0,0,0,0,0
15938,6476,2,55,31,5,0,NA,1649,0,3,0,0,0,0,0,1,0,0,0,0,0,0,0,0,0
16005,8231,2,22,13,4,1,NA,1850,0,11,0,0,0,0,0,0,0,0,1,0,0,0,0,0,0
16029,1149,2,42,2,5,1,NA,2648,0,15,0,0,1,0,0,0,0,0,0,0,0,0,0,0,0
16045,10952,2,33,8,2,1,NA,1485,0,15,0,0,1,0,0,0,0,0,0,0,0,0,0,0,0
16047,7301,2,25,23,3,1,NA,1967,0,13,0,0,0,0,0,0,0,0,0,0,1,0,0,0,0
16084,1364,2,45,6,6,1,NA,1970,0,5,0,0,0,0,0,0,0,0,0,0,0,0,0,1,0
16104,7890,2,68,12,7,0,NA,1555,1,11,0,0,0,0,0,0,0,0,1,0,0,0,0,0,0
16109,1778,2,34,13,4,1,NA,1489,0,11,0,0,0,0,0,0,0,0,1,0,0,0,0,0,0
16116,9133,2,25,26,7,1,NA,1053,1,9,1,0,0,0,0,0,0,0,0,0,0,0,0,0,0
16117,9441,2,20,24,5,1,NA,1401,0,6,0,0,0,0,0,0,0,0,0,0,0,0,0,0,1
16162,2688,2,58,18,5,0,NA,1084,0,13,0,0,0,0,0,0,0,0,0,0,1,0,0,0,0
16215,7890,2,38,12,7,1,NA,2067,1,11,0,0,0,0,0,0,0,0,1,0,0,0,0,0,0
16257,7288,2,62,23,7,0,NA,1244,1,1,0,0,0,0,1,0,0,0,0,0,0,0,0,0,0
16282,6923,2,18,31,5,1,NA,1609,0,3,0,0,0,0,0,1,0,0,0,0,0,0,0,0,0
16298,6612,2,50,8,1,0,NA,1758,1,12,0,0,0,1,0,0,0,0,0,0,0,0,0,0,0
16312,10607,2,21,13,1,1,NA,1300,1,7,0,0,0,0,0,0,0,0,0,0,0,1,0,0,0
16319,10967,2,23,13,4,1,NA,1252,0,11,0,0,0,0,0,0,0,0,1,0,0,0,0,0,0
16341,10002,2,26,21,5,1,NA,1364,0,2,0,0,0,0,0,0,0,0,0,0,0,0,1,0,0
16364,3401,2,37,31,2,1,NA,1765,0,7,0,0,0,0,0,0,0,0,0,0,0,1,0,0,0
16384,8340,2,26,10,5,1,NA,1594,0,7,0,0,0,0,0,0,0,0,0,0,0,1,0,0,0
16415,4774,2,29,3,3,1,NA,1842,0,3,0,0,0,0,0,1,0,0,0,0,0,0,0,0,0
16426,8434,2,60,23,7,0,NA,1435,1,1,0,0,0,0,1,0,0,0,0,0,0,0,0,0,0
16431,9622,2,80,23,3,0,NA,1494,0,5,0,0,0,0,0,0,0,0,0,0,0,0,0,1,0
16465,8159,2,30,17,5,1,NA,2052,0,10,0,0,0,0,0,0,0,1,0,0,0,0,0,0,0
16506,7146,2,65,9,4,0,NA,2529,0,2,0,0,0,0,0,0,0,0,0,0,0,0,1,0,0
16514,3136,2,30,29,5,1,NA,1049,0,12,0,0,0,1,0,0,0,0,0,0,0,0,0,0,0
16565,4738,2,50,22,3,0,NA,1433,0,8,0,0,0,0,0,0,1,0,0,0,0,0,0,0,0
16598,2857,2,39,29,3,1,NA,2234,0,3,0,0,0,0,0,1,0,0,0,0,0,0,0,0,0
16604,9760,2,61,12,4,0,NA,1230,0,4,0,0,0,0,0,0,0,0,0,1,0,0,0,0,0
16622,11150,2,38,8,4,1,NA,1484,0,2,0,0,0,0,0,0,0,0,0,0,0,0,1,0,0
16647,8361,2,37,20,2,1,NA,1677,0,13,0,0,0,0,0,0,0,0,0,0,1,0,0,0,0
16669,11307,2,34,10,6,1,NA,2199,0,2,0,0,0,0,0,0,0,0,0,0,0,0,1,0,0
16673,2150,2,19,30,1,1,NA,911,1,7,0,0,0,0,0,0,0,0,0,0,0,1,0,0,0
16710,914,2,50,25,2,0,NA,2237,0,1,0,0,0,0,1,0,0,0,0,0,0,0,0,0,0
16782,11495,2,31,26,7,1,NA,1473,1,6,0,0,0,0,0,0,0,0,0,0,0,0,0,0,1
16848,10180,2,21,13,1,1,NA,1746,1,7,0,0,0,0,0,0,0,0,0,0,0,1,0,0,0
16850,6993,2,48,2,6,1,NA,1873,0,8,0,0,0,0,0,0,1,0,0,0,0,0,0,0,0
16931,8290,2,38,8,4,1,NA,1828,0,2,0,0,0,0,0,0,0,0,0,0,0,0,1,0,0
16955,9706,2,18,30,3,1,NA,2438,0,15,0,0,1,0,0,0,0,0,0,0,0,0,0,0,0
16980,1840,2,48,29,3,1,NA,2396,0,3,0,0,0,0,0,1,0,0,0,0,0,0,0,0,0
17068,10871,2,38,18,1,1,NA,1889,1,14,0,1,0,0,0,0,0,0,0,0,0,0,0,0,0
17175,5355,2,35,19,4,1,NA,1255,0,15,0,0,1,0,0,0,0,0,0,0,0,0,0,0,0
17187,2326,2,49,29,6,1,NA,1332,0,1,0,0,0,0,1,0,0,0,0,0,0,0,0,0,0
17269,1804,2,50,28,4,0,NA,1278,0,13,0,0,0,0,0,0,0,0,0,0,1,0,0,0,0
17281,2711,2,65,1,1,0,NA,1505,1,13,0,0,0,0,0,0,0,0,0,0,1,0,0,0,0
17313,5901,2,30,8,7,1,NA,2548,1,11,0,0,0,0,0,0,0,0,1,0,0,0,0,0,0
17315,9572,2,25,17,1,1,NA,1270,1,12,0,0,0,1,0,0,0,0,0,0,0,0,0,0,0
17321,7036,2,41,24,1,1,NA,1703,1,3,0,0,0,0,0,1,0,0,0,0,0,0,0,0,0
17467,6179,2,45,4,2,1,NA,1570,0,15,0,0,1,0,0,0,0,0,0,0,0,0,0,0,0
17470,7023,2,33,26,7,1,NA,1421,1,9,1,0,0,0,0,0,0,0,0,0,0,0,0,0,0
17533,2374,2,35,31,2,1,NA,1700,0,7,0,0,0,0,0,0,0,0,0,0,0,1,0,0,0
17541,7177,2,22,12,4,1,NA,2064,0,4,0,0,0,0,0,0,0,0,0,1,0,0,0,0,0
17546,11609,2,18,10,7,1,NA,1265,1,15,0,0,1,0,0,0,0,0,0,0,0,0,0,0,0
17647,11422,2,45,28,4,1,NA,1224,0,13,0,0,0,0,0,0,0,0,0,0,1,0,0,0,0
17648,7342,2,31,26,6,1,NA,2272,0,6,0,0,0,0,0,0,0,0,0,0,0,0,0,0,1
17658,7479,2,49,5,3,1,NA,1329,0,15,0,0,1,0,0,0,0,0,0,0,0,0,0,0,0
17685,3632,2,55,5,4,0,NA,1844,0,11,0,0,0,0,0,0,0,0,1,0,0,0,0,0,0
17692,2647,2,46,6,2,1,NA,1947,0,14,0,1,0,0,0,0,0,0,0,0,0,0,0,0,0
17698,10163,2,26,2,5,1,NA,1409,0,15,0,0,1,0,0,0,0,0,0,0,0,0,0,0,0
17746,561,2,27,25,2,1,NA,2774,0,1,0,0,0,0,1,0,0,0,0,0,0,0,0,0,0
17756,11032,2,24,17,4,1,NA,1540,0,1,0,0,0,0,1,0,0,0,0,0,0,0,0,0,0
17771,4010,2,30,3,3,1,NA,1299,0,3,0,0,0,0,0,1,0,0,0,0,0,0,0,0,0
17790,8281,2,40,13,1,1,NA,2082,1,8,0,0,0,0,0,0,1,0,0,0,0,0,0,0,0
17799,5417,2,55,14,2,0,NA,1651,0,11,0,0,0,0,0,0,0,0,1,0,0,0,0,0,0
17903,6501,2,22,11,2,1,NA,1418,0,11,0,0,0,0,0,0,0,0,1,0,0,0,0,0,0
17930,11647,2,29,18,6,1,NA,2928,0,2,0,0,0,0,0,0,0,0,0,0,0,0,1,0,0
17942,7182,2,65,13,1,0,NA,2107,1,8,0,0,0,0,0,0,1,0,0,0,0,0,0,0,0
18029,5672,2,34,18,6,1,NA,2174,0,2,0,0,0,0,0,0,0,0,0,0,0,0,1,0,0
18083,4047,2,55,6,1,0,NA,2174,1,2,0,0,0,0,0,0,0,0,0,0,0,0,1,0,0
18112,7873,2,36,27,4,1,NA,1690,0,1,0,0,0,0,1,0,0,0,0,0,0,0,0,0,0
18144,9973,2,45,21,5,1,NA,1725,0,2,0,0,0,0,0,0,0,0,0,0,0,0,1,0,0
18160,5490,2,40,15,3,1,NA,1794,0,10,0,0,0,0,0,0,0,1,0,0,0,0,0,0,0
18164,5104,2,45,11,2,1,NA,2614,0,11,0,0,0,0,0,0,0,0,1,0,0,0,0,0,0
18171,7587,2,60,30,4,0,NA,1100,0,8,0,0,0,0,0,0,1,0,0,0,0,0,0,0,0
18175,5240,2,26,24,5,1,NA,1995,0,6,0,0,0,0,0,0,0,0,0,0,0,0,0,0,1
18265,7864,2,25,27,3,1,NA,1245,0,2,0,0,0,0,0,0,0,0,0,0,0,0,1,0,0
18274,7213,2,42,31,5,1,NA,2142,0,3,0,0,0,0,0,1,0,0,0,0,0,0,0,0,0
18340,5507,2,21,31,3,1,NA,1431,0,3,0,0,0,0,0,1,0,0,0,0,0,0,0,0,0
18409,6745,2,30,11,2,1,NA,1851,0,11,0,0,0,0,0,0,0,0,1,0,0,0,0,0,0
18451,1131,2,24,31,2,1,NA,1183,0,7,0,0,0,0,0,0,0,0,0,0,0,1,0,0,0
18453,5282,2,37,12,4,1,NA,1643,0,4,0,0,0,0,0,0,0,0,0,1,0,0,0,0,0
18466,10603,2,19,29,1,1,NA,1484,1,9,1,0,0,0,0,0,0,0,0,0,0,0,0,0,0
18540,6735,2,36,26,7,1,NA,1991,1,9,1,0,0,0,0,0,0,0,0,0,0,0,0,0,0
18578,272,2,32,8,2,1,NA,1360,0,15,0,0,1,0,0,0,0,0,0,0,0,0,0,0,0
18591,5144,2,55,2,6,0,NA,1933,0,8,0,0,0,0,0,0,1,0,0,0,0,0,0,0,0
18621,6910,2,22,20,1,1,NA,1252,1,4,0,0,0,0,0,0,0,0,0,1,0,0,0,0,0
18624,4941,2,35,29,3,1,NA,1921,0,3,0,0,0,0,0,1,0,0,0,0,0,0,0,0,0
18662,8670,2,22,5,4,1,NA,2654,0,11,0,0,0,0,0,0,0,0,1,0,0,0,0,0,0
18700,4877,2,60,25,7,0,NA,1927,1,10,0,0,0,0,0,0,0,1,0,0,0,0,0,0,0
18731,11058,2,33,13,1,1,NA,1417,1,7,0,0,0,0,0,0,0,0,0,0,0,1,0,0,0
18772,6228,2,21,8,3,1,NA,2745,0,9,1,0,0,0,0,0,0,0,0,0,0,0,0,0,0
18807,9565,2,29,22,5,1,NA,1961,0,2,0,0,0,0,0,0,0,0,0,0,0,0,1,0,0
18828,4495,2,40,4,6,1,NA,984,0,14,0,1,0,0,0,0,0,0,0,0,0,0,0,0,0
18934,4551,2,20,14,2,1,NA,1984,0,11,0,0,0,0,0,0,0,0,1,0,0,0,0,0,0
18993,11008,2,72,26,6,0,NA,1752,0,6,0,0,0,0,0,0,0,0,0,0,0,0,0,0,1
18993,11008,2,72,26,7,0,NA,68,1,6,0,0,0,0,0,0,0,0,0,0,0,0,0,0,1
19009,11512,2,39,2,5,1,NA,2037,0,15,0,0,1,0,0,0,0,0,0,0,0,0,0,0,0
19099,8542,2,58,3,1,0,NA,1181,1,10,0,0,0,0,0,0,0,1,0,0,0,0,0,0,0
19136,11138,2,27,8,1,1,NA,1679,1,12,0,0,0,1,0,0,0,0,0,0,0,0,0,0,0
19150,5420,2,29,15,3,1,NA,1277,0,10,0,0,0,0,0,0,0,1,0,0,0,0,0,0,0
19180,4261,2,38,30,4,1,NA,1948,0,8,0,0,0,0,0,0,1,0,0,0,0,0,0,0,0
19186,4226,2,25,27,6,1,NA,1764,0,8,0,0,0,0,0,0,1,0,0,0,0,0,0,0,0
19188,3778,2,50,19,3,0,NA,1365,0,2,0,0,0,0,0,0,0,0,0,0,0,0,1,0,0
19225,5661,2,32,1,1,1,NA,1980,1,3,0,0,0,0,0,1,0,0,0,0,0,0,0,0,0
19275,4638,2,65,6,6,0,NA,2693,0,5,0,0,0,0,0,0,0,0,0,0,0,0,0,1,0
19278,4251,2,73,4,6,0,NA,1130,0,14,0,1,0,0,0,0,0,0,0,0,0,0,0,0,0
19330,4745,2,29,29,3,1,NA,1104,0,3,0,0,0,0,0,1,0,0,0,0,0,0,0,0,0
19354,9918,2,20,16,4,1,NA,1210,0,2,0,0,0,0,0,0,0,0,0,0,0,0,1,0,0
19395,11243,2,25,8,2,1,NA,1604,0,15,0,0,1,0,0,0,0,0,0,0,0,0,0,0,0
19428,11243,2,52,8,2,0,NA,1205,0,15,0,0,1,0,0,0,0,0,0,0,0,0,0,0,0
19471,11297,2,32,28,4,1,NA,1683,0,13,0,0,0,0,0,0,0,0,0,0,1,0,0,0,0
19489,4652,2,52,19,3,0,NA,1111,0,2,0,0,0,0,0,0,0,0,0,0,0,0,1,0,0
19517,10393,2,20,4,6,1,NA,1782,0,4,0,0,0,0,0,0,0,0,0,1,0,0,0,0,0
19536,2847,2,50,6,2,0,NA,1523,0,11,0,0,0,0,0,0,0,0,1,0,0,0,0,0,0
19541,1802,2,37,22,5,1,NA,1132,0,2,0,0,0,0,0,0,0,0,0,0,0,0,1,0,0
19551,3656,2,18,8,3,1,NA,1559,0,4,0,0,0,0,0,0,0,0,0,1,0,0,0,0,0
19631,5075,2,70,22,4,0,NA,1035,0,7,0,0,0,0,0,0,0,0,0,0,0,1,0,0,0
19649,6363,2,27,31,3,1,NA,2087,0,3,0,0,0,0,0,1,0,0,0,0,0,0,0,0,0
19747,4375,2,60,11,6,0,NA,2820,0,11,0,0,0,0,0,0,0,0,1,0,0,0,0,0,0
19817,11118,2,50,26,7,0,NA,1491,1,6,0,0,0,0,0,0,0,0,0,0,0,0,0,0,1
19885,3942,2,20,3,6,1,NA,1349,0,13,0,0,0,0,0,0,0,0,0,0,1,0,0,0,0
19889,5628,2,42,3,1,1,NA,1627,1,10,0,0,0,0,0,0,0,1,0,0,0,0,0,0,0
19911,734,2,43,3,6,1,NA,1327,0,13,0,0,0,0,0,0,0,0,0,0,1,0,0,0,0
19918,8597,2,47,23,3,1,NA,2448,0,13,0,0,0,0,0,0,0,0,0,0,1,0,0,0,0
19927,1778,2,18,13,4,1,NA,1404,0,11,0,0,0,0,0,0,0,0,1,0,0,0,0,0,0
19941,7314,2,68,30,5,0,NA,1482,0,4,0,0,0,0,0,0,0,0,0,1,0,0,0,0,0
19951,9876,2,65,19,4,0,NA,1296,0,15,0,0,1,0,0,0,0,0,0,0,0,0,0,0,0
20036,6398,2,42,15,5,1,NA,1004,0,14,0,1,0,0,0,0,0,0,0,0,0,0,0,0,0
20060,9001,2,26,14,2,1,NA,2121,0,11,0,0,0,0,0,0,0,0,1,0,0,0,0,0,0
20157,3942,2,24,3,6,1,NA,1351,0,13,0,0,0,0,0,0,0,0,0,0,1,0,0,0,0
20202,10329,2,32,29,1,1,NA,2115,1,9,1,0,0,0,0,0,0,0,0,0,0,0,0,0,0
20207,10954,2,55,25,4,0,NA,1477,0,9,1,0,0,0,0,0,0,0,0,0,0,0,0,0,0
20227,11090,2,40,2,4,1,NA,1638,0,10,0,0,0,0,0,0,0,1,0,0,0,0,0,0,0
20258,7723,2,50,21,3,0,NA,1665,0,13,0,0,0,0,0,0,0,0,0,0,1,0,0,0,0
20261,666,2,20,10,6,1,NA,1803,0,2,0,0,0,0,0,0,0,0,0,0,0,0,1,0,0
20301,1189,2,21,3,3,1,NA,3409,0,3,0,0,0,0,0,1,0,0,0,0,0,0,0,0,0
20303,11899,2,42,28,2,1,NA,2527,0,9,1,0,0,0,0,0,0,0,0,0,0,0,0,0,0
20305,1410,2,43,22,5,1,NA,2289,0,2,0,0,0,0,0,0,0,0,0,0,0,0,1,0,0
20334,7278,2,25,21,5,1,NA,1538,0,2,0,0,0,0,0,0,0,0,0,0,0,0,1,0,0
20348,6563,2,43,4,6,1,NA,1993,0,10,0,0,0,0,0,0,0,1,0,0,0,0,0,0,0
20362,8754,2,29,11,2,1,NA,1751,0,11,0,0,0,0,0,0,0,0,1,0,0,0,0,0,0
20374,10011,2,47,25,5,1,NA,1950,0,5,0,0,0,0,0,0,0,0,0,0,0,0,0,1,0
20430,2786,2,43,6,1,1,NA,2200,1,11,0,0,0,0,0,0,0,0,1,0,0,0,0,0,0
20442,7182,2,19,13,1,1,NA,2106,1,8,0,0,0,0,0,0,1,0,0,0,0,0,0,0,0
20449,7182,2,22,13,1,1,NA,1723,1,8,0,0,0,0,0,0,1,0,0,0,0,0,0,0,0
20462,5981,2,62,6,2,0,NA,1808,0,14,0,1,0,0,0,0,0,0,0,0,0,0,0,0,0
20494,7100,2,31,28,4,1,NA,1533,0,13,0,0,0,0,0,0,0,0,0,0,1,0,0,0,0
20523,7255,2,35,18,6,1,NA,2292,0,2,0,0,0,0,0,0,0,0,0,0,0,0,1,0,0
20531,11889,2,20,9,4,1,NA,1721,0,2,0,0,0,0,0,0,0,0,0,0,0,0,1,0,0
20536,2277,2,48,22,3,1,NA,2184,0,8,0,0,0,0,0,0,1,0,0,0,0,0,0,0,0
20583,5425,2,40,4,2,1,NA,2368,0,15,0,0,1,0,0,0,0,0,0,0,0,0,0,0,0
20597,5080,2,34,12,4,1,NA,1853,0,4,0,0,0,0,0,0,0,0,0,1,0,0,0,0,0
20641,8689,2,55,13,3,0,NA,1504,0,14,0,1,0,0,0,0,0,0,0,0,0,0,0,0,0
20647,3709,2,23,3,3,1,NA,1354,0,13,0,0,0,0,0,0,0,0,0,0,1,0,0,0,0
20712,8434,2,30,23,7,1,NA,1879,1,1,0,0,0,0,1,0,0,0,0,0,0,0,0,0,0
20747,24,2,33,5,7,1,NA,834,1,14,0,1,0,0,0,0,0,0,0,0,0,0,0,0,0
20754,4054,2,39,12,2,1,NA,1411,0,15,0,0,1,0,0,0,0,0,0,0,0,0,0,0,0
20763,3454,2,58,4,7,0,NA,1050,1,13,0,0,0,0,0,0,0,0,0,0,1,0,0,0,0
20801,2976,2,36,17,2,1,NA,1275,0,15,0,0,1,0,0,0,0,0,0,0,0,0,0,0,0
20815,8893,2,63,2,6,0,NA,1442,0,8,0,0,0,0,0,0,1,0,0,0,0,0,0,0,0
20822,11706,2,21,24,5,1,NA,850,0,6,0,0,0,0,0,0,0,0,0,0,0,0,0,0,1
20844,3023,2,30,3,3,1,NA,2059,0,3,0,0,0,0,0,1,0,0,0,0,0,0,0,0,0
20890,3943,2,24,17,5,1,NA,1314,0,10,0,0,0,0,0,0,0,1,0,0,0,0,0,0,0
20946,9491,2,65,23,3,0,NA,1371,0,5,0,0,0,0,0,0,0,0,0,0,0,0,0,1,0
20971,9096,2,45,10,5,1,NA,2297,0,7,0,0,0,0,0,0,0,0,0,0,0,1,0,0,0
21017,11702,2,65,23,7,0,NA,2027,1,1,0,0,0,0,1,0,0,0,0,0,0,0,0,0,0
21058,84,2,57,27,6,0,NA,2453,0,8,0,0,0,0,0,0,1,0,0,0,0,0,0,0,0
21060,2545,2,30,14,6,1,NA,1302,0,4,0,0,0,0,0,0,0,0,0,1,0,0,0,0,0
21077,781,2,30,14,6,1,NA,1892,0,4,0,0,0,0,0,0,0,0,0,1,0,0,0,0,0
21088,5359,2,21,11,6,1,NA,1700,0,8,0,0,0,0,0,0,1,0,0,0,0,0,0,0,0
21121,8552,2,32,3,5,1,NA,2142,0,10,0,0,0,0,0,0,0,1,0,0,0,0,0,0,0
21133,2249,2,30,26,7,1,NA,1940,1,9,1,0,0,0,0,0,0,0,0,0,0,0,0,0,0
21150,10737,2,23,6,2,1,NA,1189,0,11,0,0,0,0,0,0,0,0,1,0,0,0,0,0,0
21230,4379,2,55,29,5,0,NA,1796,0,12,0,0,0,1,0,0,0,0,0,0,0,0,0,0,0
21272,9906,2,26,7,3,1,NA,2349,0,11,0,0,0,0,0,0,0,0,1,0,0,0,0,0,0
21277,4957,2,47,27,4,1,NA,1629,0,13,0,0,0,0,0,0,0,0,0,0,1,0,0,0,0
21307,4881,2,39,17,4,1,NA,1801,0,1,0,0,0,0,1,0,0,0,0,0,0,0,0,0,0
21361,1807,2,53,21,3,0,NA,1540,0,13,0,0,0,0,0,0,0,0,0,0,1,0,0,0,0
21422,6228,2,42,8,3,1,NA,2439,0,9,1,0,0,0,0,0,0,0,0,0,0,0,0,0,0
21432,9838,2,55,17,2,0,NA,1417,0,15,0,0,1,0,0,0,0,0,0,0,0,0,0,0,0
21487,6090,2,35,1,3,1,NA,1362,0,4,0,0,0,0,0,0,0,0,0,1,0,0,0,0,0
21504,10672,2,30,27,3,1,NA,847,0,2,0,0,0,0,0,0,0,0,0,0,0,0,1,0,0
21549,10893,2,40,9,4,1,NA,1539,0,2,0,0,0,0,0,0,0,0,0,0,0,0,1,0,0
21558,858,2,33,17,1,1,NA,1505,1,12,0,0,0,1,0,0,0,0,0,0,0,0,0,0,0
21561,9584,2,34,5,4,1,NA,1969,0,11,0,0,0,0,0,0,0,0,1,0,0,0,0,0,0
21563,11749,2,40,8,5,1,NA,2664,0,15,0,0,1,0,0,0,0,0,0,0,0,0,0,0,0
21573,8564,2,36,3,3,1,NA,2059,0,13,0,0,0,0,0,0,0,0,0,0,1,0,0,0,0
21588,6875,2,60,30,4,0,NA,1398,0,8,0,0,0,0,0,0,1,0,0,0,0,0,0,0,0
21598,6260,2,40,1,3,1,NA,2687,0,4,0,0,0,0,0,0,0,0,0,1,0,0,0,0,0
21619,3644,2,55,17,1,0,NA,1463,1,12,0,0,0,1,0,0,0,0,0,0,0,0,0,0,0
21653,9052,2,60,5,5,0,NA,2027,0,13,0,0,0,0,0,0,0,0,0,0,1,0,0,0,0
21685,67,2,52,12,2,0,NA,1171,0,15,0,0,1,0,0,0,0,0,0,0,0,0,0,0,0
21686,8583,2,24,9,4,1,NA,2207,0,2,0,0,0,0,0,0,0,0,0,0,0,0,1,0,0
21744,5749,2,43,29,1,1,NA,1432,1,9,1,0,0,0,0,0,0,0,0,0,0,0,0,0,0
21745,268,2,22,17,5,1,NA,1136,0,10,0,0,0,0,0,0,0,1,0,0,0,0,0,0,0
21750,10799,2,20,2,4,1,NA,2088,0,14,0,1,0,0,0,0,0,0,0,0,0,0,0,0,0
21762,6112,2,27,4,6,1,NA,1535,0,4,0,0,0,0,0,0,0,0,0,1,0,0,0,0,0
21769,11900,2,70,26,7,0,NA,1985,1,9,1,0,0,0,0,0,0,0,0,0,0,0,0,0,0
21806,8686,2,42,1,1,1,NA,1372,1,13,0,0,0,0,0,0,0,0,0,0,1,0,0,0,0
21851,2989,2,41,11,2,1,NA,1475,0,11,0,0,0,0,0,0,0,0,1,0,0,0,0,0,0
21881,415,2,35,31,2,1,NA,1396,0,7,0,0,0,0,0,0,0,0,0,0,0,1,0,0,0
21901,9706,2,35,30,3,1,NA,1834,0,15,0,0,1,0,0,0,0,0,0,0,0,0,0,0,0
21902,6773,2,30,12,2,1,NA,1705,0,15,0,0,1,0,0,0,0,0,0,0,0,0,0,0,0
21904,2380,2,23,14,6,1,NA,1735,0,15,0,0,1,0,0,0,0,0,0,0,0,0,0,0,0
21907,1925,2,33,5,4,1,NA,1434,0,11,0,0,0,0,0,0,0,0,1,0,0,0,0,0,0
21909,415,2,70,31,2,0,NA,1054,0,7,0,0,0,0,0,0,0,0,0,0,0,1,0,0,0
21922,3115,2,28,5,7,1,NA,1713,1,14,0,1,0,0,0,0,0,0,0,0,0,0,0,0,0
21933,9844,2,45,8,2,1,NA,1464,0,15,0,0,1,0,0,0,0,0,0,0,0,0,0,0,0
21939,8324,2,27,27,3,1,NA,1771,0,12,0,0,0,1,0,0,0,0,0,0,0,0,0,0,0
21948,3547,2,62,4,6,0,NA,1983,0,10,0,0,0,0,0,0,0,1,0,0,0,0,0,0,0
21975,8318,2,40,31,3,1,NA,2327,0,3,0,0,0,0,0,1,0,0,0,0,0,0,0,0,0
22005,2851,2,52,10,2,0,NA,1669,0,11,0,0,0,0,0,0,0,0,1,0,0,0,0,0,0
22006,9605,2,32,28,4,1,NA,2456,0,13,0,0,0,0,0,0,0,0,0,0,1,0,0,0,0
22007,3656,2,40,8,3,1,NA,2027,0,4,0,0,0,0,0,0,0,0,0,1,0,0,0,0,0
22014,8087,2,31,2,4,1,NA,2579,0,14,0,1,0,0,0,0,0,0,0,0,0,0,0,0,0
22030,7162,2,46,30,2,1,NA,2095,0,4,0,0,0,0,0,0,0,0,0,1,0,0,0,0,0
22083,6865,2,39,14,6,1,NA,2140,0,15,0,0,1,0,0,0,0,0,0,0,0,0,0,0,0
22096,3672,2,30,17,2,1,NA,1820,0,15,0,0,1,0,0,0,0,0,0,0,0,0,0,0,0
22171,6689,2,55,10,5,0,NA,1832,0,9,1,0,0,0,0,0,0,0,0,0,0,0,0,0,0
22190,1635,2,29,26,7,1,NA,2291,1,6,0,0,0,0,0,0,0,0,0,0,0,0,0,0,1
22194,3597,2,43,24,5,1,NA,1390,0,6,0,0,0,0,0,0,0,0,0,0,0,0,0,0,1
22209,6202,2,55,1,1,0,NA,980,1,13,0,0,0,0,0,0,0,0,0,0,1,0,0,0,0
22224,8787,2,45,28,7,1,NA,1731,1,10,0,0,0,0,0,0,0,1,0,0,0,0,0,0,0
22247,2947,2,53,18,1,0,NA,1955,1,14,0,1,0,0,0,0,0,0,0,0,0,0,0,0,0
22372,9527,2,30,3,3,1,NA,1765,0,13,0,0,0,0,0,0,0,0,0,0,1,0,0,0,0
22392,8928,2,45,4,6,1,NA,2784,0,4,0,0,0,0,0,0,0,0,0,1,0,0,0,0,0
22461,11782,2,26,22,3,1,NA,1564,0,8,0,0,0,0,0,0,1,0,0,0,0,0,0,0,0
22465,6865,2,19,14,6,1,NA,1366,0,15,0,0,1,0,0,0,0,0,0,0,0,0,0,0,0
22474,7684,2,33,26,7,1,NA,1579,1,6,0,0,0,0,0,0,0,0,0,0,0,0,0,0,1
22481,8362,2,20,30,3,1,NA,1390,0,15,0,0,1,0,0,0,0,0,0,0,0,0,0,0,0
22551,3662,2,31,21,5,1,NA,1986,0,3,0,0,0,0,0,1,0,0,0,0,0,0,0,0,0
22667,9760,2,21,12,4,1,NA,1361,0,4,0,0,0,0,0,0,0,0,0,1,0,0,0,0,0
22669,2582,2,41,26,7,1,NA,2333,1,9,1,0,0,0,0,0,0,0,0,0,0,0,0,0,0
22680,5023,2,47,13,3,1,NA,1454,0,14,0,1,0,0,0,0,0,0,0,0,0,0,0,0,0
22734,11553,2,27,22,6,1,NA,1551,0,3,0,0,0,0,0,1,0,0,0,0,0,0,0,0,0
22756,5347,2,28,6,1,1,NA,2012,1,11,0,0,0,0,0,0,0,0,1,0,0,0,0,0,0
22764,10849,2,38,10,7,1,NA,1861,1,15,0,0,1,0,0,0,0,0,0,0,0,0,0,0,0
22806,6912,2,25,11,2,1,NA,1844,0,11,0,0,0,0,0,0,0,0,1,0,0,0,0,0,0
22837,632,2,40,3,5,1,NA,1860,0,10,0,0,0,0,0,0,0,1,0,0,0,0,0,0,0
22847,3873,2,36,27,4,1,NA,1930,0,1,0,0,0,0,1,0,0,0,0,0,0,0,0,0,0
22854,5800,2,45,26,7,1,NA,1885,1,6,0,0,0,0,0,0,0,0,0,0,0,0,0,0,1
22880,10258,2,25,25,4,1,NA,1917,0,9,1,0,0,0,0,0,0,0,0,0,0,0,0,0,0
22892,3331,2,37,19,3,1,NA,1497,0,2,0,0,0,0,0,0,0,0,0,0,0,0,1,0,0
22967,4831,2,30,26,7,1,NA,1860,1,9,1,0,0,0,0,0,0,0,0,0,0,0,0,0,0
22971,6123,2,38,3,1,1,NA,1419,1,10,0,0,0,0,0,0,0,1,0,0,0,0,0,0,0
22983,6629,2,50,18,1,0,NA,2609,1,14,0,1,0,0,0,0,0,0,0,0,0,0,0,0,0
22992,5713,2,40,30,2,1,NA,3373,0,4,0,0,0,0,0,0,0,0,0,1,0,0,0,0,0
23032,3475,2,19,23,6,1,NA,1025,0,2,0,0,0,0,0,0,0,0,0,0,0,0,1,0,0
23054,8758,2,51,30,1,0,NA,1675,1,7,0,0,0,0,0,0,0,0,0,0,0,1,0,0,0
23106,5924,2,37,24,5,1,NA,1868,0,8,0,0,0,0,0,0,1,0,0,0,0,0,0,0,0
23121,10102,2,46,29,3,1,NA,1066,0,3,0,0,0,0,0,1,0,0,0,0,0,0,0,0,0
23405,10610,2,55,13,4,0,NA,1584,0,11,0,0,0,0,0,0,0,0,1,0,0,0,0,0,0
23411,392,2,50,24,5,0,NA,1833,0,8,0,0,0,0,0,0,1,0,0,0,0,0,0,0,0
23441,9431,2,27,17,2,1,NA,1844,0,15,0,0,1,0,0,0,0,0,0,0,0,0,0,0,0
23450,3497,2,43,6,2,1,NA,2673,0,14,0,1,0,0,0,0,0,0,0,0,0,0,0,0,0
23509,11851,2,24,15,3,1,NA,1714,0,10,0,0,0,0,0,0,0,1,0,0,0,0,0,0,0
23517,10738,2,50,26,6,0,NA,1443,0,6,0,0,0,0,0,0,0,0,0,0,0,0,0,0,1
23547,6522,2,32,14,6,1,NA,1295,0,15,0,0,1,0,0,0,0,0,0,0,0,0,0,0,0
23557,4961,2,42,7,3,1,NA,2212,0,11,0,0,0,0,0,0,0,0,1,0,0,0,0,0,0
23564,6650,2,49,27,3,1,NA,1428,0,12,0,0,0,1,0,0,0,0,0,0,0,0,0,0,0
23606,9906,2,50,7,3,0,NA,1529,0,11,0,0,0,0,0,0,0,0,1,0,0,0,0,0,0
23622,314,2,55,13,1,0,NA,2102,1,7,0,0,0,0,0,0,0,0,0,0,0,1,0,0,0
23679,11133,2,19,12,4,1,NA,1432,0,4,0,0,0,0,0,0,0,0,0,1,0,0,0,0,0
23695,10723,2,47,30,6,1,NA,1477,0,13,0,0,0,0,0,0,0,0,0,0,1,0,0,0,0
23711,5024,2,40,22,5,1,NA,1081,0,2,0,0,0,0,0,0,0,0,0,0,0,0,1,0,0
23726,5673,2,24,27,3,1,NA,1242,0,2,0,0,0,0,0,0,0,0,0,0,0,0,1,0,0
23755,1797,2,35,20,2,1,NA,2000,0,13,0,0,0,0,0,0,0,0,0,0,1,0,0,0,0
23779,4904,2,30,19,3,1,NA,1354,0,2,0,0,0,0,0,0,0,0,0,0,0,0,1,0,0
23808,10393,2,24,4,6,1,NA,2124,0,4,0,0,0,0,0,0,0,0,0,1,0,0,0,0,0
23874,4379,2,33,29,5,1,NA,2228,0,12,0,0,0,1,0,0,0,0,0,0,0,0,0,0,0
23954,7101,2,45,1,3,1,NA,2875,0,4,0,0,0,0,0,0,0,0,0,1,0,0,0,0,0
23964,6788,2,29,27,3,1,NA,1956,0,11,0,0,0,0,0,0,0,0,1,0,0,0,0,0,0
24092,11830,2,27,3,3,1,NA,1920,0,13,0,0,0,0,0,0,0,0,0,0,1,0,0,0,0
24152,10920,2,36,30,6,1,NA,1739,0,13,0,0,0,0,0,0,0,0,0,0,1,0,0,0,0
24161,1334,2,40,6,1,1,NA,1518,1,11,0,0,0,0,0,0,0,0,1,0,0,0,0,0,0
24195,10476,2,43,29,3,1,NA,1467,0,3,0,0,0,0,0,1,0,0,0,0,0,0,0,0,0
24203,10389,2,22,8,3,1,NA,1234,0,4,0,0,0,0,0,0,0,0,0,1,0,0,0,0,0
24239,2151,2,29,8,3,1,NA,1669,0,4,0,0,0,0,0,0,0,0,0,1,0,0,0,0,0
24255,4141,2,45,1,1,1,NA,1494,1,13,0,0,0,0,0,0,0,0,0,0,1,0,0,0,0
24298,9017,2,50,9,4,0,NA,2141,0,2,0,0,0,0,0,0,0,0,0,0,0,0,1,0,0
24319,2068,2,55,10,7,0,NA,2735,1,15,0,0,1,0,0,0,0,0,0,0,0,0,0,0,0
24341,9918,2,18,16,4,1,NA,844,0,2,0,0,0,0,0,0,0,0,0,0,0,0,1,0,0
24356,8672,2,30,29,5,1,NA,1479,0,12,0,0,0,1,0,0,0,0,0,0,0,0,0,0,0
24446,1757,2,42,30,2,1,NA,2165,0,4,0,0,0,0,0,0,0,0,0,1,0,0,0,0,0
24509,961,2,38,6,1,1,NA,892,1,2,0,0,0,0,0,0,0,0,0,0,0,0,1,0,0
24568,9432,2,23,8,3,1,NA,1697,0,9,1,0,0,0,0,0,0,0,0,0,0,0,0,0,0
24572,2150,2,42,30,1,1,NA,1316,1,7,0,0,0,0,0,0,0,0,0,0,0,1,0,0,0
24574,7615,2,45,2,5,1,NA,2241,0,15,0,0,1,0,0,0,0,0,0,0,0,0,0,0,0
24594,1989,2,25,13,1,1,NA,1672,1,8,0,0,0,0,0,0,1,0,0,0,0,0,0,0,0
24618,9856,2,29,9,4,1,NA,1580,0,7,0,0,0,0,0,0,0,0,0,0,0,1,0,0,0
24668,1418,2,85,3,3,0,NA,1071,0,13,0,0,0,0,0,0,0,0,0,0,1,0,0,0,0
24727,826,2,58,30,6,0,NA,1360,0,11,0,0,0,0,0,0,0,0,1,0,0,0,0,0,0
24738,4455,2,36,27,3,1,NA,2193,0,11,0,0,0,0,0,0,0,0,1,0,0,0,0,0,0
24770,6596,2,40,22,4,1,NA,1163,0,7,0,0,0,0,0,0,0,0,0,0,0,1,0,0,0
24798,10620,2,23,2,4,1,NA,1496,0,10,0,0,0,0,0,0,0,1,0,0,0,0,0,0,0
24809,7656,2,45,2,5,1,NA,1674,0,15,0,0,1,0,0,0,0,0,0,0,0,0,0,0,0
24822,3828,2,48,8,3,1,NA,2141,0,4,0,0,0,0,0,0,0,0,0,1,0,0,0,0,0
24840,8787,2,21,28,7,1,NA,1558,1,10,0,0,0,0,0,0,0,1,0,0,0,0,0,0,0
24886,2346,2,23,17,1,1,NA,1465,1,12,0,0,0,1,0,0,0,0,0,0,0,0,0,0,0
24895,6259,2,50,31,2,0,NA,1212,0,7,0,0,0,0,0,0,0,0,0,0,0,1,0,0,0
24933,4143,2,55,4,6,0,NA,854,0,14,0,1,0,0,0,0,0,0,0,0,0,0,0,0,0
24951,4965,2,36,10,6,1,NA,1936,0,2,0,0,0,0,0,0,0,0,0,0,0,0,1,0,0
24952,4386,2,50,4,7,0,NA,1598,1,13,0,0,0,0,0,0,0,0,0,0,1,0,0,0,0
25025,7841,2,36,17,2,1,NA,1613,0,15,0,0,1,0,0,0,0,0,0,0,0,0,0,0,0
25036,8583,2,39,9,4,1,NA,2133,0,2,0,0,0,0,0,0,0,0,0,0,0,0,1,0,0
25050,11588,2,35,14,6,1,NA,1576,0,15,0,0,1,0,0,0,0,0,0,0,0,0,0,0,0
25062,129,2,45,14,2,1,NA,928,0,11,0,0,0,0,0,0,0,0,1,0,0,0,0,0,0
25150,4160,2,50,22,3,0,NA,1664,0,8,0,0,0,0,0,0,1,0,0,0,0,0,0,0,0
25160,766,2,23,30,6,1,NA,819,0,11,0,0,0,0,0,0,0,0,1,0,0,0,0,0,0
25173,6999,2,35,31,3,1,NA,2034,0,3,0,0,0,0,0,1,0,0,0,0,0,0,0,0,0
25179,1609,2,52,17,1,0,NA,1519,1,12,0,0,0,1,0,0,0,0,0,0,0,0,0,0,0
25218,5621,2,38,2,4,1,NA,2276,0,10,0,0,0,0,0,0,0,1,0,0,0,0,0,0,0
25228,7788,2,30,25,7,1,NA,1928,1,10,0,0,0,0,0,0,0,1,0,0,0,0,0,0,0
25246,3838,2,45,28,7,1,NA,998,1,10,0,0,0,0,0,0,0,1,0,0,0,0,0,0,0
25254,8200,2,42,2,6,1,NA,1794,0,3,0,0,0,0,0,1,0,0,0,0,0,0,0,0,0
25348,3695,2,36,17,2,1,NA,1539,0,15,0,0,1,0,0,0,0,0,0,0,0,0,0,0,0
25352,5812,2,34,29,6,1,NA,1595,0,1,0,0,0,0,1,0,0,0,0,0,0,0,0,0,0
25389,10484,2,19,30,4,1,NA,1795,0,8,0,0,0,0,0,0,1,0,0,0,0,0,0,0,0
25413,9559,2,36,8,5,1,NA,2819,0,15,0,0,1,0,0,0,0,0,0,0,0,0,0,0,0
25425,6829,2,37,26,7,1,NA,2111,1,9,1,0,0,0,0,0,0,0,0,0,0,0,0,0,0
25430,8209,2,24,12,4,1,NA,1812,0,4,0,0,0,0,0,0,0,0,0,1,0,0,0,0,0
25470,654,2,40,24,5,1,NA,1139,0,8,0,0,0,0,0,0,1,0,0,0,0,0,0,0,0
25480,1057,2,27,14,2,1,NA,977,0,11,0,0,0,0,0,0,0,0,1,0,0,0,0,0,0
25503,11901,2,55,20,1,0,NA,1767,1,4,0,0,0,0,0,0,0,0,0,1,0,0,0,0,0
25545,6906,2,24,25,2,1,NA,2119,0,1,0,0,0,0,1,0,0,0,0,0,0,0,0,0,0
25549,3861,2,50,5,5,0,NA,1481,0,13,0,0,0,0,0,0,0,0,0,0,1,0,0,0,0
25591,1618,2,40,3,3,1,NA,1728,0,13,0,0,0,0,0,0,0,0,0,0,1,0,0,0,0
25606,10484,2,42,30,4,1,NA,2078,0,8,0,0,0,0,0,0,1,0,0,0,0,0,0,0,0
25613,10883,2,35,29,6,1,NA,997,0,1,0,0,0,0,1,0,0,0,0,0,0,0,0,0,0
25625,9999,2,19,12,4,1,NA,1000,0,4,0,0,0,0,0,0,0,0,0,1,0,0,0,0,0
25634,7375,2,36,20,2,1,NA,2420,0,13,0,0,0,0,0,0,0,0,0,0,1,0,0,0,0
25653,1272,2,43,11,6,1,NA,892,0,11,0,0,0,0,0,0,0,0,1,0,0,0,0,0,0
25684,3651,2,49,21,5,1,NA,1314,0,2,0,0,0,0,0,0,0,0,0,0,0,0,1,0,0
25749,10927,2,35,30,3,1,NA,1349,0,15,0,0,1,0,0,0,0,0,0,0,0,0,0,0,0
25783,9260,2,31,24,5,1,NA,2559,0,6,0,0,0,0,0,0,0,0,0,0,0,0,0,0,1
25808,3913,2,20,27,4,1,NA,1231,0,13,0,0,0,0,0,0,0,0,0,0,1,0,0,0,0
25851,11027,2,50,4,6,0,NA,1385,0,4,0,0,0,0,0,0,0,0,0,1,0,0,0,0,0
25897,10916,2,28,27,4,1,NA,1803,0,1,0,0,0,0,1,0,0,0,0,0,0,0,0,0,0
25907,1383,2,55,3,3,0,NA,1812,0,3,0,0,0,0,0,1,0,0,0,0,0,0,0,0,0
25924,11496,2,21,4,7,1,NA,1439,1,13,0,0,0,0,0,0,0,0,0,0,1,0,0,0,0
25973,7787,2,35,1,1,1,NA,1752,1,3,0,0,0,0,0,1,0,0,0,0,0,0,0,0,0
25985,3975,2,50,17,5,0,NA,1386,0,10,0,0,0,0,0,0,0,1,0,0,0,0,0,0,0
25986,1596,2,30,10,2,1,NA,1905,0,11,0,0,0,0,0,0,0,0,1,0,0,0,0,0,0
25997,3904,2,48,8,4,1,NA,1706,0,2,0,0,0,0,0,0,0,0,0,0,0,0,1,0,0
26007,4365,2,32,9,3,1,NA,869,0,15,0,0,1,0,0,0,0,0,0,0,0,0,0,0,0
26044,883,2,30,2,4,1,NA,2656,0,14,0,1,0,0,0,0,0,0,0,0,0,0,0,0,0
26074,14,2,25,23,3,1,NA,1966,0,5,0,0,0,0,0,0,0,0,0,0,0,0,0,1,0
26077,5375,2,37,30,6,1,NA,1820,0,11,0,0,0,0,0,0,0,0,1,0,0,0,0,0,0
26082,2328,2,28,2,4,1,NA,2014,0,10,0,0,0,0,0,0,0,1,0,0,0,0,0,0,0
26083,4125,2,61,24,5,0,NA,2250,0,8,0,0,0,0,0,0,1,0,0,0,0,0,0,0,0
26124,1666,2,24,18,5,1,NA,1907,0,13,0,0,0,0,0,0,0,0,0,0,1,0,0,0,0
26133,1172,2,30,24,5,1,NA,1469,0,8,0,0,0,0,0,0,1,0,0,0,0,0,0,0,0
26151,10450,2,30,10,7,1,NA,1075,1,15,0,0,1,0,0,0,0,0,0,0,0,0,0,0,0
26177,1103,2,40,22,3,1,NA,1477,0,8,0,0,0,0,0,0,1,0,0,0,0,0,0,0,0
26196,11496,2,50,4,7,0,NA,1637,1,13,0,0,0,0,0,0,0,0,0,0,1,0,0,0,0
26210,11749,2,65,8,5,0,NA,2140,0,15,0,0,1,0,0,0,0,0,0,0,0,0,0,0,0
26221,2158,2,42,5,7,1,NA,2368,1,4,0,0,0,0,0,0,0,0,0,1,0,0,0,0,0
26240,5585,2,43,29,5,1,NA,549,0,12,0,0,0,1,0,0,0,0,0,0,0,0,0,0,0
26249,9591,2,41,6,1,1,NA,1166,1,2,0,0,0,0,0,0,0,0,0,0,0,0,1,0,0
26282,9061,2,80,19,4,0,NA,1417,0,15,0,0,1,0,0,0,0,0,0,0,0,0,0,0,0
26283,11688,2,28,29,3,1,NA,1543,0,3,0,0,0,0,0,1,0,0,0,0,0,0,0,0,0
26323,534,2,19,25,4,1,NA,1745,0,9,1,0,0,0,0,0,0,0,0,0,0,0,0,0,0
26365,5654,2,55,8,3,0,NA,2216,0,9,1,0,0,0,0,0,0,0,0,0,0,0,0,0,0
26392,546,2,27,27,3,1,NA,1120,0,2,0,0,0,0,0,0,0,0,0,0,0,0,1,0,0
26422,3239,2,22,13,3,1,NA,1901,0,14,0,1,0,0,0,0,0,0,0,0,0,0,0,0,0
26431,3310,2,23,1,1,1,NA,1113,1,13,0,0,0,0,0,0,0,0,0,0,1,0,0,0,0
26456,11609,2,39,10,7,1,NA,1788,1,15,0,0,1,0,0,0,0,0,0,0,0,0,0,0,0
26479,6260,2,18,1,3,1,NA,1794,0,4,0,0,0,0,0,0,0,0,0,1,0,0,0,0,0
26537,6094,2,35,2,5,1,NA,1621,0,15,0,0,1,0,0,0,0,0,0,0,0,0,0,0,0
26594,4748,2,23,6,2,1,NA,2104,0,14,0,1,0,0,0,0,0,0,0,0,0,0,0,0,0
26650,8194,2,30,8,7,1,NA,1645,1,11,0,0,0,0,0,0,0,0,1,0,0,0,0,0,0
26652,8863,2,48,2,4,1,NA,809,0,14,0,1,0,0,0,0,0,0,0,0,0,0,0,0,0
26677,67,2,50,12,2,0,NA,737,0,15,0,0,1,0,0,0,0,0,0,0,0,0,0,0,0
26682,1637,2,25,10,6,1,NA,1620,0,2,0,0,0,0,0,0,0,0,0,0,0,0,1,0,0
26699,10798,2,55,14,6,0,NA,1809,0,4,0,0,0,0,0,0,0,0,0,1,0,0,0,0,0
26728,620,2,50,24,5,0,NA,1440,0,8,0,0,0,0,0,0,1,0,0,0,0,0,0,0,0
26749,5754,2,54,18,6,0,NA,1325,0,2,0,0,0,0,0,0,0,0,0,0,0,0,1,0,0
26755,1438,2,36,28,2,1,NA,2827,0,9,1,0,0,0,0,0,0,0,0,0,0,0,0,0,0
26774,7611,2,39,25,5,1,NA,2065,0,5,0,0,0,0,0,0,0,0,0,0,0,0,0,1,0
26779,3223,2,50,26,7,0,NA,1592,1,6,0,0,0,0,0,0,0,0,0,0,0,0,0,0,1
26906,5429,2,49,13,1,1,NA,641,1,8,0,0,0,0,0,0,1,0,0,0,0,0,0,0,0
26914,5722,2,38,23,7,1,NA,2370,1,1,0,0,0,0,1,0,0,0,0,0,0,0,0,0,0
26926,6155,2,37,13,3,1,NA,2212,0,15,0,0,1,0,0,0,0,0,0,0,0,0,0,0,0
26939,4232,2,29,27,3,1,NA,1697,0,12,0,0,0,1,0,0,0,0,0,0,0,0,0,0,0
26948,8736,2,30,4,7,1,NA,1558,1,14,0,1,0,0,0,0,0,0,0,0,0,0,0,0,0
26977,5827,2,30,29,6,1,NA,2097,0,1,0,0,0,0,1,0,0,0,0,0,0,0,0,0,0
26979,7754,2,63,8,3,0,NA,1810,0,4,0,0,0,0,0,0,0,0,0,1,0,0,0,0,0
26990,1422,2,60,19,4,0,NA,1473,0,15,0,0,1,0,0,0,0,0,0,0,0,0,0,0,0
27054,2834,2,29,25,5,1,NA,2054,0,5,0,0,0,0,0,0,0,0,0,0,0,0,0,1,0
27080,3317,2,20,11,6,1,NA,1498,0,11,0,0,0,0,0,0,0,0,1,0,0,0,0,0,0
27089,10318,2,44,6,2,1,NA,1277,0,14,0,1,0,0,0,0,0,0,0,0,0,0,0,0,0
27107,743,2,39,29,6,1,NA,1257,0,1,0,0,0,0,1,0,0,0,0,0,0,0,0,0,0
27160,5180,2,41,13,1,1,NA,1266,1,7,0,0,0,0,0,0,0,0,0,0,0,1,0,0,0
27170,3593,2,34,22,4,1,NA,2251,0,7,0,0,0,0,0,0,0,0,0,0,0,1,0,0,0
27201,11193,2,55,23,7,0,NA,1355,1,1,0,0,0,0,1,0,0,0,0,0,0,0,0,0,0
27232,302,2,45,30,5,1,NA,1949,0,4,0,0,0,0,0,0,0,0,0,1,0,0,0,0,0
27265,3957,2,82,26,6,0,NA,2288,0,6,0,0,0,0,0,0,0,0,0,0,0,0,0,0,1
27292,11517,2,24,6,1,1,NA,1781,1,2,0,0,0,0,0,0,0,0,0,0,0,0,1,0,0
27294,795,2,44,6,2,1,NA,1765,0,14,0,1,0,0,0,0,0,0,0,0,0,0,0,0,0
27307,2999,2,37,11,6,1,NA,1744,0,8,0,0,0,0,0,0,1,0,0,0,0,0,0,0,0
27368,9568,2,36,9,6,1,NA,1638,0,15,0,0,1,0,0,0,0,0,0,0,0,0,0,0,0
27390,314,2,50,13,1,0,NA,1871,1,7,0,0,0,0,0,0,0,0,0,0,0,1,0,0,0
27407,10764,2,55,2,5,0,NA,1860,0,15,0,0,1,0,0,0,0,0,0,0,0,0,0,0,0
27426,11398,2,81,20,1,0,NA,1378,1,4,0,0,0,0,0,0,0,0,0,1,0,0,0,0,0
27433,10501,2,21,4,6,1,NA,1832,0,10,0,0,0,0,0,0,0,1,0,0,0,0,0,0,0
27452,1149,2,22,2,5,1,NA,2015,0,15,0,0,1,0,0,0,0,0,0,0,0,0,0,0,0
27456,10799,2,35,2,4,1,NA,2655,0,14,0,1,0,0,0,0,0,0,0,0,0,0,0,0,0
27469,11138,2,40,8,1,1,NA,2286,1,12,0,0,0,1,0,0,0,0,0,0,0,0,0,0,0
27483,9564,2,45,25,2,1,NA,2429,0,1,0,0,0,0,1,0,0,0,0,0,0,0,0,0,0
27485,5507,2,55,31,3,0,NA,2113,0,3,0,0,0,0,0,1,0,0,0,0,0,0,0,0,0
27507,7747,2,24,21,5,1,NA,1147,0,2,0,0,0,0,0,0,0,0,0,0,0,0,1,0,0
27530,4215,2,55,16,6,0,NA,1671,0,14,0,1,0,0,0,0,0,0,0,0,0,0,0,0,0
27540,8744,2,37,26,7,1,NA,1544,1,9,1,0,0,0,0,0,0,0,0,0,0,0,0,0,0
27557,3166,2,52,27,4,0,NA,2401,0,1,0,0,0,0,1,0,0,0,0,0,0,0,0,0,0
27577,47,2,32,8,7,1,NA,1592,1,11,0,0,0,0,0,0,0,0,1,0,0,0,0,0,0
27594,6138,2,30,6,6,1,NA,2608,0,5,0,0,0,0,0,0,0,0,0,0,0,0,0,1,0
27595,4940,2,48,23,6,1,NA,1452,0,2,0,0,0,0,0,0,0,0,0,0,0,0,1,0,0
27627,5181,2,32,12,7,1,NA,1666,1,11,0,0,0,0,0,0,0,0,1,0,0,0,0,0,0
27638,1666,2,50,18,5,0,NA,1795,0,13,0,0,0,0,0,0,0,0,0,0,1,0,0,0,0
27653,4318,2,24,3,3,1,NA,1556,0,13,0,0,0,0,0,0,0,0,0,0,1,0,0,0,0
27660,10521,2,35,21,5,1,NA,1340,0,2,0,0,0,0,0,0,0,0,0,0,0,0,1,0,0
27718,1527,2,34,4,6,1,NA,2482,0,10,0,0,0,0,0,0,0,1,0,0,0,0,0,0,0
27745,2147,2,35,29,1,1,NA,1109,1,9,1,0,0,0,0,0,0,0,0,0,0,0,0,0,0
27813,11628,2,50,27,3,0,NA,1538,0,11,0,0,0,0,0,0,0,0,1,0,0,0,0,0,0
27816,2417,2,40,20,4,1,NA,1965,0,3,0,0,0,0,0,1,0,0,0,0,0,0,0,0,0
27828,3547,2,52,4,6,0,NA,2230,0,10,0,0,0,0,0,0,0,1,0,0,0,0,0,0,0
27907,6028,2,55,30,4,0,NA,1056,0,8,0,0,0,0,0,0,1,0,0,0,0,0,0,0,0
27935,4102,2,56,19,3,0,NA,1428,0,2,0,0,0,0,0,0,0,0,0,0,0,0,1,0,0
27937,10439,2,70,3,3,0,NA,1268,0,3,0,0,0,0,0,1,0,0,0,0,0,0,0,0,0
27949,7956,2,50,23,3,0,NA,1338,0,13,0,0,0,0,0,0,0,0,0,0,1,0,0,0,0
27951,11542,2,20,15,3,1,NA,2721,0,10,0,0,0,0,0,0,0,1,0,0,0,0,0,0,0
28027,9596,2,30,10,5,1,NA,2055,0,7,0,0,0,0,0,0,0,0,0,0,0,1,0,0,0
28037,10110,2,60,1,1,0,NA,1031,1,3,0,0,0,0,0,1,0,0,0,0,0,0,0,0,0
28076,3886,2,45,8,4,1,NA,1569,0,2,0,0,0,0,0,0,0,0,0,0,0,0,1,0,0
28135,5940,2,21,28,7,1,NA,1546,1,10,0,0,0,0,0,0,0,1,0,0,0,0,0,0,0
28158,10603,2,36,29,1,1,NA,1425,1,9,1,0,0,0,0,0,0,0,0,0,0,0,0,0,0
28193,3115,2,55,5,7,0,NA,1117,1,14,0,1,0,0,0,0,0,0,0,0,0,0,0,0,0
28229,11899,2,25,28,2,1,NA,2344,0,9,1,0,0,0,0,0,0,0,0,0,0,0,0,0,0
28272,4771,2,40,7,2,1,NA,1630,0,2,0,0,0,0,0,0,0,0,0,0,0,0,1,0,0
28287,3003,2,36,17,7,1,NA,1114,1,14,0,1,0,0,0,0,0,0,0,0,0,0,0,0,0
28292,2679,2,78,27,3,0,NA,1237,0,11,0,0,0,0,0,0,0,0,1,0,0,0,0,0,0
28349,8608,2,24,4,7,1,NA,1751,1,14,0,1,0,0,0,0,0,0,0,0,0,0,0,0,0
28353,10170,2,39,19,4,1,NA,1939,0,15,0,0,1,0,0,0,0,0,0,0,0,0,0,0,0
28463,11806,2,27,16,4,1,NA,1337,0,2,0,0,0,0,0,0,0,0,0,0,0,0,1,0,0
28472,7805,2,27,25,2,1,NA,1837,0,1,0,0,0,0,1,0,0,0,0,0,0,0,0,0,0
28539,7313,2,27,3,3,1,NA,1664,0,13,0,0,0,0,0,0,0,0,0,0,1,0,0,0,0
28574,9568,2,18,9,6,1,NA,1700,0,15,0,0,1,0,0,0,0,0,0,0,0,0,0,0,0
28577,324,2,40,16,4,1,NA,1084,0,2,0,0,0,0,0,0,0,0,0,0,0,0,1,0,0
28599,2068,2,32,10,7,1,NA,1599,1,15,0,0,1,0,0,0,0,0,0,0,0,0,0,0,0
28670,9968,2,50,28,2,0,NA,1727,0,9,1,0,0,0,0,0,0,0,0,0,0,0,0,0,0
28743,9897,2,21,17,5,1,NA,1163,0,10,0,0,0,0,0,0,0,1,0,0,0,0,0,0,0
28774,4714,2,32,6,1,1,NA,1854,1,11,0,0,0,0,0,0,0,0,1,0,0,0,0,0,0
28850,2244,2,29,18,1,1,NA,2091,1,14,0,1,0,0,0,0,0,0,0,0,0,0,0,0,0
28869,5265,2,51,29,3,0,NA,1763,0,3,0,0,0,0,0,1,0,0,0,0,0,0,0,0,0
28873,10257,2,28,2,4,1,NA,2067,0,10,0,0,0,0,0,0,0,1,0,0,0,0,0,0,0
28886,7989,2,35,30,5,1,NA,1257,0,4,0,0,0,0,0,0,0,0,0,1,0,0,0,0,0
28899,7078,2,39,8,3,1,NA,1202,0,9,1,0,0,0,0,0,0,0,0,0,0,0,0,0,0
28900,1430,2,26,22,4,1,NA,1831,0,7,0,0,0,0,0,0,0,0,0,0,0,1,0,0,0
28953,8200,2,32,2,6,1,NA,2414,0,3,0,0,0,0,0,1,0,0,0,0,0,0,0,0,0
28976,2829,2,59,29,1,0,NA,1496,1,9,1,0,0,0,0,0,0,0,0,0,0,0,0,0,0
28983,6992,2,36,6,1,1,NA,1337,1,11,0,0,0,0,0,0,0,0,1,0,0,0,0,0,0
28994,10884,2,50,19,3,0,NA,1479,0,2,0,0,0,0,0,0,0,0,0,0,0,0,1,0,0
29014,6025,2,35,30,4,1,NA,1824,0,8,0,0,0,0,0,0,1,0,0,0,0,0,0,0,0
29097,2818,2,29,26,7,1,NA,1750,1,9,1,0,0,0,0,0,0,0,0,0,0,0,0,0,0
29137,3981,2,41,30,3,1,NA,1318,0,15,0,0,1,0,0,0,0,0,0,0,0,0,0,0,0
29176,605,2,21,10,6,1,NA,1978,0,2,0,0,0,0,0,0,0,0,0,0,0,0,1,0,0
29281,795,2,22,6,2,1,NA,1043,0,14,0,1,0,0,0,0,0,0,0,0,0,0,0,0,0
29288,11900,2,24,26,7,1,NA,1898,1,9,1,0,0,0,0,0,0,0,0,0,0,0,0,0,0
29304,9234,2,37,6,6,1,NA,3850,0,5,0,0,0,0,0,0,0,0,0,0,0,0,0,1,0
29328,6090,2,75,1,3,0,NA,858,0,4,0,0,0,0,0,0,0,0,0,1,0,0,0,0,0
29365,6086,2,54,10,7,0,NA,1022,1,15,0,0,1,0,0,0,0,0,0,0,0,0,0,0,0
29381,5378,2,32,6,6,1,NA,1757,0,5,0,0,0,0,0,0,0,0,0,0,0,0,0,1,0
29401,6416,2,30,8,7,1,NA,3038,1,11,0,0,0,0,0,0,0,0,1,0,0,0,0,0,0
29481,11592,2,40,24,5,1,NA,2070,0,8,0,0,0,0,0,0,1,0,0,0,0,0,0,0,0
29486,316,2,60,5,4,0,NA,1555,0,11,0,0,0,0,0,0,0,0,1,0,0,0,0,0,0
29487,10806,2,55,28,4,0,NA,1344,0,13,0,0,0,0,0,0,0,0,0,0,1,0,0,0,0
29536,795,2,22,6,2,1,NA,1558,0,14,0,1,0,0,0,0,0,0,0,0,0,0,0,0,0
29583,10144,2,47,1,1,1,NA,1301,1,13,0,0,0,0,0,0,0,0,0,0,1,0,0,0,0
29589,4563,2,40,23,3,1,NA,2779,0,5,0,0,0,0,0,0,0,0,0,0,0,0,0,1,0
29606,10497,2,55,22,7,0,NA,1435,1,5,0,0,0,0,0,0,0,0,0,0,0,0,0,1,0
29608,2794,2,45,29,1,1,NA,1436,1,9,1,0,0,0,0,0,0,0,0,0,0,0,0,0,0
29625,974,2,18,2,4,1,NA,1380,0,10,0,0,0,0,0,0,0,1,0,0,0,0,0,0,0
29679,7078,2,80,8,3,0,NA,665,0,9,1,0,0,0,0,0,0,0,0,0,0,0,0,0,0
29765,11458,2,50,29,1,0,NA,1923,1,9,1,0,0,0,0,0,0,0,0,0,0,0,0,0,0
29827,10473,2,50,27,3,0,NA,2088,0,11,0,0,0,0,0,0,0,0,1,0,0,0,0,0,0
29877,1182,2,33,7,3,1,NA,1758,0,11,0,0,0,0,0,0,0,0,1,0,0,0,0,0,0
29879,7175,2,30,22,5,1,NA,857,0,2,0,0,0,0,0,0,0,0,0,0,0,0,1,0,0
29886,11147,2,44,23,3,1,NA,1350,0,13,0,0,0,0,0,0,0,0,0,0,1,0,0,0,0
29912,4227,2,26,30,6,1,NA,1940,0,13,0,0,0,0,0,0,0,0,0,0,1,0,0,0,0
30023,5180,2,69,13,1,0,NA,1011,1,7,0,0,0,0,0,0,0,0,0,0,0,1,0,0,0
30025,5444,2,38,20,1,1,NA,1460,1,4,0,0,0,0,0,0,0,0,0,1,0,0,0,0,0
30029,4318,2,45,3,3,1,NA,1541,0,13,0,0,0,0,0,0,0,0,0,0,1,0,0,0,0
30033,8362,2,23,30,3,1,NA,1486,0,15,0,0,1,0,0,0,0,0,0,0,0,0,0,0,0
30049,8514,2,54,6,2,0,NA,1822,0,11,0,0,0,0,0,0,0,0,1,0,0,0,0,0,0
30054,2706,2,75,6,6,0,NA,947,0,5,0,0,0,0,0,0,0,0,0,0,0,0,0,1,0
30213,8814,2,38,17,2,1,NA,1669,0,15,0,0,1,0,0,0,0,0,0,0,0,0,0,0,0
30238,3054,2,65,4,6,0,NA,987,0,4,0,0,0,0,0,0,0,0,0,1,0,0,0,0,0
30241,10093,2,22,2,5,1,NA,1437,0,15,0,0,1,0,0,0,0,0,0,0,0,0,0,0,0
30242,1298,2,49,24,5,1,NA,2386,0,6,0,0,0,0,0,0,0,0,0,0,0,0,0,0,1
30264,2834,2,57,25,5,0,NA,1332,0,5,0,0,0,0,0,0,0,0,0,0,0,0,0,1,0
30320,1194,2,24,3,3,1,NA,1949,0,3,0,0,0,0,0,1,0,0,0,0,0,0,0,0,0
30332,9133,2,51,26,7,0,NA,1589,1,9,1,0,0,0,0,0,0,0,0,0,0,0,0,0,0
30335,7411,2,27,18,5,1,NA,1891,0,13,0,0,0,0,0,0,0,0,0,0,1,0,0,0,0
30348,5234,2,23,21,5,1,NA,797,0,3,0,0,0,0,0,1,0,0,0,0,0,0,0,0,0
30349,1061,2,55,26,7,0,NA,1951,1,9,1,0,0,0,0,0,0,0,0,0,0,0,0,0,0
30400,5940,2,43,28,7,1,NA,1177,1,10,0,0,0,0,0,0,0,1,0,0,0,0,0,0,0
30463,318,2,27,4,2,1,NA,1273,0,15,0,0,1,0,0,0,0,0,0,0,0,0,0,0,0
30478,5014,2,33,3,3,1,NA,2314,0,3,0,0,0,0,0,1,0,0,0,0,0,0,0,0,0
30517,4390,2,25,14,6,1,NA,1645,0,4,0,0,0,0,0,0,0,0,0,1,0,0,0,0,0
30560,4251,2,23,4,6,1,NA,1600,0,14,0,1,0,0,0,0,0,0,0,0,0,0,0,0,0
30563,6183,2,35,8,5,1,NA,1543,0,15,0,0,1,0,0,0,0,0,0,0,0,0,0,0,0
30588,9938,2,26,23,3,1,NA,1344,0,5,0,0,0,0,0,0,0,0,0,0,0,0,0,1,0
30589,7702,2,50,24,1,0,NA,1309,1,3,0,0,0,0,0,1,0,0,0,0,0,0,0,0,0
30592,5654,2,23,8,3,1,NA,1977,0,9,1,0,0,0,0,0,0,0,0,0,0,0,0,0,0
30595,4732,2,35,4,7,1,NA,901,1,14,0,1,0,0,0,0,0,0,0,0,0,0,0,0,0
30601,9783,2,60,2,6,0,NA,1555,0,8,0,0,0,0,0,0,1,0,0,0,0,0,0,0,0
30602,6838,2,36,22,7,1,NA,1605,1,5,0,0,0,0,0,0,0,0,0,0,0,0,0,1,0
30628,7360,2,24,30,3,1,NA,1526,0,15,0,0,1,0,0,0,0,0,0,0,0,0,0,0,0
30690,10040,2,34,31,5,1,NA,1721,0,3,0,0,0,0,0,1,0,0,0,0,0,0,0,0,0
30723,10660,2,30,13,1,1,NA,2582,1,8,0,0,0,0,0,0,1,0,0,0,0,0,0,0,0
30728,3760,2,19,13,3,1,NA,1266,0,15,0,0,1,0,0,0,0,0,0,0,0,0,0,0,0
30758,1552,2,60,15,5,0,NA,1680,0,14,0,1,0,0,0,0,0,0,0,0,0,0,0,0,0
30789,2225,2,62,23,7,0,NA,886,1,1,0,0,0,0,1,0,0,0,0,0,0,0,0,0,0
30859,10996,2,27,25,7,1,NA,1802,1,10,0,0,0,0,0,0,0,1,0,0,0,0,0,0,0
30869,1298,2,27,24,5,1,NA,2638,0,6,0,0,0,0,0,0,0,0,0,0,0,0,0,0,1
30890,9567,2,75,12,7,0,NA,1289,1,11,0,0,0,0,0,0,0,0,1,0,0,0,0,0,0
30950,8563,2,37,28,2,1,NA,2319,0,9,1,0,0,0,0,0,0,0,0,0,0,0,0,0,0
30952,580,2,47,10,7,1,NA,1287,1,15,0,0,1,0,0,0,0,0,0,0,0,0,0,0,0
30977,3189,2,26,2,6,1,NA,1826,0,8,0,0,0,0,0,0,1,0,0,0,0,0,0,0,0
30981,1516,2,49,23,6,1,NA,1741,0,2,0,0,0,0,0,0,0,0,0,0,0,0,1,0,0
31016,10482,2,24,4,6,1,NA,2117,0,4,0,0,0,0,0,0,0,0,0,1,0,0,0,0,0
31064,8674,2,40,22,4,1,NA,1127,0,7,0,0,0,0,0,0,0,0,0,0,0,1,0,0,0
31073,6422,2,30,21,5,1,NA,1323,0,3,0,0,0,0,0,1,0,0,0,0,0,0,0,0,0
31087,4261,2,60,30,4,0,NA,952,0,8,0,0,0,0,0,0,1,0,0,0,0,0,0,0,0
31105,7995,2,40,13,1,1,NA,965,1,7,0,0,0,0,0,0,0,0,0,0,0,1,0,0,0
31118,4599,2,27,30,4,1,NA,1066,0,8,0,0,0,0,0,0,1,0,0,0,0,0,0,0,0
31122,2786,2,55,6,1,0,NA,1900,1,11,0,0,0,0,0,0,0,0,1,0,0,0,0,0,0
31130,2746,2,21,18,6,1,NA,2896,0,2,0,0,0,0,0,0,0,0,0,0,0,0,1,0,0
31140,2498,2,42,26,7,1,NA,1344,1,9,1,0,0,0,0,0,0,0,0,0,0,0,0,0,0
31150,3135,2,26,3,3,1,NA,1659,0,13,0,0,0,0,0,0,0,0,0,0,1,0,0,0,0
31259,5420,2,45,15,3,1,NA,1401,0,10,0,0,0,0,0,0,0,1,0,0,0,0,0,0,0
31306,9572,2,45,17,1,1,NA,1596,1,12,0,0,0,1,0,0,0,0,0,0,0,0,0,0,0
31320,5728,2,47,8,4,1,NA,2044,0,2,0,0,0,0,0,0,0,0,0,0,0,0,1,0,0
31334,11382,2,30,13,3,1,NA,1392,0,14,0,1,0,0,0,0,0,0,0,0,0,0,0,0,0
31340,7172,2,20,27,4,1,NA,911,0,13,0,0,0,0,0,0,0,0,0,0,1,0,0,0,0
31382,5270,2,54,10,5,0,NA,2590,0,9,1,0,0,0,0,0,0,0,0,0,0,0,0,0,0
31419,4639,2,62,13,3,0,NA,2112,0,14,0,1,0,0,0,0,0,0,0,0,0,0,0,0,0
31424,8924,2,38,29,5,1,NA,1847,0,12,0,0,0,1,0,0,0,0,0,0,0,0,0,0,0
31427,1479,2,42,29,3,1,NA,1386,0,3,0,0,0,0,0,1,0,0,0,0,0,0,0,0,0
31454,2758,2,50,10,5,0,NA,901,0,9,1,0,0,0,0,0,0,0,0,0,0,0,0,0,0
31475,5613,2,55,20,4,0,NA,1506,0,3,0,0,0,0,0,1,0,0,0,0,0,0,0,0,0
31486,5082,2,19,25,7,1,NA,1380,1,10,0,0,0,0,0,0,0,1,0,0,0,0,0,0,0
31488,10913,2,22,22,7,1,NA,1692,1,5,0,0,0,0,0,0,0,0,0,0,0,0,0,1,0
31506,9827,2,31,29,6,1,NA,2346,0,1,0,0,0,0,1,0,0,0,0,0,0,0,0,0,0
31509,7872,2,45,1,2,1,NA,2027,0,6,0,0,0,0,0,0,0,0,0,0,0,0,0,0,1
31511,8993,2,42,24,1,1,NA,1990,1,3,0,0,0,0,0,1,0,0,0,0,0,0,0,0,0
31513,7585,2,34,20,1,1,NA,1447,1,4,0,0,0,0,0,0,0,0,0,1,0,0,0,0,0
31555,3054,2,29,4,6,1,NA,1884,0,4,0,0,0,0,0,0,0,0,0,1,0,0,0,0,0
31635,5650,2,35,27,3,1,NA,1607,0,12,0,0,0,1,0,0,0,0,0,0,0,0,0,0,0
31645,8422,2,46,24,1,1,NA,1604,1,3,0,0,0,0,0,1,0,0,0,0,0,0,0,0,0
31684,7973,2,22,3,6,1,NA,926,0,13,0,0,0,0,0,0,0,0,0,0,1,0,0,0,0
31777,7635,2,28,31,5,1,NA,1853,0,3,0,0,0,0,0,1,0,0,0,0,0,0,0,0,0
31790,8159,2,65,17,5,0,NA,1133,0,10,0,0,0,0,0,0,0,1,0,0,0,0,0,0,0
31842,11778,2,28,22,5,1,NA,1931,0,2,0,0,0,0,0,0,0,0,0,0,0,0,1,0,0
31898,7083,2,33,8,5,1,NA,1896,0,15,0,0,1,0,0,0,0,0,0,0,0,0,0,0,0
31913,11004,2,48,23,3,1,NA,1629,0,5,0,0,0,0,0,0,0,0,0,0,0,0,0,1,0
31926,10806,2,30,28,4,1,NA,1487,0,13,0,0,0,0,0,0,0,0,0,0,1,0,0,0,0
31931,9090,2,55,31,5,0,NA,1389,0,3,0,0,0,0,0,1,0,0,0,0,0,0,0,0,0
31963,10648,2,30,5,4,1,NA,2030,0,11,0,0,0,0,0,0,0,0,1,0,0,0,0,0,0
32024,4388,2,52,27,7,0,NA,1674,1,5,0,0,0,0,0,0,0,0,0,0,0,0,0,1,0
32084,3195,2,48,8,1,1,NA,2131,1,12,0,0,0,1,0,0,0,0,0,0,0,0,0,0,0
32130,4173,2,53,26,6,0,NA,2237,0,6,0,0,0,0,0,0,0,0,0,0,0,0,0,0,1
32133,10306,2,43,15,5,1,NA,1460,0,14,0,1,0,0,0,0,0,0,0,0,0,0,0,0,0
32170,10481,2,36,9,4,1,NA,1633,0,2,0,0,0,0,0,0,0,0,0,0,0,0,1,0,0
32207,3037,2,22,17,7,1,NA,981,1,14,0,1,0,0,0,0,0,0,0,0,0,0,0,0,0
32236,7395,2,75,18,1,0,NA,1194,1,14,0,1,0,0,0,0,0,0,0,0,0,0,0,0,0
32245,1510,2,40,27,7,1,NA,1561,1,5,0,0,0,0,0,0,0,0,0,0,0,0,0,1,0
32247,9491,2,24,23,3,1,NA,1814,0,5,0,0,0,0,0,0,0,0,0,0,0,0,0,1,0
32251,6650,2,20,27,3,1,NA,1341,0,12,0,0,0,1,0,0,0,0,0,0,0,0,0,0,0
32315,5993,2,61,17,7,0,NA,1766,1,14,0,1,0,0,0,0,0,0,0,0,0,0,0,0,0
32324,6179,2,20,4,2,1,NA,2120,0,15,0,0,1,0,0,0,0,0,0,0,0,0,0,0,0
32384,7103,2,40,13,1,1,NA,1629,1,8,0,0,0,0,0,0,1,0,0,0,0,0,0,0,0
32445,141,2,70,6,2,0,NA,1163,0,11,0,0,0,0,0,0,0,0,1,0,0,0,0,0,0
32452,6557,2,33,21,5,1,NA,2375,0,3,0,0,0,0,0,1,0,0,0,0,0,0,0,0,0
32499,10207,2,36,30,6,1,NA,1449,0,13,0,0,0,0,0,0,0,0,0,0,1,0,0,0,0
32533,2679,2,48,27,3,1,NA,1798,0,11,0,0,0,0,0,0,0,0,1,0,0,0,0,0,0
32624,7138,2,19,11,2,1,NA,1502,0,11,0,0,0,0,0,0,0,0,1,0,0,0,0,0,0
32672,8247,2,32,3,3,1,NA,1251,0,13,0,0,0,0,0,0,0,0,0,0,1,0,0,0,0
32676,1973,2,35,2,4,1,NA,2069,0,10,0,0,0,0,0,0,0,1,0,0,0,0,0,0,0
32699,363,2,29,6,1,1,NA,498,1,2,0,0,0,0,0,0,0,0,0,0,0,0,1,0,0
32726,702,2,55,17,5,0,NA,1200,0,10,0,0,0,0,0,0,0,1,0,0,0,0,0,0,0
32727,7723,2,18,21,3,1,NA,1983,0,13,0,0,0,0,0,0,0,0,0,0,1,0,0,0,0
32817,9758,2,23,13,4,1,NA,2203,0,11,0,0,0,0,0,0,0,0,1,0,0,0,0,0,0
32835,5063,2,40,24,1,1,NA,1302,1,3,0,0,0,0,0,1,0,0,0,0,0,0,0,0,0
32853,8863,2,22,2,4,1,NA,1102,0,14,0,1,0,0,0,0,0,0,0,0,0,0,0,0,0
32857,1272,2,65,11,6,0,NA,930,0,11,0,0,0,0,0,0,0,0,1,0,0,0,0,0,0
32900,9479,2,30,18,1,1,NA,1981,1,14,0,1,0,0,0,0,0,0,0,0,0,0,0,0,0
32912,7017,2,68,2,5,0,NA,1340,0,15,0,0,1,0,0,0,0,0,0,0,0,0,0,0,0
32957,9441,2,48,24,5,1,NA,1401,0,6,0,0,0,0,0,0,0,0,0,0,0,0,0,0,1
32983,3366,2,35,25,4,1,NA,1659,0,9,1,0,0,0,0,0,0,0,0,0,0,0,0,0,0
33039,9819,2,26,27,3,1,NA,1588,0,2,0,0,0,0,0,0,0,0,0,0,0,0,1,0,0
33076,1432,2,24,29,1,1,NA,1660,1,9,1,0,0,0,0,0,0,0,0,0,0,0,0,0,0
33107,10902,2,40,28,7,1,NA,1786,1,10,0,0,0,0,0,0,0,1,0,0,0,0,0,0,0
33123,3223,2,28,26,7,1,NA,1346,1,6,0,0,0,0,0,0,0,0,0,0,0,0,0,0,1
33133,11722,2,50,28,7,0,NA,1822,1,10,0,0,0,0,0,0,0,1,0,0,0,0,0,0,0
33166,165,2,40,3,3,1,NA,1698,0,3,0,0,0,0,0,1,0,0,0,0,0,0,0,0,0
33178,119,2,55,27,3,0,NA,2375,0,12,0,0,0,1,0,0,0,0,0,0,0,0,0,0,0
33266,3421,2,33,23,6,1,NA,1135,0,2,0,0,0,0,0,0,0,0,0,0,0,0,1,0,0
33278,11545,2,35,30,5,1,NA,1165,0,4,0,0,0,0,0,0,0,0,0,1,0,0,0,0,0
33307,1606,2,40,5,3,1,NA,1538,0,15,0,0,1,0,0,0,0,0,0,0,0,0,0,0,0
33333,11548,2,41,24,4,1,NA,1906,0,13,0,0,0,0,0,0,0,0,0,0,1,0,0,0,0
33348,5630,2,40,18,5,1,NA,1955,0,1,0,0,0,0,1,0,0,0,0,0,0,0,0,0,0
33355,8751,2,25,29,3,1,NA,1321,0,3,0,0,0,0,0,1,0,0,0,0,0,0,0,0,0
33363,2700,2,38,3,1,1,NA,1375,1,10,0,0,0,0,0,0,0,1,0,0,0,0,0,0,0
33375,6096,2,37,5,5,1,NA,1351,0,13,0,0,0,0,0,0,0,0,0,0,1,0,0,0,0
33382,7993,2,50,29,3,0,NA,2139,0,3,0,0,0,0,0,1,0,0,0,0,0,0,0,0,0
33399,4168,2,35,27,4,1,NA,1847,0,1,0,0,0,0,1,0,0,0,0,0,0,0,0,0,0
33408,1500,2,49,12,4,1,NA,1740,0,4,0,0,0,0,0,0,0,0,0,1,0,0,0,0,0
33423,10788,2,26,27,6,1,NA,1930,0,8,0,0,0,0,0,0,1,0,0,0,0,0,0,0,0
33470,10746,2,56,8,1,0,NA,1650,1,12,0,0,0,1,0,0,0,0,0,0,0,0,0,0,0
33499,6396,2,30,2,4,1,NA,1314,0,14,0,1,0,0,0,0,0,0,0,0,0,0,0,0,0
33501,7771,2,37,17,1,1,NA,1329,1,12,0,0,0,1,0,0,0,0,0,0,0,0,0,0,0
33522,10692,2,42,5,7,1,NA,1748,1,4,0,0,0,0,0,0,0,0,0,1,0,0,0,0,0
33560,4036,2,40,16,4,1,NA,2072,0,2,0,0,0,0,0,0,0,0,0,0,0,0,1,0,0
33604,4398,2,38,22,5,1,NA,2165,0,2,0,0,0,0,0,0,0,0,0,0,0,0,1,0,0
33635,1131,2,46,31,2,1,NA,1619,0,7,0,0,0,0,0,0,0,0,0,0,0,1,0,0,0
33643,6959,2,47,1,2,1,NA,1653,0,6,0,0,0,0,0,0,0,0,0,0,0,0,0,0,1
33668,3037,2,47,17,7,1,NA,1281,1,14,0,1,0,0,0,0,0,0,0,0,0,0,0,0,0
33679,1447,2,45,31,2,1,NA,1844,0,7,0,0,0,0,0,0,0,0,0,0,0,1,0,0,0
33696,134,2,50,2,4,0,NA,2146,0,10,0,0,0,0,0,0,0,1,0,0,0,0,0,0,0
33698,2550,2,18,2,6,1,NA,1602,0,3,0,0,0,0,0,1,0,0,0,0,0,0,0,0,0
33762,4718,2,35,30,6,1,NA,1724,0,13,0,0,0,0,0,0,0,0,0,0,1,0,0,0,0
33804,7479,2,80,5,3,0,NA,1336,0,15,0,0,1,0,0,0,0,0,0,0,0,0,0,0,0
33816,418,2,40,25,5,1,NA,1455,0,5,0,0,0,0,0,0,0,0,0,0,0,0,0,1,0
33834,2746,2,40,18,6,1,NA,2638,0,2,0,0,0,0,0,0,0,0,0,0,0,0,1,0,0
33853,3683,2,22,31,3,1,NA,2163,0,3,0,0,0,0,0,1,0,0,0,0,0,0,0,0,0
33858,4639,2,27,13,3,1,NA,2338,0,14,0,1,0,0,0,0,0,0,0,0,0,0,0,0,0
33862,4523,2,42,31,2,1,NA,1714,0,7,0,0,0,0,0,0,0,0,0,0,0,1,0,0,0
33920,6203,2,20,1,2,1,NA,1507,0,6,0,0,0,0,0,0,0,0,0,0,0,0,0,0,1
33962,1635,2,60,26,7,0,NA,2582,1,6,0,0,0,0,0,0,0,0,0,0,0,0,0,0,1
33986,11150,2,22,8,4,1,NA,1014,0,2,0,0,0,0,0,0,0,0,0,0,0,0,1,0,0
34002,10018,2,53,2,6,0,NA,1241,0,8,0,0,0,0,0,0,1,0,0,0,0,0,0,0,0
34024,7395,2,50,18,1,0,NA,820,1,14,0,1,0,0,0,0,0,0,0,0,0,0,0,0,0
34030,10950,2,70,19,4,0,NA,1552,0,15,0,0,1,0,0,0,0,0,0,0,0,0,0,0,0
34048,10856,2,27,23,7,1,NA,1447,1,1,0,0,0,0,1,0,0,0,0,0,0,0,0,0,0
34079,4598,2,40,28,4,1,NA,1732,0,13,0,0,0,0,0,0,0,0,0,0,1,0,0,0,0
34090,586,2,47,22,3,1,NA,1449,0,8,0,0,0,0,0,0,1,0,0,0,0,0,0,0,0
34122,8608,2,50,4,7,0,NA,1347,1,14,0,1,0,0,0,0,0,0,0,0,0,0,0,0,0
34125,6629,2,22,18,1,1,NA,684,1,14,0,1,0,0,0,0,0,0,0,0,0,0,0,0,0
34159,10849,2,18,10,7,1,NA,1037,1,15,0,0,1,0,0,0,0,0,0,0,0,0,0,0,0
34178,8353,2,24,10,6,1,NA,1003,0,2,0,0,0,0,0,0,0,0,0,0,0,0,1,0,0
34261,3184,2,31,22,7,1,NA,2228,1,5,0,0,0,0,0,0,0,0,0,0,0,0,0,1,0
34296,5115,2,42,25,7,1,NA,2100,1,10,0,0,0,0,0,0,0,1,0,0,0,0,0,0,0
34340,9551,2,38,14,6,1,NA,2027,0,15,0,0,1,0,0,0,0,0,0,0,0,0,0,0,0
34369,3794,2,45,17,7,1,NA,1570,1,14,0,1,0,0,0,0,0,0,0,0,0,0,0,0,0
34423,202,2,30,8,4,1,NA,1768,0,2,0,0,0,0,0,0,0,0,0,0,0,0,1,0,0
34434,5397,2,25,20,1,1,NA,1606,1,4,0,0,0,0,0,0,0,0,0,1,0,0,0,0,0
34466,3124,2,34,27,7,1,NA,1706,1,6,0,0,0,0,0,0,0,0,0,0,0,0,0,0,1
34473,11224,2,29,4,7,1,NA,1434,1,14,0,1,0,0,0,0,0,0,0,0,0,0,0,0,0
34503,8461,2,26,8,2,1,NA,1959,0,15,0,0,1,0,0,0,0,0,0,0,0,0,0,0,0
34520,2715,2,45,26,7,1,NA,2312,1,9,1,0,0,0,0,0,0,0,0,0,0,0,0,0,0
34526,3475,2,47,23,6,1,NA,1057,0,2,0,0,0,0,0,0,0,0,0,0,0,0,1,0,0
34540,9402,2,42,5,5,1,NA,1752,0,13,0,0,0,0,0,0,0,0,0,0,1,0,0,0,0
34602,7872,2,22,1,2,1,NA,1506,0,6,0,0,0,0,0,0,0,0,0,0,0,0,0,0,1
34611,6004,2,24,4,7,1,NA,1509,1,14,0,1,0,0,0,0,0,0,0,0,0,0,0,0,0
34622,8760,2,34,25,5,1,NA,1934,0,5,0,0,0,0,0,0,0,0,0,0,0,0,0,1,0
34623,10898,2,55,8,3,0,NA,2213,0,4,0,0,0,0,0,0,0,0,0,1,0,0,0,0,0
34626,7112,2,28,30,2,1,NA,2172,0,4,0,0,0,0,0,0,0,0,0,1,0,0,0,0,0
34644,7288,2,30,23,7,1,NA,1365,1,1,0,0,0,0,1,0,0,0,0,0,0,0,0,0,0
34645,8761,2,50,8,7,0,NA,1230,1,11,0,0,0,0,0,0,0,0,1,0,0,0,0,0,0
34713,6398,2,69,15,5,0,NA,1030,0,14,0,1,0,0,0,0,0,0,0,0,0,0,0,0,0
34722,2957,2,34,18,1,1,NA,1722,1,14,0,1,0,0,0,0,0,0,0,0,0,0,0,0,0
34729,7702,2,23,24,1,1,NA,1122,1,3,0,0,0,0,0,1,0,0,0,0,0,0,0,0,0
34804,10501,2,50,4,6,0,NA,2395,0,10,0,0,0,0,0,0,0,1,0,0,0,0,0,0,0
34855,5085,2,32,18,6,1,NA,882,0,2,0,0,0,0,0,0,0,0,0,0,0,0,1,0,0
34872,9287,2,30,20,2,1,NA,1583,0,13,0,0,0,0,0,0,0,0,0,0,1,0,0,0,0
34876,10658,2,49,25,4,1,NA,1576,0,9,1,0,0,0,0,0,0,0,0,0,0,0,0,0,0
34877,1500,2,24,12,4,1,NA,1511,0,4,0,0,0,0,0,0,0,0,0,1,0,0,0,0,0
34879,1783,2,53,24,5,0,NA,1812,0,8,0,0,0,0,0,0,1,0,0,0,0,0,0,0,0
34888,6964,2,28,14,2,1,NA,2767,0,11,0,0,0,0,0,0,0,0,1,0,0,0,0,0,0
34890,10578,2,49,9,4,1,NA,1646,0,2,0,0,0,0,0,0,0,0,0,0,0,0,1,0,0
34918,7849,2,52,1,1,0,NA,1938,1,13,0,0,0,0,0,0,0,0,0,0,1,0,0,0,0
35012,7447,2,54,27,3,0,NA,1795,0,2,0,0,0,0,0,0,0,0,0,0,0,0,1,0,0
35015,9873,2,25,9,4,1,NA,1357,0,7,0,0,0,0,0,0,0,0,0,0,0,1,0,0,0
35021,3943,2,75,17,5,0,NA,851,0,10,0,0,0,0,0,0,0,1,0,0,0,0,0,0,0
35077,1709,2,42,8,7,1,NA,1942,1,11,0,0,0,0,0,0,0,0,1,0,0,0,0,0,0
35080,4698,2,23,30,2,1,NA,1687,0,4,0,0,0,0,0,0,0,0,0,1,0,0,0,0,0
35095,6628,2,48,29,6,1,NA,1308,0,1,0,0,0,0,1,0,0,0,0,0,0,0,0,0,0
35118,10482,2,26,4,6,1,NA,1907,0,4,0,0,0,0,0,0,0,0,0,1,0,0,0,0,0
35189,2469,2,45,4,6,1,NA,2077,0,10,0,0,0,0,0,0,0,1,0,0,0,0,0,0,0
35210,10674,2,29,6,1,1,NA,972,1,2,0,0,0,0,0,0,0,0,0,0,0,0,1,0,0
35227,1172,2,65,24,5,0,NA,1572,0,8,0,0,0,0,0,0,1,0,0,0,0,0,0,0,0
35252,1422,2,36,19,4,1,NA,1208,0,15,0,0,1,0,0,0,0,0,0,0,0,0,0,0,0
35257,10170,2,19,19,4,1,NA,1357,0,15,0,0,1,0,0,0,0,0,0,0,0,0,0,0,0
35331,2366,2,45,17,2,1,NA,1458,0,15,0,0,1,0,0,0,0,0,0,0,0,0,0,0,0
35408,3317,2,48,11,6,1,NA,1736,0,11,0,0,0,0,0,0,0,0,1,0,0,0,0,0,0
35428,3943,2,57,17,5,0,NA,1098,0,10,0,0,0,0,0,0,0,1,0,0,0,0,0,0,0
35481,3433,2,35,26,7,1,NA,1787,1,6,0,0,0,0,0,0,0,0,0,0,0,0,0,0,1
35490,3255,2,19,1,1,1,NA,2127,1,3,0,0,0,0,0,1,0,0,0,0,0,0,0,0,0
35529,5782,2,40,10,5,1,NA,2234,0,9,1,0,0,0,0,0,0,0,0,0,0,0,0,0,0
35578,5260,2,45,5,5,1,NA,1576,0,13,0,0,0,0,0,0,0,0,0,0,1,0,0,0,0
35657,1094,2,40,4,6,1,NA,1988,0,4,0,0,0,0,0,0,0,0,0,1,0,0,0,0,0
35713,11483,2,48,21,5,1,NA,1381,0,2,0,0,0,0,0,0,0,0,0,0,0,0,1,0,0
35720,6203,2,72,1,2,0,NA,696,0,6,0,0,0,0,0,0,0,0,0,0,0,0,0,0,1
35771,10971,2,62,10,5,0,NA,1579,0,9,1,0,0,0,0,0,0,0,0,0,0,0,0,0,0
35851,9643,2,60,25,2,0,NA,2441,0,1,0,0,0,0,1,0,0,0,0,0,0,0,0,0,0
35872,9084,2,28,2,4,1,NA,2613,0,10,0,0,0,0,0,0,0,1,0,0,0,0,0,0,0
35878,512,2,37,3,3,1,NA,1061,0,13,0,0,0,0,0,0,0,0,0,0,1,0,0,0,0
35881,6829,2,70,26,7,0,NA,2108,1,9,1,0,0,0,0,0,0,0,0,0,0,0,0,0,0
35914,9985,2,20,17,5,1,NA,1389,0,10,0,0,0,0,0,0,0,1,0,0,0,0,0,0,0
35941,10898,2,25,8,3,1,NA,1537,0,4,0,0,0,0,0,0,0,0,0,1,0,0,0,0,0
36012,3792,2,60,15,3,0,NA,3187,0,10,0,0,0,0,0,0,0,1,0,0,0,0,0,0,0
36061,2052,2,35,27,4,1,NA,1240,0,1,0,0,0,0,1,0,0,0,0,0,0,0,0,0,0
36075,3983,2,42,9,4,1,NA,1892,0,7,0,0,0,0,0,0,0,0,0,0,0,1,0,0,0
36082,4698,2,48,30,2,1,NA,1420,0,4,0,0,0,0,0,0,0,0,0,1,0,0,0,0,0
36091,516,2,40,26,7,1,NA,845,1,9,1,0,0,0,0,0,0,0,0,0,0,0,0,0,0
36198,34,2,36,19,3,1,NA,1758,0,2,0,0,0,0,0,0,0,0,0,0,0,0,1,0,0
36255,6952,2,70,10,5,0,NA,1524,0,9,1,0,0,0,0,0,0,0,0,0,0,0,0,0,0
36261,10898,2,62,8,3,0,NA,1833,0,4,0,0,0,0,0,0,0,0,0,1,0,0,0,0,0
36262,11371,2,47,18,5,1,NA,2529,0,13,0,0,0,0,0,0,0,0,0,0,1,0,0,0,0
36284,6997,2,45,3,1,1,NA,2015,1,10,0,0,0,0,0,0,0,1,0,0,0,0,0,0,0
36304,567,2,47,8,1,1,NA,1369,1,12,0,0,0,1,0,0,0,0,0,0,0,0,0,0,0
36307,3373,2,30,25,7,1,NA,1957,1,10,0,0,0,0,0,0,0,1,0,0,0,0,0,0,0
36312,730,2,65,11,6,0,NA,2175,0,8,0,0,0,0,0,0,1,0,0,0,0,0,0,0,0
36313,5281,2,45,6,6,1,NA,2777,0,5,0,0,0,0,0,0,0,0,0,0,0,0,0,1,0
36320,8047,2,35,23,6,1,NA,2220,0,2,0,0,0,0,0,0,0,0,0,0,0,0,1,0,0
36338,9076,2,35,16,4,1,NA,2045,0,2,0,0,0,0,0,0,0,0,0,0,0,0,1,0,0
36346,318,2,67,4,2,0,NA,1382,0,15,0,0,1,0,0,0,0,0,0,0,0,0,0,0,0
36399,11127,2,53,27,7,0,NA,1867,1,6,0,0,0,0,0,0,0,0,0,0,0,0,0,0,1
36426,3922,2,40,10,5,1,NA,2708,0,9,1,0,0,0,0,0,0,0,0,0,0,0,0,0,0
36440,11726,2,48,10,2,1,NA,2179,0,11,0,0,0,0,0,0,0,0,1,0,0,0,0,0,0
36498,7138,2,34,11,2,1,NA,1752,0,11,0,0,0,0,0,0,0,0,1,0,0,0,0,0,0
36536,3819,2,46,17,2,1,NA,1299,0,15,0,0,1,0,0,0,0,0,0,0,0,0,0,0,0
36556,5937,2,22,2,6,1,NA,1353,0,8,0,0,0,0,0,0,1,0,0,0,0,0,0,0,0
36557,11628,2,24,27,3,1,NA,1844,0,11,0,0,0,0,0,0,0,0,1,0,0,0,0,0,0
36565,2203,2,45,30,6,1,NA,1496,0,13,0,0,0,0,0,0,0,0,0,0,1,0,0,0,0
36629,654,2,21,24,5,1,NA,993,0,8,0,0,0,0,0,0,1,0,0,0,0,0,0,0,0
36641,7985,2,70,13,3,0,NA,1987,0,14,0,1,0,0,0,0,0,0,0,0,0,0,0,0,0
36649,10200,2,24,6,1,1,NA,2875,1,11,0,0,0,0,0,0,0,0,1,0,0,0,0,0,0
36651,5760,2,34,16,4,1,NA,963,0,2,0,0,0,0,0,0,0,0,0,0,0,0,1,0,0
36673,9985,2,40,17,5,1,NA,1027,0,10,0,0,0,0,0,0,0,1,0,0,0,0,0,0,0
36685,11069,2,57,23,6,0,NA,2140,0,2,0,0,0,0,0,0,0,0,0,0,0,0,1,0,0
36688,10481,2,19,9,4,1,NA,1989,0,2,0,0,0,0,0,0,0,0,0,0,0,0,1,0,0
36699,9443,2,34,25,4,1,NA,2411,0,9,1,0,0,0,0,0,0,0,0,0,0,0,0,0,0
36726,4010,2,65,3,3,0,NA,930,0,3,0,0,0,0,0,1,0,0,0,0,0,0,0,0,0
36743,10407,2,21,3,1,1,NA,1164,1,10,0,0,0,0,0,0,0,1,0,0,0,0,0,0,0
36744,6921,2,40,24,5,1,NA,2206,0,6,0,0,0,0,0,0,0,0,0,0,0,0,0,0,1
36751,10305,2,63,23,6,0,NA,828,0,2,0,0,0,0,0,0,0,0,0,0,0,0,1,0,0
36753,3957,2,46,26,6,1,NA,1837,0,6,0,0,0,0,0,0,0,0,0,0,0,0,0,0,1
36755,7388,2,20,27,3,1,NA,1180,0,2,0,0,0,0,0,0,0,0,0,0,0,0,1,0,0
36759,3960,2,52,18,5,0,NA,402,0,13,0,0,0,0,0,0,0,0,0,0,1,0,0,0,0
36764,3948,2,23,30,5,1,NA,1607,0,4,0,0,0,0,0,0,0,0,0,1,0,0,0,0,0
36770,9782,2,30,21,3,1,NA,1514,0,13,0,0,0,0,0,0,0,0,0,0,1,0,0,0,0
36773,5560,2,38,6,1,1,NA,2283,1,11,0,0,0,0,0,0,0,0,1,0,0,0,0,0,0
36789,2550,2,22,2,6,1,NA,1808,0,3,0,0,0,0,0,1,0,0,0,0,0,0,0,0,0
36820,3761,2,27,10,6,1,NA,1601,0,2,0,0,0,0,0,0,0,0,0,0,0,0,1,0,0
36848,4700,2,55,24,5,0,NA,2727,0,8,0,0,0,0,0,0,1,0,0,0,0,0,0,0,0
36854,8897,2,48,3,3,1,NA,1575,0,13,0,0,0,0,0,0,0,0,0,0,1,0,0,0,0
36861,7813,2,28,27,3,1,NA,1713,0,2,0,0,0,0,0,0,0,0,0,0,0,0,1,0,0
36875,10389,2,72,8,3,0,NA,1014,0,4,0,0,0,0,0,0,0,0,0,1,0,0,0,0,0
36893,10962,2,33,27,6,1,NA,1723,0,8,0,0,0,0,0,0,1,0,0,0,0,0,0,0,0
36897,8972,2,37,16,4,1,NA,2067,0,2,0,0,0,0,0,0,0,0,0,0,0,0,1,0,0
36906,7849,2,24,1,1,1,NA,1938,1,13,0,0,0,0,0,0,0,0,0,0,1,0,0,0,0
36918,201,2,47,8,7,1,NA,1882,1,11,0,0,0,0,0,0,0,0,1,0,0,0,0,0,0
36938,2833,2,55,22,3,0,NA,2871,0,8,0,0,0,0,0,0,1,0,0,0,0,0,0,0,0
36995,1220,2,27,11,6,1,NA,1630,0,8,0,0,0,0,0,0,1,0,0,0,0,0,0,0,0
37014,3732,2,37,12,4,1,NA,1339,0,4,0,0,0,0,0,0,0,0,0,1,0,0,0,0,0
37097,7506,2,32,30,5,1,NA,1845,0,4,0,0,0,0,0,0,0,0,0,1,0,0,0,0,0
37102,8673,2,45,3,3,1,NA,1787,0,13,0,0,0,0,0,0,0,0,0,0,1,0,0,0,0
37114,8989,2,32,4,6,1,NA,1364,0,10,0,0,0,0,0,0,0,1,0,0,0,0,0,0,0
37126,961,2,21,6,1,1,NA,1347,1,2,0,0,0,0,0,0,0,0,0,0,0,0,1,0,0
37242,11512,2,21,2,5,1,NA,1959,0,15,0,0,1,0,0,0,0,0,0,0,0,0,0,0,0
37257,3923,2,55,4,6,0,NA,1673,0,10,0,0,0,0,0,0,0,1,0,0,0,0,0,0,0
37304,6019,2,40,30,5,1,NA,1089,0,4,0,0,0,0,0,0,0,0,0,1,0,0,0,0,0
37309,9084,2,62,2,4,0,NA,2713,0,10,0,0,0,0,0,0,0,1,0,0,0,0,0,0,0
37332,5026,2,47,27,3,1,NA,1715,0,11,0,0,0,0,0,0,0,0,1,0,0,0,0,0,0
37343,1934,2,29,30,6,1,NA,1025,0,11,0,0,0,0,0,0,0,0,1,0,0,0,0,0,0
37358,2362,2,32,2,4,1,NA,2324,0,14,0,1,0,0,0,0,0,0,0,0,0,0,0,0,0
37458,7973,2,46,3,6,1,NA,1917,0,13,0,0,0,0,0,0,0,0,0,0,1,0,0,0,0
37493,5981,2,26,6,2,1,NA,1712,0,14,0,1,0,0,0,0,0,0,0,0,0,0,0,0,0
37503,10120,2,33,27,4,1,NA,1739,0,1,0,0,0,0,1,0,0,0,0,0,0,0,0,0,0
37522,1998,2,20,30,5,1,NA,1783,0,4,0,0,0,0,0,0,0,0,0,1,0,0,0,0,0
37537,268,2,25,17,5,1,NA,1136,0,10,0,0,0,0,0,0,0,1,0,0,0,0,0,0,0
37578,11504,2,27,22,7,1,NA,1452,1,5,0,0,0,0,0,0,0,0,0,0,0,0,0,1,0
37589,7532,2,29,28,7,1,NA,2490,1,10,0,0,0,0,0,0,0,1,0,0,0,0,0,0,0
37652,2293,2,50,6,6,0,NA,3234,0,5,0,0,0,0,0,0,0,0,0,0,0,0,0,1,0
37784,620,2,60,24,5,0,NA,1798,0,8,0,0,0,0,0,0,1,0,0,0,0,0,0,0,0
37786,2970,2,24,2,5,1,NA,2119,0,15,0,0,1,0,0,0,0,0,0,0,0,0,0,0,0
37872,6952,2,50,10,5,0,NA,1843,0,9,1,0,0,0,0,0,0,0,0,0,0,0,0,0,0
37920,11430,2,23,8,1,1,NA,1423,1,12,0,0,0,1,0,0,0,0,0,0,0,0,0,0,0
37934,11090,2,18,2,4,1,NA,1218,0,10,0,0,0,0,0,0,0,1,0,0,0,0,0,0,0
38030,1214,2,36,1,2,1,NA,1628,0,6,0,0,0,0,0,0,0,0,0,0,0,0,0,0,1
38112,5922,2,27,2,4,1,NA,1689,0,10,0,0,0,0,0,0,0,1,0,0,0,0,0,0,0
38135,6187,2,30,27,4,1,NA,1851,0,13,0,0,0,0,0,0,0,0,0,0,1,0,0,0,0
38141,1637,2,65,10,6,0,NA,1217,0,2,0,0,0,0,0,0,0,0,0,0,0,0,1,0,0
38218,2750,2,38,12,2,1,NA,1918,0,15,0,0,1,0,0,0,0,0,0,0,0,0,0,0,0
38257,11014,2,46,20,1,1,NA,1349,1,4,0,0,0,0,0,0,0,0,0,1,0,0,0,0,0
38297,3284,2,55,18,5,0,NA,2014,0,1,0,0,0,0,1,0,0,0,0,0,0,0,0,0,0
38300,6716,2,51,29,5,0,NA,1535,0,12,0,0,0,1,0,0,0,0,0,0,0,0,0,0,0
38334,5384,2,38,30,5,1,NA,1533,0,4,0,0,0,0,0,0,0,0,0,1,0,0,0,0,0
38356,9170,2,65,18,1,0,NA,1499,1,14,0,1,0,0,0,0,0,0,0,0,0,0,0,0,0
38373,10352,2,28,31,2,1,NA,2136,0,7,0,0,0,0,0,0,0,0,0,0,0,1,0,0,0
38397,3760,2,39,13,3,1,NA,2155,0,15,0,0,1,0,0,0,0,0,0,0,0,0,0,0,0
38398,5231,2,27,17,5,1,NA,1888,0,10,0,0,0,0,0,0,0,1,0,0,0,0,0,0,0
38402,3721,2,26,8,3,1,NA,2165,0,4,0,0,0,0,0,0,0,0,0,1,0,0,0,0,0
38440,1596,2,62,10,2,0,NA,1569,0,11,0,0,0,0,0,0,0,0,1,0,0,0,0,0,0
38506,580,2,31,10,7,1,NA,1830,1,15,0,0,1,0,0,0,0,0,0,0,0,0,0,0,0
38549,9126,2,49,17,7,1,NA,2257,1,14,0,1,0,0,0,0,0,0,0,0,0,0,0,0,0
38631,1521,2,25,29,5,1,NA,1458,0,12,0,0,0,1,0,0,0,0,0,0,0,0,0,0,0
38647,10556,2,45,30,4,1,NA,1653,0,8,0,0,0,0,0,0,1,0,0,0,0,0,0,0,0
38654,8022,2,55,13,3,0,NA,2427,0,14,0,1,0,0,0,0,0,0,0,0,0,0,0,0,0
38657,1901,2,58,27,6,0,NA,1577,0,8,0,0,0,0,0,0,1,0,0,0,0,0,0,0,0
38676,759,2,30,5,5,1,NA,1911,0,13,0,0,0,0,0,0,0,0,0,0,1,0,0,0,0
38739,8231,2,52,13,4,0,NA,2051,0,11,0,0,0,0,0,0,0,0,1,0,0,0,0,0,0
38753,4217,2,60,23,7,0,NA,1890,1,1,0,0,0,0,1,0,0,0,0,0,0,0,0,0,0
38775,974,2,20,2,4,1,NA,1892,0,10,0,0,0,0,0,0,0,1,0,0,0,0,0,0,0
38779,11294,2,65,25,2,0,NA,1225,0,1,0,0,0,0,1,0,0,0,0,0,0,0,0,0,0
38864,7868,2,34,3,3,1,NA,1790,0,13,0,0,0,0,0,0,0,0,0,0,1,0,0,0,0
38876,1086,2,28,9,6,1,NA,2395,0,15,0,0,1,0,0,0,0,0,0,0,0,0,0,0,0
38903,230,2,27,3,1,1,NA,2073,1,10,0,0,0,0,0,0,0,1,0,0,0,0,0,0,0
38994,2711,2,26,1,1,1,NA,1692,1,13,0,0,0,0,0,0,0,0,0,0,1,0,0,0,0
39023,2945,2,45,15,3,1,NA,2113,0,10,0,0,0,0,0,0,0,1,0,0,0,0,0,0,0
39024,2520,2,65,27,4,0,NA,728,0,13,0,0,0,0,0,0,0,0,0,0,1,0,0,0,0
39174,654,2,18,24,5,1,NA,959,0,8,0,0,0,0,0,0,1,0,0,0,0,0,0,0,0
39177,11900,2,50,26,7,0,NA,1874,1,9,1,0,0,0,0,0,0,0,0,0,0,0,0,0,0
39184,8718,2,40,8,1,1,NA,2065,1,12,0,0,0,1,0,0,0,0,0,0,0,0,0,0,0
39211,7388,2,49,27,3,1,NA,1245,0,2,0,0,0,0,0,0,0,0,0,0,0,0,1,0,0
39228,7946,2,19,14,2,1,NA,1572,0,11,0,0,0,0,0,0,0,0,1,0,0,0,0,0,0
39241,8722,2,46,16,4,1,NA,1832,0,2,0,0,0,0,0,0,0,0,0,0,0,0,1,0,0
39269,10462,2,68,28,7,0,NA,2369,1,10,0,0,0,0,0,0,0,1,0,0,0,0,0,0,0
39387,10809,2,26,30,2,1,NA,1839,0,4,0,0,0,0,0,0,0,0,0,1,0,0,0,0,0
39416,10260,2,65,26,7,0,NA,1687,1,9,1,0,0,0,0,0,0,0,0,0,0,0,0,0,0
39500,2592,2,39,25,5,1,NA,1838,0,5,0,0,0,0,0,0,0,0,0,0,0,0,0,1,0
39542,2092,2,26,2,6,1,NA,2037,0,3,0,0,0,0,0,1,0,0,0,0,0,0,0,0,0
39550,5008,2,28,8,7,1,NA,2032,1,11,0,0,0,0,0,0,0,0,1,0,0,0,0,0,0
39556,11670,2,38,14,6,1,NA,2555,0,4,0,0,0,0,0,0,0,0,0,1,0,0,0,0,0
39604,9431,2,50,17,2,0,NA,1639,0,15,0,0,1,0,0,0,0,0,0,0,0,0,0,0,0
39606,6040,2,42,22,5,1,NA,1333,0,2,0,0,0,0,0,0,0,0,0,0,0,0,1,0,0
39644,8722,2,23,16,4,1,NA,1813,0,2,0,0,0,0,0,0,0,0,0,0,0,0,1,0,0
39686,3140,2,46,8,7,1,NA,2057,1,11,0,0,0,0,0,0,0,0,1,0,0,0,0,0,0
39718,2476,2,40,30,3,1,NA,1508,0,15,0,0,1,0,0,0,0,0,0,0,0,0,0,0,0
