SUBJECT,HOUSEHOLD,SEX,AGE_YEAR,CONSUMPTION_DAY,WEEK_DAY,PREG_LACT,BREASTFEEDING,sum_ENERGY_kcal,WEEKEND,adm2_,adm2_2,adm2_6,adm2_3,adm2_7,adm2_8,adm2_1,adm2_4,adm2_5
38,6121,1,37,14,3,NA,NA,1512,0,2,1,0,0,0,0,0,0,0
79,6012,1,22,30,6,NA,NA,1072,0,6,0,1,0,0,0,0,0,0
97,3580,1,38,29,7,NA,NA,2539,1,3,0,0,1,0,0,0,0,0
120,10453,1,40,19,4,NA,NA,1898,0,7,0,0,0,1,0,0,0,0
149,4663,1,54,19,4,NA,NA,2265,0,8,0,0,0,0,1,0,0,0
201,1672,1,58,10,1,NA,NA,1251,1,1,0,0,0,0,0,1,0,0
214,5356,1,50,19,7,NA,NA,2195,1,3,0,0,1,0,0,0,0,0
289,9067,1,19,21,6,NA,NA,943,0,8,0,0,0,0,1,0,0,0
315,3161,1,23,24,6,NA,NA,1424,0,3,0,0,1,0,0,0,0,0
405,10174,1,53,9,3,NA,NA,1927,0,4,0,0,0,0,0,0,1,0
466,8223,1,20,11,1,NA,NA,1222,1,8,0,0,0,0,1,0,0,0
580,1744,1,36,6,4,NA,NA,1274,0,6,0,1,0,0,0,0,0,0
600,156,1,40,28,4,NA,NA,1485,0,6,0,1,0,0,0,0,0,0
611,3285,1,26,3,5,NA,NA,1100,0,7,0,0,0,1,0,0,0,0
632,8919,1,36,12,2,NA,NA,1384,0,8,0,0,0,0,1,0,0,0
642,1409,1,65,27,1,NA,NA,1578,1,4,0,0,0,0,0,0,1,0
658,8017,1,52,26,2,NA,NA,1587,0,7,0,0,0,1,0,0,0,0
767,1495,1,19,1,1,NA,NA,1265,1,6,0,1,0,0,0,0,0,0
778,10763,1,55,9,3,NA,NA,2170,0,4,0,0,0,0,0,0,1,0
824,1845,1,28,28,6,NA,NA,2307,0,3,0,0,1,0,0,0,0,0
895,5860,1,30,9,6,NA,NA,1121,0,8,0,0,0,0,1,0,0,0
899,3733,1,43,28,4,NA,NA,1800,0,7,0,0,0,1,0,0,0,0
933,9696,1,65,10,7,NA,NA,1713,1,6,0,1,0,0,0,0,0,0
935,4589,1,53,12,1,NA,NA,1370,1,1,0,0,0,0,0,1,0,0
1070,3277,1,52,20,5,NA,NA,1317,0,8,0,0,0,0,1,0,0,0
1113,6916,1,40,13,2,NA,NA,1248,0,1,0,0,0,0,0,1,0,0
1235,1572,1,47,21,1,NA,NA,2333,1,3,0,0,1,0,0,0,0,0
1293,303,1,82,27,1,NA,NA,340,1,4,0,0,0,0,0,0,1,0
1302,1444,1,45,12,2,NA,NA,1601,0,6,0,1,0,0,0,0,0,0
1377,4856,1,65,10,6,NA,NA,1412,0,2,1,0,0,0,0,0,0,0
1390,240,1,29,30,6,NA,NA,1485,0,6,0,1,0,0,0,0,0,0
1433,467,1,39,6,3,NA,NA,1909,0,8,0,0,0,0,1,0,0,0
1455,7409,1,77,9,7,NA,NA,1234,1,6,0,1,0,0,0,0,0,0
1463,340,1,60,20,4,NA,NA,1746,0,5,0,0,0,0,0,0,0,1
1476,1659,1,21,20,5,NA,NA,1315,0,8,0,0,0,0,1,0,0,0
1504,6455,1,45,11,2,NA,NA,2112,0,1,0,0,0,0,0,1,0,0
1588,3481,1,74,5,7,NA,NA,1724,1,3,0,0,1,0,0,0,0,0
1674,9367,1,51,17,2,NA,NA,1347,0,7,0,0,0,1,0,0,0,0
1690,1242,1,21,12,2,NA,NA,1130,0,8,0,0,0,0,1,0,0,0
1716,1391,1,19,19,4,NA,NA,1487,0,8,0,0,0,0,1,0,0,0
1718,3405,1,28,25,7,NA,NA,1547,1,7,0,0,0,1,0,0,0,0
1742,11099,1,30,14,2,NA,NA,2023,0,4,0,0,0,0,0,0,1,0
1771,5473,1,44,11,5,NA,NA,2072,0,4,0,0,0,0,0,0,1,0
1783,10324,1,45,14,3,NA,NA,1361,0,2,1,0,0,0,0,0,0,0
1830,4515,1,60,1,1,NA,NA,1502,1,6,0,1,0,0,0,0,0,0
1848,4825,1,77,12,2,NA,NA,1990,0,6,0,1,0,0,0,0,0,0
1855,5261,1,37,8,2,NA,NA,1611,0,3,0,0,1,0,0,0,0,0
1857,426,1,33,17,6,NA,NA,1376,0,2,1,0,0,0,0,0,0,0
1859,1495,1,19,1,1,NA,NA,1265,1,6,0,1,0,0,0,0,0,0
1884,4502,1,46,21,6,NA,NA,1382,0,8,0,0,0,0,1,0,0,0
1906,9296,1,28,26,2,NA,NA,2307,0,7,0,0,0,1,0,0,0,0
1931,2627,1,34,20,5,NA,NA,1880,0,8,0,0,0,0,1,0,0,0
1970,4067,1,22,26,3,NA,NA,1757,0,5,0,0,0,0,0,0,0,1
2005,11155,1,42,28,3,NA,NA,1324,0,3,0,0,1,0,0,0,0,0
2029,9254,1,82,24,2,NA,NA,1773,0,3,0,0,1,0,0,0,0,0
2147,9770,1,35,19,4,NA,NA,1231,0,8,0,0,0,0,1,0,0,0
2189,6627,1,61,1,3,NA,NA,1472,0,1,0,0,0,0,0,1,0,0
2241,477,1,65,2,2,NA,NA,931,0,6,0,1,0,0,0,0,0,0
2246,3072,1,21,8,6,NA,NA,1833,0,1,0,0,0,0,0,1,0,0
2257,9875,1,72,10,6,NA,NA,997,0,2,1,0,0,0,0,0,0,0
2259,8715,1,40,21,6,NA,NA,1301,0,8,0,0,0,0,1,0,0,0
2301,3302,1,38,26,2,NA,NA,1354,0,1,0,0,0,0,0,1,0,0
2312,3949,1,70,8,4,NA,NA,1892,0,1,0,0,0,0,0,1,0,0
2320,2663,1,61,26,1,NA,NA,2678,1,7,0,0,0,1,0,0,0,0
2332,4687,1,21,24,1,NA,NA,1216,1,5,0,0,0,0,0,0,0,1
2369,4838,1,59,6,7,NA,NA,2182,1,3,0,0,1,0,0,0,0,0
2418,4048,1,27,23,7,NA,NA,1521,1,5,0,0,0,0,0,0,0,1
2435,8806,1,52,22,7,NA,NA,1736,1,8,0,0,0,0,1,0,0,0
2471,128,1,37,23,7,NA,NA,1426,1,5,0,0,0,0,0,0,0,1
2512,9821,1,30,23,6,NA,NA,2775,0,7,0,0,0,1,0,0,0,0
2537,11780,1,38,26,1,NA,NA,1931,1,7,0,0,0,1,0,0,0,0
2543,6607,1,42,19,4,NA,NA,1402,0,8,0,0,0,0,1,0,0,0
2583,3027,1,24,30,6,NA,NA,2396,0,1,0,0,0,0,0,1,0,0
2667,10429,1,34,7,4,NA,NA,1886,0,6,0,1,0,0,0,0,0,0
2848,4016,1,30,12,2,NA,NA,826,0,8,0,0,0,0,1,0,0,0
2894,1316,1,67,6,7,NA,NA,3163,1,3,0,0,1,0,0,0,0,0
2963,11858,1,42,15,3,NA,NA,1569,0,4,0,0,0,0,0,0,1,0
3012,8807,1,69,21,4,NA,NA,1357,0,1,0,0,0,0,0,1,0,0
3057,10714,1,75,24,2,NA,NA,1002,0,8,0,0,0,0,1,0,0,0
3083,3414,1,39,25,7,NA,NA,1568,1,7,0,0,0,1,0,0,0,0
3110,3134,1,51,8,5,NA,NA,1833,0,8,0,0,0,0,1,0,0,0
3258,10467,1,60,16,4,NA,NA,1586,0,3,0,0,1,0,0,0,0,0
3263,8379,1,60,12,2,NA,NA,1390,0,6,0,1,0,0,0,0,0,0
3331,5594,1,39,12,1,NA,NA,2467,1,1,0,0,0,0,0,1,0,0
3362,10079,1,62,6,7,NA,NA,2361,1,4,0,0,0,0,0,0,1,0
3384,9594,1,30,29,4,NA,NA,1560,0,7,0,0,0,1,0,0,0,0
3399,3982,1,39,19,4,NA,NA,632,0,8,0,0,0,0,1,0,0,0
3424,7943,1,67,12,3,NA,NA,1448,0,1,0,0,0,0,0,1,0,0
3454,8403,1,28,24,2,NA,NA,1049,0,3,0,0,1,0,0,0,0,0
3485,5682,1,48,29,3,NA,NA,2272,0,3,0,0,1,0,0,0,0,0
3508,42,1,38,29,3,NA,NA,2169,0,3,0,0,1,0,0,0,0,0
3516,10096,1,40,1,3,NA,NA,1489,0,1,0,0,0,0,0,1,0,0
3521,3285,1,54,3,5,NA,NA,986,0,7,0,0,0,1,0,0,0,0
3538,10196,1,32,20,5,NA,NA,1969,0,7,0,0,0,1,0,0,0,0
3564,10017,1,34,9,5,NA,NA,1420,0,1,0,0,0,0,0,1,0,0
3595,2927,1,61,14,3,NA,NA,1655,0,2,1,0,0,0,0,0,0,0
3597,8035,1,23,8,6,NA,NA,1862,0,1,0,0,0,0,0,1,0,0
3638,8489,1,75,11,5,NA,NA,1513,0,4,0,0,0,0,0,0,1,0
3654,5364,1,48,5,7,NA,NA,1967,1,3,0,0,1,0,0,0,0,0
3815,3005,1,55,21,4,NA,NA,2409,0,1,0,0,0,0,0,1,0,0
3837,7059,1,42,16,7,NA,NA,1530,1,5,0,0,0,0,0,0,0,1
3844,9832,1,37,2,4,NA,NA,1781,0,1,0,0,0,0,0,1,0,0
3867,1207,1,50,17,2,NA,NA,2291,0,7,0,0,0,1,0,0,0,0
3920,399,1,35,25,7,NA,NA,2383,1,3,0,0,1,0,0,0,0,0
3997,8534,1,28,26,3,NA,NA,1777,0,5,0,0,0,0,0,0,0,1
4014,8945,1,40,7,1,NA,NA,2854,1,3,0,0,1,0,0,0,0,0
4028,5846,1,42,8,5,NA,NA,1391,0,8,0,0,0,0,1,0,0,0
4148,11717,1,28,16,7,NA,NA,1485,1,5,0,0,0,0,0,0,0,1
4176,6356,1,39,5,7,NA,NA,1811,1,3,0,0,1,0,0,0,0,0
4194,836,1,18,28,3,NA,NA,913,0,3,0,0,1,0,0,0,0,0
4196,8121,1,34,22,6,NA,NA,1857,0,5,0,0,0,0,0,0,0,1
4207,3514,1,55,9,6,NA,NA,1236,0,8,0,0,0,0,1,0,0,0
4320,317,1,38,9,6,NA,NA,1182,0,6,0,1,0,0,0,0,0,0
4322,1108,1,47,26,1,NA,NA,1305,1,7,0,0,0,1,0,0,0,0
4344,770,1,43,14,3,NA,NA,2182,0,1,0,0,0,0,0,1,0,0
4369,8939,1,18,7,3,NA,NA,1351,0,1,0,0,0,0,0,1,0,0
4579,6786,1,35,24,1,NA,NA,1430,1,5,0,0,0,0,0,0,0,1
4593,11302,1,52,31,7,NA,NA,1617,1,1,0,0,0,0,0,1,0,0
4619,2765,1,46,12,1,NA,NA,1767,1,1,0,0,0,0,0,1,0,0
4620,3249,1,35,7,4,NA,NA,1575,0,6,0,1,0,0,0,0,0,0
4644,8968,1,18,9,3,NA,NA,2178,0,4,0,0,0,0,0,0,1,0
4704,3642,1,22,26,7,NA,NA,1743,1,1,0,0,0,0,0,1,0,0
4723,2272,1,35,25,2,NA,NA,1565,0,5,0,0,0,0,0,0,0,1
4733,7709,1,35,14,4,NA,NA,1199,0,8,0,0,0,0,1,0,0,0
4771,3509,1,26,25,7,NA,NA,1683,1,7,0,0,0,1,0,0,0,0
4871,4548,1,66,30,6,NA,NA,1011,0,1,0,0,0,0,0,1,0,0
4960,7438,1,45,21,1,NA,NA,1495,1,3,0,0,1,0,0,0,0,0
5008,10286,1,35,28,4,NA,NA,1766,0,7,0,0,0,1,0,0,0,0
5055,5087,1,41,24,2,NA,NA,1439,0,8,0,0,0,0,1,0,0,0
5067,8582,1,20,25,2,NA,NA,1496,0,5,0,0,0,0,0,0,0,1
5069,1066,1,30,12,1,NA,NA,1461,1,2,1,0,0,0,0,0,0,0
5089,3598,1,42,16,4,NA,NA,2280,0,4,0,0,0,0,0,0,1,0
5170,8901,1,42,14,5,NA,NA,3080,0,1,0,0,0,0,0,1,0,0
5279,4742,1,53,9,6,NA,NA,1222,0,8,0,0,0,0,1,0,0,0
5321,5598,1,35,22,6,NA,NA,1523,0,5,0,0,0,0,0,0,0,1
5336,847,1,23,23,7,NA,NA,1517,1,5,0,0,0,0,0,0,0,1
5386,4361,1,26,14,4,NA,NA,1477,0,8,0,0,0,0,1,0,0,0
5438,10291,1,30,20,4,NA,NA,1628,0,5,0,0,0,0,0,0,0,1
5511,9067,1,30,21,6,NA,NA,943,0,8,0,0,0,0,1,0,0,0
5552,10539,1,49,16,4,NA,NA,2030,0,3,0,0,1,0,0,0,0,0
5558,9831,1,20,29,4,NA,NA,1454,0,7,0,0,0,1,0,0,0,0
5596,400,1,47,29,3,NA,NA,1135,0,4,0,0,0,0,0,0,1,0
5598,8307,1,45,23,1,NA,NA,2070,1,3,0,0,1,0,0,0,0,0
5644,4670,1,30,28,6,NA,NA,2025,0,3,0,0,1,0,0,0,0,0
5660,4313,1,22,2,2,NA,NA,1334,0,6,0,1,0,0,0,0,0,0
5871,11012,1,44,7,3,NA,NA,1370,0,1,0,0,0,0,0,1,0,0
5879,11842,1,19,23,6,NA,NA,2110,0,7,0,0,0,1,0,0,0,0
5898,8502,1,40,14,4,NA,NA,1777,0,8,0,0,0,0,1,0,0,0
5973,8969,1,55,20,5,NA,NA,1733,0,8,0,0,0,0,1,0,0,0
5996,3042,1,75,13,7,NA,NA,1391,1,4,0,0,0,0,0,0,1,0
6071,9826,1,45,14,3,NA,NA,1836,0,2,1,0,0,0,0,0,0,0
6119,7467,1,28,9,6,NA,NA,1557,0,8,0,0,0,0,1,0,0,0
6155,1671,1,34,13,2,NA,NA,1744,0,1,0,0,0,0,0,1,0,0
6168,9569,1,65,24,2,NA,NA,1735,0,3,0,0,1,0,0,0,0,0
6170,6455,1,22,11,2,NA,NA,2309,0,1,0,0,0,0,0,1,0,0
6213,3805,1,19,12,2,NA,NA,2276,0,6,0,1,0,0,0,0,0,0
6222,7594,1,39,28,6,NA,NA,1621,0,3,0,0,1,0,0,0,0,0
6270,9866,1,55,5,2,NA,NA,1215,0,8,0,0,0,0,1,0,0,0
6283,11134,1,36,13,5,NA,NA,1582,0,7,0,0,0,1,0,0,0,0
6295,2914,1,41,25,6,NA,NA,1624,0,4,0,0,0,0,0,0,1,0
6320,4865,1,30,25,7,NA,NA,1602,1,7,0,0,0,1,0,0,0,0
6327,1730,1,40,22,7,NA,NA,2264,1,8,0,0,0,0,1,0,0,0
6357,4842,1,19,25,6,NA,NA,1963,0,4,0,0,0,0,0,0,1,0
6368,10355,1,52,13,4,NA,NA,1250,0,5,0,0,0,0,0,0,0,1
6411,1826,1,46,6,7,NA,NA,1519,1,3,0,0,1,0,0,0,0,0
6458,9604,1,45,28,4,NA,NA,1327,0,6,0,1,0,0,0,0,0,0
6510,11064,1,27,16,7,NA,NA,1506,1,5,0,0,0,0,0,0,0,1
6589,4250,1,20,1,3,NA,NA,1612,0,1,0,0,0,0,0,1,0,0
6595,4459,1,51,9,3,NA,NA,2213,0,4,0,0,0,0,0,0,1,0
6677,4548,1,38,30,6,NA,NA,1654,0,1,0,0,0,0,0,1,0,0
6691,4499,1,50,30,6,NA,NA,1343,0,6,0,1,0,0,0,0,0,0
6728,10348,1,41,6,7,NA,NA,2454,1,3,0,0,1,0,0,0,0,0
6772,5588,1,56,9,5,NA,NA,688,0,2,1,0,0,0,0,0,0,0
6784,3520,1,35,9,5,NA,NA,1319,0,2,1,0,0,0,0,0,0,0
6813,693,1,26,26,4,NA,NA,1639,0,7,0,0,0,1,0,0,0,0
6854,10905,1,55,22,5,NA,NA,1628,0,1,0,0,0,0,0,1,0,0
6871,1377,1,33,7,5,NA,NA,1095,0,1,0,0,0,0,0,1,0,0
6905,6804,1,38,12,1,NA,NA,1444,1,2,1,0,0,0,0,0,0,0
6909,1744,1,65,6,4,NA,NA,1517,0,6,0,1,0,0,0,0,0,0
6945,2296,1,40,30,6,NA,NA,1813,0,6,0,1,0,0,0,0,0,0
6963,6739,1,50,20,4,NA,NA,1679,0,5,0,0,0,0,0,0,0,1
7026,11519,1,37,26,3,NA,NA,1817,0,5,0,0,0,0,0,0,0,1
7080,8001,1,34,28,6,NA,NA,1906,0,3,0,0,1,0,0,0,0,0
7189,6512,1,30,26,2,NA,NA,1225,0,1,0,0,0,0,0,1,0,0
7199,9218,1,62,19,7,NA,NA,1905,1,3,0,0,1,0,0,0,0,0
7204,2569,1,61,6,7,NA,NA,1648,1,3,0,0,1,0,0,0,0,0
7213,3601,1,35,23,1,NA,NA,2283,1,3,0,0,1,0,0,0,0,0
7297,4875,1,31,6,3,NA,NA,1201,0,8,0,0,0,0,1,0,0,0
7317,11283,1,35,2,6,NA,NA,1576,0,3,0,0,1,0,0,0,0,0
7347,2501,1,38,12,2,NA,NA,932,0,8,0,0,0,0,1,0,0,0
7365,9878,1,22,7,4,NA,NA,1585,0,6,0,1,0,0,0,0,0,0
7368,7270,1,35,11,7,NA,NA,216,1,1,0,0,0,0,0,1,0,0
7456,2426,1,58,14,3,NA,NA,1875,0,1,0,0,0,0,0,1,0,0
7466,10467,1,25,16,4,NA,NA,1586,0,3,0,0,1,0,0,0,0,0
7488,9832,1,62,2,4,NA,NA,1335,0,1,0,0,0,0,0,1,0,0
7502,2006,1,60,13,5,NA,NA,1426,0,7,0,0,0,1,0,0,0,0
7505,11511,1,42,22,6,NA,NA,2067,0,5,0,0,0,0,0,0,0,1
7526,7099,1,34,13,2,NA,NA,1058,0,1,0,0,0,0,0,1,0,0
7678,5299,1,18,9,5,NA,NA,1839,0,1,0,0,0,0,0,1,0,0
7697,9745,1,40,23,1,NA,NA,1295,1,8,0,0,0,0,1,0,0,0
7716,2295,1,48,2,6,NA,NA,1450,0,3,0,0,1,0,0,0,0,0
7751,7982,1,18,14,1,NA,NA,1474,1,4,0,0,0,0,0,0,1,0
7756,4136,1,18,26,3,NA,NA,1238,0,5,0,0,0,0,0,0,0,1
7816,3509,1,70,25,7,NA,NA,717,1,7,0,0,0,1,0,0,0,0
7896,2156,1,28,17,4,NA,NA,1992,0,3,0,0,1,0,0,0,0,0
7925,7311,1,28,1,5,NA,NA,1935,0,3,0,0,1,0,0,0,0,0
7952,3684,1,39,22,7,NA,NA,2254,1,8,0,0,0,0,1,0,0,0
8025,6671,1,41,19,4,NA,NA,1621,0,7,0,0,0,1,0,0,0,0
8044,11562,1,30,23,6,NA,NA,1492,0,1,0,0,0,0,0,1,0,0
8049,6199,1,34,15,3,NA,NA,1506,0,4,0,0,0,0,0,0,1,0
8081,3461,1,60,26,7,NA,NA,1298,1,1,0,0,0,0,0,1,0,0
8179,4482,1,37,23,1,NA,NA,1800,1,7,0,0,0,1,0,0,0,0
8193,6304,1,40,25,2,NA,NA,1977,0,5,0,0,0,0,0,0,0,1
8207,4843,1,35,9,6,NA,NA,1382,0,8,0,0,0,0,1,0,0,0
8262,2524,1,26,26,4,NA,NA,1934,0,7,0,0,0,1,0,0,0,0
8301,1980,1,48,23,1,NA,NA,1462,1,8,0,0,0,0,1,0,0,0
8338,4782,1,18,12,2,NA,NA,1174,0,8,0,0,0,0,1,0,0,0
8341,11583,1,19,8,5,NA,NA,1843,0,6,0,1,0,0,0,0,0,0
8362,7751,1,47,23,6,NA,NA,1899,0,7,0,0,0,1,0,0,0,0
8369,3746,1,33,24,5,NA,NA,1770,0,4,0,0,0,0,0,0,1,0
8418,1829,1,38,9,6,NA,NA,1483,0,8,0,0,0,0,1,0,0,0
8519,3067,1,46,2,4,NA,NA,1421,0,1,0,0,0,0,0,1,0,0
8565,1391,1,41,19,4,NA,NA,1684,0,8,0,0,0,0,1,0,0,0
8589,10673,1,50,31,7,NA,NA,1570,1,1,0,0,0,0,0,1,0,0
8655,3034,1,20,25,6,NA,NA,1776,0,1,0,0,0,0,0,1,0,0
8663,156,1,19,28,4,NA,NA,809,0,6,0,1,0,0,0,0,0,0
8671,5945,1,60,23,4,NA,NA,2037,0,3,0,0,1,0,0,0,0,0
8790,4088,1,19,28,4,NA,NA,1838,0,7,0,0,0,1,0,0,0,0
8879,3947,1,46,18,2,NA,NA,1737,0,5,0,0,0,0,0,0,0,1
8936,3460,1,25,22,6,NA,NA,1282,0,5,0,0,0,0,0,0,0,1
8948,10440,1,38,23,1,NA,NA,1794,1,3,0,0,1,0,0,0,0,0
8949,6592,1,18,8,6,NA,NA,1718,0,1,0,0,0,0,0,1,0,0
9082,5064,1,52,29,5,NA,NA,1387,0,1,0,0,0,0,0,1,0,0
9084,8995,1,55,26,3,NA,NA,1584,0,5,0,0,0,0,0,0,0,1
9093,7917,1,60,26,7,NA,NA,1595,1,1,0,0,0,0,0,1,0,0
9112,8977,1,33,10,1,NA,NA,1932,1,1,0,0,0,0,0,1,0,0
9115,7596,1,23,26,4,NA,NA,1173,0,7,0,0,0,1,0,0,0,0
9142,6799,1,52,28,4,NA,NA,1283,0,6,0,1,0,0,0,0,0,0
9184,9577,1,33,6,3,NA,NA,1662,0,6,0,1,0,0,0,0,0,0
9197,11240,1,40,29,5,NA,NA,1761,0,1,0,0,0,0,0,1,0,0
9226,1555,1,65,6,7,NA,NA,1423,1,4,0,0,0,0,0,0,1,0
9370,10762,1,19,28,6,NA,NA,1906,0,3,0,0,1,0,0,0,0,0
9411,6926,1,37,9,5,NA,NA,1143,0,2,1,0,0,0,0,0,0,0
9432,1293,1,40,8,2,NA,NA,3381,0,3,0,0,1,0,0,0,0,0
9474,1991,1,22,24,2,NA,NA,1310,0,8,0,0,0,0,1,0,0,0
9533,4946,1,75,18,2,NA,NA,1487,0,5,0,0,0,0,0,0,0,1
9537,9680,1,41,2,2,NA,NA,1375,0,6,0,1,0,0,0,0,0,0
9559,4939,1,51,9,5,NA,NA,1537,0,2,1,0,0,0,0,0,0,0
9636,10605,1,35,20,5,NA,NA,1320,0,8,0,0,0,0,1,0,0,0
9661,3901,1,53,12,2,NA,NA,1665,0,6,0,1,0,0,0,0,0,0
9713,4570,1,50,14,3,NA,NA,2157,0,2,1,0,0,0,0,0,0,0
9766,7815,1,37,6,7,NA,NA,2826,1,4,0,0,0,0,0,0,1,0
9835,6165,1,35,8,6,NA,NA,1938,0,1,0,0,0,0,0,1,0,0
9858,2107,1,60,27,1,NA,NA,1966,1,4,0,0,0,0,0,0,1,0
9885,4512,1,22,7,3,NA,NA,2073,0,1,0,0,0,0,0,1,0,0
9936,10174,1,23,9,3,NA,NA,1944,0,4,0,0,0,0,0,0,1,0
9940,7934,1,22,26,1,NA,NA,1486,1,3,0,0,1,0,0,0,0,0
9955,9391,1,38,20,4,NA,NA,1456,0,5,0,0,0,0,0,0,0,1
10043,1444,1,20,12,2,NA,NA,1951,0,6,0,1,0,0,0,0,0,0
10125,7181,1,35,10,4,NA,NA,1388,0,4,0,0,0,0,0,0,1,0
10198,4030,1,42,24,6,NA,NA,817,0,3,0,0,1,0,0,0,0,0
10242,5751,1,57,25,6,NA,NA,1249,0,1,0,0,0,0,0,1,0,0
10317,10437,1,44,3,3,NA,NA,1323,0,6,0,1,0,0,0,0,0,0
10374,7044,1,37,15,5,NA,NA,2143,0,8,0,0,0,0,1,0,0,0
10385,10511,1,25,23,6,NA,NA,2230,0,1,0,0,0,0,0,1,0,0
10418,3947,1,18,18,2,NA,NA,1737,0,5,0,0,0,0,0,0,0,1
10439,3858,1,50,3,5,NA,NA,1444,0,7,0,0,0,1,0,0,0,0
10473,8944,1,70,15,3,NA,NA,1782,0,4,0,0,0,0,0,0,1,0
10489,3988,1,50,16,5,NA,NA,1471,0,2,1,0,0,0,0,0,0,0
10520,5112,1,45,23,1,NA,NA,1962,1,3,0,0,1,0,0,0,0,0
10639,7235,1,29,25,7,NA,NA,1664,1,7,0,0,0,1,0,0,0,0
10672,7232,1,30,15,4,NA,NA,2058,0,2,1,0,0,0,0,0,0,0
10687,9367,1,22,17,2,NA,NA,1347,0,7,0,0,0,1,0,0,0,0
10735,6541,1,30,19,4,NA,NA,1975,0,7,0,0,0,1,0,0,0,0
10759,4954,1,49,9,7,NA,NA,1401,1,6,0,1,0,0,0,0,0,0
10779,3502,1,43,16,4,NA,NA,2394,0,3,0,0,1,0,0,0,0,0
10799,1122,1,38,7,5,NA,NA,459,0,1,0,0,0,0,0,1,0,0
10928,7437,1,28,14,1,NA,NA,2132,1,4,0,0,0,0,0,0,1,0
10941,6543,1,25,21,6,NA,NA,1412,0,8,0,0,0,0,1,0,0,0
10971,3669,1,26,14,5,NA,NA,2380,0,1,0,0,0,0,0,1,0,0
10987,5627,1,31,5,7,NA,NA,1768,1,7,0,0,0,1,0,0,0,0
10996,11123,1,45,12,2,NA,NA,867,0,8,0,0,0,0,1,0,0,0
11010,7200,1,28,15,6,NA,NA,1705,0,1,0,0,0,0,0,1,0,0
11076,10017,1,56,9,5,NA,NA,1237,0,1,0,0,0,0,0,1,0,0
11112,10855,1,40,13,2,NA,NA,1483,0,2,1,0,0,0,0,0,0,0
11124,4825,1,42,12,2,NA,NA,2786,0,6,0,1,0,0,0,0,0,0
11298,3461,1,33,26,7,NA,NA,1298,1,1,0,0,0,0,0,1,0,0
11302,4676,1,18,24,5,NA,NA,1599,0,3,0,0,1,0,0,0,0,0
11321,4836,1,42,5,2,NA,NA,1199,0,8,0,0,0,0,1,0,0,0
11349,6097,1,62,29,3,NA,NA,1394,0,4,0,0,0,0,0,0,1,0
11468,553,1,53,14,1,NA,NA,1776,1,4,0,0,0,0,0,0,1,0
11472,8794,1,24,14,3,NA,NA,2271,0,1,0,0,0,0,0,1,0,0
11615,9343,1,35,22,7,NA,NA,1984,1,8,0,0,0,0,1,0,0,0
11642,11662,1,37,11,2,NA,NA,1816,0,1,0,0,0,0,0,1,0,0
11674,10500,1,33,8,4,NA,NA,1482,0,2,1,0,0,0,0,0,0,0
11703,4206,1,65,11,1,NA,NA,1380,1,8,0,0,0,0,1,0,0,0
11709,8879,1,18,9,3,NA,NA,2672,0,4,0,0,0,0,0,0,1,0
11736,7097,1,23,24,6,NA,NA,1344,0,3,0,0,1,0,0,0,0,0
11754,9912,1,24,16,5,NA,NA,1271,0,2,1,0,0,0,0,0,0,0
11760,240,1,24,30,6,NA,NA,1381,0,6,0,1,0,0,0,0,0,0
11767,4654,1,38,26,2,NA,NA,2487,0,7,0,0,0,1,0,0,0,0
11841,9470,1,32,25,2,NA,NA,1457,0,5,0,0,0,0,0,0,0,1
11894,274,1,36,13,4,NA,NA,1733,0,5,0,0,0,0,0,0,0,1
11939,773,1,19,14,3,NA,NA,1512,0,1,0,0,0,0,0,1,0,0
11999,3629,1,20,15,5,NA,NA,1121,0,8,0,0,0,0,1,0,0,0
12004,4088,1,40,28,4,NA,NA,1838,0,7,0,0,0,1,0,0,0,0
12071,10612,1,39,26,2,NA,NA,2364,0,7,0,0,0,1,0,0,0,0
12076,2211,1,72,24,2,NA,NA,1306,0,8,0,0,0,0,1,0,0,0
12120,712,1,40,14,3,NA,NA,1288,0,1,0,0,0,0,0,1,0,0
12133,2111,1,41,23,6,NA,NA,1794,0,7,0,0,0,1,0,0,0,0
12253,3024,1,40,26,3,NA,NA,1474,0,5,0,0,0,0,0,0,0,1
12329,9404,1,20,26,4,NA,NA,1596,0,7,0,0,0,1,0,0,0,0
12379,10097,1,24,10,7,NA,NA,1059,1,8,0,0,0,0,1,0,0,0
12408,4838,1,34,6,7,NA,NA,2303,1,3,0,0,1,0,0,0,0,0
12512,11780,1,65,26,1,NA,NA,1931,1,7,0,0,0,1,0,0,0,0
12535,828,1,35,1,3,NA,NA,1184,0,1,0,0,0,0,0,1,0,0
12598,3549,1,45,10,7,NA,NA,1826,1,6,0,1,0,0,0,0,0,0
12613,5406,1,32,9,6,NA,NA,1181,0,8,0,0,0,0,1,0,0,0
12695,4301,1,20,29,7,NA,NA,2065,1,3,0,0,1,0,0,0,0,0
12699,8836,1,65,5,2,NA,NA,2364,0,8,0,0,0,0,1,0,0,0
12795,1395,1,42,24,7,NA,NA,3006,1,7,0,0,0,1,0,0,0,0
12858,10851,1,18,10,7,NA,NA,1228,1,8,0,0,0,0,1,0,0,0
12912,9429,1,62,28,6,NA,NA,2426,0,3,0,0,1,0,0,0,0,0
12932,4382,1,22,14,4,NA,NA,1648,0,8,0,0,0,0,1,0,0,0
13009,10179,1,25,11,1,NA,NA,1438,1,8,0,0,0,0,1,0,0,0
13059,3457,1,42,24,7,NA,NA,1743,1,7,0,0,0,1,0,0,0,0
13226,9429,1,19,28,6,NA,NA,2647,0,3,0,0,1,0,0,0,0,0
13319,3052,1,35,10,7,NA,NA,1718,1,6,0,1,0,0,0,0,0,0
13376,3795,1,35,12,2,NA,NA,1369,0,8,0,0,0,0,1,0,0,0
13393,8794,1,54,14,3,NA,NA,2271,0,1,0,0,0,0,0,1,0,0
13396,5209,1,28,14,4,NA,NA,1373,0,8,0,0,0,0,1,0,0,0
13503,3580,1,68,29,7,NA,NA,1339,1,3,0,0,1,0,0,0,0,0
13626,829,1,55,24,5,NA,NA,1543,0,3,0,0,1,0,0,0,0,0
13658,10795,1,32,9,7,NA,NA,1148,1,6,0,1,0,0,0,0,0,0
13708,5622,1,56,24,7,NA,NA,1375,1,7,0,0,0,1,0,0,0,0
13717,5480,1,44,22,6,NA,NA,1444,0,5,0,0,0,0,0,0,0,1
13719,8629,1,58,25,3,NA,NA,1127,0,8,0,0,0,0,1,0,0,0
13862,644,1,55,12,2,NA,NA,1876,0,6,0,1,0,0,0,0,0,0
13905,4829,1,41,24,2,NA,NA,1313,0,8,0,0,0,0,1,0,0,0
13933,7592,1,50,23,1,NA,NA,1791,1,3,0,0,1,0,0,0,0,0
14052,3739,1,40,21,4,NA,NA,1343,0,1,0,0,0,0,0,1,0,0
14069,3217,1,42,16,5,NA,NA,1514,0,2,1,0,0,0,0,0,0,0
14114,5048,1,44,15,3,NA,NA,1322,0,4,0,0,0,0,0,0,1,0
14173,1482,1,51,28,4,NA,NA,1775,0,1,0,0,0,0,0,1,0,0
14174,10304,1,77,8,5,NA,NA,1137,0,8,0,0,0,0,1,0,0,0
14178,11268,1,32,14,3,NA,NA,1367,0,2,1,0,0,0,0,0,0,0
14180,9278,1,34,28,4,NA,NA,2370,0,7,0,0,0,1,0,0,0,0
14215,9829,1,30,29,3,NA,NA,1413,0,4,0,0,0,0,0,0,1,0
14308,1358,1,50,28,4,NA,NA,1342,0,6,0,1,0,0,0,0,0,0
14403,6182,1,60,14,4,NA,NA,1176,0,8,0,0,0,0,1,0,0,0
14455,6490,1,48,23,6,NA,NA,1571,0,1,0,0,0,0,0,1,0,0
14508,9254,1,42,24,2,NA,NA,1665,0,3,0,0,1,0,0,0,0,0
14514,8223,1,70,11,1,NA,NA,1222,1,8,0,0,0,0,1,0,0,0
14545,5358,1,20,23,6,NA,NA,1858,0,1,0,0,0,0,0,1,0,0
14592,815,1,30,12,7,NA,NA,1284,1,4,0,0,0,0,0,0,1,0
14644,11404,1,70,11,7,NA,NA,1256,1,1,0,0,0,0,0,1,0,0
14706,627,1,66,1,1,NA,NA,1110,1,6,0,1,0,0,0,0,0,0
14721,10245,1,59,25,3,NA,NA,1557,0,8,0,0,0,0,1,0,0,0
14729,2201,1,34,17,2,NA,NA,1725,0,7,0,0,0,1,0,0,0,0
14739,8682,1,70,13,2,NA,NA,1576,0,2,1,0,0,0,0,0,0,0
14749,681,1,35,22,6,NA,NA,1722,0,5,0,0,0,0,0,0,0,1
14776,5622,1,60,24,7,NA,NA,1821,1,7,0,0,0,1,0,0,0,0
14787,10304,1,40,8,5,NA,NA,1461,0,8,0,0,0,0,1,0,0,0
14790,9680,1,19,2,2,NA,NA,1375,0,6,0,1,0,0,0,0,0,0
14798,5017,1,34,9,5,NA,NA,1297,0,2,1,0,0,0,0,0,0,0
14806,773,1,23,14,3,NA,NA,1705,0,1,0,0,0,0,0,1,0,0
14841,10511,1,18,23,6,NA,NA,2073,0,1,0,0,0,0,0,1,0,0
14898,9232,1,66,6,4,NA,NA,2330,0,1,0,0,0,0,0,1,0,0
14899,10704,1,48,11,5,NA,NA,2771,0,4,0,0,0,0,0,0,1,0
14955,7907,1,29,5,7,NA,NA,1301,1,7,0,0,0,1,0,0,0,0
15026,11407,1,50,2,2,NA,NA,1543,0,6,0,1,0,0,0,0,0,0
15070,9065,1,40,2,2,NA,NA,1548,0,6,0,1,0,0,0,0,0,0
15105,9646,1,20,12,3,NA,NA,1771,0,1,0,0,0,0,0,1,0,0
15130,1533,1,48,29,7,NA,NA,1711,1,3,0,0,1,0,0,0,0,0
15178,211,1,24,16,7,NA,NA,1408,1,5,0,0,0,0,0,0,0,1
15209,10855,1,18,13,2,NA,NA,1267,0,2,1,0,0,0,0,0,0,0
15217,1685,1,55,9,5,NA,NA,1672,0,1,0,0,0,0,0,1,0,0
15279,4428,1,40,6,4,NA,NA,1779,0,6,0,1,0,0,0,0,0,0
15320,10511,1,22,23,6,NA,NA,2073,0,1,0,0,0,0,0,1,0,0
15339,943,1,36,17,6,NA,NA,1351,0,2,1,0,0,0,0,0,0,0
15669,8379,1,18,12,2,NA,NA,1478,0,6,0,1,0,0,0,0,0,0
15692,1565,1,47,10,7,NA,NA,1817,1,6,0,1,0,0,0,0,0,0
15741,843,1,35,8,4,NA,NA,2310,0,1,0,0,0,0,0,1,0,0
15776,9936,1,38,1,5,NA,NA,1732,0,3,0,0,1,0,0,0,0,0
15817,584,1,34,2,2,NA,NA,1868,0,6,0,1,0,0,0,0,0,0
15825,1219,1,45,6,4,NA,NA,1453,0,6,0,1,0,0,0,0,0,0
15909,11385,1,50,8,4,NA,NA,1740,0,1,0,0,0,0,0,1,0,0
15936,6254,1,37,19,6,NA,NA,2688,0,3,0,0,1,0,0,0,0,0
15943,11431,1,37,13,4,NA,NA,2944,0,1,0,0,0,0,0,1,0,0
15972,10405,1,29,10,7,NA,NA,1318,1,8,0,0,0,0,1,0,0,0
16046,4720,1,70,15,4,NA,NA,1337,0,2,1,0,0,0,0,0,0,0
16067,4929,1,48,29,3,NA,NA,1399,0,3,0,0,1,0,0,0,0,0
16097,9539,1,30,28,4,NA,NA,1611,0,6,0,1,0,0,0,0,0,0
16119,8494,1,45,7,1,NA,NA,1666,1,3,0,0,1,0,0,0,0,0
16206,806,1,45,2,4,NA,NA,1255,0,1,0,0,0,0,0,1,0,0
16230,10661,1,58,13,4,NA,NA,1758,0,1,0,0,0,0,0,1,0,0
16244,902,1,50,8,5,NA,NA,1111,0,8,0,0,0,0,1,0,0,0
16294,7033,1,47,28,4,NA,NA,2004,0,7,0,0,0,1,0,0,0,0
16367,9355,1,35,17,6,NA,NA,1424,0,2,1,0,0,0,0,0,0,0
16372,2996,1,45,26,2,NA,NA,1926,0,7,0,0,0,1,0,0,0,0
16396,5653,1,47,10,1,NA,NA,1914,1,1,0,0,0,0,0,1,0,0
16454,3804,1,18,5,2,NA,NA,1390,0,8,0,0,0,0,1,0,0,0
16495,8125,1,30,11,1,NA,NA,1515,1,8,0,0,0,0,1,0,0,0
16546,11070,1,30,8,6,NA,NA,1024,0,6,0,1,0,0,0,0,0,0
16612,7735,1,32,3,5,NA,NA,1654,0,7,0,0,0,1,0,0,0,0
16662,2927,1,22,14,3,NA,NA,1583,0,2,1,0,0,0,0,0,0,0
16699,11407,1,22,2,2,NA,NA,1542,0,6,0,1,0,0,0,0,0,0
16732,667,1,45,12,1,NA,NA,2405,1,1,0,0,0,0,0,1,0,0
16754,2552,1,19,10,4,NA,NA,1760,0,4,0,0,0,0,0,0,1,0
16804,11873,1,40,14,2,NA,NA,2104,0,4,0,0,0,0,0,0,1,0
16824,6635,1,52,24,6,NA,NA,2893,0,3,0,0,1,0,0,0,0,0
16828,843,1,28,8,4,NA,NA,2310,0,1,0,0,0,0,0,1,0,0
16830,2407,1,38,9,6,NA,NA,819,0,8,0,0,0,0,1,0,0,0
16854,9377,1,54,21,6,NA,NA,1794,0,8,0,0,0,0,1,0,0,0
16883,9296,1,62,26,2,NA,NA,1610,0,7,0,0,0,1,0,0,0,0
16912,5076,1,43,4,1,NA,NA,1268,1,8,0,0,0,0,1,0,0,0
16923,8675,1,60,5,2,NA,NA,1604,0,8,0,0,0,0,1,0,0,0
16933,4441,1,56,14,1,NA,NA,1974,1,4,0,0,0,0,0,0,1,0
16935,783,1,32,13,5,NA,NA,798,0,7,0,0,0,1,0,0,0,0
16943,8651,1,43,12,1,NA,NA,1195,1,2,1,0,0,0,0,0,0,0
16997,9542,1,55,19,4,NA,NA,2173,0,7,0,0,0,1,0,0,0,0
17010,11383,1,24,6,6,NA,NA,1229,0,6,0,1,0,0,0,0,0,0
17077,3371,1,44,22,6,NA,NA,1280,0,5,0,0,0,0,0,0,0,1
17097,10782,1,43,17,1,NA,NA,1023,1,5,0,0,0,0,0,0,0,1
17266,4680,1,48,14,3,NA,NA,1649,0,1,0,0,0,0,0,1,0,0
17303,6528,1,24,21,6,NA,NA,1325,0,8,0,0,0,0,1,0,0,0
17305,10968,1,27,25,6,NA,NA,1759,0,1,0,0,0,0,0,1,0,0
17345,9946,1,42,26,2,NA,NA,1687,0,7,0,0,0,1,0,0,0,0
17367,6719,1,36,14,5,NA,NA,2041,0,1,0,0,0,0,0,1,0,0
17428,3187,1,34,22,7,NA,NA,1769,1,7,0,0,0,1,0,0,0,0
17431,6206,1,30,11,5,NA,NA,1883,0,4,0,0,0,0,0,0,1,0
17460,3072,1,56,8,6,NA,NA,1446,0,1,0,0,0,0,0,1,0,0
17471,2611,1,37,27,1,NA,NA,1056,1,4,0,0,0,0,0,0,1,0
17498,6402,1,34,23,1,NA,NA,1602,1,3,0,0,1,0,0,0,0,0
17502,11015,1,54,14,2,NA,NA,2498,0,4,0,0,0,0,0,0,1,0
17519,10851,1,75,10,7,NA,NA,1084,1,8,0,0,0,0,1,0,0,0
17524,8969,1,24,20,5,NA,NA,1733,0,8,0,0,0,0,1,0,0,0
17583,1098,1,40,13,4,NA,NA,1991,0,1,0,0,0,0,0,1,0,0
17622,151,1,60,22,6,NA,NA,1193,0,5,0,0,0,0,0,0,0,1
17634,2219,1,39,23,7,NA,NA,1489,1,5,0,0,0,0,0,0,0,1
17636,128,1,65,23,7,NA,NA,1426,1,5,0,0,0,0,0,0,0,1
17666,3141,1,60,14,1,NA,NA,1902,1,4,0,0,0,0,0,0,1,0
17783,7592,1,18,23,1,NA,NA,1181,1,3,0,0,1,0,0,0,0,0
17785,11459,1,50,12,1,NA,NA,573,1,1,0,0,0,0,0,1,0,0
17802,2682,1,29,9,5,NA,NA,1228,0,2,1,0,0,0,0,0,0,0
17806,6762,1,60,29,3,NA,NA,1551,0,4,0,0,0,0,0,0,1,0
17828,7948,1,40,1,1,NA,NA,1532,1,6,0,1,0,0,0,0,0,0
17833,8836,1,30,5,2,NA,NA,2184,0,8,0,0,0,0,1,0,0,0
17863,6498,1,23,6,3,NA,NA,1126,0,8,0,0,0,0,1,0,0,0
17990,9083,1,35,10,7,NA,NA,1107,1,8,0,0,0,0,1,0,0,0
18016,2875,1,52,22,7,NA,NA,1533,1,8,0,0,0,0,1,0,0,0
18019,2219,1,72,23,7,NA,NA,1489,1,5,0,0,0,0,0,0,0,1
18143,5035,1,78,9,7,NA,NA,340,1,6,0,1,0,0,0,0,0,0
18183,2765,1,23,12,1,NA,NA,1767,1,1,0,0,0,0,0,1,0,0
18189,4990,1,28,23,6,NA,NA,1974,0,1,0,0,0,0,0,1,0,0
18202,7150,1,33,10,4,NA,NA,1952,0,4,0,0,0,0,0,0,1,0
18309,3067,1,25,2,4,NA,NA,1421,0,1,0,0,0,0,0,1,0,0
18331,7798,1,35,9,5,NA,NA,1514,0,2,1,0,0,0,0,0,0,0
18343,8629,1,30,25,3,NA,NA,1091,0,8,0,0,0,0,1,0,0,0
18371,5388,1,19,17,1,NA,NA,1497,1,5,0,0,0,0,0,0,0,1
18404,9528,1,60,7,5,NA,NA,1574,0,1,0,0,0,0,0,1,0,0
18432,1389,1,42,25,7,NA,NA,1278,1,7,0,0,0,1,0,0,0,0
18527,1842,1,19,23,1,NA,NA,1943,1,7,0,0,0,1,0,0,0,0
18656,9082,1,20,23,4,NA,NA,1950,0,3,0,0,1,0,0,0,0,0
18659,9866,1,28,5,2,NA,NA,1257,0,8,0,0,0,0,1,0,0,0
18665,6457,1,36,16,7,NA,NA,1314,1,5,0,0,0,0,0,0,0,1
18825,3629,1,35,15,5,NA,NA,1121,0,8,0,0,0,0,1,0,0,0
18831,5197,1,22,7,4,NA,NA,1632,0,6,0,1,0,0,0,0,0,0
18857,11404,1,35,11,7,NA,NA,1517,1,1,0,0,0,0,0,1,0,0
18864,3104,1,30,26,2,NA,NA,1169,0,1,0,0,0,0,0,1,0,0
18885,6401,1,52,22,7,NA,NA,1775,1,7,0,0,0,1,0,0,0,0
18917,6439,1,41,19,4,NA,NA,1740,0,8,0,0,0,0,1,0,0,0
18927,5965,1,38,16,7,NA,NA,1573,1,5,0,0,0,0,0,0,0,1
18948,3471,1,50,6,4,NA,NA,2133,0,1,0,0,0,0,0,1,0,0
18991,1151,1,33,8,5,NA,NA,1323,0,6,0,1,0,0,0,0,0,0
19002,3647,1,45,15,4,NA,NA,1615,0,2,1,0,0,0,0,0,0,0
19027,11572,1,28,23,1,NA,NA,1633,1,8,0,0,0,0,1,0,0,0
19050,3697,1,56,23,1,NA,NA,1754,1,8,0,0,0,0,1,0,0,0
19058,2659,1,37,26,3,NA,NA,1385,0,5,0,0,0,0,0,0,0,1
19070,7929,1,38,26,2,NA,NA,2771,0,7,0,0,0,1,0,0,0,0
19101,2615,1,26,12,3,NA,NA,2215,0,1,0,0,0,0,0,1,0,0
19206,1452,1,65,10,6,NA,NA,1347,0,2,1,0,0,0,0,0,0,0
19324,439,1,19,17,4,NA,NA,1869,0,3,0,0,1,0,0,0,0,0
19368,1261,1,21,27,1,NA,NA,1248,1,4,0,0,0,0,0,0,1,0
19388,7938,1,40,17,6,NA,NA,1793,0,2,1,0,0,0,0,0,0,0
19397,5266,1,32,7,4,NA,NA,1209,0,8,0,0,0,0,1,0,0,0
19431,5272,1,66,23,1,NA,NA,1497,1,7,0,0,0,1,0,0,0,0
19439,1951,1,41,23,7,NA,NA,1610,1,5,0,0,0,0,0,0,0,1
19473,4502,1,18,21,6,NA,NA,1384,0,8,0,0,0,0,1,0,0,0
19562,2899,1,45,11,5,NA,NA,1829,0,4,0,0,0,0,0,0,1,0
19572,779,1,26,23,1,NA,NA,1768,1,7,0,0,0,1,0,0,0,0
19591,6455,1,20,11,2,NA,NA,2309,0,1,0,0,0,0,0,1,0,0
19613,6541,1,45,19,4,NA,NA,2187,0,7,0,0,0,1,0,0,0,0
19647,9082,1,62,23,4,NA,NA,1755,0,3,0,0,1,0,0,0,0,0
19650,5086,1,20,14,3,NA,NA,1551,0,1,0,0,0,0,0,1,0,0
19654,942,1,42,24,2,NA,NA,2073,0,3,0,0,1,0,0,0,0,0
19746,11053,1,47,26,2,NA,NA,2041,0,7,0,0,0,1,0,0,0,0
19823,7798,1,62,9,5,NA,NA,1327,0,2,1,0,0,0,0,0,0,0
19852,10776,1,39,12,2,NA,NA,1583,0,6,0,1,0,0,0,0,0,0
19882,2615,1,61,12,3,NA,NA,2215,0,1,0,0,0,0,0,1,0,0
19904,10491,1,50,25,6,NA,NA,1252,0,1,0,0,0,0,0,1,0,0
19950,10517,1,28,9,7,NA,NA,1264,1,6,0,1,0,0,0,0,0,0
19985,2560,1,22,26,1,NA,NA,2326,1,7,0,0,0,1,0,0,0,0
20062,5118,1,46,29,3,NA,NA,2176,0,4,0,0,0,0,0,0,1,0
20153,1254,1,30,23,7,NA,NA,1998,1,5,0,0,0,0,0,0,0,1
20206,8040,1,30,1,5,NA,NA,1611,0,3,0,0,1,0,0,0,0,0
20254,6215,1,23,22,7,NA,NA,1074,1,7,0,0,0,1,0,0,0,0
20307,3027,1,60,30,6,NA,NA,2486,0,1,0,0,0,0,0,1,0,0
20332,11842,1,55,23,6,NA,NA,2110,0,7,0,0,0,1,0,0,0,0
20336,4954,1,27,9,7,NA,NA,1269,1,6,0,1,0,0,0,0,0,0
20501,9065,1,20,2,2,NA,NA,1548,0,6,0,1,0,0,0,0,0,0
20506,9594,1,52,29,4,NA,NA,1643,0,7,0,0,0,1,0,0,0,0
20529,3666,1,40,17,6,NA,NA,1326,0,2,1,0,0,0,0,0,0,0
20573,7933,1,32,28,3,NA,NA,1191,0,3,0,0,1,0,0,0,0,0
20633,4067,1,18,26,3,NA,NA,1832,0,5,0,0,0,0,0,0,0,1
20670,399,1,68,25,7,NA,NA,1716,1,3,0,0,1,0,0,0,0,0
20677,10551,1,40,10,1,NA,NA,1777,1,1,0,0,0,0,0,1,0,0
20727,1565,1,23,10,7,NA,NA,2102,1,6,0,1,0,0,0,0,0,0
20760,4310,1,34,23,6,NA,NA,1975,0,7,0,0,0,1,0,0,0,0
20761,5316,1,29,7,5,NA,NA,1899,0,6,0,1,0,0,0,0,0,0
20800,8125,1,55,11,1,NA,NA,1515,1,8,0,0,0,0,1,0,0,0
20837,1253,1,30,20,4,NA,NA,1429,0,5,0,0,0,0,0,0,0,1
20896,2725,1,21,13,4,NA,NA,1339,0,1,0,0,0,0,0,1,0,0
20900,4266,1,35,1,5,NA,NA,840,0,3,0,0,1,0,0,0,0,0
20940,10635,1,54,9,6,NA,NA,1450,0,8,0,0,0,0,1,0,0,0
20983,11200,1,45,23,1,NA,NA,2191,1,3,0,0,1,0,0,0,0,0
21113,5970,1,34,29,4,NA,NA,777,0,7,0,0,0,1,0,0,0,0
21123,298,1,27,13,4,NA,NA,1681,0,5,0,0,0,0,0,0,0,1
21210,8847,1,38,12,2,NA,NA,2211,0,6,0,1,0,0,0,0,0,0
21279,852,1,30,12,7,NA,NA,1880,1,4,0,0,0,0,0,0,1,0
21322,7130,1,30,12,1,NA,NA,1524,1,2,1,0,0,0,0,0,0,0
21355,1659,1,46,20,5,NA,NA,1315,0,8,0,0,0,0,1,0,0,0
21362,1730,1,48,22,7,NA,NA,2459,1,8,0,0,0,0,1,0,0,0
21372,8939,1,19,7,3,NA,NA,1737,0,1,0,0,0,0,0,1,0,0
21531,3328,1,27,24,7,NA,NA,1453,1,7,0,0,0,1,0,0,0,0
21535,7157,1,39,5,7,NA,NA,1483,1,3,0,0,1,0,0,0,0,0
21618,5865,1,72,12,7,NA,NA,894,1,4,0,0,0,0,0,0,1,0
21646,489,1,42,16,4,NA,NA,1548,0,3,0,0,1,0,0,0,0,0
21687,3415,1,30,31,7,NA,NA,1577,1,1,0,0,0,0,0,1,0,0
21714,557,1,34,7,1,NA,NA,1135,1,3,0,0,1,0,0,0,0,0
21723,4124,1,56,10,6,NA,NA,1894,0,2,1,0,0,0,0,0,0,0
21781,4829,1,20,24,2,NA,NA,1313,0,8,0,0,0,0,1,0,0,0
21798,3626,1,39,13,7,NA,NA,1722,1,4,0,0,0,0,0,0,1,0
21861,2156,1,22,17,4,NA,NA,1992,0,3,0,0,1,0,0,0,0,0
21872,8706,1,56,22,5,NA,NA,1804,0,1,0,0,0,0,0,1,0,0
21889,7270,1,70,11,7,NA,NA,216,1,1,0,0,0,0,0,1,0,0
21978,7232,1,56,15,4,NA,NA,1630,0,2,1,0,0,0,0,0,0,0
22124,1790,1,20,11,5,NA,NA,1432,0,4,0,0,0,0,0,0,1,0
22161,4528,1,38,27,1,NA,NA,2096,1,4,0,0,0,0,0,0,1,0
22175,836,1,25,28,3,NA,NA,1170,0,3,0,0,1,0,0,0,0,0
22203,4980,1,18,13,4,NA,NA,1564,0,5,0,0,0,0,0,0,0,1
22221,9272,1,23,8,6,NA,NA,2528,0,1,0,0,0,0,0,1,0,0
22256,9624,1,30,15,4,NA,NA,1439,0,2,1,0,0,0,0,0,0,0
22261,3902,1,62,6,7,NA,NA,2820,1,4,0,0,0,0,0,0,1,0
22309,2627,1,66,20,5,NA,NA,1920,0,8,0,0,0,0,1,0,0,0
22329,6636,1,34,13,5,NA,NA,1358,0,7,0,0,0,1,0,0,0,0
22388,11562,1,28,23,6,NA,NA,1978,0,1,0,0,0,0,0,1,0,0
22466,4530,1,30,9,6,NA,NA,804,0,8,0,0,0,0,1,0,0,0
22491,2238,1,32,26,3,NA,NA,1243,0,5,0,0,0,0,0,0,0,1
22497,5506,1,52,28,3,NA,NA,2212,0,3,0,0,1,0,0,0,0,0
22504,273,1,62,6,3,NA,NA,1152,0,8,0,0,0,0,1,0,0,0
22513,9314,1,42,22,6,NA,NA,1322,0,5,0,0,0,0,0,0,0,1
22514,8439,1,56,24,5,NA,NA,1994,0,3,0,0,1,0,0,0,0,0
22529,6636,1,60,13,5,NA,NA,1652,0,7,0,0,0,1,0,0,0,0
22620,2063,1,30,22,7,NA,NA,1596,1,8,0,0,0,0,1,0,0,0
22685,2799,1,21,25,7,NA,NA,1587,1,3,0,0,1,0,0,0,0,0
22767,6821,1,51,20,5,NA,NA,1351,0,8,0,0,0,0,1,0,0,0
22787,1368,1,25,26,7,NA,NA,1687,1,1,0,0,0,0,0,1,0,0
22839,11599,1,45,16,4,NA,NA,1836,0,3,0,0,1,0,0,0,0,0
22843,7214,1,36,6,7,NA,NA,2057,1,4,0,0,0,0,0,0,1,0
22869,4512,1,45,7,3,NA,NA,2091,0,1,0,0,0,0,0,1,0,0
22891,9878,1,60,7,4,NA,NA,1661,0,6,0,1,0,0,0,0,0,0
22934,4499,1,35,30,6,NA,NA,1345,0,6,0,1,0,0,0,0,0,0
23008,3291,1,40,29,5,NA,NA,1073,0,1,0,0,0,0,0,1,0,0
23062,9646,1,42,12,3,NA,NA,1771,0,1,0,0,0,0,0,1,0,0
23118,9603,1,30,2,4,NA,NA,1582,0,1,0,0,0,0,0,1,0,0
23127,3511,1,31,8,4,NA,NA,1524,0,2,1,0,0,0,0,0,0,0
23190,11003,1,60,14,4,NA,NA,1053,0,8,0,0,0,0,1,0,0,0
23250,10441,1,36,5,5,NA,NA,2121,0,6,0,1,0,0,0,0,0,0
23267,6816,1,38,18,2,NA,NA,1448,0,5,0,0,0,0,0,0,0,1
23372,7513,1,43,7,4,NA,NA,1769,0,8,0,0,0,0,1,0,0,0
23521,9056,1,43,10,7,NA,NA,839,1,6,0,1,0,0,0,0,0,0
23539,7312,1,30,10,7,NA,NA,1375,1,8,0,0,0,0,1,0,0,0
23577,11650,1,61,29,3,NA,NA,1569,0,3,0,0,1,0,0,0,0,0
23586,949,1,25,24,6,NA,NA,1466,0,3,0,0,1,0,0,0,0,0
23654,5484,1,62,24,2,NA,NA,1368,0,8,0,0,0,0,1,0,0,0
23656,3146,1,28,21,1,NA,NA,1856,1,3,0,0,1,0,0,0,0,0
23660,5506,1,26,28,3,NA,NA,2031,0,3,0,0,1,0,0,0,0,0
23735,7968,1,38,11,7,NA,NA,1567,1,2,1,0,0,0,0,0,0,0
23872,4234,1,52,13,7,NA,NA,803,1,4,0,0,0,0,0,0,1,0
23934,2201,1,67,17,2,NA,NA,1598,0,7,0,0,0,1,0,0,0,0
23952,4842,1,22,25,6,NA,NA,1963,0,4,0,0,0,0,0,0,1,0
23976,5151,1,22,6,3,NA,NA,1674,0,6,0,1,0,0,0,0,0,0
24022,10574,1,18,14,1,NA,NA,1793,1,4,0,0,0,0,0,0,1,0
24091,5467,1,40,15,3,NA,NA,1521,0,4,0,0,0,0,0,0,1,0
24126,5286,1,26,19,4,NA,NA,1287,0,8,0,0,0,0,1,0,0,0
24170,4646,1,36,29,3,NA,NA,1929,0,3,0,0,1,0,0,0,0,0
24173,2822,1,45,5,7,NA,NA,1546,1,7,0,0,0,1,0,0,0,0
24251,7979,1,50,31,7,NA,NA,2437,1,1,0,0,0,0,0,1,0,0
24409,10438,1,31,10,7,NA,NA,1908,1,6,0,1,0,0,0,0,0,0
24447,2343,1,39,7,4,NA,NA,625,0,8,0,0,0,0,1,0,0,0
24456,10437,1,25,3,3,NA,NA,1372,0,6,0,1,0,0,0,0,0,0
24489,3974,1,35,6,3,NA,NA,1705,0,8,0,0,0,0,1,0,0,0
24526,11155,1,18,28,3,NA,NA,1077,0,3,0,0,1,0,0,0,0,0
24554,5457,1,34,13,2,NA,NA,1828,0,2,1,0,0,0,0,0,0,0
24565,7501,1,30,8,6,NA,NA,1722,0,1,0,0,0,0,0,1,0,0
24570,6014,1,32,26,3,NA,NA,1710,0,5,0,0,0,0,0,0,0,1
24607,21,1,42,5,7,NA,NA,1631,1,7,0,0,0,1,0,0,0,0
24640,5861,1,42,25,7,NA,NA,1284,1,7,0,0,0,1,0,0,0,0
24711,9831,1,39,29,4,NA,NA,1529,0,7,0,0,0,1,0,0,0,0
24759,7407,1,55,26,2,NA,NA,1675,0,1,0,0,0,0,0,1,0,0
24799,5785,1,60,6,7,NA,NA,2714,1,4,0,0,0,0,0,0,1,0
24880,211,1,72,16,7,NA,NA,1408,1,5,0,0,0,0,0,0,0,1
24885,6741,1,25,28,4,NA,NA,2440,0,7,0,0,0,1,0,0,0,0
24889,822,1,23,24,7,NA,NA,1900,1,7,0,0,0,1,0,0,0,0
24898,3698,1,32,13,4,NA,NA,2205,0,1,0,0,0,0,0,1,0,0
24922,4530,1,70,9,6,NA,NA,663,0,8,0,0,0,0,1,0,0,0
24937,3805,1,21,12,2,NA,NA,2215,0,6,0,1,0,0,0,0,0,0
25090,9404,1,32,26,4,NA,NA,2405,0,7,0,0,0,1,0,0,0,0
25122,8505,1,60,17,2,NA,NA,1384,0,7,0,0,0,1,0,0,0,0
25224,4048,1,22,23,7,NA,NA,1521,1,5,0,0,0,0,0,0,0,1
25237,9201,1,33,4,1,NA,NA,1688,1,8,0,0,0,0,1,0,0,0
25314,11302,1,27,31,7,NA,NA,1913,1,1,0,0,0,0,0,1,0,0
25361,4828,1,63,7,5,NA,NA,1660,0,6,0,1,0,0,0,0,0,0
25452,745,1,51,8,4,NA,NA,1701,0,2,1,0,0,0,0,0,0,0
25487,7606,1,36,7,5,NA,NA,1734,0,6,0,1,0,0,0,0,0,0
25520,2191,1,67,24,2,NA,NA,1739,0,3,0,0,1,0,0,0,0,0
25546,8879,1,30,9,3,NA,NA,2301,0,4,0,0,0,0,0,0,1,0
25547,11870,1,53,6,7,NA,NA,2439,1,4,0,0,0,0,0,0,1,0
25690,11015,1,19,14,2,NA,NA,3282,0,4,0,0,0,0,0,0,1,0
25719,2186,1,22,6,3,NA,NA,1530,0,8,0,0,0,0,1,0,0,0
25811,3382,1,38,26,1,NA,NA,1990,1,7,0,0,0,1,0,0,0,0
25864,1409,1,26,27,1,NA,NA,913,1,4,0,0,0,0,0,0,1,0
25883,4887,1,24,1,3,NA,NA,1817,0,1,0,0,0,0,0,1,0,0
25899,10673,1,18,31,7,NA,NA,1595,1,1,0,0,0,0,0,1,0,0
25930,8032,1,29,1,3,NA,NA,1581,0,1,0,0,0,0,0,1,0,0
25951,4008,1,36,9,6,NA,NA,1264,0,8,0,0,0,0,1,0,0,0
25957,5786,1,47,14,2,NA,NA,2159,0,4,0,0,0,0,0,0,1,0
26029,2063,1,28,22,7,NA,NA,1788,1,8,0,0,0,0,1,0,0,0
26041,690,1,33,17,2,NA,NA,1396,0,7,0,0,0,1,0,0,0,0
26089,5299,1,45,9,5,NA,NA,1839,0,1,0,0,0,0,0,1,0,0
26098,6435,1,35,22,7,NA,NA,1726,1,8,0,0,0,0,1,0,0,0
26115,5286,1,19,19,4,NA,NA,1093,0,8,0,0,0,0,1,0,0,0
26198,1842,1,58,23,1,NA,NA,1921,1,7,0,0,0,1,0,0,0,0
26206,9735,1,62,13,7,NA,NA,1731,1,4,0,0,0,0,0,0,1,0
26260,11121,1,50,14,2,NA,NA,1940,0,4,0,0,0,0,0,0,1,0
26293,1008,1,52,10,4,NA,NA,1198,0,4,0,0,0,0,0,0,1,0
26325,69,1,20,17,2,NA,NA,1449,0,7,0,0,0,1,0,0,0,0
26384,3697,1,32,23,1,NA,NA,1754,1,8,0,0,0,0,1,0,0,0
26506,7276,1,30,15,4,NA,NA,1625,0,2,1,0,0,0,0,0,0,0
26514,570,1,32,5,2,NA,NA,1639,0,8,0,0,0,0,1,0,0,0
26545,6498,1,45,6,3,NA,NA,1318,0,8,0,0,0,0,1,0,0,0
26617,5272,1,35,23,1,NA,NA,1497,1,7,0,0,0,1,0,0,0,0
26665,10101,1,45,23,1,NA,NA,1315,1,8,0,0,0,0,1,0,0,0
26696,4115,1,32,31,7,NA,NA,1612,1,1,0,0,0,0,0,1,0,0
26808,7016,1,52,26,7,NA,NA,1431,1,1,0,0,0,0,0,1,0,0
26864,806,1,18,2,4,NA,NA,1331,0,1,0,0,0,0,0,1,0,0
26927,6077,1,80,10,7,NA,NA,1390,1,6,0,1,0,0,0,0,0,0
26941,3020,1,40,7,5,NA,NA,1260,0,6,0,1,0,0,0,0,0,0
26947,11471,1,80,28,4,NA,NA,1327,0,7,0,0,0,1,0,0,0,0
26962,4620,1,52,19,4,NA,NA,1765,0,7,0,0,0,1,0,0,0,0
27043,11003,1,25,14,4,NA,NA,1053,0,8,0,0,0,0,1,0,0,0
27067,7003,1,40,6,6,NA,NA,1134,0,6,0,1,0,0,0,0,0,0
27132,11526,1,33,29,4,NA,NA,1936,0,7,0,0,0,1,0,0,0,0
27214,3316,1,32,13,5,NA,NA,2233,0,7,0,0,0,1,0,0,0,0
27226,6077,1,37,10,7,NA,NA,2380,1,6,0,1,0,0,0,0,0,0
27252,9650,1,40,11,7,NA,NA,1428,1,2,1,0,0,0,0,0,0,0
27271,4646,1,74,29,3,NA,NA,1821,0,3,0,0,1,0,0,0,0,0
27364,7047,1,56,14,3,NA,NA,1420,0,2,1,0,0,0,0,0,0,0
27371,3645,1,20,17,6,NA,NA,1375,0,2,1,0,0,0,0,0,0,0
27395,5248,1,35,23,6,NA,NA,2918,0,7,0,0,0,1,0,0,0,0
27429,7032,1,20,9,6,NA,NA,375,0,6,0,1,0,0,0,0,0,0
27490,4887,1,56,1,3,NA,NA,451,0,1,0,0,0,0,0,1,0,0
27500,10041,1,38,13,7,NA,NA,2337,1,4,0,0,0,0,0,0,1,0
27559,11854,1,55,6,7,NA,NA,1451,1,4,0,0,0,0,0,0,1,0
27568,1312,1,25,2,4,NA,NA,1421,0,1,0,0,0,0,0,1,0,0
27735,847,1,52,23,7,NA,NA,1517,1,5,0,0,0,0,0,0,0,1
27762,1031,1,55,25,7,NA,NA,1624,1,7,0,0,0,1,0,0,0,0
27763,6182,1,28,14,4,NA,NA,1327,0,8,0,0,0,0,1,0,0,0
27799,650,1,48,24,2,NA,NA,1125,0,8,0,0,0,0,1,0,0,0
27800,7186,1,50,8,5,NA,NA,1419,0,6,0,1,0,0,0,0,0,0
28020,4936,1,66,10,6,NA,NA,1789,0,2,1,0,0,0,0,0,0,0
28022,7135,1,37,17,1,NA,NA,1227,1,5,0,0,0,0,0,0,0,1
28032,10467,1,22,16,4,NA,NA,1657,0,3,0,0,1,0,0,0,0,0
28045,10311,1,50,6,3,NA,NA,1242,0,8,0,0,0,0,1,0,0,0
28181,11083,1,45,28,4,NA,NA,1997,0,6,0,1,0,0,0,0,0,0
28207,460,1,33,10,7,NA,NA,1934,1,6,0,1,0,0,0,0,0,0
28218,1152,1,20,17,4,NA,NA,1244,0,3,0,0,1,0,0,0,0,0
28270,10763,1,18,9,3,NA,NA,975,0,4,0,0,0,0,0,0,1,0
28281,10152,1,33,23,7,NA,NA,1971,1,5,0,0,0,0,0,0,0,1
28323,5151,1,27,6,3,NA,NA,1674,0,6,0,1,0,0,0,0,0,0
28329,5836,1,38,24,2,NA,NA,1432,0,8,0,0,0,0,1,0,0,0
28356,7790,1,48,24,5,NA,NA,1674,0,3,0,0,1,0,0,0,0,0
28371,11471,1,47,28,4,NA,NA,1184,0,7,0,0,0,1,0,0,0,0
28381,1832,1,18,24,7,NA,NA,1427,1,7,0,0,0,1,0,0,0,0
28407,11560,1,35,26,2,NA,NA,1457,0,1,0,0,0,0,0,1,0,0
28409,5919,1,47,7,3,NA,NA,1686,0,1,0,0,0,0,0,1,0,0
28528,4848,1,61,30,6,NA,NA,1462,0,6,0,1,0,0,0,0,0,0
28591,6541,1,47,19,4,NA,NA,1975,0,7,0,0,0,1,0,0,0,0
28604,10224,1,60,14,4,NA,NA,943,0,8,0,0,0,0,1,0,0,0
28717,4030,1,39,24,6,NA,NA,1852,0,3,0,0,1,0,0,0,0,0
28720,7790,1,19,24,5,NA,NA,1674,0,3,0,0,1,0,0,0,0,0
28866,6030,1,48,3,5,NA,NA,1140,0,7,0,0,0,1,0,0,0,0
28887,4622,1,36,26,7,NA,NA,1504,1,1,0,0,0,0,0,1,0,0
28888,3046,1,31,23,1,NA,NA,1693,1,8,0,0,0,0,1,0,0,0
28894,7386,1,42,23,1,NA,NA,1104,1,7,0,0,0,1,0,0,0,0
28966,9845,1,40,21,4,NA,NA,1766,0,1,0,0,0,0,0,1,0,0
29076,1193,1,72,13,4,NA,NA,1704,0,5,0,0,0,0,0,0,0,1
29077,4744,1,22,1,5,NA,NA,1783,0,3,0,0,1,0,0,0,0,0
29082,6778,1,35,24,5,NA,NA,1287,0,3,0,0,1,0,0,0,0,0
29121,6237,1,19,14,4,NA,NA,1469,0,8,0,0,0,0,1,0,0,0
29181,9809,1,34,14,3,NA,NA,1732,0,1,0,0,0,0,0,1,0,0
29199,11334,1,38,6,4,NA,NA,1437,0,1,0,0,0,0,0,1,0,0
29265,6719,1,21,14,5,NA,NA,2033,0,1,0,0,0,0,0,1,0,0
29278,7773,1,28,14,5,NA,NA,1911,0,1,0,0,0,0,0,1,0,0
29293,7007,1,55,25,7,NA,NA,1469,1,3,0,0,1,0,0,0,0,0
29348,2899,1,20,11,5,NA,NA,1382,0,4,0,0,0,0,0,0,1,0
29550,574,1,34,26,3,NA,NA,1905,0,5,0,0,0,0,0,0,0,1
29633,9969,1,28,11,2,NA,NA,1947,0,1,0,0,0,0,0,1,0,0
29656,11383,1,28,6,6,NA,NA,1229,0,6,0,1,0,0,0,0,0,0
29667,4980,1,46,13,4,NA,NA,1519,0,5,0,0,0,0,0,0,0,1
29733,4768,1,29,12,3,NA,NA,1708,0,1,0,0,0,0,0,1,0,0
29795,3614,1,45,25,6,NA,NA,1825,0,4,0,0,0,0,0,0,1,0
29805,7151,1,61,13,4,NA,NA,1416,0,1,0,0,0,0,0,1,0,0
29826,9324,1,28,8,5,NA,NA,1290,0,6,0,1,0,0,0,0,0,0
29850,1191,1,33,31,7,NA,NA,1613,1,1,0,0,0,0,0,1,0,0
29887,892,1,42,6,4,NA,NA,1482,0,6,0,1,0,0,0,0,0,0
29932,1695,1,38,25,6,NA,NA,1458,0,4,0,0,0,0,0,0,1,0
30008,4149,1,36,13,4,NA,NA,1275,0,5,0,0,0,0,0,0,0,1
30086,5539,1,24,14,1,NA,NA,2013,1,4,0,0,0,0,0,0,1,0
30124,8148,1,28,8,4,NA,NA,1582,0,2,1,0,0,0,0,0,0,0
30202,4136,1,52,26,3,NA,NA,1431,0,5,0,0,0,0,0,0,0,1
30251,5167,1,60,7,1,NA,NA,2082,1,3,0,0,1,0,0,0,0,0
30275,1583,1,62,25,2,NA,NA,1694,0,5,0,0,0,0,0,0,0,1
30288,1193,1,45,13,4,NA,NA,1704,0,5,0,0,0,0,0,0,0,1
30302,5358,1,55,23,6,NA,NA,1890,0,1,0,0,0,0,0,1,0,0
30404,9975,1,36,6,4,NA,NA,1165,0,1,0,0,0,0,0,1,0,0
30442,5932,1,38,29,7,NA,NA,1624,1,3,0,0,1,0,0,0,0,0
30459,7054,1,35,22,7,NA,NA,2034,1,7,0,0,0,1,0,0,0,0
30469,6084,1,36,8,4,NA,NA,1539,0,2,1,0,0,0,0,0,0,0
30475,9458,1,24,26,1,NA,NA,1737,1,7,0,0,0,1,0,0,0,0
30503,10256,1,42,2,4,NA,NA,1994,0,1,0,0,0,0,0,1,0,0
30530,6543,1,52,21,6,NA,NA,1412,0,8,0,0,0,0,1,0,0,0
30551,6799,1,80,28,4,NA,NA,916,0,6,0,1,0,0,0,0,0,0
30562,393,1,32,10,7,NA,NA,1185,1,6,0,1,0,0,0,0,0,0
30605,4092,1,18,13,4,NA,NA,1914,0,5,0,0,0,0,0,0,0,1
30713,3837,1,52,2,6,NA,NA,1771,0,3,0,0,1,0,0,0,0,0
30741,8668,1,40,25,2,NA,NA,1538,0,5,0,0,0,0,0,0,0,1
30754,10887,1,31,14,1,NA,NA,2257,1,4,0,0,0,0,0,0,1,0
30768,10471,1,72,17,4,NA,NA,1200,0,3,0,0,1,0,0,0,0,0
30828,10008,1,34,7,1,NA,NA,2485,1,3,0,0,1,0,0,0,0,0
30898,5035,1,18,9,7,NA,NA,340,1,6,0,1,0,0,0,0,0,0
30902,1261,1,54,27,1,NA,NA,799,1,4,0,0,0,0,0,0,1,0
30916,2656,1,78,22,6,NA,NA,1538,0,5,0,0,0,0,0,0,0,1
30930,3007,1,57,6,4,NA,NA,1995,0,6,0,1,0,0,0,0,0,0
31012,4908,1,32,5,2,NA,NA,1443,0,8,0,0,0,0,1,0,0,0
31014,5486,1,25,12,7,NA,NA,2010,1,4,0,0,0,0,0,0,1,0
31043,6490,1,20,23,6,NA,NA,2036,0,1,0,0,0,0,0,1,0,0
31204,7459,1,70,29,7,NA,NA,1674,1,3,0,0,1,0,0,0,0,0
31282,151,1,20,22,6,NA,NA,1698,0,5,0,0,0,0,0,0,0,1
31288,2353,1,47,26,1,NA,NA,1090,1,3,0,0,1,0,0,0,0,0
31298,9574,1,19,6,4,NA,NA,1638,0,6,0,1,0,0,0,0,0,0
31321,6199,1,18,15,3,NA,NA,1451,0,4,0,0,0,0,0,0,1,0
31330,11562,1,64,23,6,NA,NA,2219,0,1,0,0,0,0,0,1,0,0
31364,7047,1,31,14,3,NA,NA,1420,0,2,1,0,0,0,0,0,0,0
31461,4067,1,52,26,3,NA,NA,1003,0,5,0,0,0,0,0,0,0,1
31487,8995,1,18,26,3,NA,NA,1387,0,5,0,0,0,0,0,0,0,1
31494,11419,1,44,9,3,NA,NA,1999,0,4,0,0,0,0,0,0,1,0
31559,6691,1,28,15,6,NA,NA,1542,0,1,0,0,0,0,0,1,0,0
31682,10978,1,40,21,1,NA,NA,2041,1,3,0,0,1,0,0,0,0,0
31720,6054,1,35,15,3,NA,NA,1586,0,4,0,0,0,0,0,0,1,0
31730,3824,1,50,25,7,NA,NA,1658,1,7,0,0,0,1,0,0,0,0
31771,2063,1,70,22,7,NA,NA,1596,1,8,0,0,0,0,1,0,0,0
31889,4971,1,70,11,7,NA,NA,1193,1,1,0,0,0,0,0,1,0,0
31973,4278,1,37,7,4,NA,NA,1297,0,8,0,0,0,0,1,0,0,0
32075,9370,1,65,30,6,NA,NA,1786,0,6,0,1,0,0,0,0,0,0
32140,3812,1,26,9,3,NA,NA,2160,0,4,0,0,0,0,0,0,1,0
32210,7105,1,28,22,6,NA,NA,1660,0,5,0,0,0,0,0,0,0,1
32281,3698,1,64,13,4,NA,NA,1598,0,1,0,0,0,0,0,1,0,0
32336,3804,1,45,5,2,NA,NA,1129,0,8,0,0,0,0,1,0,0,0
32376,5889,1,51,9,5,NA,NA,1383,0,2,1,0,0,0,0,0,0,0
32391,8817,1,85,25,6,NA,NA,730,0,1,0,0,0,0,0,1,0,0
32485,872,1,35,24,2,NA,NA,572,0,3,0,0,1,0,0,0,0,0
32491,2186,1,18,6,3,NA,NA,1530,0,8,0,0,0,0,1,0,0,0
32555,1254,1,65,23,7,NA,NA,1775,1,5,0,0,0,0,0,0,0,1
32566,9209,1,26,24,5,NA,NA,1937,0,4,0,0,0,0,0,0,1,0
32569,2234,1,22,22,6,NA,NA,1418,0,5,0,0,0,0,0,0,0,1
32577,11175,1,44,8,6,NA,NA,1356,0,6,0,1,0,0,0,0,0,0
32723,4670,1,90,28,6,NA,NA,1413,0,3,0,0,1,0,0,0,0,0
32738,8817,1,38,25,6,NA,NA,1601,0,1,0,0,0,0,0,1,0,0
32768,1206,1,40,10,1,NA,NA,1361,1,6,0,1,0,0,0,0,0,0
32866,4208,1,60,12,2,NA,NA,968,0,8,0,0,0,0,1,0,0,0
32913,5106,1,36,28,3,NA,NA,1877,0,3,0,0,1,0,0,0,0,0
32926,7156,1,57,29,7,NA,NA,1680,1,3,0,0,1,0,0,0,0,0
32938,9424,1,33,8,4,NA,NA,1983,0,2,1,0,0,0,0,0,0,0
32939,11332,1,32,21,6,NA,NA,1827,0,8,0,0,0,0,1,0,0,0
32959,2615,1,30,12,3,NA,NA,2215,0,1,0,0,0,0,0,1,0,0
32967,407,1,70,23,1,NA,NA,765,1,8,0,0,0,0,1,0,0,0
33013,11570,1,55,26,2,NA,NA,1760,0,1,0,0,0,0,0,1,0,0
33054,9309,1,49,2,2,NA,NA,1740,0,6,0,1,0,0,0,0,0,0
33065,8191,1,42,5,7,NA,NA,1630,1,3,0,0,1,0,0,0,0,0
33072,9831,1,18,29,4,NA,NA,1119,0,7,0,0,0,1,0,0,0,0
33097,1952,1,53,5,7,NA,NA,1083,1,3,0,0,1,0,0,0,0,0
33103,9123,1,32,8,4,NA,NA,1571,0,1,0,0,0,0,0,1,0,0
33167,8454,1,56,21,4,NA,NA,1693,0,1,0,0,0,0,0,1,0,0
33174,4231,1,39,8,5,NA,NA,2097,0,6,0,1,0,0,0,0,0,0
33177,4640,1,35,8,2,NA,NA,2198,0,3,0,0,1,0,0,0,0,0
33188,7979,1,19,31,7,NA,NA,1536,1,1,0,0,0,0,0,1,0,0
33207,3451,1,27,26,7,NA,NA,1983,1,1,0,0,0,0,0,1,0,0
33269,7415,1,50,5,7,NA,NA,2205,1,7,0,0,0,1,0,0,0,0
33296,2126,1,40,28,4,NA,NA,2451,0,7,0,0,0,1,0,0,0,0
33321,9225,1,33,11,5,NA,NA,1522,0,4,0,0,0,0,0,0,1,0
33462,3645,1,40,17,6,NA,NA,1375,0,2,1,0,0,0,0,0,0,0
33496,151,1,27,22,6,NA,NA,1892,0,5,0,0,0,0,0,0,0,1
33557,10193,1,42,10,4,NA,NA,881,0,4,0,0,0,0,0,0,1,0
33599,3514,1,23,9,6,NA,NA,1099,0,8,0,0,0,0,1,0,0,0
33663,3420,1,34,6,4,NA,NA,1948,0,6,0,1,0,0,0,0,0,0
33728,7425,1,60,5,2,NA,NA,851,0,8,0,0,0,0,1,0,0,0
33760,8694,1,52,8,4,NA,NA,1498,0,2,1,0,0,0,0,0,0,0
33777,6258,1,55,16,4,NA,NA,1459,0,3,0,0,1,0,0,0,0,0
33784,10161,1,57,25,3,NA,NA,1579,0,8,0,0,0,0,1,0,0,0
33866,7156,1,26,29,7,NA,NA,2089,1,3,0,0,1,0,0,0,0,0
33922,2712,1,52,6,7,NA,NA,1770,1,4,0,0,0,0,0,0,1,0
33981,131,1,34,21,4,NA,NA,1835,0,1,0,0,0,0,0,1,0,0
34003,2224,1,20,13,4,NA,NA,1518,0,5,0,0,0,0,0,0,0,1
34010,5101,1,45,16,4,NA,NA,1963,0,3,0,0,1,0,0,0,0,0
34044,10469,1,42,15,6,NA,NA,2342,0,1,0,0,0,0,0,1,0,0
34070,3208,1,55,12,2,NA,NA,878,0,8,0,0,0,0,1,0,0,0
34114,9959,1,39,24,6,NA,NA,1795,0,3,0,0,1,0,0,0,0,0
34257,10438,1,62,10,7,NA,NA,1619,1,6,0,1,0,0,0,0,0,0
34292,2913,1,37,2,4,NA,NA,1135,0,1,0,0,0,0,0,1,0,0
34302,5472,1,72,16,4,NA,NA,2068,0,3,0,0,1,0,0,0,0,0
34325,5287,1,67,27,1,NA,NA,2350,1,4,0,0,0,0,0,0,1,0
34360,742,1,24,18,2,NA,NA,1156,0,5,0,0,0,0,0,0,0,1
34411,5197,1,26,7,4,NA,NA,1682,0,6,0,1,0,0,0,0,0,0
34436,9646,1,18,12,3,NA,NA,1356,0,1,0,0,0,0,0,1,0,0
34442,4191,1,30,14,3,NA,NA,1773,0,1,0,0,0,0,0,1,0,0
34490,417,1,30,16,7,NA,NA,1488,1,5,0,0,0,0,0,0,0,1
34592,5841,1,68,10,1,NA,NA,653,1,6,0,1,0,0,0,0,0,0
34595,9528,1,24,7,5,NA,NA,1889,0,1,0,0,0,0,0,1,0,0
34601,9832,1,26,2,4,NA,NA,1576,0,1,0,0,0,0,0,1,0,0
34605,10851,1,42,10,7,NA,NA,1228,1,8,0,0,0,0,1,0,0,0
34614,9804,1,47,2,4,NA,NA,1293,0,1,0,0,0,0,0,1,0,0
34736,2169,1,64,24,2,NA,NA,1205,0,8,0,0,0,0,1,0,0,0
34797,10487,1,70,29,5,NA,NA,795,0,1,0,0,0,0,0,1,0,0
34837,6646,1,37,29,7,NA,NA,2558,1,3,0,0,1,0,0,0,0,0
34899,9948,1,44,24,5,NA,NA,1937,0,4,0,0,0,0,0,0,1,0
34914,7403,1,35,4,1,NA,NA,1613,1,8,0,0,0,0,1,0,0,0
35000,11682,1,48,19,7,NA,NA,1621,1,3,0,0,1,0,0,0,0,0
35017,5756,1,58,19,4,NA,NA,1400,0,8,0,0,0,0,1,0,0,0
35125,2932,1,40,5,7,NA,NA,2733,1,3,0,0,1,0,0,0,0,0
35219,8207,1,24,5,2,NA,NA,1609,0,8,0,0,0,0,1,0,0,0
35244,1856,1,30,25,6,NA,NA,1733,0,1,0,0,0,0,0,1,0,0
35251,5102,1,40,22,7,NA,NA,1652,1,7,0,0,0,1,0,0,0,0
35256,11665,1,60,31,7,NA,NA,1554,1,1,0,0,0,0,0,1,0,0
35320,5939,1,48,6,6,NA,NA,998,0,6,0,1,0,0,0,0,0,0
35327,6528,1,47,21,6,NA,NA,1325,0,8,0,0,0,0,1,0,0,0
35332,5620,1,21,18,2,NA,NA,1550,0,5,0,0,0,0,0,0,0,1
35341,3047,1,28,20,4,NA,NA,1525,0,5,0,0,0,0,0,0,0,1
35358,5539,1,59,14,1,NA,NA,2417,1,4,0,0,0,0,0,0,1,0
35407,986,1,34,16,4,NA,NA,1779,0,4,0,0,0,0,0,0,1,0
35448,1242,1,45,12,2,NA,NA,1130,0,8,0,0,0,0,1,0,0,0
35482,11637,1,45,25,6,NA,NA,1518,0,1,0,0,0,0,0,1,0,0
35503,290,1,35,14,1,NA,NA,1692,1,4,0,0,0,0,0,0,1,0
35588,9798,1,33,12,7,NA,NA,1504,1,4,0,0,0,0,0,0,1,0
35601,5030,1,48,17,6,NA,NA,1681,0,2,1,0,0,0,0,0,0,0
35632,10767,1,43,11,5,NA,NA,2493,0,4,0,0,0,0,0,0,1,0
35698,128,1,32,23,7,NA,NA,1506,1,5,0,0,0,0,0,0,0,1
35759,7010,1,95,29,3,NA,NA,771,0,4,0,0,0,0,0,0,1,0
35782,5824,1,42,29,3,NA,NA,2004,0,3,0,0,1,0,0,0,0,0
35846,5287,1,34,27,1,NA,NA,2005,1,4,0,0,0,0,0,0,1,0
35873,1718,1,48,22,6,NA,NA,1500,0,5,0,0,0,0,0,0,0,1
35924,5895,1,50,8,4,NA,NA,1599,0,2,1,0,0,0,0,0,0,0
35935,4804,1,50,19,4,NA,NA,1546,0,8,0,0,0,0,1,0,0,0
35976,6518,1,45,7,5,NA,NA,1397,0,6,0,1,0,0,0,0,0,0
36006,1832,1,21,24,7,NA,NA,1929,1,7,0,0,0,1,0,0,0,0
36031,5130,1,42,13,2,NA,NA,1903,0,2,1,0,0,0,0,0,0,0
36128,10635,1,26,9,6,NA,NA,1450,0,8,0,0,0,0,1,0,0,0
36174,9969,1,66,11,2,NA,NA,1495,0,1,0,0,0,0,0,1,0,0
36199,10574,1,39,14,1,NA,NA,1793,1,4,0,0,0,0,0,0,1,0
36217,2725,1,50,13,4,NA,NA,1783,0,1,0,0,0,0,0,1,0,0
36253,5600,1,32,13,5,NA,NA,2569,0,7,0,0,0,1,0,0,0,0
36275,10348,1,73,6,7,NA,NA,2301,1,3,0,0,1,0,0,0,0,0
36280,6653,1,40,12,7,NA,NA,2049,1,4,0,0,0,0,0,0,1,0
36282,3393,1,25,6,6,NA,NA,2182,0,6,0,1,0,0,0,0,0,0
36350,11869,1,62,14,4,NA,NA,1779,0,8,0,0,0,0,1,0,0,0
36384,2885,1,32,6,4,NA,NA,1890,0,6,0,1,0,0,0,0,0,0
36486,4499,1,18,30,6,NA,NA,1219,0,6,0,1,0,0,0,0,0,0
36505,3926,1,55,1,5,NA,NA,1314,0,3,0,0,1,0,0,0,0,0
36508,3926,1,22,1,5,NA,NA,1314,0,3,0,0,1,0,0,0,0,0
36525,4666,1,41,24,5,NA,NA,2529,0,3,0,0,1,0,0,0,0,0
36526,7253,1,28,8,6,NA,NA,1473,0,6,0,1,0,0,0,0,0,0
36554,9574,1,49,6,4,NA,NA,1736,0,6,0,1,0,0,0,0,0,0
36592,4828,1,22,7,5,NA,NA,1660,0,6,0,1,0,0,0,0,0,0
36618,557,1,77,7,1,NA,NA,1682,1,3,0,0,1,0,0,0,0,0
36625,4442,1,24,28,3,NA,NA,1716,0,3,0,0,1,0,0,0,0,0
36648,616,1,46,19,4,NA,NA,1391,0,8,0,0,0,0,1,0,0,0
36654,9569,1,23,24,2,NA,NA,2829,0,3,0,0,1,0,0,0,0,0
36655,4848,1,23,30,6,NA,NA,1462,0,6,0,1,0,0,0,0,0,0
36708,3468,1,33,17,1,NA,NA,1572,1,5,0,0,0,0,0,0,0,1
36740,7596,1,48,26,4,NA,NA,433,0,7,0,0,0,1,0,0,0,0
36791,9273,1,71,22,7,NA,NA,1381,1,8,0,0,0,0,1,0,0,0
36810,3851,1,28,23,1,NA,NA,1410,1,8,0,0,0,0,1,0,0,0
36838,704,1,33,22,6,NA,NA,1583,0,5,0,0,0,0,0,0,0,1
36883,4450,1,56,9,5,NA,NA,1544,0,2,1,0,0,0,0,0,0,0
36889,3837,1,19,2,6,NA,NA,1738,0,3,0,0,1,0,0,0,0,0
36936,8800,1,60,4,1,NA,NA,1044,1,8,0,0,0,0,1,0,0,0
36952,211,1,23,16,7,NA,NA,1408,1,5,0,0,0,0,0,0,0,1
37103,9296,1,30,26,2,NA,NA,2831,0,7,0,0,0,1,0,0,0,0
37104,4148,1,64,10,4,NA,NA,1160,0,4,0,0,0,0,0,0,1,0
37111,4777,1,62,21,1,NA,NA,2435,1,3,0,0,1,0,0,0,0,0
37149,6182,1,25,14,4,NA,NA,1327,0,8,0,0,0,0,1,0,0,0
37182,4340,1,32,5,2,NA,NA,1813,0,8,0,0,0,0,1,0,0,0
37220,5286,1,45,19,4,NA,NA,1287,0,8,0,0,0,0,1,0,0,0
37256,4148,1,31,10,4,NA,NA,1160,0,4,0,0,0,0,0,0,1,0
37262,10406,1,24,16,5,NA,NA,1711,0,2,1,0,0,0,0,0,0,0
37269,4512,1,18,7,3,NA,NA,2073,0,1,0,0,0,0,0,1,0,0
37337,8557,1,45,10,1,NA,NA,1867,1,1,0,0,0,0,0,1,0,0
37357,11540,1,34,9,3,NA,NA,2150,0,4,0,0,0,0,0,0,1,0
37440,11076,1,46,18,2,NA,NA,796,0,5,0,0,0,0,0,0,0,1
37495,4825,1,46,12,2,NA,NA,1380,0,6,0,1,0,0,0,0,0,0
37513,11550,1,20,28,3,NA,NA,14,0,3,0,0,1,0,0,0,0,0
37514,10539,1,20,16,4,NA,NA,2060,0,3,0,0,1,0,0,0,0,0
37527,1777,1,50,20,4,NA,NA,1603,0,5,0,0,0,0,0,0,0,1
37599,4659,1,40,17,4,NA,NA,2403,0,3,0,0,1,0,0,0,0,0
37629,11055,1,55,11,7,NA,NA,1352,1,1,0,0,0,0,0,1,0,0
37645,2193,1,72,19,7,NA,NA,2283,1,3,0,0,1,0,0,0,0,0
37654,693,1,62,26,4,NA,NA,1509,0,7,0,0,0,1,0,0,0,0
37701,9542,1,22,19,4,NA,NA,2173,0,7,0,0,0,1,0,0,0,0
37705,3447,1,35,17,6,NA,NA,1414,0,2,1,0,0,0,0,0,0,0
37825,2927,1,25,14,3,NA,NA,1583,0,2,1,0,0,0,0,0,0,0
37883,6290,1,74,10,6,NA,NA,1266,0,2,1,0,0,0,0,0,0,0
37896,652,1,75,24,2,NA,NA,1087,0,8,0,0,0,0,1,0,0,0
37898,4055,1,35,23,6,NA,NA,1836,0,1,0,0,0,0,0,1,0,0
37922,11055,1,26,11,7,NA,NA,1539,1,1,0,0,0,0,0,1,0,0
37930,1208,1,35,14,1,NA,NA,1299,1,4,0,0,0,0,0,0,1,0
37989,6367,1,47,8,4,NA,NA,1911,0,2,1,0,0,0,0,0,0,0
38064,11185,1,26,29,4,NA,NA,1223,0,7,0,0,0,1,0,0,0,0
38134,5324,1,52,11,2,NA,NA,1849,0,1,0,0,0,0,0,1,0,0
38145,11854,1,20,6,7,NA,NA,1891,1,4,0,0,0,0,0,0,1,0
38152,5086,1,41,14,3,NA,NA,1551,0,1,0,0,0,0,0,1,0,0
38201,7521,1,65,1,1,NA,NA,1332,1,6,0,1,0,0,0,0,0,0
38237,11665,1,22,31,7,NA,NA,1551,1,1,0,0,0,0,0,1,0,0
38255,3804,1,25,5,2,NA,NA,1390,0,8,0,0,0,0,1,0,0,0
38289,9368,1,30,5,7,NA,NA,1303,1,7,0,0,0,1,0,0,0,0
38312,2992,1,31,19,4,NA,NA,1584,0,8,0,0,0,0,1,0,0,0
38383,7943,1,32,12,3,NA,NA,2065,0,1,0,0,0,0,0,1,0,0
38384,6763,1,27,29,3,NA,NA,2359,0,4,0,0,0,0,0,0,1,0
38404,5130,1,18,13,2,NA,NA,1903,0,2,1,0,0,0,0,0,0,0
38411,6217,1,25,1,3,NA,NA,1525,0,1,0,0,0,0,0,1,0,0
38424,4887,1,18,1,3,NA,NA,1821,0,1,0,0,0,0,0,1,0,0
38485,11405,1,34,6,7,NA,NA,1964,1,3,0,0,1,0,0,0,0,0
38522,5480,1,20,22,6,NA,NA,1444,0,5,0,0,0,0,0,0,0,1
38545,1845,1,56,28,6,NA,NA,2027,0,3,0,0,1,0,0,0,0,0
38546,1826,1,80,6,7,NA,NA,1071,1,3,0,0,1,0,0,0,0,0
38577,7564,1,60,13,2,NA,NA,1421,0,2,1,0,0,0,0,0,0,0
38646,322,1,47,10,4,NA,NA,965,0,4,0,0,0,0,0,0,1,0
38684,6780,1,45,26,1,NA,NA,1425,1,7,0,0,0,1,0,0,0,0
38756,9334,1,45,10,7,NA,NA,1227,1,8,0,0,0,0,1,0,0,0
38787,4479,1,39,23,1,NA,NA,1331,1,8,0,0,0,0,1,0,0,0
38790,6465,1,24,24,2,NA,NA,1433,0,3,0,0,1,0,0,0,0,0
38877,2325,1,62,23,6,NA,NA,874,0,7,0,0,0,1,0,0,0,0
38943,11676,1,24,10,7,NA,NA,1721,1,6,0,1,0,0,0,0,0,0
39047,4243,1,34,7,5,NA,NA,1450,0,6,0,1,0,0,0,0,0,0
39075,2810,1,28,14,3,NA,NA,1314,0,2,1,0,0,0,0,0,0,0
39243,8582,1,55,25,2,NA,NA,1496,0,5,0,0,0,0,0,0,0,1
39250,69,1,18,17,2,NA,NA,1478,0,7,0,0,0,1,0,0,0,0
39374,3949,1,25,8,4,NA,NA,1526,0,1,0,0,0,0,0,1,0,0
39378,6916,1,18,13,2,NA,NA,1248,0,1,0,0,0,0,0,1,0,0
39414,10355,1,25,13,4,NA,NA,1250,0,5,0,0,0,0,0,0,0,1
39463,9755,1,56,6,6,NA,NA,1417,0,6,0,1,0,0,0,0,0,0
39472,6461,1,33,6,7,NA,NA,1080,1,4,0,0,0,0,0,0,1,0
39487,2138,1,26,15,6,NA,NA,1862,0,1,0,0,0,0,0,1,0,0
39611,6763,1,52,29,3,NA,NA,2131,0,4,0,0,0,0,0,0,1,0
39630,3005,1,28,21,4,NA,NA,2015,0,1,0,0,0,0,0,1,0,0
39640,6873,1,30,26,2,NA,NA,1052,0,1,0,0,0,0,0,1,0,0
39642,8153,1,40,26,2,NA,NA,1225,0,1,0,0,0,0,0,1,0,0
39657,3056,1,45,8,2,NA,NA,3090,0,3,0,0,1,0,0,0,0,0
39672,6135,1,46,12,2,NA,NA,1575,0,6,0,1,0,0,0,0,0,0
