SUBJECT,HOUSEHOLD,SEX,AGE_YEAR,CONSUMPTION_DAY,WEEK_DAY,PREG_LACT,BREASTFEEDING,sum_ENERGY_kcal,WEEKEND,adm2_,adm2_6,adm2_3,adm2_2,adm2_7,adm2_4,adm2_8,adm2_1,adm2_5
13,5224,1,28,8,5,NA,NA,3135,0,6,1,0,0,0,0,0,0,0
22,6638,1,32,31,3,NA,NA,2463,0,3,0,1,0,0,0,0,0,0
45,3469,1,51,20,1,NA,NA,2073,1,3,0,1,0,0,0,0,0,0
143,4597,1,35,23,2,NA,NA,1635,0,2,0,0,1,0,0,0,0,0
153,3424,1,29,25,5,NA,NA,2337,0,6,1,0,0,0,0,0,0,0
176,3862,1,40,25,3,NA,NA,1838,0,2,0,0,1,0,0,0,0,0
198,6940,1,62,27,2,NA,NA,844,0,7,0,0,0,1,0,0,0,0
212,11693,1,38,22,4,NA,NA,3516,0,3,0,1,0,0,0,0,0,0
318,11275,1,45,29,5,NA,NA,1883,0,4,0,0,0,0,1,0,0,0
329,7139,1,50,4,5,NA,NA,1343,0,4,0,0,0,0,1,0,0,0
340,10359,1,67,25,3,NA,NA,1969,0,2,0,0,1,0,0,0,0,0
350,9327,1,21,18,3,NA,NA,766,0,8,0,0,0,0,0,1,0,0
363,11475,1,58,3,2,NA,NA,1629,0,4,0,0,0,0,1,0,0,0
371,8927,1,49,24,3,NA,NA,3324,0,3,0,1,0,0,0,0,0,0
478,3218,1,80,21,6,NA,NA,1240,0,2,0,0,1,0,0,0,0,0
496,10211,1,36,30,2,NA,NA,1881,0,3,0,1,0,0,0,0,0,0
555,459,1,40,14,5,NA,NA,2360,0,1,0,0,0,0,0,0,1,0
575,3176,1,19,20,5,NA,NA,1107,0,8,0,0,0,0,0,1,0,0
579,5606,1,30,27,7,NA,NA,663,1,5,0,0,0,0,0,0,0,1
612,8370,1,32,2,2,NA,NA,692,0,4,0,0,0,0,1,0,0,0
670,5339,1,25,14,4,NA,NA,2556,0,7,0,0,0,1,0,0,0,0
674,6515,1,31,17,5,NA,NA,2703,0,5,0,0,0,0,0,0,0,1
697,3270,1,50,18,6,NA,NA,2420,0,5,0,0,0,0,0,0,0,1
815,1988,1,42,13,7,NA,NA,3175,1,5,0,0,0,0,0,0,0,1
832,9450,1,30,9,4,NA,NA,2130,0,5,0,0,0,0,0,0,0,1
839,5926,1,59,23,2,NA,NA,2535,0,2,0,0,1,0,0,0,0,0
850,10994,1,60,31,2,NA,NA,1965,0,2,0,0,1,0,0,0,0,0
1067,2061,1,69,7,6,NA,NA,2953,0,4,0,0,0,0,1,0,0,0
1092,2796,1,53,16,6,NA,NA,1763,0,7,0,0,0,1,0,0,0,0
1103,9518,1,19,23,1,NA,NA,1997,1,2,0,0,1,0,0,0,0,0
1160,4447,1,25,12,4,NA,NA,1795,0,8,0,0,0,0,0,1,0,0
1175,10177,1,50,22,4,NA,NA,2219,0,3,0,1,0,0,0,0,0,0
1186,3269,1,30,21,5,NA,NA,2190,0,1,0,0,0,0,0,0,1,0
1194,9839,1,65,31,3,NA,NA,1518,0,3,0,1,0,0,0,0,0,0
1199,6480,1,22,24,5,NA,NA,927,0,3,0,1,0,0,0,0,0,0
1217,9236,1,22,21,5,NA,NA,2167,0,1,0,0,0,0,0,0,1,0
1237,4913,1,24,24,6,NA,NA,1870,0,4,0,0,0,0,1,0,0,0
1323,3895,1,38,27,7,NA,NA,2766,1,5,0,0,0,0,0,0,0,1
1359,2007,1,25,20,3,NA,NA,2732,0,7,0,0,0,1,0,0,0,0
1382,3631,1,18,23,5,NA,NA,2960,0,7,0,0,0,1,0,0,0,0
1404,9681,1,75,16,7,NA,NA,2479,1,7,0,0,0,1,0,0,0,0
1420,10108,1,35,24,5,NA,NA,3036,0,3,0,1,0,0,0,0,0,0
1439,1773,1,60,21,2,NA,NA,2240,0,3,0,1,0,0,0,0,0,0
1458,11678,1,18,8,7,NA,NA,1318,1,4,0,0,0,0,1,0,0,0
1474,1323,1,43,30,7,NA,NA,1948,1,4,0,0,0,0,1,0,0,0
1484,1159,1,46,20,1,NA,NA,914,1,3,0,1,0,0,0,0,0,0
1510,11208,1,18,25,4,NA,NA,2904,0,2,0,0,1,0,0,0,0,0
1536,11260,1,24,27,6,NA,NA,2049,0,3,0,1,0,0,0,0,0,0
1550,8956,1,25,25,3,NA,NA,3130,0,2,0,0,1,0,0,0,0,0
1567,10385,1,45,10,5,NA,NA,2952,0,1,0,0,0,0,0,0,1,0
1652,6588,1,19,25,4,NA,NA,1457,0,2,0,0,1,0,0,0,0,0
1723,10173,1,59,4,5,NA,NA,1469,0,4,0,0,0,0,1,0,0,0
1741,3196,1,36,7,2,NA,NA,2302,0,5,0,0,0,0,0,0,0,1
1745,8537,1,42,20,5,NA,NA,1871,0,8,0,0,0,0,0,1,0,0
1781,6759,1,35,24,4,NA,NA,4459,0,6,1,0,0,0,0,0,0,0
1785,9373,1,20,27,2,NA,NA,1144,0,6,1,0,0,0,0,0,0,0
1812,8287,1,60,19,7,NA,NA,2025,1,3,0,1,0,0,0,0,0,0
1909,5339,1,62,14,4,NA,NA,2209,0,7,0,0,0,1,0,0,0,0
2031,1947,1,20,8,5,NA,NA,2074,0,6,1,0,0,0,0,0,0,0
2047,3446,1,33,12,2,NA,NA,3158,0,6,1,0,0,0,0,0,0,0
2065,8652,1,26,24,5,NA,NA,2369,0,3,0,1,0,0,0,0,0,0
2066,11314,1,25,24,1,NA,NA,2678,1,1,0,0,0,0,0,0,1,0
2068,11532,1,24,27,5,NA,NA,2464,0,2,0,0,1,0,0,0,0,0
2100,4907,1,60,10,5,NA,NA,2095,0,1,0,0,0,0,0,0,1,0
2109,11264,1,23,18,2,NA,NA,2071,0,7,0,0,0,1,0,0,0,0
2149,6744,1,33,26,5,NA,NA,3487,0,3,0,1,0,0,0,0,0,0
2174,9850,1,40,26,6,NA,NA,883,0,6,1,0,0,0,0,0,0,0
2225,10562,1,30,17,4,NA,NA,2445,0,5,0,0,0,0,0,0,0,1
2255,9983,1,40,12,4,NA,NA,1770,0,8,0,0,0,0,0,1,0,0
2304,4595,1,30,18,2,NA,NA,2653,0,7,0,0,0,1,0,0,0,0
2313,3165,1,62,9,7,NA,NA,2120,1,8,0,0,0,0,0,1,0,0
2338,6546,1,45,16,1,NA,NA,2526,1,8,0,0,0,0,0,1,0,0
2352,8103,1,18,8,2,NA,NA,2037,0,1,0,0,0,0,0,0,1,0
2367,6261,1,30,15,5,NA,NA,627,0,7,0,0,0,1,0,0,0,0
2397,10983,1,28,16,7,NA,NA,951,1,1,0,0,0,0,0,0,1,0
2412,5427,1,32,26,4,NA,NA,2806,0,3,0,1,0,0,0,0,0,0
2460,482,1,80,14,5,NA,NA,1733,0,1,0,0,0,0,0,0,1,0
2508,4033,1,30,15,3,NA,NA,794,0,5,0,0,0,0,0,0,0,1
2517,1333,1,20,19,1,NA,NA,1281,1,7,0,0,0,1,0,0,0,0
2554,166,1,20,1,6,NA,NA,1490,0,4,0,0,0,0,1,0,0,0
2600,11340,1,32,19,4,NA,NA,2685,0,3,0,1,0,0,0,0,0,0
2613,9865,1,35,14,1,NA,NA,1606,1,5,0,0,0,0,0,0,0,1
2632,7490,1,57,14,5,NA,NA,1549,0,1,0,0,0,0,0,0,1,0
2711,5595,1,22,15,3,NA,NA,3281,0,5,0,0,0,0,0,0,0,1
2835,5712,1,28,22,4,NA,NA,3065,0,7,0,0,0,1,0,0,0,0
2846,4454,1,62,22,4,NA,NA,2753,0,3,0,1,0,0,0,0,0,0
2865,1977,1,60,28,5,NA,NA,1692,0,1,0,0,0,0,0,0,1,0
2951,9595,1,18,30,7,NA,NA,1892,1,4,0,0,0,0,1,0,0,0
2973,293,1,70,25,4,NA,NA,3051,0,3,0,1,0,0,0,0,0,0
3060,4917,1,30,15,3,NA,NA,2831,0,5,0,0,0,0,0,0,0,1
3067,3716,1,60,29,1,NA,NA,2446,1,3,0,1,0,0,0,0,0,0
3141,9981,1,23,16,7,NA,NA,3031,1,7,0,0,0,1,0,0,0,0
3145,5618,1,25,30,5,NA,NA,2117,0,4,0,0,0,0,1,0,0,0
3188,4454,1,33,22,4,NA,NA,2306,0,3,0,1,0,0,0,0,0,0
3216,138,1,32,2,2,NA,NA,3083,0,4,0,0,0,0,1,0,0,0
3243,4764,1,35,24,3,NA,NA,1085,0,3,0,1,0,0,0,0,0,0
3261,494,1,30,5,4,NA,NA,2038,0,4,0,0,0,0,1,0,0,0
3364,11438,1,33,13,1,NA,NA,2802,1,5,0,0,0,0,0,0,0,1
3377,8900,1,35,30,7,NA,NA,2252,1,4,0,0,0,0,1,0,0,0
3414,9336,1,32,19,7,NA,NA,296,1,3,0,1,0,0,0,0,0,0
3463,11280,1,55,16,1,NA,NA,2355,1,8,0,0,0,0,0,1,0,0
3550,7870,1,30,13,1,NA,NA,2577,1,5,0,0,0,0,0,0,0,1
3557,360,1,18,12,6,NA,NA,3005,0,5,0,0,0,0,0,0,0,1
3565,5166,1,50,24,1,NA,NA,1292,1,1,0,0,0,0,0,0,1,0
3596,4454,1,20,22,4,NA,NA,2418,0,3,0,1,0,0,0,0,0,0
3634,1503,1,60,12,7,NA,NA,2030,1,1,0,0,0,0,0,0,1,0
3643,4179,1,27,14,4,NA,NA,2993,0,7,0,0,0,1,0,0,0,0
3659,6491,1,55,27,4,NA,NA,1834,0,4,0,0,0,0,1,0,0,0
3675,10937,1,26,27,2,NA,NA,2475,0,6,1,0,0,0,0,0,0,0
3691,2157,1,63,25,5,NA,NA,1514,0,5,0,0,0,0,0,0,0,1
3709,9373,1,22,27,2,NA,NA,1668,0,6,1,0,0,0,0,0,0,0
3726,4237,1,45,28,1,NA,NA,3472,1,5,0,0,0,0,0,0,0,1
3730,7595,1,36,17,5,NA,NA,1606,0,3,0,1,0,0,0,0,0,0
3839,301,1,58,16,4,NA,NA,1883,0,1,0,0,0,0,0,0,1,0
3846,3710,1,50,23,3,NA,NA,2418,0,6,1,0,0,0,0,0,0,0
3870,10087,1,19,7,4,NA,NA,1326,0,2,0,0,1,0,0,0,0,0
3900,5667,1,26,16,5,NA,NA,2203,0,3,0,1,0,0,0,0,0,0
3912,66,1,39,18,3,NA,NA,1322,0,8,0,0,0,0,0,1,0,0
4002,6168,1,35,18,2,NA,NA,1555,0,7,0,0,0,1,0,0,0,0
4096,7319,1,70,25,5,NA,NA,1239,0,5,0,0,0,0,0,0,0,1
4108,1561,1,60,9,7,NA,NA,1080,1,8,0,0,0,0,0,1,0,0
4142,2535,1,38,17,4,NA,NA,980,0,5,0,0,0,0,0,0,0,1
4144,20,1,38,28,5,NA,NA,2314,0,1,0,0,0,0,0,0,1,0
4210,6934,1,35,31,2,NA,NA,2353,0,2,0,0,1,0,0,0,0,0
4215,2681,1,28,19,1,NA,NA,1813,1,7,0,0,0,1,0,0,0,0
4230,2803,1,48,20,1,NA,NA,2145,1,3,0,1,0,0,0,0,0,0
4289,248,1,45,7,4,NA,NA,2090,0,2,0,0,1,0,0,0,0,0
4290,6177,1,31,31,7,NA,NA,2240,1,4,0,0,0,0,1,0,0,0
4311,2873,1,64,6,6,NA,NA,2119,0,4,0,0,0,0,1,0,0,0
4386,2724,1,24,2,4,NA,NA,1698,0,2,0,0,1,0,0,0,0,0
4576,2375,1,60,21,5,NA,NA,1006,0,1,0,0,0,0,0,0,1,0
4600,6531,1,54,7,4,NA,NA,2184,0,2,0,0,1,0,0,0,0,0
4609,2083,1,50,24,4,NA,NA,2777,0,6,1,0,0,0,0,0,0,0
4649,6063,1,60,18,7,NA,NA,1945,1,3,0,1,0,0,0,0,0,0
4685,3069,1,70,2,4,NA,NA,1189,0,2,0,0,1,0,0,0,0,0
4689,782,1,30,16,7,NA,NA,2001,1,7,0,0,0,1,0,0,0,0
4690,5252,1,33,17,6,NA,NA,2756,0,7,0,0,0,1,0,0,0,0
4744,1584,1,53,22,4,NA,NA,2188,0,7,0,0,0,1,0,0,0,0
4749,9535,1,42,25,5,NA,NA,3052,0,6,1,0,0,0,0,0,0,0
4799,10381,1,35,16,4,NA,NA,2608,0,1,0,0,0,0,0,0,1,0
4864,9448,1,55,25,5,NA,NA,1949,0,5,0,0,0,0,0,0,0,1
4897,7854,1,25,15,3,NA,NA,2031,0,5,0,0,0,0,0,0,0,1
4974,694,1,42,20,5,NA,NA,2610,0,8,0,0,0,0,0,1,0,0
4989,3128,1,35,8,5,NA,NA,2493,0,2,0,0,1,0,0,0,0,0
4991,9114,1,40,29,7,NA,NA,2329,1,2,0,0,1,0,0,0,0,0
5001,5402,1,54,15,5,NA,NA,3453,0,6,1,0,0,0,0,0,0,0
5060,11231,1,50,8,2,NA,NA,1599,0,1,0,0,0,0,0,0,1,0
5192,7646,1,70,25,3,NA,NA,940,0,2,0,0,1,0,0,0,0,0
5202,6841,1,18,4,4,NA,NA,2040,0,4,0,0,0,0,1,0,0,0
5264,2981,1,65,28,7,NA,NA,2014,1,3,0,1,0,0,0,0,0,0
5265,4706,1,35,24,4,NA,NA,2022,0,6,1,0,0,0,0,0,0,0
5275,11773,1,68,22,6,NA,NA,1597,0,1,0,0,0,0,0,0,1,0
5280,9042,1,50,16,1,NA,NA,1571,1,8,0,0,0,0,0,1,0,0
5289,10638,1,50,22,4,NA,NA,1625,0,7,0,0,0,1,0,0,0,0
5300,5550,1,29,29,6,NA,NA,885,0,4,0,0,0,0,1,0,0,0
5310,6630,1,70,12,6,NA,NA,1793,0,5,0,0,0,0,0,0,0,1
5334,4826,1,29,8,7,NA,NA,2228,1,4,0,0,0,0,1,0,0,0
5463,10071,1,67,9,6,NA,NA,1412,0,2,0,0,1,0,0,0,0,0
5502,8788,1,23,27,7,NA,NA,2045,1,5,0,0,0,0,0,0,0,1
5536,1454,1,23,29,4,NA,NA,2060,0,6,1,0,0,0,0,0,0,0
5559,1412,1,24,11,6,NA,NA,3032,0,5,0,0,0,0,0,0,0,1
5597,10033,1,31,18,2,NA,NA,2424,0,7,0,0,0,1,0,0,0,0
5606,8555,1,56,26,6,NA,NA,1859,0,6,1,0,0,0,0,0,0,0
5626,10638,1,31,22,4,NA,NA,3084,0,7,0,0,0,1,0,0,0,0
5657,3585,1,66,19,5,NA,NA,1412,0,2,0,0,1,0,0,0,0,0
5678,11536,1,45,16,7,NA,NA,1954,1,7,0,0,0,1,0,0,0,0
5679,6784,1,46,15,5,NA,NA,1780,0,6,1,0,0,0,0,0,0,0
5688,7984,1,60,25,4,NA,NA,2301,0,2,0,0,1,0,0,0,0,0
5711,2159,1,45,21,5,NA,NA,2064,0,1,0,0,0,0,0,0,1,0
5753,9775,1,24,23,5,NA,NA,1813,0,7,0,0,0,1,0,0,0,0
5779,4147,1,32,22,3,NA,NA,2462,0,3,0,1,0,0,0,0,0,0
5835,7697,1,80,1,1,NA,NA,1498,1,4,0,0,0,0,1,0,0,0
5848,5447,1,19,1,4,NA,NA,1810,0,5,0,0,0,0,0,0,0,1
5870,1351,1,25,1,2,NA,NA,2268,0,4,0,0,0,0,1,0,0,0
5896,8593,1,30,18,2,NA,NA,747,0,1,0,0,0,0,0,0,1,0
5910,9888,1,19,19,7,NA,NA,1456,1,3,0,1,0,0,0,0,0,0
5917,4454,1,27,22,4,NA,NA,1610,0,3,0,1,0,0,0,0,0,0
5938,9810,1,55,16,4,NA,NA,2824,0,1,0,0,0,0,0,0,1,0
5950,3569,1,41,16,4,NA,NA,1788,0,1,0,0,0,0,0,0,1,0
6079,9257,1,40,12,7,NA,NA,1979,1,1,0,0,0,0,0,0,1,0
6106,4471,1,30,24,6,NA,NA,3378,0,4,0,0,0,0,1,0,0,0
6131,6879,1,25,16,6,NA,NA,3218,0,7,0,0,0,1,0,0,0,0
6142,1633,1,45,22,4,NA,NA,2142,0,3,0,1,0,0,0,0,0,0
6171,805,1,60,1,4,NA,NA,465,0,5,0,0,0,0,0,0,0,1
6198,8103,1,20,8,2,NA,NA,2216,0,1,0,0,0,0,0,0,1,0
6226,8533,1,29,2,4,NA,NA,1203,0,2,0,0,1,0,0,0,0,0
6334,10789,1,37,18,2,NA,NA,3119,0,1,0,0,0,0,0,0,1,0
6338,4955,1,43,17,5,NA,NA,2771,0,5,0,0,0,0,0,0,0,1
6381,11275,1,18,29,5,NA,NA,1356,0,4,0,0,0,0,1,0,0,0
6409,9202,1,35,14,2,NA,NA,2031,0,1,0,0,0,0,0,0,1,0
6420,9435,1,40,27,5,NA,NA,1776,0,2,0,0,1,0,0,0,0,0
6483,5933,1,78,29,6,NA,NA,1298,0,4,0,0,0,0,1,0,0,0
6580,6744,1,31,26,5,NA,NA,2763,0,3,0,1,0,0,0,0,0,0
6584,11139,1,35,7,2,NA,NA,1570,0,5,0,0,0,0,0,0,0,1
6586,8143,1,42,22,6,NA,NA,1607,0,1,0,0,0,0,0,0,1,0
6600,11296,1,28,18,7,NA,NA,2285,1,3,0,1,0,0,0,0,0,0
6606,1931,1,28,23,2,NA,NA,2187,0,2,0,0,1,0,0,0,0,0
6625,6164,1,38,29,4,NA,NA,2636,0,4,0,0,0,0,1,0,0,0
6639,8811,1,46,22,4,NA,NA,2870,0,4,0,0,0,0,1,0,0,0
6640,2825,1,24,29,4,NA,NA,2664,0,4,0,0,0,0,1,0,0,0
6688,10837,1,54,10,5,NA,NA,3525,0,1,0,0,0,0,0,0,1,0
6819,507,1,41,29,6,NA,NA,2881,0,1,0,0,0,0,0,0,1,0
6955,576,1,27,17,6,NA,NA,1907,0,7,0,0,0,1,0,0,0,0
6972,9262,1,26,30,7,NA,NA,3653,1,4,0,0,0,0,1,0,0,0
6973,10202,1,19,16,6,NA,NA,2058,0,7,0,0,0,1,0,0,0,0
7003,568,1,43,26,4,NA,NA,3700,0,3,0,1,0,0,0,0,0,0
7218,10803,1,70,2,2,NA,NA,1212,0,4,0,0,0,0,1,0,0,0
7244,988,1,25,12,3,NA,NA,3065,0,7,0,0,0,1,0,0,0,0
7432,7986,1,45,30,7,NA,NA,3315,1,4,0,0,0,0,1,0,0,0
7460,3479,1,38,29,6,NA,NA,1210,0,1,0,0,0,0,0,0,1,0
7461,6023,1,65,18,6,NA,NA,1979,0,1,0,0,0,0,0,0,1,0
7503,1199,1,19,28,5,NA,NA,1846,0,1,0,0,0,0,0,0,1,0
7530,11067,1,25,11,1,NA,NA,2854,1,2,0,0,1,0,0,0,0,0
7531,5980,1,65,1,4,NA,NA,2884,0,5,0,0,0,0,0,0,0,1
7543,3473,1,22,9,6,NA,NA,1208,0,6,1,0,0,0,0,0,0,0
7573,11590,1,53,1,3,NA,NA,2243,0,2,0,0,1,0,0,0,0,0
7601,3127,1,22,23,2,NA,NA,216,0,2,0,0,1,0,0,0,0,0
7602,5723,1,28,29,4,NA,NA,2686,0,6,1,0,0,0,0,0,0,0
7691,11393,1,22,16,7,NA,NA,2634,1,1,0,0,0,0,0,0,1,0
7705,3323,1,28,16,5,NA,NA,1018,0,3,0,1,0,0,0,0,0,0
7769,2294,1,46,12,3,NA,NA,822,0,7,0,0,0,1,0,0,0,0
7774,10561,1,65,26,6,NA,NA,2568,0,6,1,0,0,0,0,0,0,0
7793,5199,1,30,13,5,NA,NA,1680,0,8,0,0,0,0,0,1,0,0
7806,10353,1,57,17,4,NA,NA,2498,0,5,0,0,0,0,0,0,0,1
7810,9236,1,47,21,5,NA,NA,2411,0,1,0,0,0,0,0,0,1,0
7862,2986,1,40,19,4,NA,NA,2790,0,3,0,1,0,0,0,0,0,0
7901,10929,1,69,22,7,NA,NA,1389,1,3,0,1,0,0,0,0,0,0
8007,11862,1,25,29,7,NA,NA,2267,1,2,0,0,1,0,0,0,0,0
8090,1593,1,68,23,3,NA,NA,2042,0,5,0,0,0,0,0,0,0,1
8123,860,1,38,14,5,NA,NA,1823,0,7,0,0,0,1,0,0,0,0
8243,8188,1,45,20,2,NA,NA,2397,0,3,0,1,0,0,0,0,0,0
8246,2606,1,24,15,3,NA,NA,2977,0,5,0,0,0,0,0,0,0,1
8264,9621,1,30,16,5,NA,NA,645,0,3,0,1,0,0,0,0,0,0
8275,4896,1,45,9,6,NA,NA,2171,0,2,0,0,1,0,0,0,0,0
8285,2066,1,62,22,7,NA,NA,3166,1,8,0,0,0,0,0,1,0,0
8297,5726,1,42,1,4,NA,NA,1073,0,5,0,0,0,0,0,0,0,1
8364,164,1,31,26,5,NA,NA,1653,0,3,0,1,0,0,0,0,0,0
8367,2159,1,19,21,5,NA,NA,2051,0,1,0,0,0,0,0,0,1,0
8383,6210,1,25,31,7,NA,NA,3402,1,4,0,0,0,0,1,0,0,0
8521,135,1,75,22,4,NA,NA,3323,0,4,0,0,0,0,1,0,0,0
8602,11308,1,26,18,1,NA,NA,2342,1,7,0,0,0,1,0,0,0,0
8631,9794,1,40,19,7,NA,NA,1502,1,5,0,0,0,0,0,0,0,1
8639,8445,1,40,18,3,NA,NA,2353,0,8,0,0,0,0,0,1,0,0
8644,1586,1,46,1,4,NA,NA,2962,0,5,0,0,0,0,0,0,0,1
8683,10516,1,25,26,6,NA,NA,1920,0,6,1,0,0,0,0,0,0,0
8690,11862,1,20,29,7,NA,NA,1993,1,2,0,0,1,0,0,0,0,0
8735,386,1,23,30,6,NA,NA,1852,0,4,0,0,0,0,1,0,0,0
8755,11266,1,52,21,6,NA,NA,1480,0,2,0,0,1,0,0,0,0,0
8794,65,1,65,29,6,NA,NA,2255,0,4,0,0,0,0,1,0,0,0
8960,334,1,60,19,7,NA,NA,1611,1,3,0,1,0,0,0,0,0,0
8961,4314,1,26,26,3,NA,NA,2647,0,1,0,0,0,0,0,0,1,0
8998,9865,1,60,14,1,NA,NA,2171,1,5,0,0,0,0,0,0,0,1
9026,8020,1,40,21,3,NA,NA,2998,0,7,0,0,0,1,0,0,0,0
9086,3654,1,39,27,2,NA,NA,2615,0,6,1,0,0,0,0,0,0,0
9114,6500,1,62,16,7,NA,NA,747,1,1,0,0,0,0,0,0,1,0
9134,9030,1,35,1,2,NA,NA,4164,0,4,0,0,0,0,1,0,0,0
9176,1487,1,25,5,4,NA,NA,1660,0,4,0,0,0,0,1,0,0,0
9229,11238,1,24,27,5,NA,NA,1482,0,2,0,0,1,0,0,0,0,0
9241,386,1,60,30,6,NA,NA,1681,0,4,0,0,0,0,1,0,0,0
9316,11447,1,55,29,6,NA,NA,300,0,4,0,0,0,0,1,0,0,0
9375,1983,1,58,24,2,NA,NA,2004,0,8,0,0,0,0,0,1,0,0
9380,8028,1,70,20,5,NA,NA,2101,0,3,0,1,0,0,0,0,0,0
9454,334,1,25,19,7,NA,NA,2015,1,3,0,1,0,0,0,0,0,0
9479,1948,1,61,2,2,NA,NA,1916,0,4,0,0,0,0,1,0,0,0
9494,7775,1,42,26,6,NA,NA,2227,0,6,1,0,0,0,0,0,0,0
9500,9327,1,18,18,3,NA,NA,2053,0,8,0,0,0,0,0,1,0,0
9538,8691,1,22,18,7,NA,NA,2232,1,3,0,1,0,0,0,0,0,0
9565,8357,1,24,4,4,NA,NA,2550,0,4,0,0,0,0,1,0,0,0
9566,10125,1,53,15,3,NA,NA,1947,0,5,0,0,0,0,0,0,0,1
9586,11208,1,56,25,4,NA,NA,1533,0,2,0,0,1,0,0,0,0,0
9595,2590,1,38,27,2,NA,NA,2319,0,7,0,0,0,1,0,0,0,0
9600,9204,1,88,24,3,NA,NA,1557,0,3,0,1,0,0,0,0,0,0
9619,2713,1,50,16,6,NA,NA,1858,0,7,0,0,0,1,0,0,0,0
9680,7107,1,19,22,7,NA,NA,1943,1,2,0,0,1,0,0,0,0,0
9701,5605,1,50,19,7,NA,NA,2315,1,5,0,0,0,0,0,0,0,1
9702,8344,1,56,7,5,NA,NA,862,0,8,0,0,0,0,0,1,0,0
9748,9810,1,25,16,4,NA,NA,2336,0,1,0,0,0,0,0,0,1,0
9773,1785,1,24,26,6,NA,NA,1758,0,6,1,0,0,0,0,0,0,0
9806,5911,1,45,14,4,NA,NA,2994,0,7,0,0,0,1,0,0,0,0
9851,9352,1,70,25,5,NA,NA,1744,0,5,0,0,0,0,0,0,0,1
9877,11624,1,44,25,4,NA,NA,3614,0,3,0,1,0,0,0,0,0,0
9997,1542,1,55,21,2,NA,NA,3577,0,3,0,1,0,0,0,0,0,0
10090,8044,1,28,15,3,NA,NA,1806,0,5,0,0,0,0,0,0,0,1
10104,7903,1,37,20,4,NA,NA,2021,0,1,0,0,0,0,0,0,1,0
10167,10924,1,65,8,2,NA,NA,698,0,1,0,0,0,0,0,0,1,0
10171,3085,1,46,12,7,NA,NA,2247,1,1,0,0,0,0,0,0,1,0
10182,1371,1,40,19,7,NA,NA,1826,1,1,0,0,0,0,0,0,1,0
10282,1788,1,24,9,6,NA,NA,4586,0,2,0,0,1,0,0,0,0,0
10297,232,1,42,23,3,NA,NA,1276,0,5,0,0,0,0,0,0,0,1
10364,5349,1,50,31,3,NA,NA,2198,0,3,0,1,0,0,0,0,0,0
10413,8211,1,32,6,6,NA,NA,2038,0,4,0,0,0,0,1,0,0,0
10480,8610,1,48,10,5,NA,NA,649,0,1,0,0,0,0,0,0,1,0
10527,301,1,24,16,4,NA,NA,2365,0,1,0,0,0,0,0,0,1,0
10680,7071,1,25,18,1,NA,NA,2023,1,7,0,0,0,1,0,0,0,0
10708,5207,1,32,18,2,NA,NA,2583,0,7,0,0,0,1,0,0,0,0
10745,7075,1,42,6,6,NA,NA,2193,0,4,0,0,0,0,1,0,0,0
10811,5339,1,22,14,4,NA,NA,1971,0,7,0,0,0,1,0,0,0,0
10870,6866,1,80,15,2,NA,NA,873,0,6,1,0,0,0,0,0,0,0
10892,6000,1,40,18,6,NA,NA,2387,0,1,0,0,0,0,0,0,1,0
10902,2007,1,30,20,3,NA,NA,2169,0,7,0,0,0,1,0,0,0,0
10905,2546,1,26,12,6,NA,NA,2913,0,5,0,0,0,0,0,0,0,1
10916,2073,1,56,16,5,NA,NA,1739,0,3,0,1,0,0,0,0,0,0
11037,9932,1,50,11,1,NA,NA,2685,1,2,0,0,1,0,0,0,0,0
11061,10964,1,25,20,5,NA,NA,1244,0,8,0,0,0,0,0,1,0,0
11070,5157,1,25,22,6,NA,NA,2732,0,1,0,0,0,0,0,0,1,0
11215,3337,1,45,16,6,NA,NA,1849,0,7,0,0,0,1,0,0,0,0
11216,9703,1,30,14,5,NA,NA,1136,0,1,0,0,0,0,0,0,1,0
11255,560,1,33,23,4,NA,NA,2683,0,3,0,1,0,0,0,0,0,0
11273,6630,1,35,12,6,NA,NA,2068,0,5,0,0,0,0,0,0,0,1
11310,1573,1,48,19,7,NA,NA,1708,1,5,0,0,0,0,0,0,0,1
11416,9341,1,36,24,4,NA,NA,1014,0,6,1,0,0,0,0,0,0,0
11479,10528,1,22,21,3,NA,NA,2341,0,7,0,0,0,1,0,0,0,0
11501,2553,1,30,2,4,NA,NA,2888,0,2,0,0,1,0,0,0,0,0
11527,5614,1,70,21,7,NA,NA,718,1,2,0,0,1,0,0,0,0,0
11582,6558,1,50,5,4,NA,NA,1459,0,4,0,0,0,0,1,0,0,0
11583,8828,1,75,23,2,NA,NA,4441,0,3,0,1,0,0,0,0,0,0
11610,7084,1,30,24,2,NA,NA,2414,0,8,0,0,0,0,0,1,0,0
11649,7712,1,48,2,2,NA,NA,3243,0,4,0,0,0,0,1,0,0,0
11711,10137,1,62,25,5,NA,NA,1515,0,6,1,0,0,0,0,0,0,0
11717,11238,1,52,27,5,NA,NA,2479,0,2,0,0,1,0,0,0,0,0
11729,10803,1,38,2,2,NA,NA,2202,0,4,0,0,0,0,1,0,0,0
11730,8628,1,30,27,7,NA,NA,1645,1,5,0,0,0,0,0,0,0,1
11811,7565,1,37,17,6,NA,NA,2312,0,7,0,0,0,1,0,0,0,0
12017,1627,1,31,13,3,NA,NA,534,0,6,1,0,0,0,0,0,0,0
12018,969,1,45,13,7,NA,NA,2028,1,5,0,0,0,0,0,0,0,1
12022,102,1,36,27,2,NA,NA,2291,0,6,1,0,0,0,0,0,0,0
12029,4370,1,24,4,5,NA,NA,2316,0,4,0,0,0,0,1,0,0,0
12041,11774,1,33,24,3,NA,NA,1766,0,3,0,1,0,0,0,0,0,0
12052,7487,1,40,18,2,NA,NA,3523,0,1,0,0,0,0,0,0,1,0
12062,1502,1,29,29,2,NA,NA,1709,0,5,0,0,0,0,0,0,0,1
12100,3550,1,59,12,7,NA,NA,2144,1,1,0,0,0,0,0,0,1,0
12119,7781,1,26,27,4,NA,NA,2245,0,4,0,0,0,0,1,0,0,0
12132,2360,1,42,8,2,NA,NA,3276,0,1,0,0,0,0,0,0,1,0
12164,10420,1,40,26,3,NA,NA,2276,0,1,0,0,0,0,0,0,1,0
12176,7803,1,25,27,6,NA,NA,2315,0,3,0,1,0,0,0,0,0,0
12182,7341,1,32,22,6,NA,NA,2436,0,1,0,0,0,0,0,0,1,0
12198,11536,1,18,16,7,NA,NA,2457,1,7,0,0,0,1,0,0,0,0
12212,7892,1,35,23,3,NA,NA,2922,0,6,1,0,0,0,0,0,0,0
12250,11238,1,26,27,5,NA,NA,2120,0,2,0,0,1,0,0,0,0,0
12293,3485,1,26,29,7,NA,NA,2435,1,2,0,0,1,0,0,0,0,0
12296,10202,1,27,16,6,NA,NA,2451,0,7,0,0,0,1,0,0,0,0
12314,1049,1,28,29,5,NA,NA,2058,0,4,0,0,0,0,1,0,0,0
12348,10205,1,60,15,7,NA,NA,2223,1,8,0,0,0,0,0,1,0,0
12366,11217,1,38,7,2,NA,NA,3633,0,5,0,0,0,0,0,0,0,1
12367,7951,1,38,25,5,NA,NA,3244,0,6,1,0,0,0,0,0,0,0
12454,11077,1,32,23,7,NA,NA,1872,1,1,0,0,0,0,0,0,1,0
12525,5802,1,34,11,6,NA,NA,1846,0,5,0,0,0,0,0,0,0,1
12568,2541,1,65,8,7,NA,NA,2333,1,4,0,0,0,0,1,0,0,0
12612,9066,1,28,17,6,NA,NA,2052,0,7,0,0,0,1,0,0,0,0
12625,4291,1,80,3,3,NA,NA,1330,0,4,0,0,0,0,1,0,0,0
12640,2789,1,50,22,4,NA,NA,2068,0,4,0,0,0,0,1,0,0,0
12670,10219,1,62,20,3,NA,NA,1941,0,7,0,0,0,1,0,0,0,0
12683,11735,1,39,28,3,NA,NA,1447,0,4,0,0,0,0,1,0,0,0
12741,7622,1,55,29,7,NA,NA,1833,1,2,0,0,1,0,0,0,0,0
12796,107,1,57,22,4,NA,NA,1874,0,4,0,0,0,0,1,0,0,0
12836,9636,1,38,29,4,NA,NA,3495,0,6,1,0,0,0,0,0,0,0
12894,3728,1,20,14,4,NA,NA,1488,0,7,0,0,0,1,0,0,0,0
12917,523,1,40,29,4,NA,NA,2663,0,6,1,0,0,0,0,0,0,0
12933,8187,1,60,30,2,NA,NA,1168,0,3,0,1,0,0,0,0,0,0
12973,1753,1,32,24,4,NA,NA,1726,0,6,1,0,0,0,0,0,0,0
12981,3167,1,26,23,1,NA,NA,1099,1,2,0,0,1,0,0,0,0,0
13033,9914,1,38,18,1,NA,NA,1230,1,7,0,0,0,1,0,0,0,0
13113,9099,1,50,30,6,NA,NA,1952,0,4,0,0,0,0,1,0,0,0
13121,10833,1,34,8,5,NA,NA,1641,0,6,1,0,0,0,0,0,0,0
13148,9775,1,50,23,5,NA,NA,1852,0,7,0,0,0,1,0,0,0,0
13202,9148,1,30,7,2,NA,NA,2835,0,5,0,0,0,0,0,0,0,1
13203,6101,1,35,23,1,NA,NA,2406,1,8,0,0,0,0,0,1,0,0
13238,7319,1,45,25,5,NA,NA,3152,0,5,0,0,0,0,0,0,0,1
13271,7584,1,31,26,5,NA,NA,1887,0,3,0,1,0,0,0,0,0,0
13274,6841,1,42,4,4,NA,NA,2268,0,4,0,0,0,0,1,0,0,0
13290,544,1,60,9,7,NA,NA,2729,1,8,0,0,0,0,0,1,0,0
13302,104,1,28,16,1,NA,NA,2399,1,8,0,0,0,0,0,1,0,0
13370,9681,1,40,16,7,NA,NA,2779,1,7,0,0,0,1,0,0,0,0
13407,3375,1,29,29,4,NA,NA,1527,0,6,1,0,0,0,0,0,0,0
13478,1542,1,20,21,2,NA,NA,3342,0,3,0,1,0,0,0,0,0,0
13484,7210,1,45,31,3,NA,NA,2408,0,3,0,1,0,0,0,0,0,0
13487,4453,1,35,20,5,NA,NA,3925,0,3,0,1,0,0,0,0,0,0
13495,120,1,50,23,3,NA,NA,1527,0,5,0,0,0,0,0,0,0,1
13509,10113,1,40,16,7,NA,NA,2264,1,7,0,0,0,1,0,0,0,0
13523,7215,1,33,23,1,NA,NA,2389,1,2,0,0,1,0,0,0,0,0
13580,9987,1,43,15,3,NA,NA,1896,0,5,0,0,0,0,0,0,0,1
13585,11509,1,55,22,4,NA,NA,2736,0,3,0,1,0,0,0,0,0,0
13701,9511,1,59,24,6,NA,NA,665,0,4,0,0,0,0,1,0,0,0
13715,938,1,68,14,5,NA,NA,2225,0,7,0,0,0,1,0,0,0,0
13777,7821,1,40,16,7,NA,NA,2738,1,7,0,0,0,1,0,0,0,0
13780,1947,1,50,8,5,NA,NA,1862,0,6,1,0,0,0,0,0,0,0
13808,9983,1,65,12,4,NA,NA,1328,0,8,0,0,0,0,0,1,0,0
13831,1680,1,65,29,4,NA,NA,1341,0,6,1,0,0,0,0,0,0,0
13836,188,1,41,19,7,NA,NA,2752,1,5,0,0,0,0,0,0,0,1
13885,7782,1,35,25,7,NA,NA,2054,1,7,0,0,0,1,0,0,0,0
13900,10388,1,28,22,3,NA,NA,3075,0,3,0,1,0,0,0,0,0,0
13916,2243,1,26,1,6,NA,NA,2704,0,4,0,0,0,0,1,0,0,0
13923,3615,1,35,27,4,NA,NA,1850,0,4,0,0,0,0,1,0,0,0
13993,11773,1,62,22,6,NA,NA,1948,0,1,0,0,0,0,0,0,1,0
14056,9107,1,73,12,3,NA,NA,1909,0,7,0,0,0,1,0,0,0,0
14079,9291,1,50,23,7,NA,NA,1711,1,1,0,0,0,0,0,0,1,0
14093,6063,1,28,18,7,NA,NA,1783,1,3,0,1,0,0,0,0,0,0
14190,2696,1,42,24,3,NA,NA,2558,0,3,0,1,0,0,0,0,0,0
14210,11065,1,22,12,4,NA,NA,1355,0,8,0,0,0,0,0,1,0,0
14235,397,1,65,19,7,NA,NA,1880,1,5,0,0,0,0,0,0,0,1
14254,3088,1,69,13,7,NA,NA,2594,1,5,0,0,0,0,0,0,0,1
14282,720,1,31,26,5,NA,NA,2976,0,3,0,1,0,0,0,0,0,0
14310,1629,1,36,1,6,NA,NA,1189,0,4,0,0,0,0,1,0,0,0
14331,10185,1,33,18,6,NA,NA,1360,0,1,0,0,0,0,0,0,1,0
14376,749,1,43,26,3,NA,NA,2234,0,1,0,0,0,0,0,0,1,0
14429,10203,1,38,14,1,NA,NA,2078,1,5,0,0,0,0,0,0,0,1
14506,7565,1,18,17,6,NA,NA,1649,0,7,0,0,0,1,0,0,0,0
14525,1198,1,25,27,4,NA,NA,1899,0,4,0,0,0,0,1,0,0,0
14532,5094,1,49,22,4,NA,NA,2458,0,4,0,0,0,0,1,0,0,0
14664,11502,1,20,23,2,NA,NA,425,0,2,0,0,1,0,0,0,0,0
14680,10169,1,28,20,5,NA,NA,2965,0,3,0,1,0,0,0,0,0,0
14817,1927,1,28,10,5,NA,NA,2887,0,1,0,0,0,0,0,0,1,0
14839,9692,1,43,4,4,NA,NA,2643,0,4,0,0,0,0,1,0,0,0
14850,7055,1,31,21,2,NA,NA,3047,0,5,0,0,0,0,0,0,0,1
14891,9870,1,65,25,5,NA,NA,1846,0,5,0,0,0,0,0,0,0,1
14897,2595,1,38,18,2,NA,NA,3267,0,7,0,0,0,1,0,0,0,0
14944,1513,1,26,18,2,NA,NA,2014,0,1,0,0,0,0,0,0,1,0
14962,800,1,26,21,6,NA,NA,1970,0,2,0,0,1,0,0,0,0,0
14966,7498,1,25,12,7,NA,NA,2336,1,5,0,0,0,0,0,0,0,1
14992,7925,1,55,9,6,NA,NA,966,0,2,0,0,1,0,0,0,0,0
15053,6327,1,18,27,6,NA,NA,1535,0,3,0,1,0,0,0,0,0,0
15065,2198,1,55,23,1,NA,NA,1776,1,2,0,0,1,0,0,0,0,0
15072,8060,1,28,13,3,NA,NA,2543,0,6,1,0,0,0,0,0,0,0
15126,4556,1,34,14,1,NA,NA,1378,1,5,0,0,0,0,0,0,0,1
15152,11468,1,55,20,2,NA,NA,2036,0,3,0,1,0,0,0,0,0,0
15163,4387,1,70,9,7,NA,NA,1092,1,8,0,0,0,0,0,1,0,0
15173,7727,1,40,18,1,NA,NA,1806,1,7,0,0,0,1,0,0,0,0
15201,3081,1,45,24,1,NA,NA,2621,1,1,0,0,0,0,0,0,1,0
15284,9653,1,36,13,5,NA,NA,2125,0,8,0,0,0,0,0,1,0,0
15312,3030,1,29,25,4,NA,NA,2351,0,2,0,0,1,0,0,0,0,0
15325,2723,1,19,25,3,NA,NA,1301,0,2,0,0,1,0,0,0,0,0
15422,11022,1,38,19,7,NA,NA,1014,1,3,0,1,0,0,0,0,0,0
15449,10026,1,22,7,2,NA,NA,3495,0,5,0,0,0,0,0,0,0,1
15499,8927,1,26,24,3,NA,NA,2781,0,3,0,1,0,0,0,0,0,0
15522,6925,1,27,24,2,NA,NA,2857,0,3,0,1,0,0,0,0,0,0
15532,2872,1,48,24,2,NA,NA,1829,0,3,0,1,0,0,0,0,0,0
15534,9042,1,40,16,1,NA,NA,1698,1,8,0,0,0,0,0,1,0,0
15549,3718,1,24,3,2,NA,NA,2834,0,4,0,0,0,0,1,0,0,0
15567,3469,1,18,20,1,NA,NA,1730,1,3,0,1,0,0,0,0,0,0
15628,6113,1,38,27,2,NA,NA,1891,0,7,0,0,0,1,0,0,0,0
15667,10777,1,62,3,4,NA,NA,1123,0,4,0,0,0,0,1,0,0,0
15723,7491,1,45,12,7,NA,NA,2039,1,5,0,0,0,0,0,0,0,1
15804,4305,1,27,29,4,NA,NA,2446,0,4,0,0,0,0,1,0,0,0
15806,250,1,27,20,1,NA,NA,1874,1,3,0,1,0,0,0,0,0,0
15837,3612,1,65,16,4,NA,NA,3252,0,1,0,0,0,0,0,0,1,0
15910,9080,1,52,11,3,NA,NA,2377,0,4,0,0,0,0,1,0,0,0
16017,4664,1,60,25,7,NA,NA,2514,1,7,0,0,0,1,0,0,0,0
16053,293,1,32,25,4,NA,NA,2835,0,3,0,1,0,0,0,0,0,0
16087,6957,1,40,20,5,NA,NA,2383,0,8,0,0,0,0,0,1,0,0
16092,11141,1,36,18,7,NA,NA,685,1,3,0,1,0,0,0,0,0,0
16095,334,1,20,19,7,NA,NA,1441,1,3,0,1,0,0,0,0,0,0
16124,46,1,39,27,2,NA,NA,1763,0,6,1,0,0,0,0,0,0,0
16167,11534,1,40,14,5,NA,NA,3055,0,7,0,0,0,1,0,0,0,0
16177,3269,1,55,21,5,NA,NA,2260,0,1,0,0,0,0,0,0,1,0
16220,6196,1,45,5,5,NA,NA,2536,0,4,0,0,0,0,1,0,0,0
16382,6515,1,50,17,5,NA,NA,2250,0,5,0,0,0,0,0,0,0,1
16412,507,1,68,29,6,NA,NA,1656,0,1,0,0,0,0,0,0,1,0
16535,6588,1,65,25,4,NA,NA,1923,0,2,0,0,1,0,0,0,0,0
16677,41,1,63,24,2,NA,NA,1770,0,8,0,0,0,0,0,1,0,0
16703,9000,1,19,23,5,NA,NA,2010,0,7,0,0,0,1,0,0,0,0
16707,3260,1,35,16,6,NA,NA,1819,0,7,0,0,0,1,0,0,0,0
16721,1852,1,34,18,1,NA,NA,1805,1,7,0,0,0,1,0,0,0,0
16768,8109,1,28,3,2,NA,NA,2425,0,4,0,0,0,0,1,0,0,0
16785,7241,1,55,25,5,NA,NA,1158,0,5,0,0,0,0,0,0,0,1
16795,4387,1,35,9,7,NA,NA,3722,1,8,0,0,0,0,0,1,0,0
16815,9835,1,20,25,7,NA,NA,3033,1,7,0,0,0,1,0,0,0,0
16938,5633,1,38,27,4,NA,NA,2721,0,1,0,0,0,0,0,0,1,0
16959,7664,1,54,20,2,NA,NA,885,0,7,0,0,0,1,0,0,0,0
16972,6919,1,24,16,6,NA,NA,3015,0,7,0,0,0,1,0,0,0,0
17017,7837,1,25,18,2,NA,NA,3323,0,1,0,0,0,0,0,0,1,0
17096,11275,1,26,29,5,NA,NA,1936,0,4,0,0,0,0,1,0,0,0
17188,6824,1,24,16,6,NA,NA,1879,0,6,1,0,0,0,0,0,0,0
17243,11825,1,75,17,5,NA,NA,523,0,3,0,1,0,0,0,0,0,0
17272,922,1,65,18,3,NA,NA,2335,0,3,0,1,0,0,0,0,0,0
17328,1939,1,35,9,7,NA,NA,3123,1,8,0,0,0,0,0,1,0,0
17329,3747,1,20,14,2,NA,NA,1996,0,1,0,0,0,0,0,0,1,0
17357,593,1,18,12,7,NA,NA,2134,1,5,0,0,0,0,0,0,0,1
17421,5211,1,50,21,6,NA,NA,2481,0,2,0,0,1,0,0,0,0,0
17433,209,1,25,17,4,NA,NA,2292,0,5,0,0,0,0,0,0,0,1
17445,9042,1,26,16,1,NA,NA,805,1,8,0,0,0,0,0,1,0,0
17446,897,1,36,21,3,NA,NA,1722,0,7,0,0,0,1,0,0,0,0
17452,5152,1,35,24,6,NA,NA,3260,0,4,0,0,0,0,1,0,0,0
17504,8938,1,60,28,3,NA,NA,1612,0,4,0,0,0,0,1,0,0,0
17616,3127,1,28,23,2,NA,NA,438,0,2,0,0,1,0,0,0,0,0
17619,8550,1,38,14,5,NA,NA,2526,0,7,0,0,0,1,0,0,0,0
17651,11260,1,18,27,6,NA,NA,1594,0,3,0,1,0,0,0,0,0,0
17763,1333,1,41,19,1,NA,NA,1467,1,7,0,0,0,1,0,0,0,0
17782,5804,1,18,18,6,NA,NA,2876,0,5,0,0,0,0,0,0,0,1
17796,9327,1,46,18,3,NA,NA,2904,0,8,0,0,0,0,0,1,0,0
17847,8920,1,30,30,5,NA,NA,933,0,4,0,0,0,0,1,0,0,0
17864,7912,1,50,12,4,NA,NA,1721,0,8,0,0,0,0,0,1,0,0
17885,8384,1,45,4,4,NA,NA,3777,0,4,0,0,0,0,1,0,0,0
17998,5699,1,58,2,2,NA,NA,2008,0,4,0,0,0,0,1,0,0,0
18032,4799,1,36,29,1,NA,NA,1552,1,3,0,1,0,0,0,0,0,0
18035,8611,1,45,22,4,NA,NA,1233,0,4,0,0,0,0,1,0,0,0
18054,4224,1,53,21,2,NA,NA,1391,0,3,0,1,0,0,0,0,0,0
18097,1411,1,35,22,7,NA,NA,3311,1,8,0,0,0,0,0,1,0,0
18108,10820,1,26,3,4,NA,NA,2039,0,4,0,0,0,0,1,0,0,0
18178,11119,1,50,5,5,NA,NA,3124,0,4,0,0,0,0,1,0,0,0
18198,4693,1,63,16,1,NA,NA,2457,1,8,0,0,0,0,0,1,0,0
18199,504,1,23,20,1,NA,NA,3267,1,3,0,1,0,0,0,0,0,0
18209,5255,1,46,15,7,NA,NA,2298,1,8,0,0,0,0,0,1,0,0
18228,10250,1,61,23,5,NA,NA,3237,0,7,0,0,0,1,0,0,0,0
18241,6860,1,36,24,4,NA,NA,2207,0,6,1,0,0,0,0,0,0,0
18244,1908,1,22,28,3,NA,NA,1836,0,4,0,0,0,0,1,0,0,0
18308,938,1,27,14,5,NA,NA,614,0,7,0,0,0,1,0,0,0,0
18326,493,1,80,2,4,NA,NA,2840,0,2,0,0,1,0,0,0,0,0
18364,10082,1,28,16,5,NA,NA,846,0,3,0,1,0,0,0,0,0,0
18386,8938,1,20,28,3,NA,NA,2106,0,4,0,0,0,0,1,0,0,0
18430,3127,1,53,23,2,NA,NA,460,0,2,0,0,1,0,0,0,0,0
18439,10886,1,30,6,5,NA,NA,2883,0,4,0,0,0,0,1,0,0,0
18455,593,1,42,12,7,NA,NA,2620,1,5,0,0,0,0,0,0,0,1
18463,6272,1,29,27,2,NA,NA,1510,0,6,1,0,0,0,0,0,0,0
18485,1442,1,30,26,1,NA,NA,1115,1,7,0,0,0,1,0,0,0,0
18552,4706,1,60,24,4,NA,NA,1750,0,6,1,0,0,0,0,0,0,0
18580,1536,1,35,18,6,NA,NA,2335,0,1,0,0,0,0,0,0,1,0
18693,1215,1,65,25,5,NA,NA,2783,0,6,1,0,0,0,0,0,0,0
18706,7051,1,40,24,2,NA,NA,1131,0,8,0,0,0,0,0,1,0,0
18708,5519,1,23,27,4,NA,NA,310,0,4,0,0,0,0,1,0,0,0
18725,3337,1,33,16,6,NA,NA,2406,0,7,0,0,0,1,0,0,0,0
18766,552,1,22,3,4,NA,NA,1985,0,4,0,0,0,0,1,0,0,0
18773,5222,1,34,27,5,NA,NA,649,0,2,0,0,1,0,0,0,0,0
18800,4721,1,66,2,5,NA,NA,1823,0,5,0,0,0,0,0,0,0,1
18813,6315,1,40,29,6,NA,NA,1483,0,1,0,0,0,0,0,0,1,0
18826,5428,1,29,15,2,NA,NA,1862,0,6,1,0,0,0,0,0,0,0
18829,4224,1,20,21,2,NA,NA,1927,0,3,0,1,0,0,0,0,0,0
18866,65,1,29,29,6,NA,NA,2226,0,4,0,0,0,0,1,0,0,0
18872,2163,1,38,12,2,NA,NA,1703,0,6,1,0,0,0,0,0,0,0
18874,9823,1,26,9,6,NA,NA,2600,0,2,0,0,1,0,0,0,0,0
18890,1491,1,35,23,1,NA,NA,3633,1,8,0,0,0,0,0,1,0,0
18913,1607,1,62,2,3,NA,NA,3308,0,4,0,0,0,0,1,0,0,0
18921,3257,1,60,23,3,NA,NA,1991,0,5,0,0,0,0,0,0,0,1
18930,4406,1,44,17,1,NA,NA,1527,1,1,0,0,0,0,0,0,1,0
19087,7482,1,40,21,7,NA,NA,1914,1,2,0,0,1,0,0,0,0,0
19102,9430,1,43,15,3,NA,NA,1961,0,5,0,0,0,0,0,0,0,1
19144,77,1,60,18,2,NA,NA,2546,0,1,0,0,0,0,0,0,1,0
19167,3872,1,35,20,2,NA,NA,1712,0,3,0,1,0,0,0,0,0,0
19170,6792,1,68,1,2,NA,NA,2580,0,4,0,0,0,0,1,0,0,0
19207,6497,1,28,14,5,NA,NA,393,0,7,0,0,0,1,0,0,0,0
19234,3927,1,30,23,7,NA,NA,1997,1,1,0,0,0,0,0,0,1,0
19247,3914,1,32,16,7,NA,NA,1532,1,1,0,0,0,0,0,0,1,0
19315,5667,1,35,16,5,NA,NA,2651,0,3,0,1,0,0,0,0,0,0
19319,3602,1,29,31,2,NA,NA,2530,0,2,0,0,1,0,0,0,0,0
19320,2727,1,25,18,3,NA,NA,2320,0,8,0,0,0,0,0,1,0,0
19359,2108,1,28,10,5,NA,NA,3404,0,1,0,0,0,0,0,0,1,0
19588,2984,1,29,22,2,NA,NA,2714,0,6,1,0,0,0,0,0,0,0
19616,3875,1,68,21,7,NA,NA,909,1,2,0,0,1,0,0,0,0,0
19645,7075,1,18,6,6,NA,NA,1888,0,4,0,0,0,0,1,0,0,0
19662,10063,1,38,14,1,NA,NA,2605,1,5,0,0,0,0,0,0,0,1
19685,11126,1,22,19,7,NA,NA,706,1,5,0,0,0,0,0,0,0,1
19686,10964,1,18,20,5,NA,NA,1616,0,8,0,0,0,0,0,1,0,0
19693,3888,1,53,25,4,NA,NA,1852,0,3,0,1,0,0,0,0,0,0
19694,10822,1,38,7,2,NA,NA,2104,0,5,0,0,0,0,0,0,0,1
19696,2956,1,36,20,5,NA,NA,3101,0,3,0,1,0,0,0,0,0,0
19818,6985,1,52,12,7,NA,NA,1127,1,5,0,0,0,0,0,0,0,1
19847,10090,1,25,22,2,NA,NA,2435,0,6,1,0,0,0,0,0,0,0
19859,253,1,32,25,2,NA,NA,1402,0,1,0,0,0,0,0,0,1,0
19929,11049,1,25,25,5,NA,NA,3019,0,5,0,0,0,0,0,0,0,1
19945,6353,1,36,29,7,NA,NA,2877,1,2,0,0,1,0,0,0,0,0
20002,5062,1,40,9,6,NA,NA,1885,0,2,0,0,1,0,0,0,0,0
20008,9042,1,65,16,1,NA,NA,2405,1,8,0,0,0,0,0,1,0,0
20096,7507,1,35,7,6,NA,NA,1366,0,4,0,0,0,0,1,0,0,0
20124,7107,1,22,22,7,NA,NA,2239,1,2,0,0,1,0,0,0,0,0
20128,3424,1,53,25,5,NA,NA,2593,0,6,1,0,0,0,0,0,0,0
20161,4221,1,22,23,1,NA,NA,2655,1,2,0,0,1,0,0,0,0,0
20255,2368,1,75,6,6,NA,NA,1420,0,4,0,0,0,0,1,0,0,0
20299,11235,1,40,9,4,NA,NA,1985,0,5,0,0,0,0,0,0,0,1
20313,11197,1,25,11,5,NA,NA,1872,0,5,0,0,0,0,0,0,0,1
20317,11399,1,35,18,6,NA,NA,1624,0,3,0,1,0,0,0,0,0,0
20435,10053,1,46,26,3,NA,NA,1602,0,4,0,0,0,0,1,0,0,0
20456,4195,1,50,9,4,NA,NA,2957,0,5,0,0,0,0,0,0,0,1
20636,6835,1,40,18,2,NA,NA,2361,0,1,0,0,0,0,0,0,1,0
20659,9202,1,23,14,2,NA,NA,1911,0,1,0,0,0,0,0,0,1,0
20703,11798,1,18,16,3,NA,NA,2820,0,6,1,0,0,0,0,0,0,0
20733,493,1,33,2,4,NA,NA,1062,0,2,0,0,1,0,0,0,0,0
20829,8178,1,30,6,6,NA,NA,313,0,4,0,0,0,0,1,0,0,0
20862,1162,1,38,25,4,NA,NA,2104,0,2,0,0,1,0,0,0,0,0
20928,8691,1,60,18,7,NA,NA,1896,1,3,0,1,0,0,0,0,0,0
20944,9497,1,36,22,7,NA,NA,3315,1,8,0,0,0,0,0,1,0,0
20990,9518,1,46,23,1,NA,NA,1501,1,2,0,0,1,0,0,0,0,0
20997,7509,1,82,29,5,NA,NA,2296,0,4,0,0,0,0,1,0,0,0
21007,2049,1,36,15,6,NA,NA,3288,0,1,0,0,0,0,0,0,1,0
21019,10232,1,36,29,7,NA,NA,1508,1,2,0,0,1,0,0,0,0,0
21078,749,1,33,26,3,NA,NA,2614,0,1,0,0,0,0,0,0,1,0
21080,6137,1,26,18,2,NA,NA,1352,0,7,0,0,0,1,0,0,0,0
21155,9694,1,49,6,6,NA,NA,762,0,4,0,0,0,0,1,0,0,0
21170,5038,1,36,9,7,NA,NA,3349,1,8,0,0,0,0,0,1,0,0
21184,485,1,50,22,7,NA,NA,1537,1,2,0,0,1,0,0,0,0,0
21205,5918,1,40,22,7,NA,NA,1479,1,3,0,1,0,0,0,0,0,0
21280,10696,1,22,29,1,NA,NA,2470,1,3,0,1,0,0,0,0,0,0
21331,1788,1,54,9,6,NA,NA,4423,0,2,0,0,1,0,0,0,0,0
21333,10702,1,38,17,4,NA,NA,2072,0,5,0,0,0,0,0,0,0,1
21356,3269,1,28,21,5,NA,NA,2930,0,1,0,0,0,0,0,0,1,0
21389,11659,1,60,1,3,NA,NA,1988,0,2,0,0,1,0,0,0,0,0
21505,4915,1,37,29,6,NA,NA,3593,0,1,0,0,0,0,0,0,1,0
21508,3888,1,30,25,4,NA,NA,1351,0,3,0,1,0,0,0,0,0,0
21519,7912,1,20,12,4,NA,NA,1249,0,8,0,0,0,0,0,1,0,0
21529,6977,1,56,12,7,NA,NA,2057,1,1,0,0,0,0,0,0,1,0
21553,8743,1,35,17,6,NA,NA,1586,0,7,0,0,0,1,0,0,0,0
21614,6724,1,31,20,3,NA,NA,1270,0,7,0,0,0,1,0,0,0,0
21671,7558,1,45,16,3,NA,NA,1654,0,6,1,0,0,0,0,0,0,0
21691,5769,1,38,20,3,NA,NA,1603,0,7,0,0,0,1,0,0,0,0
21862,5166,1,19,24,1,NA,NA,1725,1,1,0,0,0,0,0,0,1,0
22001,6919,1,45,16,6,NA,NA,3405,0,7,0,0,0,1,0,0,0,0
22033,1582,1,65,2,5,NA,NA,1609,0,5,0,0,0,0,0,0,0,1
22045,9204,1,20,24,3,NA,NA,2627,0,3,0,1,0,0,0,0,0,0
22055,11605,1,32,29,5,NA,NA,1816,0,4,0,0,0,0,1,0,0,0
22088,10530,1,25,15,3,NA,NA,1961,0,5,0,0,0,0,0,0,0,1
22129,2264,1,28,26,6,NA,NA,4194,0,6,1,0,0,0,0,0,0,0
22166,10366,1,72,23,5,NA,NA,1615,0,7,0,0,0,1,0,0,0,0
22177,2724,1,36,2,4,NA,NA,2789,0,2,0,0,1,0,0,0,0,0
22178,4594,1,20,14,1,NA,NA,1655,1,5,0,0,0,0,0,0,0,1
22212,2137,1,41,9,7,NA,NA,1029,1,8,0,0,0,0,0,1,0,0
22269,8293,1,35,27,5,NA,NA,1753,0,2,0,0,1,0,0,0,0,0
22270,10359,1,30,25,3,NA,NA,1379,0,2,0,0,1,0,0,0,0,0
22291,3888,1,22,25,4,NA,NA,1610,0,3,0,1,0,0,0,0,0,0
22360,3176,1,60,20,5,NA,NA,1723,0,8,0,0,0,0,0,1,0,0
22422,526,1,21,17,6,NA,NA,2243,0,7,0,0,0,1,0,0,0,0
22447,8877,1,25,27,4,NA,NA,2367,0,4,0,0,0,0,1,0,0,0
22484,11258,1,28,12,6,NA,NA,2700,0,5,0,0,0,0,0,0,0,1
22520,8691,1,25,18,7,NA,NA,1964,1,3,0,1,0,0,0,0,0,0
22541,5933,1,50,29,6,NA,NA,3986,0,4,0,0,0,0,1,0,0,0
22598,10516,1,55,26,6,NA,NA,1495,0,6,1,0,0,0,0,0,0,0
22665,8402,1,19,22,6,NA,NA,2549,0,1,0,0,0,0,0,0,1,0
22691,11891,1,42,7,5,NA,NA,1821,0,8,0,0,0,0,0,1,0,0
22708,9243,1,62,15,3,NA,NA,2503,0,5,0,0,0,0,0,0,0,1
22744,5928,1,33,25,5,NA,NA,3137,0,6,1,0,0,0,0,0,0,0
22779,6480,1,70,24,5,NA,NA,575,0,3,0,1,0,0,0,0,0,0
22800,7174,1,55,20,5,NA,NA,3138,0,3,0,1,0,0,0,0,0,0
22826,4736,1,32,22,4,NA,NA,2747,0,7,0,0,0,1,0,0,0,0
22849,8311,1,78,13,5,NA,NA,1860,0,8,0,0,0,0,0,1,0,0
22920,1065,1,28,14,2,NA,NA,2272,0,1,0,0,0,0,0,0,1,0
22951,10308,1,23,20,6,NA,NA,1862,0,2,0,0,1,0,0,0,0,0
23063,1541,1,40,22,7,NA,NA,2042,1,8,0,0,0,0,0,1,0,0
23075,10043,1,20,7,6,NA,NA,1018,0,4,0,0,0,0,1,0,0,0
23076,3276,1,45,15,6,NA,NA,3065,0,1,0,0,0,0,0,0,1,0
23079,9032,1,38,8,2,NA,NA,2333,0,1,0,0,0,0,0,0,1,0
23139,9204,1,25,24,3,NA,NA,2271,0,3,0,1,0,0,0,0,0,0
23162,9769,1,46,6,6,NA,NA,2603,0,4,0,0,0,0,1,0,0,0
23200,2149,1,28,18,1,NA,NA,2209,1,7,0,0,0,1,0,0,0,0
23232,248,1,18,7,4,NA,NA,1863,0,2,0,0,1,0,0,0,0,0
23301,11359,1,32,2,5,NA,NA,1610,0,5,0,0,0,0,0,0,0,1
23315,10641,1,23,9,6,NA,NA,1892,0,6,1,0,0,0,0,0,0,0
23330,922,1,32,18,3,NA,NA,2801,0,3,0,1,0,0,0,0,0,0
23357,4920,1,20,12,4,NA,NA,1388,0,8,0,0,0,0,0,1,0,0
23359,11671,1,45,25,3,NA,NA,2245,0,2,0,0,1,0,0,0,0,0
23386,11260,1,50,27,6,NA,NA,1827,0,3,0,1,0,0,0,0,0,0
23409,5236,1,45,23,3,NA,NA,3029,0,6,1,0,0,0,0,0,0,0
23415,7515,1,22,14,4,NA,NA,3081,0,7,0,0,0,1,0,0,0,0
23455,1851,1,60,14,2,NA,NA,1460,0,1,0,0,0,0,0,0,1,0
23470,6898,1,65,1,2,NA,NA,1560,0,4,0,0,0,0,1,0,0,0
23499,135,1,40,22,4,NA,NA,3413,0,4,0,0,0,0,1,0,0,0
23541,8820,1,35,11,1,NA,NA,2581,1,2,0,0,1,0,0,0,0,0
23553,9112,1,75,7,5,NA,NA,1422,0,8,0,0,0,0,0,1,0,0
23574,11126,1,48,19,7,NA,NA,755,1,5,0,0,0,0,0,0,0,1
23583,6410,1,49,17,5,NA,NA,2018,0,3,0,1,0,0,0,0,0,0
23651,2283,1,28,23,1,NA,NA,1578,1,2,0,0,1,0,0,0,0,0
23702,1265,1,30,21,2,NA,NA,2961,0,5,0,0,0,0,0,0,0,1
23708,7758,1,25,26,5,NA,NA,3677,0,3,0,1,0,0,0,0,0,0
23714,3309,1,40,12,6,NA,NA,1906,0,5,0,0,0,0,0,0,0,1
23737,5510,1,37,29,5,NA,NA,2987,0,4,0,0,0,0,1,0,0,0
23790,5662,1,42,27,4,NA,NA,2807,0,4,0,0,0,0,1,0,0,0
23807,7898,1,33,28,1,NA,NA,2401,1,5,0,0,0,0,0,0,0,1
23816,4309,1,40,29,4,NA,NA,3140,0,6,1,0,0,0,0,0,0,0
23834,10937,1,55,27,2,NA,NA,3444,0,6,1,0,0,0,0,0,0,0
23858,8189,1,65,30,7,NA,NA,1076,1,4,0,0,0,0,1,0,0,0
23898,11509,1,24,22,4,NA,NA,3426,0,3,0,1,0,0,0,0,0,0
23920,6478,1,40,22,7,NA,NA,778,1,2,0,0,1,0,0,0,0,0
23960,8311,1,30,13,5,NA,NA,1119,0,8,0,0,0,0,0,1,0,0
24024,1899,1,45,16,7,NA,NA,1869,1,1,0,0,0,0,0,0,1,0
24156,827,1,32,11,1,NA,NA,3475,1,2,0,0,1,0,0,0,0,0
24232,545,1,40,11,5,NA,NA,1698,0,5,0,0,0,0,0,0,0,1
24235,1679,1,35,9,1,NA,NA,1797,1,4,0,0,0,0,1,0,0,0
24261,5688,1,32,23,3,NA,NA,2577,0,6,1,0,0,0,0,0,0,0
24310,10420,1,80,26,3,NA,NA,1384,0,1,0,0,0,0,0,0,1,0
24371,3234,1,46,21,2,NA,NA,3346,0,5,0,0,0,0,0,0,0,1
24440,10706,1,70,25,3,NA,NA,3003,0,2,0,0,1,0,0,0,0,0
24453,10480,1,35,19,1,NA,NA,2739,1,7,0,0,0,1,0,0,0,0
24462,3276,1,18,15,6,NA,NA,2659,0,1,0,0,0,0,0,0,1,0
24463,3257,1,29,23,3,NA,NA,1650,0,5,0,0,0,0,0,0,0,1
24471,1007,1,30,18,1,NA,NA,2075,1,7,0,0,0,1,0,0,0,0
24614,4351,1,65,26,3,NA,NA,2622,0,1,0,0,0,0,0,0,1,0
24627,6529,1,45,16,3,NA,NA,1782,0,6,1,0,0,0,0,0,0,0
24726,10907,1,48,22,4,NA,NA,1493,0,4,0,0,0,0,1,0,0,0
24871,1259,1,32,4,4,NA,NA,1121,0,4,0,0,0,0,1,0,0,0
24882,790,1,40,28,5,NA,NA,2681,0,4,0,0,0,0,1,0,0,0
24888,10641,1,21,9,6,NA,NA,1740,0,6,1,0,0,0,0,0,0,0
24938,2259,1,41,2,4,NA,NA,2986,0,2,0,0,1,0,0,0,0,0
25024,9212,1,59,3,4,NA,NA,1139,0,4,0,0,0,0,1,0,0,0
25034,2845,1,50,19,5,NA,NA,1003,0,2,0,0,1,0,0,0,0,0
25089,6670,1,68,18,7,NA,NA,2478,1,3,0,1,0,0,0,0,0,0
25145,2243,1,55,1,6,NA,NA,2068,0,4,0,0,0,0,1,0,0,0
25183,7109,1,22,12,7,NA,NA,2804,1,5,0,0,0,0,0,0,0,1
25303,10160,1,46,19,4,NA,NA,1406,0,3,0,1,0,0,0,0,0,0
25357,6936,1,57,7,5,NA,NA,4189,0,8,0,0,0,0,0,1,0,0
25365,9313,1,65,27,6,NA,NA,836,0,3,0,1,0,0,0,0,0,0
25431,6546,1,25,16,1,NA,NA,2606,1,8,0,0,0,0,0,1,0,0
25466,9582,1,40,26,6,NA,NA,3401,0,6,1,0,0,0,0,0,0,0
25478,233,1,47,24,4,NA,NA,2561,0,6,1,0,0,0,0,0,0,0
25482,6895,1,54,25,5,NA,NA,1517,0,5,0,0,0,0,0,0,0,1
25500,5899,1,30,9,1,NA,NA,1976,1,4,0,0,0,0,1,0,0,0
25517,5531,1,25,16,3,NA,NA,2935,0,5,0,0,0,0,0,0,0,1
25526,7236,1,46,5,4,NA,NA,1622,0,4,0,0,0,0,1,0,0,0
25556,1691,1,47,21,2,NA,NA,978,0,5,0,0,0,0,0,0,0,1
25567,1988,1,20,13,7,NA,NA,3409,1,5,0,0,0,0,0,0,0,1
25575,7220,1,50,23,5,NA,NA,2685,0,7,0,0,0,1,0,0,0,0
25633,552,1,19,3,4,NA,NA,2417,0,4,0,0,0,0,1,0,0,0
25657,1977,1,18,28,5,NA,NA,846,0,1,0,0,0,0,0,0,1,0
25667,5666,1,65,30,7,NA,NA,2568,1,4,0,0,0,0,1,0,0,0
25676,7786,1,31,27,4,NA,NA,923,0,4,0,0,0,0,1,0,0,0
25689,9465,1,30,15,3,NA,NA,2387,0,5,0,0,0,0,0,0,0,1
25693,344,1,60,22,7,NA,NA,1231,1,3,0,1,0,0,0,0,0,0
25741,11287,1,18,18,2,NA,NA,2026,0,7,0,0,0,1,0,0,0,0
25761,8624,1,39,30,7,NA,NA,1796,1,4,0,0,0,0,1,0,0,0
25789,11763,1,23,22,2,NA,NA,1827,0,6,1,0,0,0,0,0,0,0
25797,566,1,50,2,4,NA,NA,2855,0,2,0,0,1,0,0,0,0,0
25825,4031,1,38,14,2,NA,NA,3379,0,1,0,0,0,0,0,0,1,0
25844,9117,1,28,27,2,NA,NA,1879,0,6,1,0,0,0,0,0,0,0
25867,900,1,30,16,3,NA,NA,1475,0,5,0,0,0,0,0,0,0,1
25894,2114,1,18,12,7,NA,NA,1317,1,1,0,0,0,0,0,0,1,0
25987,2054,1,30,14,5,NA,NA,2120,0,7,0,0,0,1,0,0,0,0
25990,5142,1,36,25,4,NA,NA,2431,0,2,0,0,1,0,0,0,0,0
26014,6062,1,20,13,5,NA,NA,2343,0,8,0,0,0,0,0,1,0,0
26094,1627,1,26,13,3,NA,NA,2137,0,6,1,0,0,0,0,0,0,0
26117,15,1,30,21,5,NA,NA,2667,0,1,0,0,0,0,0,0,1,0
26172,9373,1,45,27,2,NA,NA,2988,0,6,1,0,0,0,0,0,0,0
26273,8739,1,40,27,4,NA,NA,1047,0,1,0,0,0,0,0,0,1,0
26328,8485,1,45,16,1,NA,NA,2393,1,8,0,0,0,0,0,1,0,0
26335,4625,1,50,26,4,NA,NA,2271,0,3,0,1,0,0,0,0,0,0
26347,9450,1,55,9,4,NA,NA,2163,0,5,0,0,0,0,0,0,0,1
26388,3772,1,44,13,3,NA,NA,1948,0,2,0,0,1,0,0,0,0,0
26394,10790,1,50,15,3,NA,NA,2653,0,5,0,0,0,0,0,0,0,1
26511,800,1,28,21,6,NA,NA,1598,0,2,0,0,1,0,0,0,0,0
26516,8237,1,48,26,3,NA,NA,1913,0,4,0,0,0,0,1,0,0,0
26549,10385,1,18,10,5,NA,NA,2034,0,1,0,0,0,0,0,0,1,0
26572,8242,1,19,23,7,NA,NA,881,1,1,0,0,0,0,0,0,1,0
26580,1450,1,68,17,5,NA,NA,1482,0,3,0,1,0,0,0,0,0,0
26602,2478,1,64,22,4,NA,NA,1424,0,3,0,1,0,0,0,0,0,0
26611,3585,1,29,19,5,NA,NA,1367,0,2,0,0,1,0,0,0,0,0
26621,4449,1,21,26,5,NA,NA,1036,0,3,0,1,0,0,0,0,0,0
26681,7515,1,24,14,4,NA,NA,2479,0,7,0,0,0,1,0,0,0,0
26685,10039,1,42,1,4,NA,NA,2487,0,5,0,0,0,0,0,0,0,1
26734,11230,1,38,29,6,NA,NA,2820,0,1,0,0,0,0,0,0,1,0
26739,4795,1,76,30,7,NA,NA,770,1,4,0,0,0,0,1,0,0,0
26775,3478,1,30,11,3,NA,NA,762,0,4,0,0,0,0,1,0,0,0
26781,9313,1,29,27,6,NA,NA,1237,0,3,0,1,0,0,0,0,0,0
26832,4795,1,44,30,7,NA,NA,1882,1,4,0,0,0,0,1,0,0,0
26868,8328,1,32,7,4,NA,NA,2323,0,2,0,0,1,0,0,0,0,0
26923,10043,1,22,7,6,NA,NA,1018,0,4,0,0,0,0,1,0,0,0
26937,4370,1,44,4,5,NA,NA,1449,0,4,0,0,0,0,1,0,0,0
26972,7646,1,30,25,3,NA,NA,2170,0,2,0,0,1,0,0,0,0,0
27000,2981,1,28,28,7,NA,NA,2646,1,3,0,1,0,0,0,0,0,0
27009,2713,1,25,16,6,NA,NA,1423,0,7,0,0,0,1,0,0,0,0
27018,6815,1,43,22,2,NA,NA,2097,0,6,1,0,0,0,0,0,0,0
27093,219,1,22,13,7,NA,NA,3256,1,5,0,0,0,0,0,0,0,1
27142,5416,1,30,18,7,NA,NA,1800,1,3,0,1,0,0,0,0,0,0
27157,6177,1,62,31,7,NA,NA,1753,1,4,0,0,0,0,1,0,0,0
27183,6525,1,22,24,6,NA,NA,2258,0,4,0,0,0,0,1,0,0,0
27268,8287,1,26,19,7,NA,NA,688,1,3,0,1,0,0,0,0,0,0
27270,6160,1,50,16,7,NA,NA,1465,1,1,0,0,0,0,0,0,1,0
27281,3152,1,60,15,3,NA,NA,1591,0,5,0,0,0,0,0,0,0,1
27310,10513,1,29,4,5,NA,NA,3339,0,4,0,0,0,0,1,0,0,0
27312,10679,1,25,21,7,NA,NA,2240,1,2,0,0,1,0,0,0,0,0
27380,5605,1,32,19,7,NA,NA,2159,1,5,0,0,0,0,0,0,0,1
27484,4314,1,58,26,3,NA,NA,2048,0,1,0,0,0,0,0,0,1,0
27492,1953,1,45,19,1,NA,NA,1698,1,7,0,0,0,1,0,0,0,0
27562,6726,1,63,22,7,NA,NA,1263,1,8,0,0,0,0,0,1,0,0
27648,9224,1,30,10,5,NA,NA,3345,0,1,0,0,0,0,0,0,1,0
27679,8521,1,44,17,5,NA,NA,2069,0,5,0,0,0,0,0,0,0,1
27744,4291,1,32,3,3,NA,NA,2414,0,4,0,0,0,0,1,0,0,0
27769,4262,1,55,20,5,NA,NA,874,0,8,0,0,0,0,0,1,0,0
27802,11642,1,53,6,6,NA,NA,2098,0,4,0,0,0,0,1,0,0,0
27834,10949,1,25,27,5,NA,NA,1465,0,2,0,0,1,0,0,0,0,0
27933,4221,1,55,23,1,NA,NA,2725,1,2,0,0,1,0,0,0,0,0
27936,10039,1,19,1,4,NA,NA,2198,0,5,0,0,0,0,0,0,0,1
27952,2421,1,29,24,2,NA,NA,2019,0,8,0,0,0,0,0,1,0,0
27961,1753,1,65,24,4,NA,NA,1482,0,6,1,0,0,0,0,0,0,0
28079,300,1,40,8,7,NA,NA,2537,1,4,0,0,0,0,1,0,0,0
28080,8083,1,50,18,7,NA,NA,1936,1,3,0,1,0,0,0,0,0,0
28125,4221,1,26,23,1,NA,NA,2723,1,2,0,0,1,0,0,0,0,0
28140,1607,1,23,2,3,NA,NA,2699,0,4,0,0,0,0,1,0,0,0
28143,6497,1,55,14,5,NA,NA,1750,0,7,0,0,0,1,0,0,0,0
28206,9981,1,45,16,7,NA,NA,2280,1,7,0,0,0,1,0,0,0,0
28263,6945,1,31,11,1,NA,NA,1218,1,2,0,0,1,0,0,0,0,0
28283,9961,1,30,21,5,NA,NA,2024,0,1,0,0,0,0,0,0,1,0
28354,7745,1,30,27,7,NA,NA,2528,1,5,0,0,0,0,0,0,0,1
28355,7778,1,22,27,4,NA,NA,1562,0,1,0,0,0,0,0,0,1,0
28380,3605,1,58,5,4,NA,NA,1287,0,4,0,0,0,0,1,0,0,0
28412,11797,1,20,29,1,NA,NA,3358,1,3,0,1,0,0,0,0,0,0
28469,5699,1,65,2,2,NA,NA,979,0,4,0,0,0,0,1,0,0,0
28473,2368,1,32,6,6,NA,NA,1164,0,4,0,0,0,0,1,0,0,0
28496,11393,1,52,16,7,NA,NA,1356,1,1,0,0,0,0,0,0,1,0
28516,911,1,42,11,3,NA,NA,2185,0,4,0,0,0,0,1,0,0,0
28520,9433,1,45,20,4,NA,NA,1466,0,1,0,0,0,0,0,0,1,0
28551,1898,1,56,27,4,NA,NA,989,0,1,0,0,0,0,0,0,1,0
28615,8628,1,60,27,7,NA,NA,1444,1,5,0,0,0,0,0,0,0,1
28634,9976,1,42,13,3,NA,NA,1065,0,6,1,0,0,0,0,0,0,0
28665,10907,1,21,22,4,NA,NA,908,0,4,0,0,0,0,1,0,0,0
28686,1487,1,60,5,4,NA,NA,2623,0,4,0,0,0,0,1,0,0,0
28704,4967,1,27,20,4,NA,NA,2424,0,1,0,0,0,0,0,0,1,0
28790,9175,1,24,19,5,NA,NA,2718,0,2,0,0,1,0,0,0,0,0
28836,3500,1,33,12,7,NA,NA,1554,1,5,0,0,0,0,0,0,0,1
28839,9944,1,60,27,4,NA,NA,1831,0,4,0,0,0,0,1,0,0,0
28932,7049,1,35,13,1,NA,NA,3019,1,5,0,0,0,0,0,0,0,1
28935,11085,1,35,12,6,NA,NA,3145,0,5,0,0,0,0,0,0,0,1
28957,4171,1,56,12,7,NA,NA,3160,1,5,0,0,0,0,0,0,0,1
28974,10036,1,52,15,3,NA,NA,1305,0,5,0,0,0,0,0,0,0,1
28990,1247,1,59,20,5,NA,NA,1674,0,3,0,1,0,0,0,0,0,0
28996,11754,1,30,15,2,NA,NA,2517,0,5,0,0,0,0,0,0,0,1
29030,5776,1,65,27,4,NA,NA,1825,0,1,0,0,0,0,0,0,1,0
29106,237,1,35,11,3,NA,NA,2044,0,4,0,0,0,0,1,0,0,0
29109,9764,1,18,12,4,NA,NA,2495,0,8,0,0,0,0,0,1,0,0
29118,11720,1,40,11,6,NA,NA,1624,0,5,0,0,0,0,0,0,0,1
29187,10279,1,45,24,4,NA,NA,1731,0,6,1,0,0,0,0,0,0,0
29188,11403,1,29,13,1,NA,NA,2221,1,5,0,0,0,0,0,0,0,1
29220,4260,1,32,18,2,NA,NA,2949,0,1,0,0,0,0,0,0,1,0
29286,9235,1,20,25,3,NA,NA,1912,0,3,0,1,0,0,0,0,0,0
29334,6384,1,62,1,2,NA,NA,2891,0,4,0,0,0,0,1,0,0,0
29353,10087,1,50,7,4,NA,NA,2071,0,2,0,0,1,0,0,0,0,0
29380,3362,1,45,16,5,NA,NA,1877,0,3,0,1,0,0,0,0,0,0
29392,482,1,21,14,5,NA,NA,2537,0,1,0,0,0,0,0,0,1,0
29408,10868,1,45,29,6,NA,NA,2392,0,4,0,0,0,0,1,0,0,0
29455,1947,1,28,8,5,NA,NA,2468,0,6,1,0,0,0,0,0,0,0
29546,6538,1,65,28,5,NA,NA,4189,0,4,0,0,0,0,1,0,0,0
29567,8914,1,25,18,2,NA,NA,1191,0,7,0,0,0,1,0,0,0,0
29609,11693,1,65,22,4,NA,NA,3515,0,3,0,1,0,0,0,0,0,0
29634,7781,1,70,27,4,NA,NA,1009,0,4,0,0,0,0,1,0,0,0
29640,8562,1,30,29,6,NA,NA,580,0,1,0,0,0,0,0,0,1,0
29645,3465,1,20,24,2,NA,NA,1495,0,8,0,0,0,0,0,1,0,0
29661,8838,1,40,12,7,NA,NA,2926,1,1,0,0,0,0,0,0,1,0
29663,1255,1,25,25,3,NA,NA,3730,0,3,0,1,0,0,0,0,0,0
29701,10149,1,39,16,3,NA,NA,1321,0,5,0,0,0,0,0,0,0,1
29720,5769,1,18,20,3,NA,NA,1937,0,7,0,0,0,1,0,0,0,0
29724,8914,1,55,18,2,NA,NA,3211,0,7,0,0,0,1,0,0,0,0
29743,3513,1,22,16,6,NA,NA,684,0,7,0,0,0,1,0,0,0,0
29762,11679,1,22,24,4,NA,NA,3155,0,6,1,0,0,0,0,0,0,0
29768,8033,1,40,25,3,NA,NA,1997,0,3,0,1,0,0,0,0,0,0
29780,443,1,40,20,2,NA,NA,2996,0,3,0,1,0,0,0,0,0,0
29784,5152,1,62,24,6,NA,NA,664,0,4,0,0,0,0,1,0,0,0
29796,3395,1,70,19,5,NA,NA,1420,0,2,0,0,1,0,0,0,0,0
29823,2149,1,26,18,1,NA,NA,2218,1,7,0,0,0,1,0,0,0,0
29867,11654,1,22,23,3,NA,NA,984,0,6,1,0,0,0,0,0,0,0
29872,6483,1,57,28,7,NA,NA,1994,1,3,0,1,0,0,0,0,0,0
29882,1413,1,30,22,7,NA,NA,1026,1,8,0,0,0,0,0,1,0,0
29904,2876,1,18,23,7,NA,NA,2129,1,1,0,0,0,0,0,0,1,0
29928,4708,1,55,25,5,NA,NA,2758,0,5,0,0,0,0,0,0,0,1
29979,7091,1,35,5,4,NA,NA,2807,0,4,0,0,0,0,1,0,0,0
30113,5198,1,46,9,4,NA,NA,761,0,5,0,0,0,0,0,0,0,1
30118,1199,1,27,28,5,NA,NA,2470,0,1,0,0,0,0,0,0,1,0
30129,1729,1,32,22,2,NA,NA,2278,0,6,1,0,0,0,0,0,0,0
30175,2416,1,36,12,4,NA,NA,2357,0,8,0,0,0,0,0,1,0,0
30237,11635,1,28,25,5,NA,NA,2430,0,6,1,0,0,0,0,0,0,0
30306,2586,1,56,16,7,NA,NA,3449,1,7,0,0,0,1,0,0,0,0
30360,3612,1,25,16,4,NA,NA,3094,0,1,0,0,0,0,0,0,1,0
30413,3546,1,23,2,5,NA,NA,1496,0,5,0,0,0,0,0,0,0,1
30417,1302,1,50,2,4,NA,NA,1519,0,2,0,0,1,0,0,0,0,0
30525,10312,1,25,2,4,NA,NA,721,0,2,0,0,1,0,0,0,0,0
30537,10172,1,26,26,6,NA,NA,1813,0,6,1,0,0,0,0,0,0,0
30568,9924,1,33,7,2,NA,NA,2096,0,5,0,0,0,0,0,0,0,1
30657,4369,1,25,31,2,NA,NA,2289,0,2,0,0,1,0,0,0,0,0
30675,6915,1,43,16,1,NA,NA,1079,1,8,0,0,0,0,0,1,0,0
30693,2475,1,30,14,2,NA,NA,1686,0,1,0,0,0,0,0,0,1,0
30729,11817,1,26,24,6,NA,NA,1748,0,4,0,0,0,0,1,0,0,0
30734,11390,1,40,16,7,NA,NA,1747,1,1,0,0,0,0,0,0,1,0
30766,6483,1,21,28,7,NA,NA,3575,1,3,0,1,0,0,0,0,0,0
30772,10137,1,34,25,5,NA,NA,1226,0,6,1,0,0,0,0,0,0,0
30825,1250,1,58,10,5,NA,NA,2194,0,1,0,0,0,0,0,0,1,0
30938,1262,1,50,16,7,NA,NA,3500,1,7,0,0,0,1,0,0,0,0
31095,4898,1,40,26,1,NA,NA,3445,1,7,0,0,0,1,0,0,0,0
31137,5218,1,29,26,6,NA,NA,3058,0,6,1,0,0,0,0,0,0,0
31139,8076,1,50,31,7,NA,NA,2257,1,4,0,0,0,0,1,0,0,0
31146,2981,1,26,28,7,NA,NA,2606,1,3,0,1,0,0,0,0,0,0
31189,485,1,19,22,7,NA,NA,466,1,2,0,0,1,0,0,0,0,0
31224,7887,1,28,24,6,NA,NA,1670,0,4,0,0,0,0,1,0,0,0
31243,3444,1,19,7,4,NA,NA,2698,0,2,0,0,1,0,0,0,0,0
31357,3444,1,45,7,4,NA,NA,2192,0,2,0,0,1,0,0,0,0,0
31407,2264,1,21,26,6,NA,NA,4230,0,6,1,0,0,0,0,0,0,0
31501,10729,1,24,15,5,NA,NA,2083,0,7,0,0,0,1,0,0,0,0
31505,2727,1,60,18,3,NA,NA,1779,0,8,0,0,0,0,0,1,0,0
31517,920,1,19,2,4,NA,NA,1828,0,2,0,0,1,0,0,0,0,0
31558,10205,1,26,15,7,NA,NA,2136,1,8,0,0,0,0,0,1,0,0
31565,11026,1,27,11,3,NA,NA,2467,0,4,0,0,0,0,1,0,0,0
31583,11222,1,38,12,3,NA,NA,3028,0,7,0,0,0,1,0,0,0,0
31646,3747,1,30,14,2,NA,NA,2039,0,1,0,0,0,0,0,0,1,0
31673,2606,1,60,15,3,NA,NA,1532,0,5,0,0,0,0,0,0,0,1
31717,8216,1,38,30,2,NA,NA,1304,0,3,0,1,0,0,0,0,0,0
31747,11813,1,46,16,4,NA,NA,2849,0,1,0,0,0,0,0,0,1,0
31786,8601,1,45,13,3,NA,NA,625,0,2,0,0,1,0,0,0,0,0
31807,1758,1,27,2,3,NA,NA,3254,0,4,0,0,0,0,1,0,0,0
31817,360,1,49,12,6,NA,NA,3295,0,5,0,0,0,0,0,0,0,1
31856,9593,1,42,30,2,NA,NA,1405,0,3,0,1,0,0,0,0,0,0
31887,515,1,65,11,1,NA,NA,2215,1,2,0,0,1,0,0,0,0,0
31941,9430,1,20,15,3,NA,NA,2434,0,5,0,0,0,0,0,0,0,1
31979,5540,1,18,25,5,NA,NA,813,0,6,1,0,0,0,0,0,0,0
32037,6683,1,24,19,7,NA,NA,3459,1,5,0,0,0,0,0,0,0,1
32125,2731,1,60,28,5,NA,NA,2178,0,4,0,0,0,0,1,0,0,0
32131,166,1,25,1,6,NA,NA,1915,0,4,0,0,0,0,1,0,0,0
32147,3337,1,65,16,6,NA,NA,1884,0,7,0,0,0,1,0,0,0,0
32180,9937,1,30,22,7,NA,NA,1684,1,8,0,0,0,0,0,1,0,0
32337,1070,1,21,27,4,NA,NA,2844,0,1,0,0,0,0,0,0,1,0
32382,9349,1,50,29,7,NA,NA,2321,1,2,0,0,1,0,0,0,0,0
32409,1070,1,56,27,4,NA,NA,2115,0,1,0,0,0,0,0,0,1,0
32433,10528,1,55,21,3,NA,NA,2527,0,7,0,0,0,1,0,0,0,0
32448,8448,1,35,18,6,NA,NA,1675,0,1,0,0,0,0,0,0,1,0
32451,10390,1,31,22,4,NA,NA,2573,0,3,0,1,0,0,0,0,0,0
32473,10288,1,33,27,7,NA,NA,2153,1,5,0,0,0,0,0,0,0,1
32642,2637,1,24,22,3,NA,NA,3700,0,3,0,1,0,0,0,0,0,0
32660,9042,1,45,16,1,NA,NA,507,1,8,0,0,0,0,0,1,0,0
32682,11075,1,35,23,3,NA,NA,3816,0,5,0,0,0,0,0,0,0,1
32732,5531,1,69,16,3,NA,NA,928,0,5,0,0,0,0,0,0,0,1
32739,8402,1,45,22,6,NA,NA,832,0,1,0,0,0,0,0,0,1,0
32781,7669,1,28,25,7,NA,NA,430,1,7,0,0,0,1,0,0,0,0
32826,1285,1,18,9,7,NA,NA,3006,1,8,0,0,0,0,0,1,0,0
32905,5844,1,38,23,4,NA,NA,1978,0,3,0,1,0,0,0,0,0,0
32948,5759,1,37,3,2,NA,NA,3397,0,4,0,0,0,0,1,0,0,0
32952,7534,1,32,9,4,NA,NA,1574,0,5,0,0,0,0,0,0,0,1
32982,344,1,23,22,7,NA,NA,2863,1,3,0,1,0,0,0,0,0,0
32999,1204,1,65,29,2,NA,NA,2712,0,5,0,0,0,0,0,0,0,1
33070,209,1,65,17,4,NA,NA,2292,0,5,0,0,0,0,0,0,0,1
33087,1898,1,31,27,4,NA,NA,1028,0,1,0,0,0,0,0,0,1,0
33151,2601,1,45,18,7,NA,NA,472,1,3,0,1,0,0,0,0,0,0
33281,808,1,40,22,4,NA,NA,1663,0,4,0,0,0,0,1,0,0,0
33308,7824,1,60,6,6,NA,NA,2484,0,4,0,0,0,0,1,0,0,0
33340,3395,1,29,19,5,NA,NA,1458,0,2,0,0,1,0,0,0,0,0
33378,7159,1,23,28,3,NA,NA,877,0,4,0,0,0,0,1,0,0,0
33381,2240,1,63,20,6,NA,NA,2141,0,2,0,0,1,0,0,0,0,0
33405,1740,1,24,23,1,NA,NA,2291,1,2,0,0,1,0,0,0,0,0
33428,5804,1,60,18,6,NA,NA,1182,0,5,0,0,0,0,0,0,0,1
33443,7781,1,20,27,4,NA,NA,2306,0,4,0,0,0,0,1,0,0,0
33444,7107,1,50,22,7,NA,NA,946,1,2,0,0,1,0,0,0,0,0
33458,1881,1,25,19,7,NA,NA,2974,1,1,0,0,0,0,0,0,1,0
33543,5143,1,68,19,4,NA,NA,3150,0,3,0,1,0,0,0,0,0,0
33608,3710,1,21,23,3,NA,NA,2628,0,6,1,0,0,0,0,0,0,0
33659,2527,1,68,20,5,NA,NA,2430,0,8,0,0,0,0,0,1,0,0
33661,6925,1,25,24,2,NA,NA,1871,0,3,0,1,0,0,0,0,0,0
33676,5823,1,46,12,3,NA,NA,2176,0,7,0,0,0,1,0,0,0,0
33701,1680,1,27,29,4,NA,NA,3137,0,6,1,0,0,0,0,0,0,0
33709,10958,1,45,18,3,NA,NA,1904,0,8,0,0,0,0,0,1,0,0
33748,9541,1,24,23,5,NA,NA,2577,0,7,0,0,0,1,0,0,0,0
33759,3125,1,30,19,1,NA,NA,2940,1,7,0,0,0,1,0,0,0,0
33812,11330,1,21,24,3,NA,NA,2022,0,3,0,1,0,0,0,0,0,0
33830,6866,1,28,15,2,NA,NA,2023,0,6,1,0,0,0,0,0,0,0
33842,9349,1,22,29,7,NA,NA,2072,1,2,0,0,1,0,0,0,0,0
33888,1958,1,30,24,5,NA,NA,2018,0,3,0,1,0,0,0,0,0,0
33930,898,1,40,11,6,NA,NA,1956,0,5,0,0,0,0,0,0,0,1
33965,5976,1,44,13,5,NA,NA,1937,0,8,0,0,0,0,0,1,0,0
34035,2680,1,55,13,5,NA,NA,1777,0,8,0,0,0,0,0,1,0,0
34042,1785,1,60,26,6,NA,NA,1923,0,6,1,0,0,0,0,0,0,0
34066,3567,1,35,19,1,NA,NA,2391,1,7,0,0,0,1,0,0,0,0
34080,6327,1,60,27,6,NA,NA,2784,0,3,0,1,0,0,0,0,0,0
34149,8266,1,40,16,4,NA,NA,1914,0,1,0,0,0,0,0,0,1,0
34155,920,1,40,2,4,NA,NA,2930,0,2,0,0,1,0,0,0,0,0
34157,9561,1,18,23,7,NA,NA,1284,1,1,0,0,0,0,0,0,1,0
34213,1899,1,19,16,7,NA,NA,1763,1,1,0,0,0,0,0,0,1,0
34245,3550,1,28,12,7,NA,NA,1508,1,1,0,0,0,0,0,0,1,0
34260,8524,1,46,7,2,NA,NA,1836,0,5,0,0,0,0,0,0,0,1
34264,6298,1,26,25,2,NA,NA,2488,0,1,0,0,0,0,0,0,1,0
34275,10696,1,28,29,1,NA,NA,2341,1,3,0,1,0,0,0,0,0,0
34289,7778,1,52,27,4,NA,NA,1572,0,1,0,0,0,0,0,0,1,0
34328,10696,1,50,29,1,NA,NA,1648,1,3,0,1,0,0,0,0,0,0
34335,3450,1,36,11,5,NA,NA,2663,0,5,0,0,0,0,0,0,0,1
34343,8560,1,60,18,7,NA,NA,2204,1,3,0,1,0,0,0,0,0,0
34351,2866,1,28,5,4,NA,NA,2064,0,4,0,0,0,0,1,0,0,0
34383,491,1,55,15,2,NA,NA,2148,0,5,0,0,0,0,0,0,0,1
34488,1947,1,23,8,5,NA,NA,1862,0,6,1,0,0,0,0,0,0,0
34509,10964,1,52,20,5,NA,NA,1917,0,8,0,0,0,0,0,1,0,0
34557,10903,1,65,30,5,NA,NA,2019,0,4,0,0,0,0,1,0,0,0
34633,7109,1,55,12,7,NA,NA,762,1,5,0,0,0,0,0,0,0,1
34660,10693,1,19,25,5,NA,NA,1453,0,6,1,0,0,0,0,0,0,0
34668,6052,1,60,9,6,NA,NA,790,0,2,0,0,1,0,0,0,0,0
34677,3308,1,29,16,5,NA,NA,2505,0,3,0,1,0,0,0,0,0,0
34688,4218,1,29,8,2,NA,NA,3096,0,1,0,0,0,0,0,0,1,0
34708,10889,1,28,29,7,NA,NA,2778,1,2,0,0,1,0,0,0,0,0
34734,1948,1,23,2,2,NA,NA,2467,0,4,0,0,0,0,1,0,0,0
34766,5088,1,18,15,7,NA,NA,2392,1,8,0,0,0,0,0,1,0,0
34821,3599,1,50,25,5,NA,NA,2312,0,6,1,0,0,0,0,0,0,0
34826,1873,1,19,16,6,NA,NA,689,0,7,0,0,0,1,0,0,0,0
34868,8730,1,45,23,4,NA,NA,2991,0,3,0,1,0,0,0,0,0,0
34916,2181,1,50,22,6,NA,NA,2471,0,1,0,0,0,0,0,0,1,0
34933,11797,1,25,29,1,NA,NA,3232,1,3,0,1,0,0,0,0,0,0
34936,6340,1,58,15,7,NA,NA,1769,1,8,0,0,0,0,0,1,0,0
34940,506,1,25,19,7,NA,NA,1616,1,5,0,0,0,0,0,0,0,1
34952,5869,1,40,16,3,NA,NA,2254,0,6,1,0,0,0,0,0,0,0
34970,4269,1,60,25,7,NA,NA,2195,1,7,0,0,0,1,0,0,0,0
35008,4430,1,65,28,1,NA,NA,2023,1,5,0,0,0,0,0,0,0,1
35027,3736,1,26,23,3,NA,NA,2297,0,5,0,0,0,0,0,0,0,1
35091,1918,1,18,21,5,NA,NA,1269,0,1,0,0,0,0,0,0,1,0
35100,441,1,42,15,3,NA,NA,2503,0,5,0,0,0,0,0,0,0,1
35107,1202,1,66,7,6,NA,NA,2302,0,4,0,0,0,0,1,0,0,0
35146,1619,1,40,11,3,NA,NA,2418,0,4,0,0,0,0,1,0,0,0
35148,4369,1,58,31,2,NA,NA,2289,0,2,0,0,1,0,0,0,0,0
35199,3018,1,23,24,6,NA,NA,3743,0,4,0,0,0,0,1,0,0,0
35242,1886,1,21,17,5,NA,NA,2091,0,5,0,0,0,0,0,0,0,1
35246,48,1,35,29,6,NA,NA,1770,0,1,0,0,0,0,0,0,1,0
35259,576,1,57,17,6,NA,NA,2043,0,7,0,0,0,1,0,0,0,0
35274,10470,1,63,25,2,NA,NA,389,0,1,0,0,0,0,0,0,1,0
35277,10882,1,45,29,2,NA,NA,3224,0,5,0,0,0,0,0,0,0,1
35329,11264,1,70,18,2,NA,NA,1415,0,7,0,0,0,1,0,0,0,0
35335,9511,1,31,24,6,NA,NA,888,0,4,0,0,0,0,1,0,0,0
35383,8311,1,28,13,5,NA,NA,932,0,8,0,0,0,0,0,1,0,0
35387,22,1,55,22,4,NA,NA,2639,0,4,0,0,0,0,1,0,0,0
35512,10363,1,39,23,2,NA,NA,2965,0,3,0,1,0,0,0,0,0,0
35663,11361,1,23,13,7,NA,NA,574,1,5,0,0,0,0,0,0,0,1
35669,9595,1,65,30,7,NA,NA,1480,1,4,0,0,0,0,1,0,0,0
35671,671,1,26,24,4,NA,NA,1278,0,6,1,0,0,0,0,0,0,0
35697,10365,1,28,14,5,NA,NA,2008,0,1,0,0,0,0,0,0,1,0
35706,5862,1,55,18,3,NA,NA,3111,0,8,0,0,0,0,0,1,0,0
35814,4889,1,27,15,2,NA,NA,1917,0,5,0,0,0,0,0,0,0,1
35843,184,1,60,31,2,NA,NA,1072,0,2,0,0,1,0,0,0,0,0
35915,7816,1,52,20,1,NA,NA,1027,1,3,0,1,0,0,0,0,0,0
35917,1707,1,25,22,4,NA,NA,1179,0,3,0,1,0,0,0,0,0,0
35925,6458,1,34,29,6,NA,NA,2045,0,1,0,0,0,0,0,0,1,0
35983,4137,1,23,25,3,NA,NA,2083,0,3,0,1,0,0,0,0,0,0
36019,9475,1,43,30,2,NA,NA,1321,0,3,0,1,0,0,0,0,0,0
36097,1085,1,21,24,2,NA,NA,1646,0,8,0,0,0,0,0,1,0,0
36122,2375,1,19,21,5,NA,NA,897,0,1,0,0,0,0,0,0,1,0
36152,7190,1,29,8,5,NA,NA,1791,0,2,0,0,1,0,0,0,0,0
36183,7542,1,49,21,7,NA,NA,1618,1,2,0,0,1,0,0,0,0,0
36191,11532,1,50,27,5,NA,NA,1892,0,2,0,0,1,0,0,0,0,0
36194,4169,1,38,9,6,NA,NA,3490,0,2,0,0,1,0,0,0,0,0
36220,1198,1,62,27,4,NA,NA,1068,0,4,0,0,0,0,1,0,0,0
36265,4311,1,42,11,6,NA,NA,2466,0,5,0,0,0,0,0,0,0,1
36301,7408,1,45,8,2,NA,NA,3623,0,1,0,0,0,0,0,0,1,0
36355,1686,1,34,13,1,NA,NA,1400,1,5,0,0,0,0,0,0,0,1
36356,6925,1,21,24,2,NA,NA,1990,0,3,0,1,0,0,0,0,0,0
36421,6672,1,35,14,5,NA,NA,1881,0,7,0,0,0,1,0,0,0,0
36490,77,1,25,18,2,NA,NA,3504,0,1,0,0,0,0,0,0,1,0
36534,5291,1,33,20,3,NA,NA,2944,0,7,0,0,0,1,0,0,0,0
36561,8653,1,35,25,4,NA,NA,251,0,2,0,0,1,0,0,0,0,0
36568,6686,1,35,7,5,NA,NA,2624,0,8,0,0,0,0,0,1,0,0
36768,1608,1,38,25,3,NA,NA,2339,0,2,0,0,1,0,0,0,0,0
36769,6579,1,29,21,6,NA,NA,2532,0,2,0,0,1,0,0,0,0,0
36792,1542,1,22,21,2,NA,NA,3698,0,3,0,1,0,0,0,0,0,0
36914,11798,1,53,16,3,NA,NA,3208,0,6,1,0,0,0,0,0,0,0
36917,5362,1,65,15,3,NA,NA,2205,0,5,0,0,0,0,0,0,0,1
36965,304,1,45,20,3,NA,NA,2096,0,7,0,0,0,1,0,0,0,0
37049,7758,1,55,26,5,NA,NA,2731,0,3,0,1,0,0,0,0,0,0
37069,4385,1,36,16,3,NA,NA,2094,0,5,0,0,0,0,0,0,0,1
37083,1165,1,48,24,2,NA,NA,2366,0,8,0,0,0,0,0,1,0,0
37123,10741,1,18,16,6,NA,NA,3233,0,7,0,0,0,1,0,0,0,0
37148,6726,1,36,22,7,NA,NA,2092,1,8,0,0,0,0,0,1,0,0
37200,9154,1,51,23,5,NA,NA,2792,0,7,0,0,0,1,0,0,0,0
37236,4360,1,26,27,2,NA,NA,1234,0,7,0,0,0,1,0,0,0,0
37281,4601,1,65,20,5,NA,NA,3192,0,3,0,1,0,0,0,0,0,0
37314,1992,1,24,27,2,NA,NA,1680,0,6,1,0,0,0,0,0,0,0
37324,8049,1,38,27,4,NA,NA,2250,0,4,0,0,0,0,1,0,0,0
37347,8721,1,40,14,4,NA,NA,2693,0,7,0,0,0,1,0,0,0,0
37367,8644,1,28,16,6,NA,NA,952,0,6,1,0,0,0,0,0,0,0
37382,9042,1,32,16,1,NA,NA,1452,1,8,0,0,0,0,0,1,0,0
37544,5667,1,22,16,5,NA,NA,2569,0,3,0,1,0,0,0,0,0,0
37567,4472,1,30,15,2,NA,NA,2062,0,6,1,0,0,0,0,0,0,0
37607,5764,1,30,15,7,NA,NA,2641,1,8,0,0,0,0,0,1,0,0
37626,8778,1,40,29,7,NA,NA,1709,1,2,0,0,1,0,0,0,0,0
37638,11692,1,26,18,3,NA,NA,2445,0,8,0,0,0,0,0,1,0,0
37665,8409,1,25,25,4,NA,NA,3026,0,2,0,0,1,0,0,0,0,0
37755,9641,1,30,15,6,NA,NA,2373,0,1,0,0,0,0,0,0,1,0
37768,9003,1,65,8,7,NA,NA,2324,1,4,0,0,0,0,1,0,0,0
37788,5575,1,28,20,5,NA,NA,2240,0,8,0,0,0,0,0,1,0,0
37792,11354,1,35,18,6,NA,NA,1379,0,3,0,1,0,0,0,0,0,0
37796,11692,1,56,18,3,NA,NA,2302,0,8,0,0,0,0,0,1,0,0
37798,1542,1,25,21,2,NA,NA,3962,0,3,0,1,0,0,0,0,0,0
37799,9769,1,24,6,6,NA,NA,1672,0,4,0,0,0,0,1,0,0,0
37802,3750,1,58,13,3,NA,NA,1126,0,2,0,0,1,0,0,0,0,0
37805,2083,1,30,24,4,NA,NA,1640,0,6,1,0,0,0,0,0,0,0
37868,9835,1,45,25,7,NA,NA,2626,1,7,0,0,0,1,0,0,0,0
37887,7115,1,31,23,1,NA,NA,1426,1,2,0,0,1,0,0,0,0,0
38033,6784,1,23,15,5,NA,NA,1802,0,6,1,0,0,0,0,0,0,0
38104,749,1,69,26,3,NA,NA,2279,0,1,0,0,0,0,0,0,1,0
38143,10654,1,19,8,5,NA,NA,2815,0,6,1,0,0,0,0,0,0,0
38178,5681,1,63,16,7,NA,NA,3597,1,7,0,0,0,1,0,0,0,0
38185,8823,1,33,12,3,NA,NA,3531,0,7,0,0,0,1,0,0,0,0
38213,8521,1,18,17,5,NA,NA,2050,0,5,0,0,0,0,0,0,0,1
38220,9420,1,30,27,5,NA,NA,1331,0,2,0,0,1,0,0,0,0,0
38230,10886,1,62,6,5,NA,NA,2643,0,4,0,0,0,0,1,0,0,0
38357,10507,1,75,13,3,NA,NA,1293,0,6,1,0,0,0,0,0,0,0
38361,1582,1,30,2,5,NA,NA,1242,0,5,0,0,0,0,0,0,0,1
38377,3348,1,45,17,4,NA,NA,2195,0,5,0,0,0,0,0,0,0,1
38426,2175,1,56,26,1,NA,NA,2352,1,7,0,0,0,1,0,0,0,0
38559,5714,1,28,29,6,NA,NA,4451,0,4,0,0,0,0,1,0,0,0
38563,10219,1,34,20,3,NA,NA,2612,0,7,0,0,0,1,0,0,0,0
38584,4011,1,40,14,2,NA,NA,2975,0,1,0,0,0,0,0,0,1,0
38714,735,1,35,27,4,NA,NA,2914,0,4,0,0,0,0,1,0,0,0
38755,2866,1,72,5,4,NA,NA,2047,0,4,0,0,0,0,1,0,0,0
38767,10169,1,55,20,5,NA,NA,1887,0,3,0,1,0,0,0,0,0,0
38772,5652,1,48,19,5,NA,NA,1508,0,2,0,0,1,0,0,0,0,0
38824,4351,1,40,26,3,NA,NA,2814,0,1,0,0,0,0,0,0,1,0
38857,3915,1,44,26,3,NA,NA,2071,0,4,0,0,0,0,1,0,0,0
38884,10190,1,54,20,2,NA,NA,1822,0,3,0,1,0,0,0,0,0,0
38947,1123,1,20,11,5,NA,NA,1611,0,5,0,0,0,0,0,0,0,1
38964,6903,1,61,22,6,NA,NA,945,0,1,0,0,0,0,0,0,1,0
38999,6127,1,23,23,3,NA,NA,1418,0,5,0,0,0,0,0,0,0,1
39017,11049,1,60,25,5,NA,NA,2448,0,5,0,0,0,0,0,0,0,1
39032,9465,1,60,15,3,NA,NA,1005,0,5,0,0,0,0,0,0,0,1
39106,6495,1,70,3,2,NA,NA,1356,0,4,0,0,0,0,1,0,0,0
39109,9204,1,50,24,3,NA,NA,3553,0,3,0,1,0,0,0,0,0,0
39117,9055,1,26,27,2,NA,NA,3664,0,6,1,0,0,0,0,0,0,0
39119,10641,1,48,9,6,NA,NA,2416,0,6,1,0,0,0,0,0,0,0
39169,3069,1,21,2,4,NA,NA,2144,0,2,0,0,1,0,0,0,0,0
39191,5193,1,28,28,3,NA,NA,1369,0,4,0,0,0,0,1,0,0,0
39203,3631,1,50,23,5,NA,NA,2906,0,7,0,0,0,1,0,0,0,0
39237,11618,1,35,30,5,NA,NA,2882,0,4,0,0,0,0,1,0,0,0
39280,1351,1,60,1,2,NA,NA,3049,0,4,0,0,0,0,1,0,0,0
39283,8109,1,50,3,2,NA,NA,2824,0,4,0,0,0,0,1,0,0,0
39288,2739,1,36,1,6,NA,NA,1899,0,4,0,0,0,0,1,0,0,0
39317,7911,1,40,24,4,NA,NA,2992,0,6,1,0,0,0,0,0,0,0
39344,11509,1,20,22,4,NA,NA,3137,0,3,0,1,0,0,0,0,0,0
39363,544,1,22,9,7,NA,NA,1983,1,8,0,0,0,0,0,1,0,0
39400,7086,1,80,17,5,NA,NA,711,0,3,0,1,0,0,0,0,0,0
39420,241,1,45,16,7,NA,NA,1443,1,1,0,0,0,0,0,0,1,0
39449,6314,1,20,19,1,NA,NA,1960,1,7,0,0,0,1,0,0,0,0
39475,4716,1,30,8,5,NA,NA,2020,0,2,0,0,1,0,0,0,0,0
39496,2264,1,62,26,6,NA,NA,3557,0,6,1,0,0,0,0,0,0,0
39585,7474,1,30,29,6,NA,NA,1011,0,1,0,0,0,0,0,0,1,0
39591,6623,1,53,16,7,NA,NA,2861,1,7,0,0,0,1,0,0,0,0
39629,3539,1,29,20,1,NA,NA,2245,1,3,0,1,0,0,0,0,0,0
39656,1873,1,45,16,6,NA,NA,2000,0,7,0,0,0,1,0,0,0,0
