SUBJECT,HOUSEHOLD,SEX,AGE_YEAR,CONSUMPTION_DAY,WEEK_DAY,PREG_LACT,BREASTFEEDING,sum_ENERGY_kcal,WEEKEND,adm2_,adm2_4,adm2_3,adm2_7,adm2_6,adm2_2,adm2_1,adm2_10,adm2_5,adm2_8,adm2_9,adm2_11
24,6371,2,47,25,6,1,NA,2286,0,4,1,0,0,0,0,0,0,0,0,0,0
61,1708,2,75,14,3,0,NA,1595,0,3,0,1,0,0,0,0,0,0,0,0,0
155,3557,2,68,16,1,0,NA,2578,1,7,0,0,1,0,0,0,0,0,0,0,0
167,9860,2,34,24,7,1,NA,1641,1,7,0,0,1,0,0,0,0,0,0,0,0
170,4552,2,31,5,6,1,NA,1289,0,6,0,0,0,1,0,0,0,0,0,0,0
171,9523,2,37,24,5,1,NA,2371,0,4,1,0,0,0,0,0,0,0,0,0,0
235,456,2,34,28,6,1,NA,2276,0,2,0,0,0,0,1,0,0,0,0,0,0
237,2805,2,22,26,3,1,NA,952,0,1,0,0,0,0,0,1,0,0,0,0,0
305,1121,2,48,11,5,1,NA,976,0,10,0,0,0,0,0,0,1,0,0,0,0
336,5483,2,49,22,7,1,NA,1201,1,7,0,0,1,0,0,0,0,0,0,0,0
434,309,2,50,17,7,0,NA,2602,1,5,0,0,0,0,0,0,0,1,0,0,0
461,9950,2,63,23,4,0,NA,2003,0,8,0,0,0,0,0,0,0,0,1,0,0
490,11321,2,36,22,5,1,NA,1360,0,6,0,0,0,1,0,0,0,0,0,0,0
491,8783,2,49,13,3,1,NA,1377,0,1,0,0,0,0,0,1,0,0,0,0,0
547,8118,2,36,22,4,1,NA,1095,0,9,0,0,0,0,0,0,0,0,0,1,0
550,3702,2,35,10,6,1,NA,537,0,9,0,0,0,0,0,0,0,0,0,1,0
669,11525,2,36,18,3,1,NA,1280,0,7,0,0,1,0,0,0,0,0,0,0,0
682,6876,2,61,20,1,0,NA,1939,1,2,0,0,0,0,1,0,0,0,0,0,0
779,660,2,28,23,4,1,NA,2826,0,8,0,0,0,0,0,0,0,0,1,0,0
865,3740,2,21,30,1,1,NA,1324,1,2,0,0,0,0,1,0,0,0,0,0,0
934,11282,2,50,20,5,0,NA,1382,0,7,0,0,1,0,0,0,0,0,0,0,0
940,9399,2,74,16,1,0,NA,1148,1,7,0,0,1,0,0,0,0,0,0,0,0
944,8057,2,30,15,6,1,NA,2174,0,5,0,0,0,0,0,0,0,1,0,0,0
978,10166,2,36,27,3,1,NA,2165,0,7,0,0,1,0,0,0,0,0,0,0,0
1012,536,2,26,20,2,1,NA,1671,0,9,0,0,0,0,0,0,0,0,0,1,0
1018,785,2,80,2,4,0,NA,2041,0,2,0,0,0,0,1,0,0,0,0,0,0
1035,8430,2,80,26,4,0,NA,572,0,10,0,0,0,0,0,0,1,0,0,0,0
1045,7692,2,40,17,6,1,NA,1748,0,3,0,1,0,0,0,0,0,0,0,0,0
1056,3240,2,65,18,4,0,NA,1103,0,6,0,0,0,1,0,0,0,0,0,0,0
1154,5294,2,42,19,7,1,NA,2547,1,2,0,0,0,0,1,0,0,0,0,0,0
1205,11623,2,64,8,3,0,NA,510,0,3,0,1,0,0,0,0,0,0,0,0,0
1206,6361,2,44,16,5,1,NA,3637,0,3,0,1,0,0,0,0,0,0,0,0,0
1207,8455,2,23,23,6,1,NA,1308,0,4,1,0,0,0,0,0,0,0,0,0,0
1299,11232,2,53,26,2,0,NA,2307,0,6,0,0,0,1,0,0,0,0,0,0,0
1333,8437,2,32,22,3,1,NA,834,0,1,0,0,0,0,0,1,0,0,0,0,0
1355,8982,2,60,28,6,0,NA,549,0,2,0,0,0,0,1,0,0,0,0,0,0
1361,2072,2,22,20,2,1,NA,1167,0,9,0,0,0,0,0,0,0,0,0,1,0
1426,744,2,66,22,4,0,NA,1144,0,9,0,0,0,0,0,0,0,0,0,1,0
1446,2464,2,30,8,3,1,NA,1627,0,3,0,1,0,0,0,0,0,0,0,0,0
1468,9610,2,29,15,3,1,NA,1763,0,3,0,1,0,0,0,0,0,0,0,0,0
1470,6766,2,68,20,5,0,NA,1127,0,7,0,0,1,0,0,0,0,0,0,0,0
1506,7783,2,69,8,3,0,NA,1584,0,6,0,0,0,1,0,0,0,0,0,0,0
1523,11207,2,61,18,4,0,NA,734,0,6,0,0,0,1,0,0,0,0,0,0,0
1563,3554,2,34,20,4,1,NA,1914,0,9,0,0,0,0,0,0,0,0,0,1,0
1602,5554,2,52,21,6,0,NA,498,0,10,0,0,0,0,0,0,1,0,0,0,0
1606,8146,2,58,10,5,0,NA,1162,0,6,0,0,0,1,0,0,0,0,0,0,0
1640,2677,2,46,25,1,1,NA,2622,1,7,0,0,1,0,0,0,0,0,0,0,0
1683,5697,2,42,28,2,1,NA,1198,0,11,0,0,0,0,0,0,0,0,0,0,1
1800,183,2,65,27,1,0,NA,1814,1,4,1,0,0,0,0,0,0,0,0,0,0
1893,2166,2,22,18,2,1,NA,994,0,8,0,0,0,0,0,0,0,0,1,0,0
1910,8208,2,45,16,7,1,NA,2304,1,5,0,0,0,0,0,0,0,1,0,0,0
1929,7889,2,46,20,2,1,NA,952,0,9,0,0,0,0,0,0,0,0,0,1,0
1935,4090,2,74,5,6,0,NA,2406,0,6,0,0,0,1,0,0,0,0,0,0,0
1954,8723,2,67,12,1,0,NA,767,1,8,0,0,0,0,0,0,0,0,1,0,0
1962,4323,2,45,17,5,1,NA,958,0,11,0,0,0,0,0,0,0,0,0,0,1
1963,4735,2,44,19,7,1,NA,852,1,11,0,0,0,0,0,0,0,0,0,0,1
1985,7965,2,30,16,5,1,NA,1887,0,3,0,1,0,0,0,0,0,0,0,0,0
2000,2210,2,53,24,5,0,NA,1037,0,8,0,0,0,0,0,0,0,0,1,0,0
2001,9245,2,73,22,5,0,NA,1346,0,6,0,0,0,1,0,0,0,0,0,0,0
2003,8962,2,37,25,3,1,NA,1272,0,10,0,0,0,0,0,0,1,0,0,0,0
2040,2062,2,67,22,7,0,NA,1734,1,7,0,0,1,0,0,0,0,0,0,0,0
2048,9980,2,45,8,3,1,NA,2112,0,3,0,1,0,0,0,0,0,0,0,0,0
2069,4822,2,31,18,4,1,NA,1290,0,6,0,0,0,1,0,0,0,0,0,0,0
2094,9419,2,80,27,3,0,NA,1207,0,6,0,0,0,1,0,0,0,0,0,0,0
2098,5805,2,65,2,4,0,NA,678,0,2,0,0,0,0,1,0,0,0,0,0,0
2146,1466,2,45,27,4,1,NA,1164,0,1,0,0,0,0,0,1,0,0,0,0,0
2156,4403,2,82,6,1,0,NA,2107,1,3,0,1,0,0,0,0,0,0,0,0,0
2193,6681,2,25,16,2,1,NA,1855,0,6,0,0,0,1,0,0,0,0,0,0,0
2266,658,2,60,22,7,0,NA,932,1,7,0,0,1,0,0,0,0,0,0,0,0
2293,1514,2,80,18,6,0,NA,865,0,2,0,0,0,0,1,0,0,0,0,0,0
2295,8570,2,28,20,2,1,NA,2454,0,9,0,0,0,0,0,0,0,0,0,1,0
2299,161,2,34,27,1,1,NA,2115,1,4,1,0,0,0,0,0,0,0,0,0,0
2314,3579,2,65,3,5,0,NA,1197,0,3,0,1,0,0,0,0,0,0,0,0,0
2316,2332,2,19,21,4,1,NA,1072,0,5,0,0,0,0,0,0,0,1,0,0,0
2335,7377,2,66,21,7,0,NA,807,1,8,0,0,0,0,0,0,0,0,1,0,0
2373,9517,2,23,10,6,1,NA,1305,0,9,0,0,0,0,0,0,0,0,0,1,0
2424,9970,2,39,22,1,1,NA,1753,1,8,0,0,0,0,0,0,0,0,1,0,0
2433,11379,2,49,27,3,1,NA,1439,0,6,0,0,0,1,0,0,0,0,0,0,0
2441,2304,2,65,21,3,0,NA,1428,0,9,0,0,0,0,0,0,0,0,0,1,0
2455,7632,2,58,4,5,0,NA,1504,0,6,0,0,0,1,0,0,0,0,0,0,0
2511,4953,2,73,10,3,0,NA,733,0,1,0,0,0,0,0,1,0,0,0,0,0
2526,4789,2,38,21,6,1,NA,1678,0,10,0,0,0,0,0,0,1,0,0,0,0
2541,1270,2,20,14,3,1,NA,1160,0,4,1,0,0,0,0,0,0,0,0,0,0
2628,1303,2,44,17,6,1,NA,2479,0,3,0,1,0,0,0,0,0,0,0,0,0
2646,183,2,45,27,1,1,NA,2030,1,4,1,0,0,0,0,0,0,0,0,0,0
2656,8008,2,45,2,4,1,NA,1970,0,2,0,0,0,0,1,0,0,0,0,0,0
2715,8202,2,39,20,5,1,NA,946,0,7,0,0,1,0,0,0,0,0,0,0,0
2726,9980,2,29,8,3,1,NA,1572,0,3,0,1,0,0,0,0,0,0,0,0,0
2757,1467,2,68,12,1,0,NA,1003,1,8,0,0,0,0,0,0,0,0,1,0,0
2758,2441,2,55,16,6,0,NA,1645,0,5,0,0,0,0,0,0,0,1,0,0,0
2776,5914,2,47,22,2,1,NA,1262,0,11,0,0,0,0,0,0,0,0,0,0,1
2886,3678,2,28,23,4,1,NA,2096,0,7,0,0,1,0,0,0,0,0,0,0,0
2892,236,2,46,18,4,1,NA,1810,0,6,0,0,0,1,0,0,0,0,0,0,0
2909,3726,2,33,17,7,1,NA,1688,1,5,0,0,0,0,0,0,0,1,0,0,0
2942,7807,2,46,12,5,1,NA,1477,0,1,0,0,0,0,0,1,0,0,0,0,0
2956,7599,2,28,22,1,1,NA,1883,1,8,0,0,0,0,0,0,0,0,1,0,0
3023,7776,2,39,19,3,1,NA,1448,0,6,0,0,0,1,0,0,0,0,0,0,0
3039,4950,2,52,20,2,0,NA,810,0,9,0,0,0,0,0,0,0,0,0,1,0
3045,10052,2,23,12,1,1,NA,1498,1,8,0,0,0,0,0,0,0,0,1,0,0
3076,7421,2,58,5,7,0,NA,1886,1,3,0,1,0,0,0,0,0,0,0,0,0
3119,2197,2,50,28,2,0,NA,1281,0,11,0,0,0,0,0,0,0,0,0,0,1
3140,8916,2,40,7,2,1,NA,1914,0,3,0,1,0,0,0,0,0,0,0,0,0
3257,9756,2,45,23,6,1,NA,1671,0,4,1,0,0,0,0,0,0,0,0,0,0
3289,11282,2,19,20,5,1,NA,1010,0,7,0,0,1,0,0,0,0,0,0,0,0
3310,348,2,78,13,4,0,NA,447,0,5,0,0,0,0,0,0,0,1,0,0,0
3314,11434,2,58,28,5,0,NA,1550,0,1,0,0,0,0,0,1,0,0,0,0,0
3353,1937,2,46,5,6,1,NA,2332,0,6,0,0,0,1,0,0,0,0,0,0,0
3395,945,2,62,21,5,0,NA,1645,0,9,0,0,0,0,0,0,0,0,0,1,0
3397,6707,2,60,18,6,0,NA,1268,0,11,0,0,0,0,0,0,0,0,0,0,1
3400,6078,2,40,19,6,1,NA,1530,0,11,0,0,0,0,0,0,0,0,0,0,1
3405,1819,2,47,25,2,1,NA,1735,0,1,0,0,0,0,0,1,0,0,0,0,0
3407,11616,2,30,15,5,1,NA,1486,0,1,0,0,0,0,0,1,0,0,0,0,0
3467,225,2,30,12,4,1,NA,1138,0,10,0,0,0,0,0,0,1,0,0,0,0
3468,5509,2,73,25,1,0,NA,1448,1,7,0,0,1,0,0,0,0,0,0,0,0
3493,8607,2,34,17,3,1,NA,806,0,1,0,0,0,0,0,1,0,0,0,0,0
3548,2908,2,23,28,5,1,NA,1373,0,1,0,0,0,0,0,1,0,0,0,0,0
3556,10559,2,18,25,3,1,NA,925,0,7,0,0,1,0,0,0,0,0,0,0,0
3563,32,2,65,8,3,0,NA,766,0,6,0,0,0,1,0,0,0,0,0,0,0
3601,11056,2,40,16,1,1,NA,1183,1,7,0,0,1,0,0,0,0,0,0,0,0
3661,10825,2,31,22,3,1,NA,947,0,8,0,0,0,0,0,0,0,0,1,0,0
3672,3678,2,22,23,4,1,NA,2096,0,7,0,0,1,0,0,0,0,0,0,0,0
3695,7891,2,35,24,3,1,NA,1452,0,9,0,0,0,0,0,0,0,0,0,1,0
3750,8395,2,46,13,6,1,NA,2073,0,10,0,0,0,0,0,0,1,0,0,0,0
3799,3079,2,59,15,6,0,NA,1708,0,4,1,0,0,0,0,0,0,0,0,0,0
3802,11338,2,60,20,6,0,NA,1166,0,6,0,0,0,1,0,0,0,0,0,0,0
3822,1229,2,47,24,5,1,NA,1066,0,8,0,0,0,0,0,0,0,0,1,0,0
3843,4413,2,35,18,2,1,NA,1129,0,3,0,1,0,0,0,0,0,0,0,0,0
3863,10512,2,35,26,4,1,NA,853,0,7,0,0,1,0,0,0,0,0,0,0,0
3955,6887,2,52,22,3,0,NA,1336,0,1,0,0,0,0,0,1,0,0,0,0,0
3960,4694,2,30,15,5,1,NA,1705,0,1,0,0,0,0,0,1,0,0,0,0,0
3979,9953,2,39,25,3,1,NA,1129,0,7,0,0,1,0,0,0,0,0,0,0,0
3995,6519,2,32,18,2,1,NA,642,0,3,0,1,0,0,0,0,0,0,0,0,0
4009,1819,2,21,25,2,1,NA,1195,0,1,0,0,0,0,0,1,0,0,0,0,0
4024,8622,2,42,9,2,1,NA,618,0,1,0,0,0,0,0,1,0,0,0,0,0
4068,1765,2,62,16,5,0,NA,801,0,4,1,0,0,0,0,0,0,0,0,0,0
4098,4389,2,33,16,7,1,NA,1296,1,5,0,0,0,0,0,0,0,1,0,0,0
4099,4695,2,28,18,7,1,NA,1595,1,2,0,0,0,0,1,0,0,0,0,0,0
4113,4632,2,65,27,3,0,NA,1832,0,7,0,0,1,0,0,0,0,0,0,0,0
4149,2004,2,22,6,1,1,NA,1136,1,3,0,1,0,0,0,0,0,0,0,0,0
4154,79,2,50,21,1,1,NA,913,1,11,0,0,0,0,0,0,0,0,0,0,1
4182,8757,2,61,14,3,0,NA,815,0,4,1,0,0,0,0,0,0,0,0,0,0
4184,5098,2,36,15,5,1,NA,2164,0,1,0,0,0,0,0,1,0,0,0,0,0
4204,3781,2,57,17,2,0,NA,1806,0,10,0,0,0,0,0,0,1,0,0,0,0
4231,9533,2,52,27,3,0,NA,1419,0,7,0,0,1,0,0,0,0,0,0,0,0
4239,6331,2,60,14,5,0,NA,1630,0,5,0,0,0,0,0,0,0,1,0,0,0
4244,8465,2,64,14,3,0,NA,665,0,4,1,0,0,0,0,0,0,0,0,0,0
4251,3266,2,40,25,4,1,NA,1881,0,9,0,0,0,0,0,0,0,0,0,1,0
4256,10070,2,60,25,2,0,NA,910,0,1,0,0,0,0,0,1,0,0,0,0,0
4269,5419,2,35,29,1,1,NA,1617,1,8,0,0,0,0,0,0,0,0,1,0,0
4303,7776,2,70,19,3,0,NA,1407,0,6,0,0,0,1,0,0,0,0,0,0,0
4308,9864,2,18,27,3,1,NA,1429,0,6,0,0,0,1,0,0,0,0,0,0,0
4418,821,2,61,16,6,0,NA,1203,0,5,0,0,0,0,0,0,0,1,0,0,0
4442,8018,2,46,18,7,1,NA,1020,1,8,0,0,0,0,0,0,0,0,1,0,0
4458,7616,2,57,16,5,0,NA,1489,0,3,0,1,0,0,0,0,0,0,0,0,0
4467,247,2,46,22,4,1,NA,1771,0,9,0,0,0,0,0,0,0,0,0,1,0
4476,2618,2,18,11,5,1,NA,441,0,10,0,0,0,0,0,0,1,0,0,0,0
4481,1794,2,56,23,4,0,NA,2172,0,8,0,0,0,0,0,0,0,0,1,0,0
4514,703,2,19,13,3,1,NA,2316,0,1,0,0,0,0,0,1,0,0,0,0,0
4608,9134,2,25,30,1,1,NA,1802,1,2,0,0,0,0,1,0,0,0,0,0,0
4654,6611,2,50,19,7,0,NA,1565,1,2,0,0,0,0,1,0,0,0,0,0,0
4658,4707,2,75,20,1,0,NA,724,1,11,0,0,0,0,0,0,0,0,0,0,1
4673,1556,2,39,21,6,1,NA,1453,0,10,0,0,0,0,0,0,1,0,0,0,0
4725,8099,2,31,28,7,1,NA,884,1,10,0,0,0,0,0,0,1,0,0,0,0
4746,2004,2,58,6,1,0,NA,1575,1,3,0,1,0,0,0,0,0,0,0,0,0
4787,2308,2,55,13,4,0,NA,741,0,1,0,0,0,0,0,1,0,0,0,0,0
4803,4791,2,42,16,6,1,NA,1140,0,5,0,0,0,0,0,0,0,1,0,0,0
4819,9662,2,26,19,1,1,NA,1604,1,2,0,0,0,0,1,0,0,0,0,0,0
4825,6847,2,26,14,3,1,NA,734,0,4,1,0,0,0,0,0,0,0,0,0,0
4854,7893,2,55,8,3,0,NA,1328,0,10,0,0,0,0,0,0,1,0,0,0,0
4879,11616,2,69,15,5,0,NA,1295,0,1,0,0,0,0,0,1,0,0,0,0,0
4881,2493,2,30,10,5,1,NA,697,0,6,0,0,0,1,0,0,0,0,0,0,0
4883,9364,2,54,13,3,0,NA,2209,0,1,0,0,0,0,0,1,0,0,0,0,0
4941,2499,2,65,19,7,0,NA,1846,1,11,0,0,0,0,0,0,0,0,0,0,1
4968,8765,2,25,24,4,1,NA,930,0,11,0,0,0,0,0,0,0,0,0,0,1
4988,105,2,37,20,5,1,NA,1346,0,7,0,0,1,0,0,0,0,0,0,0,0
5044,1224,2,23,17,7,1,NA,1783,1,5,0,0,0,0,0,0,0,1,0,0,0
5053,2884,2,25,14,3,1,NA,629,0,4,1,0,0,0,0,0,0,0,0,0,0
5072,10278,2,28,11,5,1,NA,597,0,10,0,0,0,0,0,0,1,0,0,0,0
5109,9587,2,73,18,3,0,NA,1613,0,10,0,0,0,0,0,0,1,0,0,0,0
5116,3336,2,70,15,5,0,NA,815,0,1,0,0,0,0,0,1,0,0,0,0,0
5155,1125,2,55,25,2,0,NA,693,0,1,0,0,0,0,0,1,0,0,0,0,0
5157,4501,2,41,26,7,1,NA,2014,1,4,1,0,0,0,0,0,0,0,0,0,0
5181,1984,2,36,11,2,1,NA,1180,0,1,0,0,0,0,0,1,0,0,0,0,0
5201,4916,2,78,5,7,0,NA,1893,1,3,0,1,0,0,0,0,0,0,0,0,0
5207,7239,2,88,18,4,0,NA,911,0,1,0,0,0,0,0,1,0,0,0,0,0
5327,658,2,36,22,7,1,NA,1275,1,7,0,0,1,0,0,0,0,0,0,0,0
5343,10255,2,42,18,2,1,NA,2096,0,8,0,0,0,0,0,0,0,0,1,0,0
5422,1361,2,29,20,4,1,NA,2596,0,9,0,0,0,0,0,0,0,0,0,1,0
5428,2709,2,71,18,7,0,NA,1080,1,9,0,0,0,0,0,0,0,0,0,1,0
5450,11321,2,50,22,5,0,NA,1367,0,6,0,0,0,1,0,0,0,0,0,0,0
5480,1217,2,50,26,3,1,NA,1501,0,1,0,0,0,0,0,1,0,0,0,0,0
5481,2964,2,30,15,3,1,NA,696,0,11,0,0,0,0,0,0,0,0,0,0,1
5486,6754,2,60,11,5,0,NA,843,0,10,0,0,0,0,0,0,1,0,0,0,0
5499,2993,2,29,21,4,1,NA,552,0,5,0,0,0,0,0,0,0,1,0,0,0
5560,1210,2,38,11,4,1,NA,1074,0,1,0,0,0,0,0,1,0,0,0,0,0
5562,11282,2,26,20,5,1,NA,1099,0,7,0,0,1,0,0,0,0,0,0,0,0
5611,5803,2,32,22,3,1,NA,985,0,7,0,0,1,0,0,0,0,0,0,0,0
5650,1703,2,70,23,4,0,NA,1011,0,8,0,0,0,0,0,0,0,0,1,0,0
5669,3396,2,60,15,6,0,NA,1559,0,4,1,0,0,0,0,0,0,0,0,0,0
5680,6971,2,49,19,6,1,NA,918,0,11,0,0,0,0,0,0,0,0,0,0,1
5696,8963,2,22,16,4,1,NA,1095,0,11,0,0,0,0,0,0,0,0,0,0,1
5704,2650,2,52,20,2,0,NA,993,0,9,0,0,0,0,0,0,0,0,0,1,0
5716,10880,2,78,19,7,0,NA,1010,1,11,0,0,0,0,0,0,0,0,0,0,1
5733,6347,2,27,23,4,1,NA,2003,0,8,0,0,0,0,0,0,0,0,1,0,0
5740,7238,2,30,22,5,1,NA,1463,0,6,0,0,0,1,0,0,0,0,0,0,0
5799,7431,2,49,15,6,1,NA,1680,0,5,0,0,0,0,0,0,0,1,0,0,0
5808,2359,2,32,15,6,1,NA,1084,0,5,0,0,0,0,0,0,0,1,0,0,0
5823,5837,2,29,19,7,1,NA,1379,1,11,0,0,0,0,0,0,0,0,0,0,1
5881,9563,2,58,8,3,0,NA,1344,0,10,0,0,0,0,0,0,1,0,0,0,0
5894,4695,2,56,18,7,0,NA,588,1,2,0,0,0,0,1,0,0,0,0,0,0
5952,7879,2,47,21,1,1,NA,705,1,11,0,0,0,0,0,0,0,0,0,0,1
5993,5223,2,18,14,5,1,NA,1564,0,5,0,0,0,0,0,0,0,1,0,0,0
6056,5632,2,50,18,2,0,NA,2462,0,4,1,0,0,0,0,0,0,0,0,0,0
6068,1871,2,53,15,4,0,NA,881,0,8,0,0,0,0,0,0,0,0,1,0,0
6108,79,2,22,21,1,1,NA,620,1,11,0,0,0,0,0,0,0,0,0,0,1
6127,2972,2,35,19,4,1,NA,1025,0,10,0,0,0,0,0,0,1,0,0,0,0
6179,7717,2,18,10,5,1,NA,1000,0,6,0,0,0,1,0,0,0,0,0,0,0
6190,4397,2,46,16,5,1,NA,1208,0,4,1,0,0,0,0,0,0,0,0,0,0
6205,536,2,65,20,2,0,NA,911,0,9,0,0,0,0,0,0,0,0,0,1,0
6207,4274,2,44,25,4,1,NA,2217,0,9,0,0,0,0,0,0,0,0,0,1,0
6288,5982,2,36,17,5,1,NA,1926,0,3,0,1,0,0,0,0,0,0,0,0,0
6307,457,2,29,24,5,1,NA,1862,0,4,1,0,0,0,0,0,0,0,0,0,0
6308,2563,2,50,30,1,0,NA,1172,1,2,0,0,0,0,1,0,0,0,0,0,0
6322,7962,2,48,3,5,1,NA,1307,0,3,0,1,0,0,0,0,0,0,0,0,0
6401,11898,2,26,30,1,1,NA,1408,1,2,0,0,0,0,1,0,0,0,0,0,0
6429,2001,2,75,27,3,0,NA,446,0,6,0,0,0,1,0,0,0,0,0,0,0
6446,5883,2,58,22,5,0,NA,1493,0,6,0,0,0,1,0,0,0,0,0,0,0
6485,3355,2,71,24,5,0,NA,1802,0,7,0,0,1,0,0,0,0,0,0,0,0
6492,6658,2,32,13,4,1,NA,1771,0,1,0,0,0,0,0,1,0,0,0,0,0
6531,8684,2,23,16,7,1,NA,1746,1,5,0,0,0,0,0,0,0,1,0,0,0
6560,8546,2,37,27,3,1,NA,1423,0,7,0,0,1,0,0,0,0,0,0,0,0
6565,1704,2,52,11,2,0,NA,756,0,1,0,0,0,0,0,1,0,0,0,0,0
6590,9768,2,31,25,6,1,NA,2448,0,4,1,0,0,0,0,0,0,0,0,0,0
6633,1125,2,25,25,2,1,NA,609,0,1,0,0,0,0,0,1,0,0,0,0,0
6687,1231,2,77,17,3,0,NA,578,0,6,0,0,0,1,0,0,0,0,0,0,0
6702,3168,2,40,7,2,1,NA,1386,0,3,0,1,0,0,0,0,0,0,0,0,0
6705,11663,2,29,10,3,1,NA,1140,0,1,0,0,0,0,0,1,0,0,0,0,0
6707,11844,2,36,19,7,1,NA,1582,1,11,0,0,0,0,0,0,0,0,0,0,1
6714,9300,2,60,15,6,0,NA,1712,0,5,0,0,0,0,0,0,0,1,0,0,0
6733,8633,2,40,20,3,1,NA,1184,0,5,0,0,0,0,0,0,0,1,0,0,0
6756,2072,2,26,20,2,1,NA,1466,0,9,0,0,0,0,0,0,0,0,0,1,0
6797,7116,2,29,22,7,1,NA,1220,1,7,0,0,1,0,0,0,0,0,0,0,0
6806,6139,2,57,22,5,0,NA,879,0,6,0,0,0,1,0,0,0,0,0,0,0
6829,7889,2,21,20,2,1,NA,714,0,9,0,0,0,0,0,0,0,0,0,1,0
6890,10592,2,33,26,7,1,NA,1305,1,4,1,0,0,0,0,0,0,0,0,0,0
6891,10686,2,40,18,7,1,NA,2064,1,9,0,0,0,0,0,0,0,0,0,1,0
6931,9920,2,55,14,5,0,NA,2173,0,4,1,0,0,0,0,0,0,0,0,0,0
6953,9221,2,49,25,6,1,NA,875,0,4,1,0,0,0,0,0,0,0,0,0,0
6957,1564,2,49,24,7,1,NA,2665,1,4,1,0,0,0,0,0,0,0,0,0,0
6959,5655,2,42,18,2,1,NA,646,0,3,0,1,0,0,0,0,0,0,0,0,0
7028,4928,2,55,17,1,0,NA,1498,1,4,1,0,0,0,0,0,0,0,0,0,0
7032,5163,2,47,28,7,1,NA,1324,1,10,0,0,0,0,0,0,1,0,0,0,0
7075,3266,2,34,25,4,1,NA,1738,0,9,0,0,0,0,0,0,0,0,0,1,0
7136,9660,2,21,20,1,1,NA,931,1,11,0,0,0,0,0,0,0,0,0,0,1
7172,2388,2,31,20,3,1,NA,1454,0,5,0,0,0,0,0,0,0,1,0,0,0
7182,936,2,65,23,3,0,NA,545,0,11,0,0,0,0,0,0,0,0,0,0,1
7216,5288,2,41,10,5,1,NA,1440,0,6,0,0,0,1,0,0,0,0,0,0,0
7224,9226,2,70,26,3,0,NA,1033,0,1,0,0,0,0,0,1,0,0,0,0,0
7229,7893,2,26,8,3,1,NA,1326,0,10,0,0,0,0,0,0,1,0,0,0,0
7282,7285,2,27,13,4,1,NA,1688,0,5,0,0,0,0,0,0,0,1,0,0,0
7328,11312,2,50,22,5,0,NA,1731,0,6,0,0,0,1,0,0,0,0,0,0,0
7376,1466,2,70,27,4,0,NA,1091,0,1,0,0,0,0,0,1,0,0,0,0,0
7406,186,2,53,10,5,0,NA,1042,0,10,0,0,0,0,0,0,1,0,0,0,0
7410,6942,2,18,14,5,1,NA,1901,0,5,0,0,0,0,0,0,0,1,0,0,0
7415,3696,2,40,27,3,1,NA,2017,0,7,0,0,1,0,0,0,0,0,0,0,0
7419,9864,2,40,27,3,1,NA,1817,0,6,0,0,0,1,0,0,0,0,0,0,0
7457,2354,2,57,5,7,0,NA,1435,1,3,0,1,0,0,0,0,0,0,0,0,0
7478,8962,2,67,25,3,0,NA,265,0,10,0,0,0,0,0,0,1,0,0,0,0
7524,2631,2,19,20,1,1,NA,1259,1,11,0,0,0,0,0,0,0,0,0,0,1
7527,7320,2,45,24,7,1,NA,2224,1,7,0,0,1,0,0,0,0,0,0,0,0
7646,813,2,38,19,6,1,NA,755,0,11,0,0,0,0,0,0,0,0,0,0,1
7657,11417,2,58,17,3,0,NA,799,0,1,0,0,0,0,0,1,0,0,0,0,0
7677,7285,2,53,13,4,0,NA,3400,0,5,0,0,0,0,0,0,0,1,0,0,0
7687,556,2,42,21,5,1,NA,1182,0,1,0,0,0,0,0,1,0,0,0,0,0
7759,8688,2,60,21,4,0,NA,1188,0,5,0,0,0,0,0,0,0,1,0,0,0
7773,2332,2,50,21,4,0,NA,1748,0,5,0,0,0,0,0,0,0,1,0,0,0
7826,2720,2,42,19,7,1,NA,612,1,11,0,0,0,0,0,0,0,0,0,0,1
7830,3703,2,32,20,2,1,NA,1204,0,2,0,0,0,0,1,0,0,0,0,0,0
7869,2483,2,39,28,5,1,NA,1644,0,1,0,0,0,0,0,1,0,0,0,0,0
7894,7251,2,80,14,5,0,NA,2087,0,4,1,0,0,0,0,0,0,0,0,0,0
7937,6200,2,60,25,6,0,NA,1219,0,4,1,0,0,0,0,0,0,0,0,0,0
7939,3557,2,36,16,1,1,NA,1733,1,7,0,0,1,0,0,0,0,0,0,0,0
7964,3123,2,83,27,4,0,NA,1234,0,1,0,0,0,0,0,1,0,0,0,0,0
7971,5589,2,42,15,3,1,NA,1353,0,11,0,0,0,0,0,0,0,0,0,0,1
7995,9329,2,38,8,2,1,NA,687,0,10,0,0,0,0,0,0,1,0,0,0,0
8003,10238,2,39,20,1,1,NA,1849,1,2,0,0,0,0,1,0,0,0,0,0,0
8008,5244,2,39,15,4,1,NA,1183,0,8,0,0,0,0,0,0,0,0,1,0,0
8018,4242,2,37,21,1,1,NA,1545,1,11,0,0,0,0,0,0,0,0,0,0,1
8089,2797,2,24,29,1,1,NA,1350,1,8,0,0,0,0,0,0,0,0,1,0,0
8098,8460,2,36,22,5,1,NA,2449,0,6,0,0,0,1,0,0,0,0,0,0,0
8143,3780,2,25,12,4,1,NA,1502,0,10,0,0,0,0,0,0,1,0,0,0,0
8169,2017,2,36,15,3,1,NA,1979,0,3,0,1,0,0,0,0,0,0,0,0,0
8203,2143,2,47,25,1,1,NA,1821,1,7,0,0,1,0,0,0,0,0,0,0,0
8211,3087,2,69,20,2,0,NA,2245,0,9,0,0,0,0,0,0,0,0,0,1,0
8237,10965,2,34,18,4,1,NA,1227,0,1,0,0,0,0,0,1,0,0,0,0,0
8292,5325,2,65,14,6,0,NA,1029,0,10,0,0,0,0,0,0,1,0,0,0,0
8374,8690,2,32,22,1,1,NA,822,1,8,0,0,0,0,0,0,0,0,1,0,0
8377,3273,2,61,28,2,0,NA,1263,0,11,0,0,0,0,0,0,0,0,0,0,1
8382,11001,2,56,19,7,0,NA,1180,1,11,0,0,0,0,0,0,0,0,0,0,1
8385,9253,2,41,11,5,1,NA,1036,0,10,0,0,0,0,0,0,1,0,0,0,0
8386,5640,2,22,19,3,1,NA,652,0,6,0,0,0,1,0,0,0,0,0,0,0
8403,8095,2,72,21,6,0,NA,1151,0,10,0,0,0,0,0,0,1,0,0,0,0
8409,160,2,40,19,5,1,NA,1102,0,6,0,0,0,1,0,0,0,0,0,0,0
8413,2436,2,39,24,7,1,NA,1454,1,7,0,0,1,0,0,0,0,0,0,0,0
8447,2024,2,26,12,3,1,NA,935,0,1,0,0,0,0,0,1,0,0,0,0,0
8463,2319,2,24,5,6,1,NA,1357,0,6,0,0,0,1,0,0,0,0,0,0,0
8466,9977,2,18,16,1,1,NA,1428,1,7,0,0,1,0,0,0,0,0,0,0,0
8535,1018,2,63,21,6,0,NA,1385,0,10,0,0,0,0,0,0,1,0,0,0,0
8555,656,2,27,27,1,1,NA,2346,1,4,1,0,0,0,0,0,0,0,0,0,0
8566,5671,2,48,19,7,1,NA,1444,1,11,0,0,0,0,0,0,0,0,0,0,1
8599,10280,2,29,2,4,1,NA,2925,0,2,0,0,0,0,1,0,0,0,0,0,0
8606,4618,2,36,10,5,1,NA,2223,0,6,0,0,0,1,0,0,0,0,0,0,0
8611,8612,2,28,11,5,1,NA,680,0,10,0,0,0,0,0,0,1,0,0,0,0
8678,2148,2,32,20,2,1,NA,1474,0,9,0,0,0,0,0,0,0,0,0,1,0
8680,2709,2,24,18,7,1,NA,2373,1,9,0,0,0,0,0,0,0,0,0,1,0
8718,11821,2,70,14,5,0,NA,2246,0,5,0,0,0,0,0,0,0,1,0,0,0
8730,9933,2,66,19,6,0,NA,766,0,11,0,0,0,0,0,0,0,0,0,0,1
8737,5512,2,29,17,7,1,NA,1404,1,5,0,0,0,0,0,0,0,1,0,0,0
8772,8684,2,48,16,7,1,NA,1988,1,5,0,0,0,0,0,0,0,1,0,0,0
8825,2001,2,35,27,3,1,NA,1096,0,6,0,0,0,1,0,0,0,0,0,0,0
8836,4988,2,60,23,4,0,NA,877,0,8,0,0,0,0,0,0,0,0,1,0,0
8899,4418,2,36,18,6,1,NA,1485,0,11,0,0,0,0,0,0,0,0,0,0,1
8915,4608,2,44,10,3,1,NA,924,0,1,0,0,0,0,0,1,0,0,0,0,0
8966,2056,2,65,15,6,0,NA,1425,0,5,0,0,0,0,0,0,0,1,0,0,0
8977,2386,2,42,19,5,1,NA,1274,0,6,0,0,0,1,0,0,0,0,0,0,0
8999,945,2,26,21,5,1,NA,2011,0,9,0,0,0,0,0,0,0,0,0,1,0
9021,3084,2,25,7,2,1,NA,1801,0,3,0,1,0,0,0,0,0,0,0,0,0
9025,4916,2,33,5,7,1,NA,2168,1,3,0,1,0,0,0,0,0,0,0,0,0
9038,6539,2,35,27,1,1,NA,2650,1,4,1,0,0,0,0,0,0,0,0,0,0
9055,7568,2,30,25,4,1,NA,1718,0,9,0,0,0,0,0,0,0,0,0,1,0
9064,8184,2,45,16,5,1,NA,1500,0,8,0,0,0,0,0,0,0,0,1,0,0
9074,5656,2,27,17,2,1,NA,2999,0,10,0,0,0,0,0,0,1,0,0,0,0
9163,2781,2,34,15,5,1,NA,830,0,1,0,0,0,0,0,1,0,0,0,0,0
9191,6200,2,39,25,6,1,NA,1592,0,4,1,0,0,0,0,0,0,0,0,0,0
9196,11300,2,21,22,1,1,NA,1599,1,8,0,0,0,0,0,0,0,0,1,0,0
9211,11766,2,42,27,3,1,NA,1013,0,6,0,0,0,1,0,0,0,0,0,0,0
9227,10743,2,29,14,5,1,NA,2321,0,5,0,0,0,0,0,0,0,1,0,0,0
9234,10431,2,30,18,7,1,NA,1356,1,9,0,0,0,0,0,0,0,0,0,1,0
9242,6001,2,34,19,1,1,NA,1595,1,2,0,0,0,0,1,0,0,0,0,0,0
9256,2405,2,27,14,6,1,NA,869,0,10,0,0,0,0,0,0,1,0,0,0,0
9257,8952,2,39,22,3,1,NA,2126,0,8,0,0,0,0,0,0,0,0,1,0,0
9275,8588,2,78,17,3,0,NA,1218,0,1,0,0,0,0,0,1,0,0,0,0,0
9283,3830,2,59,16,5,0,NA,1416,0,8,0,0,0,0,0,0,0,0,1,0,0
9285,3170,2,30,22,5,1,NA,1468,0,6,0,0,0,1,0,0,0,0,0,0,0
9327,2226,2,30,14,5,1,NA,1560,0,5,0,0,0,0,0,0,0,1,0,0,0
9337,982,2,32,17,3,1,NA,1936,0,6,0,0,0,1,0,0,0,0,0,0,0
9350,1663,2,32,13,4,1,NA,2033,0,5,0,0,0,0,0,0,0,1,0,0,0
9355,2263,2,53,23,6,0,NA,860,0,6,0,0,0,1,0,0,0,0,0,0,0
9358,7349,2,18,28,7,1,NA,989,1,10,0,0,0,0,0,0,1,0,0,0,0
9374,10208,2,64,17,5,0,NA,2091,0,3,0,1,0,0,0,0,0,0,0,0,0
9385,3941,2,54,22,3,0,NA,1959,0,7,0,0,1,0,0,0,0,0,0,0,0
9387,6508,2,55,23,4,0,NA,786,0,7,0,0,1,0,0,0,0,0,0,0,0
9417,7520,2,60,25,4,0,NA,1059,0,9,0,0,0,0,0,0,0,0,0,1,0
9429,8363,2,54,18,3,0,NA,1504,0,7,0,0,1,0,0,0,0,0,0,0,0
9433,3730,2,54,20,4,0,NA,1448,0,1,0,0,0,0,0,1,0,0,0,0,0
9480,7969,2,30,18,7,1,NA,1642,1,8,0,0,0,0,0,0,0,0,1,0,0
9501,1069,2,69,19,7,0,NA,1230,1,11,0,0,0,0,0,0,0,0,0,0,1
9535,10646,2,70,8,3,0,NA,1650,0,6,0,0,0,1,0,0,0,0,0,0,0
9556,8541,2,23,15,3,1,NA,1252,0,11,0,0,0,0,0,0,0,0,0,0,1
9584,5766,2,57,13,3,0,NA,2751,0,1,0,0,0,0,0,1,0,0,0,0,0
9587,1815,2,38,25,3,1,NA,1024,0,7,0,0,1,0,0,0,0,0,0,0,0
9598,3808,2,53,20,2,0,NA,752,0,9,0,0,0,0,0,0,0,0,0,1,0
9673,540,2,48,24,7,1,NA,1466,1,7,0,0,1,0,0,0,0,0,0,0,0
9690,3138,2,58,3,5,0,NA,1820,0,3,0,1,0,0,0,0,0,0,0,0,0
9732,423,2,37,16,1,1,NA,1135,1,7,0,0,1,0,0,0,0,0,0,0,0
9759,236,2,24,18,4,1,NA,1808,0,6,0,0,0,1,0,0,0,0,0,0,0
9761,7060,2,40,14,5,1,NA,2502,0,5,0,0,0,0,0,0,0,1,0,0,0
9765,2865,2,38,21,4,1,NA,897,0,5,0,0,0,0,0,0,0,1,0,0,0
9795,9035,2,51,15,5,0,NA,1272,0,1,0,0,0,0,0,1,0,0,0,0,0
9839,9871,2,48,12,3,1,NA,861,0,1,0,0,0,0,0,1,0,0,0,0,0
9848,3555,2,47,3,5,1,NA,1002,0,3,0,1,0,0,0,0,0,0,0,0,0
9878,5244,2,57,15,4,0,NA,1732,0,8,0,0,0,0,0,0,0,0,1,0,0
9920,2036,2,40,26,4,1,NA,1343,0,7,0,0,1,0,0,0,0,0,0,0,0
9931,2425,2,30,20,2,1,NA,2092,0,9,0,0,0,0,0,0,0,0,0,1,0
9939,3832,2,76,2,4,0,NA,1763,0,2,0,0,0,0,1,0,0,0,0,0,0
9953,6855,2,35,10,5,1,NA,1815,0,6,0,0,0,1,0,0,0,0,0,0,0
9957,9908,2,26,22,7,1,NA,1632,1,7,0,0,1,0,0,0,0,0,0,0,0
9991,8541,2,19,15,3,1,NA,1023,0,11,0,0,0,0,0,0,0,0,0,0,1
10014,7901,2,57,11,4,0,NA,877,0,1,0,0,0,0,0,1,0,0,0,0,0
10057,5210,2,30,28,6,1,NA,1385,0,2,0,0,0,0,1,0,0,0,0,0,0
10071,4277,2,32,20,2,1,NA,838,0,2,0,0,0,0,1,0,0,0,0,0,0
10114,8473,2,62,20,4,0,NA,673,0,1,0,0,0,0,0,1,0,0,0,0,0
10115,5733,2,62,20,1,0,NA,1827,1,11,0,0,0,0,0,0,0,0,0,0,1
10120,8179,2,31,13,6,1,NA,1509,0,10,0,0,0,0,0,0,1,0,0,0,0
10159,3040,2,68,24,5,0,NA,1373,0,4,1,0,0,0,0,0,0,0,0,0,0
10166,9445,2,56,25,6,0,NA,664,0,4,1,0,0,0,0,0,0,0,0,0,0
10191,7869,2,75,20,2,0,NA,1558,0,9,0,0,0,0,0,0,0,0,0,1,0
10300,381,2,55,11,4,0,NA,1482,0,10,0,0,0,0,0,0,1,0,0,0,0
10355,11218,2,63,9,2,0,NA,498,0,1,0,0,0,0,0,1,0,0,0,0,0
10368,1361,2,83,20,4,0,NA,2220,0,9,0,0,0,0,0,0,0,0,0,1,0
10431,10665,2,42,18,4,1,NA,1023,0,1,0,0,0,0,0,1,0,0,0,0,0
10472,9763,2,52,16,5,0,NA,844,0,4,1,0,0,0,0,0,0,0,0,0,0
10482,9353,2,38,27,6,1,NA,1005,0,10,0,0,0,0,0,0,1,0,0,0,0
10491,1313,2,20,20,1,1,NA,1603,1,11,0,0,0,0,0,0,0,0,0,0,1
10502,9197,2,38,26,4,1,NA,993,0,10,0,0,0,0,0,0,1,0,0,0,0
10518,10057,2,52,15,6,0,NA,1986,0,4,1,0,0,0,0,0,0,0,0,0,0
10544,7161,2,44,19,4,1,NA,1597,0,10,0,0,0,0,0,0,1,0,0,0,0
10553,8036,2,21,6,1,1,NA,1591,1,3,0,1,0,0,0,0,0,0,0,0,0
10635,3091,2,67,12,3,0,NA,927,0,1,0,0,0,0,0,1,0,0,0,0,0
10655,2245,2,70,27,3,0,NA,826,0,6,0,0,0,1,0,0,0,0,0,0,0
10678,1001,2,45,22,5,1,NA,1282,0,6,0,0,0,1,0,0,0,0,0,0,0
10718,8588,2,44,17,3,1,NA,1458,0,1,0,0,0,0,0,1,0,0,0,0,0
10737,1467,2,37,12,1,1,NA,1029,1,8,0,0,0,0,0,0,0,0,1,0,0
10800,622,2,63,18,7,0,NA,937,1,8,0,0,0,0,0,0,0,0,1,0,0
10848,11839,2,67,19,7,0,NA,830,1,11,0,0,0,0,0,0,0,0,0,0,1
10852,9046,2,47,18,7,1,NA,983,1,9,0,0,0,0,0,0,0,0,0,1,0
10854,660,2,58,23,4,0,NA,2243,0,8,0,0,0,0,0,0,0,0,1,0,0
10857,2664,2,60,24,5,0,NA,1335,0,4,1,0,0,0,0,0,0,0,0,0,0
10876,7165,2,66,17,5,0,NA,778,0,11,0,0,0,0,0,0,0,0,0,0,1
10934,8036,2,42,6,1,1,NA,2082,1,3,0,1,0,0,0,0,0,0,0,0,0
10954,9088,2,27,8,3,1,NA,1671,0,6,0,0,0,1,0,0,0,0,0,0,0
10960,5123,2,42,22,3,1,NA,1124,0,8,0,0,0,0,0,0,0,0,1,0,0
10973,280,2,37,15,3,1,NA,2602,0,3,0,1,0,0,0,0,0,0,0,0,0
10976,7636,2,73,18,3,0,NA,1442,0,7,0,0,1,0,0,0,0,0,0,0,0
10977,4298,2,67,22,5,0,NA,1593,0,6,0,0,0,1,0,0,0,0,0,0,0
10990,536,2,41,20,2,1,NA,796,0,9,0,0,0,0,0,0,0,0,0,1,0
11006,11589,2,38,25,3,1,NA,1539,0,10,0,0,0,0,0,0,1,0,0,0,0
11016,2768,2,42,20,3,1,NA,2058,0,5,0,0,0,0,0,0,0,1,0,0,0
11036,8096,2,47,28,2,1,NA,1206,0,11,0,0,0,0,0,0,0,0,0,0,1
11040,8905,2,28,26,7,1,NA,2126,1,4,1,0,0,0,0,0,0,0,0,0,0
11064,6056,2,64,9,2,0,NA,960,0,1,0,0,0,0,0,1,0,0,0,0,0
11118,661,2,60,10,3,0,NA,863,0,1,0,0,0,0,0,1,0,0,0,0,0
11134,3696,2,76,27,3,0,NA,1670,0,7,0,0,1,0,0,0,0,0,0,0,0
11192,2870,2,32,14,6,1,NA,1851,0,10,0,0,0,0,0,0,1,0,0,0,0
11213,1313,2,65,20,1,0,NA,1349,1,11,0,0,0,0,0,0,0,0,0,0,1
11218,10217,2,57,20,1,0,NA,1538,1,2,0,0,0,0,1,0,0,0,0,0,0
11219,3462,2,59,11,4,0,NA,1081,0,1,0,0,0,0,0,1,0,0,0,0,0
11221,1306,2,33,16,6,1,NA,1302,0,5,0,0,0,0,0,0,0,1,0,0,0
11260,8707,2,47,17,3,1,NA,682,0,1,0,0,0,0,0,1,0,0,0,0,0
11314,3555,2,19,3,5,1,NA,1327,0,3,0,1,0,0,0,0,0,0,0,0,0
11341,8501,2,28,23,3,1,NA,1037,0,11,0,0,0,0,0,0,0,0,0,0,1
11382,4342,2,25,16,4,1,NA,958,0,3,0,1,0,0,0,0,0,0,0,0,0
11395,10508,2,50,21,3,0,NA,2441,0,9,0,0,0,0,0,0,0,0,0,1,0
11456,11856,2,60,19,2,0,NA,1237,0,5,0,0,0,0,0,0,0,1,0,0,0
11459,3768,2,40,19,4,1,NA,1685,0,10,0,0,0,0,0,0,1,0,0,0,0
11461,6589,2,55,16,4,0,NA,1111,0,3,0,1,0,0,0,0,0,0,0,0,0
11494,1090,2,53,24,7,0,NA,1980,1,4,1,0,0,0,0,0,0,0,0,0,0
11534,8588,2,20,17,3,1,NA,967,0,1,0,0,0,0,0,1,0,0,0,0,0
11542,832,2,65,20,4,0,NA,1126,0,9,0,0,0,0,0,0,0,0,0,1,0
11548,2425,2,25,20,2,1,NA,2092,0,9,0,0,0,0,0,0,0,0,0,1,0
11556,7719,2,74,15,6,0,NA,1086,0,1,0,0,0,0,0,1,0,0,0,0,0
11586,9952,2,55,9,4,0,NA,537,0,6,0,0,0,1,0,0,0,0,0,0,0
11632,8392,2,33,14,5,1,NA,1433,0,1,0,0,0,0,0,1,0,0,0,0,0
11710,7586,2,53,19,1,0,NA,1803,1,9,0,0,0,0,0,0,0,0,0,1,0
11751,5553,2,28,25,6,1,NA,2050,0,4,1,0,0,0,0,0,0,0,0,0,0
11844,8244,2,35,16,7,1,NA,1477,1,4,1,0,0,0,0,0,0,0,0,0,0
11905,2643,2,70,17,5,0,NA,2189,0,3,0,1,0,0,0,0,0,0,0,0,0
11918,7256,2,58,5,6,0,NA,1391,0,6,0,0,0,1,0,0,0,0,0,0,0
11958,990,2,52,24,7,0,NA,1996,1,7,0,0,1,0,0,0,0,0,0,0,0
12008,741,2,40,26,4,1,NA,1351,0,10,0,0,0,0,0,0,1,0,0,0,0
12054,2660,2,30,8,3,1,NA,2548,0,3,0,1,0,0,0,0,0,0,0,0,0
12065,10931,2,60,25,1,0,NA,1810,1,7,0,0,1,0,0,0,0,0,0,0,0
12091,414,2,45,25,1,1,NA,1732,1,7,0,0,1,0,0,0,0,0,0,0,0
12118,9538,2,52,10,5,0,NA,1492,0,10,0,0,0,0,0,0,1,0,0,0,0
12127,3394,2,35,12,1,1,NA,551,1,8,0,0,0,0,0,0,0,0,1,0,0
12135,11353,2,36,11,4,1,NA,1971,0,1,0,0,0,0,0,1,0,0,0,0,0
12144,6166,2,55,16,5,0,NA,1484,0,8,0,0,0,0,0,0,0,0,1,0,0
12162,1599,2,37,11,6,1,NA,1498,0,10,0,0,0,0,0,0,1,0,0,0,0
12231,7533,2,35,21,3,1,NA,1480,0,9,0,0,0,0,0,0,0,0,0,1,0
12282,9059,2,60,15,6,0,NA,2214,0,5,0,0,0,0,0,0,0,1,0,0,0
12283,4533,2,32,20,5,1,NA,1587,0,7,0,0,1,0,0,0,0,0,0,0,0
12290,6967,2,30,19,1,1,NA,1939,1,9,0,0,0,0,0,0,0,0,0,1,0
12306,4560,2,51,20,2,0,NA,1736,0,2,0,0,0,0,1,0,0,0,0,0,0
12311,3170,2,80,22,5,0,NA,1055,0,6,0,0,0,1,0,0,0,0,0,0,0
12338,183,2,22,27,1,1,NA,1947,1,4,1,0,0,0,0,0,0,0,0,0,0
12341,6120,2,42,18,2,1,NA,1083,0,3,0,1,0,0,0,0,0,0,0,0,0
12399,798,2,32,19,3,1,NA,1275,0,6,0,0,0,1,0,0,0,0,0,0,0
12445,5298,2,29,23,6,1,NA,732,0,4,1,0,0,0,0,0,0,0,0,0,0
12481,2655,2,56,10,3,0,NA,682,0,1,0,0,0,0,0,1,0,0,0,0,0
12487,11318,2,55,16,5,0,NA,1209,0,8,0,0,0,0,0,0,0,0,1,0,0
12528,2102,2,60,21,5,0,NA,2160,0,9,0,0,0,0,0,0,0,0,0,1,0
12543,2995,2,22,20,5,1,NA,818,0,10,0,0,0,0,0,0,1,0,0,0,0
12548,8633,2,70,20,3,0,NA,729,0,5,0,0,0,0,0,0,0,1,0,0,0
12563,10529,2,46,27,4,1,NA,872,0,1,0,0,0,0,0,1,0,0,0,0,0
12628,5744,2,65,18,6,0,NA,708,0,11,0,0,0,0,0,0,0,0,0,0,1
12659,11505,2,58,12,4,0,NA,1138,0,10,0,0,0,0,0,0,1,0,0,0,0
12726,4332,2,70,23,3,0,NA,595,0,11,0,0,0,0,0,0,0,0,0,0,1
12807,10269,2,48,20,1,1,NA,1409,1,11,0,0,0,0,0,0,0,0,0,0,1
12825,3703,2,60,20,2,0,NA,919,0,2,0,0,0,0,1,0,0,0,0,0,0
12842,7512,2,31,9,4,1,NA,2476,0,3,0,1,0,0,0,0,0,0,0,0,0
12851,173,2,58,18,7,0,NA,1164,1,9,0,0,0,0,0,0,0,0,0,1,0
12852,3084,2,45,7,2,1,NA,1642,0,3,0,1,0,0,0,0,0,0,0,0,0
12873,1853,2,64,22,3,0,NA,1514,0,7,0,0,1,0,0,0,0,0,0,0,0
12895,11304,2,38,10,6,1,NA,927,0,9,0,0,0,0,0,0,0,0,0,1,0
12896,1770,2,50,26,2,0,NA,1188,0,6,0,0,0,1,0,0,0,0,0,0,0
12950,10061,2,44,18,3,1,NA,2291,0,10,0,0,0,0,0,0,1,0,0,0,0
12985,10579,2,74,5,6,0,NA,616,0,6,0,0,0,1,0,0,0,0,0,0,0
13043,6961,2,34,16,2,1,NA,1176,0,6,0,0,0,1,0,0,0,0,0,0,0
13044,3327,2,57,16,1,0,NA,1315,1,7,0,0,1,0,0,0,0,0,0,0,0
13045,8052,2,45,22,7,1,NA,1104,1,7,0,0,1,0,0,0,0,0,0,0,0
13053,11443,2,50,22,4,0,NA,1031,0,9,0,0,0,0,0,0,0,0,0,1,0
13095,8605,2,42,15,6,1,NA,2023,0,4,1,0,0,0,0,0,0,0,0,0,0
13109,11594,2,29,8,3,1,NA,2094,0,6,0,0,0,1,0,0,0,0,0,0,0
13272,741,2,62,26,4,0,NA,1278,0,10,0,0,0,0,0,0,1,0,0,0,0
13292,6942,2,52,14,5,0,NA,1811,0,5,0,0,0,0,0,0,0,1,0,0,0
13343,10834,2,50,19,1,0,NA,1622,1,9,0,0,0,0,0,0,0,0,0,1,0
13399,281,2,49,24,7,1,NA,1145,1,4,1,0,0,0,0,0,0,0,0,0,0
13450,9990,2,66,15,6,0,NA,784,0,1,0,0,0,0,0,1,0,0,0,0,0
13455,4342,2,47,16,4,1,NA,1151,0,3,0,1,0,0,0,0,0,0,0,0,0
13481,5052,2,62,20,5,0,NA,1357,0,10,0,0,0,0,0,0,1,0,0,0,0
13483,7499,2,45,18,3,1,NA,2196,0,10,0,0,0,0,0,0,1,0,0,0,0
13604,6682,2,30,8,3,1,NA,2324,0,3,0,1,0,0,0,0,0,0,0,0,0
13618,7050,2,55,12,3,0,NA,675,0,1,0,0,0,0,0,1,0,0,0,0,0
13641,11569,2,32,16,4,1,NA,1215,0,11,0,0,0,0,0,0,0,0,0,0,1
13669,1472,2,40,29,1,1,NA,941,1,8,0,0,0,0,0,0,0,0,1,0,0
13702,9851,2,44,25,3,1,NA,1636,0,10,0,0,0,0,0,0,1,0,0,0,0
13752,2841,2,63,12,1,0,NA,352,1,8,0,0,0,0,0,0,0,0,1,0,0
13763,7338,2,48,18,4,1,NA,1220,0,6,0,0,0,1,0,0,0,0,0,0,0
13806,7842,2,70,16,6,0,NA,841,0,5,0,0,0,0,0,0,0,1,0,0,0
13839,8883,2,37,11,2,1,NA,1288,0,1,0,0,0,0,0,1,0,0,0,0,0
13856,1878,2,65,7,2,0,NA,2222,0,3,0,1,0,0,0,0,0,0,0,0,0
13873,785,2,41,2,4,1,NA,1452,0,2,0,0,0,0,1,0,0,0,0,0,0
13910,3847,2,30,23,4,1,NA,854,0,7,0,0,1,0,0,0,0,0,0,0,0
13949,11228,2,46,23,4,1,NA,1273,0,7,0,0,1,0,0,0,0,0,0,0,0
13954,2168,2,71,8,2,0,NA,585,0,10,0,0,0,0,0,0,1,0,0,0,0
14007,1769,2,42,26,4,1,NA,2371,0,10,0,0,0,0,0,0,1,0,0,0,0
14024,9222,2,58,23,4,0,NA,1350,0,8,0,0,0,0,0,0,0,0,1,0,0
14026,4621,2,19,15,4,1,NA,2562,0,8,0,0,0,0,0,0,0,0,1,0,0
14068,4303,2,48,21,3,1,NA,1429,0,9,0,0,0,0,0,0,0,0,0,1,0
14094,3345,2,63,16,5,0,NA,1577,0,8,0,0,0,0,0,0,0,0,1,0,0
14100,4487,2,37,21,7,1,NA,706,1,8,0,0,0,0,0,0,0,0,1,0,0
14153,2924,2,56,14,5,0,NA,1599,0,4,1,0,0,0,0,0,0,0,0,0,0
14192,8606,2,27,21,7,1,NA,1404,1,8,0,0,0,0,0,0,0,0,1,0,0
14247,2260,2,52,27,3,0,NA,935,0,6,0,0,0,1,0,0,0,0,0,0,0
14251,9160,2,52,20,1,0,NA,1174,1,2,0,0,0,0,1,0,0,0,0,0,0
14301,11047,2,58,29,3,0,NA,1685,0,11,0,0,0,0,0,0,0,0,0,0,1
14358,10135,2,39,26,3,1,NA,1265,0,1,0,0,0,0,0,1,0,0,0,0,0
14364,3577,2,20,16,4,1,NA,1339,0,11,0,0,0,0,0,0,0,0,0,0,1
14367,9734,2,20,17,7,1,NA,1684,1,5,0,0,0,0,0,0,0,1,0,0,0
14369,7057,2,23,13,4,1,NA,1538,0,5,0,0,0,0,0,0,0,1,0,0,0
14391,7599,2,70,22,1,0,NA,788,1,8,0,0,0,0,0,0,0,0,1,0,0
14411,7149,2,46,15,4,1,NA,999,0,8,0,0,0,0,0,0,0,0,1,0,0
14484,5322,2,24,16,7,1,NA,1277,1,4,1,0,0,0,0,0,0,0,0,0,0
14510,6391,2,45,22,7,1,NA,751,1,7,0,0,1,0,0,0,0,0,0,0,0
14581,7675,2,36,16,7,1,NA,2440,1,5,0,0,0,0,0,0,0,1,0,0,0
14600,10825,2,60,22,3,0,NA,1139,0,8,0,0,0,0,0,0,0,0,1,0,0
14636,10549,2,65,22,4,0,NA,624,0,9,0,0,0,0,0,0,0,0,0,1,0
14669,11529,2,40,18,2,1,NA,1119,0,8,0,0,0,0,0,0,0,0,1,0,0
14682,9062,2,26,27,4,1,NA,1098,0,1,0,0,0,0,0,1,0,0,0,0,0
14734,1708,2,42,14,3,1,NA,2986,0,3,0,1,0,0,0,0,0,0,0,0,0
14746,1687,2,21,10,3,1,NA,1084,0,1,0,0,0,0,0,1,0,0,0,0,0
14804,2021,2,38,15,3,1,NA,1888,0,11,0,0,0,0,0,0,0,0,0,0,1
14820,3084,2,23,7,2,1,NA,1496,0,3,0,1,0,0,0,0,0,0,0,0,0
14836,3559,2,33,20,2,1,NA,2058,0,9,0,0,0,0,0,0,0,0,0,1,0
14857,8622,2,73,9,2,0,NA,295,0,1,0,0,0,0,0,1,0,0,0,0,0
14980,3470,2,42,18,2,1,NA,1176,0,6,0,0,0,1,0,0,0,0,0,0,0
14981,10129,2,45,15,3,1,NA,1323,0,11,0,0,0,0,0,0,0,0,0,0,1
14995,11007,2,24,29,1,1,NA,1020,1,8,0,0,0,0,0,0,0,0,1,0,0
15001,4255,2,65,16,2,0,NA,727,0,6,0,0,0,1,0,0,0,0,0,0,0
15013,10742,2,59,20,1,0,NA,1237,1,2,0,0,0,0,1,0,0,0,0,0,0
15030,10049,2,38,15,3,1,NA,885,0,11,0,0,0,0,0,0,0,0,0,0,1
15050,11204,2,32,16,5,1,NA,1259,0,4,1,0,0,0,0,0,0,0,0,0,0
15066,1301,2,70,12,1,0,NA,856,1,8,0,0,0,0,0,0,0,0,1,0,0
15078,8883,2,64,11,2,0,NA,1131,0,1,0,0,0,0,0,1,0,0,0,0,0
15094,970,2,28,20,2,1,NA,792,0,2,0,0,0,0,1,0,0,0,0,0,0
15100,4727,2,43,16,5,1,NA,1486,0,4,1,0,0,0,0,0,0,0,0,0,0
15113,2577,2,28,28,2,1,NA,1726,0,4,1,0,0,0,0,0,0,0,0,0,0
15174,10629,2,65,21,4,0,NA,1428,0,5,0,0,0,0,0,0,0,1,0,0,0
15195,3555,2,23,3,5,1,NA,1794,0,3,0,1,0,0,0,0,0,0,0,0,0
15216,6974,2,78,10,6,0,NA,577,0,9,0,0,0,0,0,0,0,0,0,1,0
15258,7377,2,32,21,7,1,NA,868,1,8,0,0,0,0,0,0,0,0,1,0,0
15260,2253,2,73,15,3,0,NA,928,0,11,0,0,0,0,0,0,0,0,0,0,1
15289,6637,2,78,15,3,0,NA,681,0,11,0,0,0,0,0,0,0,0,0,0,1
15332,9130,2,62,17,5,0,NA,1437,0,11,0,0,0,0,0,0,0,0,0,0,1
15366,2172,2,57,4,5,0,NA,1494,0,6,0,0,0,1,0,0,0,0,0,0,0
15403,9150,2,35,5,7,1,NA,1947,1,3,0,1,0,0,0,0,0,0,0,0,0
15437,6056,2,38,9,2,1,NA,844,0,1,0,0,0,0,0,1,0,0,0,0,0
15498,1579,2,32,6,1,1,NA,2416,1,3,0,1,0,0,0,0,0,0,0,0,0
15538,369,2,38,13,4,1,NA,1127,0,1,0,0,0,0,0,1,0,0,0,0,0
15552,8541,2,62,15,3,0,NA,1177,0,11,0,0,0,0,0,0,0,0,0,0,1
15571,7219,2,65,21,5,0,NA,562,0,1,0,0,0,0,0,1,0,0,0,0,0
15621,10677,2,52,20,2,0,NA,874,0,9,0,0,0,0,0,0,0,0,0,1,0
15675,1414,2,47,19,1,1,NA,1710,1,2,0,0,0,0,1,0,0,0,0,0,0
15737,7043,2,30,29,1,1,NA,1416,1,8,0,0,0,0,0,0,0,0,1,0,0
15794,8302,2,60,14,5,0,NA,887,0,1,0,0,0,0,0,1,0,0,0,0,0
15805,4071,2,70,13,3,0,NA,1366,0,1,0,0,0,0,0,1,0,0,0,0,0
15841,8615,2,46,24,3,1,NA,1778,0,9,0,0,0,0,0,0,0,0,0,1,0
15846,6874,2,58,15,4,0,NA,1470,0,8,0,0,0,0,0,0,0,0,1,0,0
15865,9908,2,48,22,7,1,NA,1704,1,7,0,0,1,0,0,0,0,0,0,0,0
15937,8963,2,20,16,4,1,NA,1058,0,11,0,0,0,0,0,0,0,0,0,0,1
15959,9586,2,55,18,2,0,NA,780,0,6,0,0,0,1,0,0,0,0,0,0,0
16013,3945,2,45,19,7,1,NA,1874,1,11,0,0,0,0,0,0,0,0,0,0,1
16043,2995,2,45,20,5,1,NA,1056,0,10,0,0,0,0,0,0,1,0,0,0,0
16050,8390,2,50,21,7,0,NA,1656,1,8,0,0,0,0,0,0,0,0,1,0,0
16058,4242,2,70,21,1,0,NA,773,1,11,0,0,0,0,0,0,0,0,0,0,1
16070,7526,2,40,20,4,1,NA,1214,0,9,0,0,0,0,0,0,0,0,0,1,0
16079,1315,2,64,23,3,0,NA,953,0,11,0,0,0,0,0,0,0,0,0,0,1
16102,956,2,25,21,4,1,NA,1647,0,5,0,0,0,0,0,0,0,1,0,0,0
16123,1976,2,48,11,5,1,NA,659,0,10,0,0,0,0,0,0,1,0,0,0,0
16170,7888,2,56,27,3,0,NA,1518,0,7,0,0,1,0,0,0,0,0,0,0,0
16237,6922,2,18,15,3,1,NA,1168,0,3,0,1,0,0,0,0,0,0,0,0,0
16264,11759,2,24,18,6,1,NA,1204,0,2,0,0,0,0,1,0,0,0,0,0,0
16270,6768,2,70,12,4,0,NA,1165,0,10,0,0,0,0,0,0,1,0,0,0,0
16276,11603,2,21,16,5,1,NA,1223,0,4,1,0,0,0,0,0,0,0,0,0,0
16297,7068,2,37,14,5,1,NA,731,0,1,0,0,0,0,0,1,0,0,0,0,0
16308,8021,2,32,20,4,1,NA,1453,0,1,0,0,0,0,0,1,0,0,0,0,0
16329,9689,2,48,27,6,1,NA,1340,0,10,0,0,0,0,0,0,1,0,0,0,0
16346,11226,2,19,22,1,1,NA,1226,1,8,0,0,0,0,0,0,0,0,1,0,0
16458,661,2,35,10,3,1,NA,1172,0,1,0,0,0,0,0,1,0,0,0,0,0
16482,4608,2,64,10,3,0,NA,1235,0,1,0,0,0,0,0,1,0,0,0,0,0
16496,7263,2,59,23,4,0,NA,2827,0,8,0,0,0,0,0,0,0,0,1,0,0
16498,10797,2,52,15,6,0,NA,2148,0,4,1,0,0,0,0,0,0,0,0,0,0
16521,6328,2,65,12,1,0,NA,781,1,8,0,0,0,0,0,0,0,0,1,0,0
16537,11226,2,47,22,1,1,NA,1254,1,8,0,0,0,0,0,0,0,0,1,0,0
16545,630,2,30,14,3,1,NA,1221,0,3,0,1,0,0,0,0,0,0,0,0,0
16651,9186,2,62,16,7,0,NA,1572,1,5,0,0,0,0,0,0,0,1,0,0,0
16661,2650,2,20,20,2,1,NA,655,0,9,0,0,0,0,0,0,0,0,0,1,0
16665,9268,2,63,10,6,0,NA,612,0,9,0,0,0,0,0,0,0,0,0,1,0
16705,2088,2,75,12,4,0,NA,1173,0,10,0,0,0,0,0,0,1,0,0,0,0
16706,11608,2,48,8,3,1,NA,1988,0,6,0,0,0,1,0,0,0,0,0,0,0
16734,10052,2,20,12,1,1,NA,1190,1,8,0,0,0,0,0,0,0,0,1,0,0
16748,2342,2,48,19,2,1,NA,1546,0,5,0,0,0,0,0,0,0,1,0,0,0
16755,8085,2,23,5,7,1,NA,1350,1,3,0,1,0,0,0,0,0,0,0,0,0
16767,9318,2,44,27,3,1,NA,1316,0,7,0,0,1,0,0,0,0,0,0,0,0
16781,8625,2,50,22,2,0,NA,1086,0,11,0,0,0,0,0,0,0,0,0,0,1
16794,6226,2,48,20,4,1,NA,1255,0,9,0,0,0,0,0,0,0,0,0,1,0
16880,7704,2,45,16,4,1,NA,1508,0,11,0,0,0,0,0,0,0,0,0,0,1
16886,11207,2,37,18,4,1,NA,668,0,6,0,0,0,1,0,0,0,0,0,0,0
16941,11580,2,42,20,1,1,NA,1949,1,11,0,0,0,0,0,0,0,0,0,0,1
16961,404,2,48,19,1,1,NA,1192,1,2,0,0,0,0,1,0,0,0,0,0,0
16991,97,2,73,2,4,0,NA,1171,0,2,0,0,0,0,1,0,0,0,0,0,0
17000,8192,2,60,25,1,0,NA,1999,1,7,0,0,1,0,0,0,0,0,0,0,0
17089,452,2,44,22,3,1,NA,500,0,1,0,0,0,0,0,1,0,0,0,0,0
17109,7057,2,18,13,4,1,NA,1730,0,5,0,0,0,0,0,0,0,1,0,0,0
17148,3466,2,37,16,5,1,NA,1156,0,4,1,0,0,0,0,0,0,0,0,0,0
17178,7306,2,57,23,4,0,NA,1471,0,8,0,0,0,0,0,0,0,0,1,0,0
17189,718,2,46,19,7,1,NA,1361,1,2,0,0,0,0,1,0,0,0,0,0,0
17205,1469,2,25,17,1,1,NA,2287,1,4,1,0,0,0,0,0,0,0,0,0,0
17344,1571,2,18,14,3,1,NA,1104,0,4,1,0,0,0,0,0,0,0,0,0,0
17384,2756,2,38,14,6,1,NA,1110,0,10,0,0,0,0,0,0,1,0,0,0,0
17403,4790,2,39,8,2,1,NA,936,0,10,0,0,0,0,0,0,1,0,0,0,0
17409,880,2,52,20,1,0,NA,1614,1,11,0,0,0,0,0,0,0,0,0,0,1
17410,10339,2,22,16,6,1,NA,1255,0,5,0,0,0,0,0,0,0,1,0,0,0
17507,2618,2,42,11,5,1,NA,283,0,10,0,0,0,0,0,0,1,0,0,0,0
17593,4045,2,47,13,3,1,NA,1321,0,1,0,0,0,0,0,1,0,0,0,0,0
17602,10892,2,37,7,2,1,NA,1440,0,3,0,1,0,0,0,0,0,0,0,0,0
17610,9295,2,45,28,6,1,NA,1674,0,2,0,0,0,0,1,0,0,0,0,0,0
17623,8296,2,41,17,5,1,NA,1191,0,11,0,0,0,0,0,0,0,0,0,0,1
17628,2525,2,42,18,7,1,NA,666,1,8,0,0,0,0,0,0,0,0,1,0,0
17644,8452,2,75,15,5,0,NA,1317,0,1,0,0,0,0,0,1,0,0,0,0,0
17650,297,2,45,5,7,1,NA,2184,1,3,0,1,0,0,0,0,0,0,0,0,0
17728,8296,2,44,17,5,1,NA,1140,0,11,0,0,0,0,0,0,0,0,0,0,1
17766,10796,2,21,20,1,1,NA,1016,1,2,0,0,0,0,1,0,0,0,0,0,0
17794,5998,2,34,18,2,1,NA,2024,0,4,1,0,0,0,0,0,0,0,0,0,0
17855,7141,2,68,27,4,0,NA,1146,0,1,0,0,0,0,0,1,0,0,0,0,0
17874,4812,2,40,29,1,1,NA,1223,1,8,0,0,0,0,0,0,0,0,1,0,0
17888,9952,2,18,9,4,1,NA,800,0,6,0,0,0,1,0,0,0,0,0,0,0
17931,6887,2,24,22,3,1,NA,1423,0,1,0,0,0,0,0,1,0,0,0,0,0
17963,6328,2,46,12,1,1,NA,1368,1,8,0,0,0,0,0,0,0,0,1,0,0
17974,8590,2,51,9,2,0,NA,1132,0,1,0,0,0,0,0,1,0,0,0,0,0
17976,5453,2,56,18,4,0,NA,1959,0,6,0,0,0,1,0,0,0,0,0,0,0
18006,6110,2,52,21,2,0,NA,1294,0,1,0,0,0,0,0,1,0,0,0,0,0
18066,8054,2,52,24,5,0,NA,1248,0,4,1,0,0,0,0,0,0,0,0,0,0
18109,2964,2,73,15,3,0,NA,738,0,11,0,0,0,0,0,0,0,0,0,0,1
18115,7732,2,75,8,2,0,NA,858,0,10,0,0,0,0,0,0,1,0,0,0,0
18150,8335,2,66,19,7,0,NA,1578,1,11,0,0,0,0,0,0,0,0,0,0,1
18190,10030,2,53,19,6,0,NA,1186,0,11,0,0,0,0,0,0,0,0,0,0,1
18233,396,2,36,4,5,1,NA,1344,0,6,0,0,0,1,0,0,0,0,0,0,0
18293,5697,2,70,28,2,0,NA,1223,0,11,0,0,0,0,0,0,0,0,0,0,1
18303,11300,2,19,22,1,1,NA,1388,1,8,0,0,0,0,0,0,0,0,1,0,0
18323,1294,2,60,20,5,0,NA,1253,0,10,0,0,0,0,0,0,1,0,0,0,0
18369,4727,2,20,16,5,1,NA,1032,0,4,1,0,0,0,0,0,0,0,0,0,0
18377,10579,2,42,5,6,1,NA,1995,0,6,0,0,0,1,0,0,0,0,0,0,0
18414,819,2,24,15,3,1,NA,1751,0,11,0,0,0,0,0,0,0,0,0,0,1
18426,9376,2,38,22,7,1,NA,1169,1,7,0,0,1,0,0,0,0,0,0,0,0
18429,3157,2,64,19,7,0,NA,1733,1,11,0,0,0,0,0,0,0,0,0,0,1
18452,11348,2,45,22,3,1,NA,1252,0,1,0,0,0,0,0,1,0,0,0,0,0
18458,2213,2,62,11,4,0,NA,1115,0,10,0,0,0,0,0,0,1,0,0,0,0
18489,6604,2,50,5,7,0,NA,2001,1,3,0,1,0,0,0,0,0,0,0,0,0
18530,5455,2,40,26,3,1,NA,1206,0,1,0,0,0,0,0,1,0,0,0,0,0
18539,9941,2,53,8,3,0,NA,2409,0,3,0,1,0,0,0,0,0,0,0,0,0
18550,4608,2,32,10,3,1,NA,1259,0,1,0,0,0,0,0,1,0,0,0,0,0
18597,406,2,45,28,2,1,NA,2580,0,11,0,0,0,0,0,0,0,0,0,0,1
18635,3363,2,41,26,3,1,NA,1439,0,1,0,0,0,0,0,1,0,0,0,0,0
18721,6328,2,24,12,1,1,NA,995,1,8,0,0,0,0,0,0,0,0,1,0,0
18740,6599,2,49,13,3,1,NA,1647,0,1,0,0,0,0,0,1,0,0,0,0,0
18759,3345,2,32,16,5,1,NA,1841,0,8,0,0,0,0,0,0,0,0,1,0,0
18790,11046,2,43,19,3,1,NA,1332,0,6,0,0,0,1,0,0,0,0,0,0,0
18840,7117,2,65,22,5,0,NA,1267,0,6,0,0,0,1,0,0,0,0,0,0,0
18848,2265,2,55,23,3,0,NA,844,0,11,0,0,0,0,0,0,0,0,0,0,1
18865,5089,2,21,26,3,1,NA,651,0,1,0,0,0,0,0,1,0,0,0,0,0
18925,6530,2,30,3,5,1,NA,2574,0,3,0,1,0,0,0,0,0,0,0,0,0
18940,8577,2,70,15,3,0,NA,628,0,11,0,0,0,0,0,0,0,0,0,0,1
18942,8430,2,25,26,4,1,NA,1920,0,10,0,0,0,0,0,0,1,0,0,0,0
18949,1084,2,38,24,7,1,NA,1856,1,7,0,0,1,0,0,0,0,0,0,0,0
18990,9388,2,36,7,2,1,NA,2282,0,3,0,1,0,0,0,0,0,0,0,0,0
19021,7961,2,53,21,7,0,NA,1345,1,8,0,0,0,0,0,0,0,0,1,0,0
19071,4534,2,25,17,3,1,NA,1624,0,6,0,0,0,1,0,0,0,0,0,0,0
19129,7057,2,26,13,4,1,NA,2091,0,5,0,0,0,0,0,0,0,1,0,0,0
19157,2830,2,44,14,3,1,NA,1038,0,4,1,0,0,0,0,0,0,0,0,0,0
19252,10240,2,36,13,4,1,NA,976,0,1,0,0,0,0,0,1,0,0,0,0,0
19253,5415,2,38,4,5,1,NA,1997,0,6,0,0,0,1,0,0,0,0,0,0,0
19273,1871,2,29,15,4,1,NA,804,0,8,0,0,0,0,0,0,0,0,1,0,0
19325,11541,2,65,16,4,0,NA,612,0,11,0,0,0,0,0,0,0,0,0,0,1
19369,3476,2,24,17,6,1,NA,2255,0,3,0,1,0,0,0,0,0,0,0,0,0
19417,11341,2,37,11,5,1,NA,553,0,10,0,0,0,0,0,0,1,0,0,0,0
19427,6752,2,47,16,5,1,NA,736,0,4,1,0,0,0,0,0,0,0,0,0,0
19430,4071,2,30,13,3,1,NA,1672,0,1,0,0,0,0,0,1,0,0,0,0,0
19444,5089,2,44,26,3,1,NA,1021,0,1,0,0,0,0,0,1,0,0,0,0,0
19446,6152,2,72,17,5,0,NA,1667,0,3,0,1,0,0,0,0,0,0,0,0,0
19448,1690,2,62,9,4,0,NA,1116,0,6,0,0,0,1,0,0,0,0,0,0,0
19469,640,2,67,27,1,0,NA,1239,1,4,1,0,0,0,0,0,0,0,0,0,0
19478,8390,2,26,21,7,1,NA,1503,1,8,0,0,0,0,0,0,0,0,1,0,0
19513,599,2,37,27,3,1,NA,1090,0,6,0,0,0,1,0,0,0,0,0,0,0
19523,9469,2,51,12,4,0,NA,1371,0,10,0,0,0,0,0,0,1,0,0,0,0
19532,6888,2,30,26,4,1,NA,837,0,7,0,0,1,0,0,0,0,0,0,0,0
19579,11078,2,30,18,2,1,NA,1574,0,8,0,0,0,0,0,0,0,0,1,0,0
19594,5916,2,24,26,3,1,NA,676,0,1,0,0,0,0,0,1,0,0,0,0,0
19601,4802,2,58,21,4,0,NA,2345,0,5,0,0,0,0,0,0,0,1,0,0,0
19667,1514,2,45,18,6,1,NA,1674,0,2,0,0,0,0,1,0,0,0,0,0,0
19677,6990,2,35,8,3,1,NA,909,0,10,0,0,0,0,0,0,1,0,0,0,0
19683,1779,2,68,22,5,0,NA,957,0,6,0,0,0,1,0,0,0,0,0,0,0
19731,4621,2,60,15,4,0,NA,2611,0,8,0,0,0,0,0,0,0,0,1,0,0
19749,3262,2,29,20,6,1,NA,1163,0,6,0,0,0,1,0,0,0,0,0,0,0
19786,11006,2,38,15,6,1,NA,1831,0,5,0,0,0,0,0,0,0,1,0,0,0
19802,4949,2,44,27,6,1,NA,1021,0,10,0,0,0,0,0,0,1,0,0,0,0
19819,7607,2,31,19,1,1,NA,1907,1,9,0,0,0,0,0,0,0,0,0,1,0
19830,8085,2,43,5,7,1,NA,1238,1,3,0,1,0,0,0,0,0,0,0,0,0
19873,3734,2,34,25,6,1,NA,2028,0,4,1,0,0,0,0,0,0,0,0,0,0
19888,2666,2,43,25,1,1,NA,1464,1,7,0,0,1,0,0,0,0,0,0,0,0
19891,4637,2,28,9,2,1,NA,1323,0,1,0,0,0,0,0,1,0,0,0,0,0
19897,5483,2,23,22,7,1,NA,1316,1,7,0,0,1,0,0,0,0,0,0,0,0
19905,10982,2,44,14,5,1,NA,3206,0,5,0,0,0,0,0,0,0,1,0,0,0
19971,8840,2,40,7,2,1,NA,1533,0,3,0,1,0,0,0,0,0,0,0,0,0
19991,6984,2,49,26,4,1,NA,1601,0,7,0,0,1,0,0,0,0,0,0,0,0
20016,1749,2,70,11,5,0,NA,807,0,10,0,0,0,0,0,0,1,0,0,0,0
20024,9471,2,62,24,7,0,NA,1815,1,7,0,0,1,0,0,0,0,0,0,0,0
20041,5007,2,28,24,3,1,NA,1238,0,9,0,0,0,0,0,0,0,0,0,1,0
20051,583,2,70,6,1,0,NA,2496,1,3,0,1,0,0,0,0,0,0,0,0,0
20091,5308,2,35,17,2,1,NA,1435,0,10,0,0,0,0,0,0,1,0,0,0,0
20102,1158,2,41,17,5,1,NA,1143,0,11,0,0,0,0,0,0,0,0,0,0,1
20127,601,2,50,26,4,0,NA,1651,0,7,0,0,1,0,0,0,0,0,0,0,0
20131,10314,2,34,20,1,1,NA,1287,1,11,0,0,0,0,0,0,0,0,0,0,1
20148,2797,2,85,29,1,0,NA,893,1,8,0,0,0,0,0,0,0,0,1,0,0
20163,7851,2,19,20,5,1,NA,1224,0,7,0,0,1,0,0,0,0,0,0,0,0
20197,7636,2,60,18,3,0,NA,1004,0,7,0,0,1,0,0,0,0,0,0,0,0
20210,2130,2,34,18,3,1,NA,633,0,7,0,0,1,0,0,0,0,0,0,0,0
20228,8982,2,30,28,6,1,NA,777,0,2,0,0,0,0,1,0,0,0,0,0,0
20240,9026,2,59,14,3,0,NA,1069,0,4,1,0,0,0,0,0,0,0,0,0,0
20284,990,2,27,24,7,1,NA,1545,1,7,0,0,1,0,0,0,0,0,0,0,0
20309,4524,2,47,15,3,1,NA,1354,0,11,0,0,0,0,0,0,0,0,0,0,1
20314,9807,2,44,15,3,1,NA,1299,0,11,0,0,0,0,0,0,0,0,0,0,1
20391,2954,2,45,18,4,1,NA,1076,0,1,0,0,0,0,0,1,0,0,0,0,0
20404,7967,2,33,13,3,1,NA,1716,0,1,0,0,0,0,0,1,0,0,0,0,0
20478,11745,2,38,14,5,1,NA,2218,0,5,0,0,0,0,0,0,0,1,0,0,0
20495,5949,2,50,29,1,0,NA,1711,1,8,0,0,0,0,0,0,0,0,1,0,0
20502,7593,2,56,21,5,0,NA,1065,0,1,0,0,0,0,0,1,0,0,0,0,0
20508,1917,2,50,19,1,0,NA,2126,1,9,0,0,0,0,0,0,0,0,0,1,0
20519,3616,2,60,17,5,0,NA,875,0,11,0,0,0,0,0,0,0,0,0,0,1
20553,11569,2,60,16,4,0,NA,1182,0,11,0,0,0,0,0,0,0,0,0,0,1
20600,8729,2,40,8,3,1,NA,1634,0,10,0,0,0,0,0,0,1,0,0,0,0
20610,7129,2,75,15,5,0,NA,741,0,1,0,0,0,0,0,1,0,0,0,0,0
20615,3682,2,40,7,2,1,NA,1016,0,3,0,1,0,0,0,0,0,0,0,0,0
20658,8625,2,82,22,2,0,NA,1525,0,11,0,0,0,0,0,0,0,0,0,0,1
20661,6634,2,32,22,5,1,NA,669,0,6,0,0,0,1,0,0,0,0,0,0,0
20691,11552,2,55,10,6,0,NA,707,0,9,0,0,0,0,0,0,0,0,0,1,0
20692,1313,2,23,20,1,1,NA,1298,1,11,0,0,0,0,0,0,0,0,0,0,1
20715,1893,2,49,16,1,1,NA,799,1,7,0,0,1,0,0,0,0,0,0,0,0
20719,5517,2,19,28,7,1,NA,1443,1,10,0,0,0,0,0,0,1,0,0,0,0
20742,1878,2,26,7,2,1,NA,2222,0,3,0,1,0,0,0,0,0,0,0,0,0
20767,8769,2,56,9,4,0,NA,1147,0,6,0,0,0,1,0,0,0,0,0,0,0
20795,10761,2,37,10,6,1,NA,695,0,9,0,0,0,0,0,0,0,0,0,1,0
20819,8909,2,36,12,5,1,NA,1850,0,10,0,0,0,0,0,0,1,0,0,0,0
20821,11353,2,18,11,4,1,NA,1057,0,1,0,0,0,0,0,1,0,0,0,0,0
20832,7637,2,70,25,3,0,NA,1661,0,10,0,0,0,0,0,0,1,0,0,0,0
20846,5343,2,38,16,2,1,NA,1990,0,6,0,0,0,1,0,0,0,0,0,0,0
20879,10529,2,25,27,4,1,NA,1085,0,1,0,0,0,0,0,1,0,0,0,0,0
20922,4974,2,40,22,1,1,NA,1251,1,8,0,0,0,0,0,0,0,0,1,0,0
20992,6510,2,26,9,4,1,NA,2669,0,3,0,1,0,0,0,0,0,0,0,0,0
21103,2055,2,41,16,4,1,NA,2029,0,11,0,0,0,0,0,0,0,0,0,0,1
21114,9781,2,30,18,2,1,NA,1130,0,8,0,0,0,0,0,0,0,0,1,0,0
21126,8382,2,27,19,6,1,NA,899,0,11,0,0,0,0,0,0,0,0,0,0,1
21137,9952,2,20,9,4,1,NA,537,0,6,0,0,0,1,0,0,0,0,0,0,0
21154,8064,2,40,20,2,1,NA,550,0,2,0,0,0,0,1,0,0,0,0,0,0
21201,8381,2,61,19,7,0,NA,1935,1,2,0,0,0,0,1,0,0,0,0,0,0
21214,9863,2,34,20,5,1,NA,1791,0,7,0,0,1,0,0,0,0,0,0,0,0
21215,11011,2,29,10,5,1,NA,1179,0,10,0,0,0,0,0,0,1,0,0,0,0
21228,278,2,55,21,2,0,NA,1022,0,1,0,0,0,0,0,1,0,0,0,0,0
21232,7869,2,42,20,2,1,NA,2332,0,9,0,0,0,0,0,0,0,0,0,1,0
21253,11612,2,22,17,6,1,NA,1361,0,3,0,1,0,0,0,0,0,0,0,0,0
21259,1301,2,39,12,1,1,NA,1338,1,8,0,0,0,0,0,0,0,0,1,0,0
21261,9004,2,73,12,5,0,NA,1500,0,10,0,0,0,0,0,0,1,0,0,0,0
21270,5043,2,36,22,5,1,NA,1095,0,6,0,0,0,1,0,0,0,0,0,0,0
21295,5920,2,30,18,6,1,NA,1616,0,11,0,0,0,0,0,0,0,0,0,0,1
21339,11072,2,27,23,4,1,NA,1861,0,8,0,0,0,0,0,0,0,0,1,0,0
21351,1708,2,48,14,3,1,NA,2986,0,3,0,1,0,0,0,0,0,0,0,0,0
21354,7807,2,83,12,5,0,NA,996,0,1,0,0,0,0,0,1,0,0,0,0,0
21363,4611,2,69,28,7,0,NA,562,1,10,0,0,0,0,0,0,1,0,0,0,0
21393,1270,2,63,14,3,0,NA,1185,0,4,1,0,0,0,0,0,0,0,0,0,0
21409,1571,2,40,14,3,1,NA,1862,0,4,1,0,0,0,0,0,0,0,0,0,0
21410,6065,2,23,23,4,1,NA,2018,0,8,0,0,0,0,0,0,0,0,1,0,0
21458,2072,2,40,20,2,1,NA,1869,0,9,0,0,0,0,0,0,0,0,0,1,0
21472,953,2,57,7,2,0,NA,1534,0,3,0,1,0,0,0,0,0,0,0,0,0
21498,2617,2,38,9,4,1,NA,963,0,6,0,0,0,1,0,0,0,0,0,0,0
21521,11227,2,58,21,1,0,NA,1616,1,11,0,0,0,0,0,0,0,0,0,0,1
21534,4420,2,35,15,3,1,NA,1502,0,11,0,0,0,0,0,0,0,0,0,0,1
21565,4821,2,45,18,4,1,NA,501,0,6,0,0,0,1,0,0,0,0,0,0,0
21569,88,2,20,12,4,1,NA,1323,0,10,0,0,0,0,0,0,1,0,0,0,0
21577,173,2,25,18,7,1,NA,1597,1,9,0,0,0,0,0,0,0,0,0,1,0
21596,1969,2,50,21,5,0,NA,1973,0,9,0,0,0,0,0,0,0,0,0,1,0
21615,4315,2,48,25,3,1,NA,1381,0,7,0,0,1,0,0,0,0,0,0,0,0
21633,10244,2,65,20,2,0,NA,558,0,9,0,0,0,0,0,0,0,0,0,1,0
21650,7885,2,29,18,3,1,NA,647,0,7,0,0,1,0,0,0,0,0,0,0,0
21656,4630,2,23,25,1,1,NA,1419,1,7,0,0,1,0,0,0,0,0,0,0,0
21684,112,2,18,16,7,1,NA,1398,1,4,1,0,0,0,0,0,0,0,0,0,0
21695,7962,2,54,3,5,0,NA,1600,0,3,0,1,0,0,0,0,0,0,0,0,0
21748,862,2,34,14,6,1,NA,1332,0,10,0,0,0,0,0,0,1,0,0,0,0
21811,3273,2,29,28,2,1,NA,918,0,11,0,0,0,0,0,0,0,0,0,0,1
21817,7999,2,56,18,2,0,NA,1923,0,4,1,0,0,0,0,0,0,0,0,0,0
21822,7961,2,78,21,7,0,NA,1140,1,8,0,0,0,0,0,0,0,0,1,0,0
21834,3871,2,42,17,5,1,NA,1536,0,11,0,0,0,0,0,0,0,0,0,0,1
21900,7346,2,45,24,5,1,NA,2587,0,4,1,0,0,0,0,0,0,0,0,0,0
21908,6106,2,40,9,4,1,NA,893,0,6,0,0,0,1,0,0,0,0,0,0,0
21944,11203,2,72,2,4,0,NA,1158,0,2,0,0,0,0,1,0,0,0,0,0,0
21972,4900,2,29,16,7,1,NA,1895,1,5,0,0,0,0,0,0,0,1,0,0,0
22042,7338,2,28,18,4,1,NA,1627,0,6,0,0,0,1,0,0,0,0,0,0,0
22051,2263,2,23,23,6,1,NA,1078,0,6,0,0,0,1,0,0,0,0,0,0,0
22072,4165,2,35,18,2,1,NA,1813,0,4,1,0,0,0,0,0,0,0,0,0,0
22086,9196,2,40,30,1,1,NA,2284,1,2,0,0,0,0,1,0,0,0,0,0,0
22102,2752,2,45,14,6,1,NA,1661,0,10,0,0,0,0,0,0,1,0,0,0,0
22139,4791,2,22,16,6,1,NA,653,0,5,0,0,0,0,0,0,0,1,0,0,0
22222,10787,2,86,20,2,0,NA,1156,0,2,0,0,0,0,1,0,0,0,0,0,0
22290,1703,2,34,23,4,1,NA,936,0,8,0,0,0,0,0,0,0,0,1,0,0
22297,9046,2,20,18,7,1,NA,450,1,9,0,0,0,0,0,0,0,0,0,1,0
22312,11781,2,48,18,7,1,NA,1309,1,9,0,0,0,0,0,0,0,0,0,1,0
22415,2577,2,18,28,2,1,NA,1726,0,4,1,0,0,0,0,0,0,0,0,0,0
22460,9004,2,40,12,5,1,NA,1300,0,10,0,0,0,0,0,0,1,0,0,0,0
22468,4962,2,41,25,4,1,NA,2245,0,9,0,0,0,0,0,0,0,0,0,1,0
22469,7851,2,48,20,5,1,NA,1545,0,7,0,0,1,0,0,0,0,0,0,0,0
22539,723,2,33,27,3,1,NA,1267,0,6,0,0,0,1,0,0,0,0,0,0,0
22617,9109,2,46,18,7,1,NA,1891,1,2,0,0,0,0,1,0,0,0,0,0,0
22643,5691,2,38,19,6,1,NA,1641,0,11,0,0,0,0,0,0,0,0,0,0,1
22828,2245,2,34,27,3,1,NA,1079,0,6,0,0,0,1,0,0,0,0,0,0,0
22831,2806,2,38,19,1,1,NA,1604,1,9,0,0,0,0,0,0,0,0,0,1,0
22833,7706,2,58,15,4,0,NA,2146,0,3,0,1,0,0,0,0,0,0,0,0,0
22903,8819,2,49,22,5,1,NA,1003,0,6,0,0,0,1,0,0,0,0,0,0,0
22965,10956,2,43,18,2,1,NA,681,0,3,0,1,0,0,0,0,0,0,0,0,0
22966,9950,2,23,23,4,1,NA,2198,0,8,0,0,0,0,0,0,0,0,1,0,0
23036,6152,2,25,17,5,1,NA,1355,0,3,0,1,0,0,0,0,0,0,0,0,0
23039,2143,2,24,25,1,1,NA,1138,1,7,0,0,1,0,0,0,0,0,0,0,0
23051,8136,2,54,18,6,0,NA,2321,0,2,0,0,0,0,1,0,0,0,0,0,0
23084,7732,2,47,8,2,1,NA,1338,0,10,0,0,0,0,0,0,1,0,0,0,0
23098,1003,2,31,17,3,1,NA,2651,0,6,0,0,0,1,0,0,0,0,0,0,0
23126,5269,2,33,20,1,1,NA,365,1,2,0,0,0,0,1,0,0,0,0,0,0
23188,6288,2,32,9,4,1,NA,1360,0,6,0,0,0,1,0,0,0,0,0,0,0
23231,5799,2,47,21,6,1,NA,1906,0,10,0,0,0,0,0,0,1,0,0,0,0
23246,3412,2,68,18,4,0,NA,519,0,6,0,0,0,1,0,0,0,0,0,0,0
23274,9207,2,19,22,3,1,NA,1466,0,7,0,0,1,0,0,0,0,0,0,0,0
23305,10431,2,75,18,7,0,NA,801,1,9,0,0,0,0,0,0,0,0,0,1,0
23306,8846,2,80,17,5,0,NA,1018,0,11,0,0,0,0,0,0,0,0,0,0,1
23345,7140,2,47,10,5,1,NA,1263,0,10,0,0,0,0,0,0,1,0,0,0,0
23347,8996,2,58,21,7,0,NA,479,1,8,0,0,0,0,0,0,0,0,1,0,0
23364,7179,2,74,20,1,0,NA,1292,1,2,0,0,0,0,1,0,0,0,0,0,0
23371,7398,2,50,19,4,0,NA,1286,0,10,0,0,0,0,0,0,1,0,0,0,0
23414,6292,2,42,12,1,1,NA,417,1,8,0,0,0,0,0,0,0,0,1,0,0
23419,9790,2,42,18,2,1,NA,1619,0,3,0,1,0,0,0,0,0,0,0,0,0
23423,5755,2,48,17,5,1,NA,905,0,11,0,0,0,0,0,0,0,0,0,0,1
23464,1649,2,44,20,4,1,NA,1390,0,1,0,0,0,0,0,1,0,0,0,0,0
23474,2106,2,31,21,1,1,NA,867,1,11,0,0,0,0,0,0,0,0,0,0,1
23554,1001,2,22,22,5,1,NA,1100,0,6,0,0,0,1,0,0,0,0,0,0,0
23603,8371,2,45,6,1,1,NA,1407,1,3,0,1,0,0,0,0,0,0,0,0,0
23609,4998,2,57,27,3,0,NA,1650,0,7,0,0,1,0,0,0,0,0,0,0,0
23617,7057,2,45,13,4,1,NA,1170,0,5,0,0,0,0,0,0,0,1,0,0,0
23626,8974,2,40,26,3,1,NA,2063,0,1,0,0,0,0,0,1,0,0,0,0,0
23646,10153,2,33,15,4,1,NA,853,0,3,0,1,0,0,0,0,0,0,0,0,0
23650,5453,2,29,18,4,1,NA,1207,0,6,0,0,0,1,0,0,0,0,0,0,0
23700,132,2,43,26,7,1,NA,1183,1,4,1,0,0,0,0,0,0,0,0,0,0
23725,3729,2,39,27,3,1,NA,1132,0,6,0,0,0,1,0,0,0,0,0,0,0
23727,2868,2,53,22,4,0,NA,782,0,9,0,0,0,0,0,0,0,0,0,1,0
23763,3050,2,65,15,3,0,NA,821,0,11,0,0,0,0,0,0,0,0,0,0,1
23801,5994,2,59,19,6,0,NA,1017,0,11,0,0,0,0,0,0,0,0,0,0,1
23865,7141,2,44,27,4,1,NA,1146,0,1,0,0,0,0,0,1,0,0,0,0,0
23908,2764,2,81,21,5,0,NA,618,0,1,0,0,0,0,0,1,0,0,0,0,0
23931,404,2,70,19,1,0,NA,962,1,2,0,0,0,0,1,0,0,0,0,0,0
23972,7451,2,39,18,7,1,NA,1915,1,2,0,0,0,0,1,0,0,0,0,0,0
24026,5866,2,29,15,4,1,NA,2765,0,8,0,0,0,0,0,0,0,0,1,0,0
24042,8501,2,30,23,3,1,NA,1387,0,11,0,0,0,0,0,0,0,0,0,0,1
24074,4332,2,38,23,3,1,NA,692,0,11,0,0,0,0,0,0,0,0,0,0,1
24095,5674,2,66,17,6,0,NA,702,0,3,0,1,0,0,0,0,0,0,0,0,0
24135,9059,2,28,15,6,1,NA,2399,0,5,0,0,0,0,0,0,0,1,0,0,0
24157,1875,2,22,18,7,1,NA,819,1,8,0,0,0,0,0,0,0,0,1,0,0
24175,8911,2,62,15,4,0,NA,871,0,8,0,0,0,0,0,0,0,0,1,0,0
24182,5801,2,25,20,1,1,NA,890,1,11,0,0,0,0,0,0,0,0,0,0,1
24191,4090,2,28,5,6,1,NA,2489,0,6,0,0,0,1,0,0,0,0,0,0,0
24200,1069,2,34,19,7,1,NA,1382,1,11,0,0,0,0,0,0,0,0,0,0,1
24254,2406,2,41,8,2,1,NA,1019,0,10,0,0,0,0,0,0,1,0,0,0,0
24271,10529,2,21,27,4,1,NA,913,0,1,0,0,0,0,0,1,0,0,0,0,0
24290,88,2,30,12,4,1,NA,1167,0,10,0,0,0,0,0,0,1,0,0,0,0
24292,11765,2,58,18,7,0,NA,840,1,2,0,0,0,0,1,0,0,0,0,0,0
24304,2780,2,66,21,2,0,NA,1036,0,1,0,0,0,0,0,1,0,0,0,0,0
24326,703,2,39,13,3,1,NA,1845,0,1,0,0,0,0,0,1,0,0,0,0,0
24329,1828,2,45,15,4,1,NA,1503,0,8,0,0,0,0,0,0,0,0,1,0,0
24426,3368,2,29,22,3,1,NA,2841,0,7,0,0,1,0,0,0,0,0,0,0,0
24428,9538,2,23,10,5,1,NA,922,0,10,0,0,0,0,0,0,1,0,0,0,0
24498,8469,2,52,18,7,0,NA,2115,1,9,0,0,0,0,0,0,0,0,0,1,0
24508,10244,2,32,20,2,1,NA,407,0,9,0,0,0,0,0,0,0,0,0,1,0
24511,8021,2,61,20,4,0,NA,1332,0,1,0,0,0,0,0,1,0,0,0,0,0
24636,4424,2,49,18,2,1,NA,1715,0,4,1,0,0,0,0,0,0,0,0,0,0
24669,10721,2,45,29,1,1,NA,681,1,8,0,0,0,0,0,0,0,0,1,0,0
24689,3832,2,46,2,4,1,NA,1991,0,2,0,0,0,0,1,0,0,0,0,0,0
24694,6777,2,55,8,3,0,NA,2487,0,6,0,0,0,1,0,0,0,0,0,0,0
24733,9100,2,46,14,5,1,NA,1560,0,5,0,0,0,0,0,0,0,1,0,0,0
24778,1499,2,57,26,7,0,NA,931,1,4,1,0,0,0,0,0,0,0,0,0,0
24814,7530,2,42,18,7,1,NA,947,1,8,0,0,0,0,0,0,0,0,1,0,0
24847,10166,2,55,27,3,0,NA,1932,0,7,0,0,1,0,0,0,0,0,0,0,0
24866,10993,2,75,21,3,0,NA,2268,0,9,0,0,0,0,0,0,0,0,0,1,0
24869,2109,2,44,11,5,1,NA,679,0,10,0,0,0,0,0,0,1,0,0,0,0
24875,6604,2,25,5,7,1,NA,2195,1,3,0,1,0,0,0,0,0,0,0,0,0
24879,2172,2,23,4,5,1,NA,1657,0,6,0,0,0,1,0,0,0,0,0,0,0
24909,1810,2,44,27,3,1,NA,2044,0,6,0,0,0,1,0,0,0,0,0,0,0
24956,882,2,32,18,2,1,NA,1771,0,8,0,0,0,0,0,0,0,0,1,0,0
24977,2966,2,18,18,2,1,NA,445,0,3,0,1,0,0,0,0,0,0,0,0,0
24980,10787,2,27,20,2,1,NA,1146,0,2,0,0,0,0,1,0,0,0,0,0,0
25063,6508,2,73,23,4,0,NA,1284,0,7,0,0,1,0,0,0,0,0,0,0,0
25067,2308,2,29,13,4,1,NA,1027,0,1,0,0,0,0,0,1,0,0,0,0,0
25082,3086,2,36,22,3,1,NA,997,0,7,0,0,1,0,0,0,0,0,0,0,0
25098,2229,2,75,20,2,0,NA,1026,0,2,0,0,0,0,1,0,0,0,0,0,0
25139,11834,2,31,10,6,1,NA,804,0,9,0,0,0,0,0,0,0,0,0,1,0
25194,7878,2,43,10,5,1,NA,839,0,6,0,0,0,1,0,0,0,0,0,0,0
25209,8837,2,42,25,4,1,NA,1638,0,9,0,0,0,0,0,0,0,0,0,1,0
25243,9221,2,24,25,6,1,NA,704,0,4,1,0,0,0,0,0,0,0,0,0,0
25262,9781,2,58,18,2,0,NA,752,0,8,0,0,0,0,0,0,0,0,1,0,0
25283,1975,2,39,26,3,1,NA,1257,0,1,0,0,0,0,0,1,0,0,0,0,0
25284,940,2,51,20,2,0,NA,2236,0,9,0,0,0,0,0,0,0,0,0,1,0
25300,11603,2,19,16,5,1,NA,1054,0,4,1,0,0,0,0,0,0,0,0,0,0
25308,40,2,46,22,4,1,NA,867,0,9,0,0,0,0,0,0,0,0,0,1,0
25328,5322,2,55,16,7,0,NA,1127,1,4,1,0,0,0,0,0,0,0,0,0,0
25383,5910,2,24,2,4,1,NA,1373,0,2,0,0,0,0,1,0,0,0,0,0,0
25390,3543,2,39,24,5,1,NA,1232,0,7,0,0,1,0,0,0,0,0,0,0,0
25449,10029,2,44,27,6,1,NA,1115,0,10,0,0,0,0,0,0,1,0,0,0,0
25462,4867,2,36,3,5,1,NA,828,0,3,0,1,0,0,0,0,0,0,0,0,0
25464,910,2,58,21,7,0,NA,521,1,8,0,0,0,0,0,0,0,0,1,0,0
25501,5709,2,31,19,4,1,NA,1938,0,10,0,0,0,0,0,0,1,0,0,0,0
25516,1229,2,18,24,5,1,NA,1178,0,8,0,0,0,0,0,0,0,0,1,0,0
25569,11108,2,35,12,5,1,NA,1093,0,1,0,0,0,0,0,1,0,0,0,0,0
25621,10188,2,40,15,6,1,NA,1788,0,5,0,0,0,0,0,0,0,1,0,0,0
25655,58,2,45,19,4,1,NA,1754,0,10,0,0,0,0,0,0,1,0,0,0,0
25668,10045,2,39,22,1,1,NA,1040,1,8,0,0,0,0,0,0,0,0,1,0,0
25670,6766,2,40,20,5,1,NA,1499,0,7,0,0,1,0,0,0,0,0,0,0,0
25728,2104,2,38,9,4,1,NA,926,0,6,0,0,0,1,0,0,0,0,0,0,0
25734,4356,2,42,17,1,1,NA,1630,1,4,1,0,0,0,0,0,0,0,0,0,0
25777,2852,2,49,16,4,1,NA,1538,0,11,0,0,0,0,0,0,0,0,0,0,1
25813,2304,2,29,21,3,1,NA,1555,0,9,0,0,0,0,0,0,0,0,0,1,0
25837,5432,2,60,18,2,0,NA,1105,0,3,0,1,0,0,0,0,0,0,0,0,0
25847,7834,2,42,18,7,1,NA,1236,1,2,0,0,0,0,1,0,0,0,0,0,0
25863,3811,2,62,8,2,0,NA,1481,0,10,0,0,0,0,0,0,1,0,0,0,0
25880,2237,2,25,13,4,1,NA,3082,0,5,0,0,0,0,0,0,0,1,0,0,0
25910,971,2,30,19,2,1,NA,1114,0,5,0,0,0,0,0,0,0,1,0,0,0
25942,9160,2,26,20,1,1,NA,1219,1,2,0,0,0,0,1,0,0,0,0,0,0
25949,1257,2,41,28,6,1,NA,1558,0,2,0,0,0,0,1,0,0,0,0,0,0
25953,2908,2,47,28,5,1,NA,1400,0,1,0,0,0,0,0,1,0,0,0,0,0
25961,7889,2,19,20,2,1,NA,573,0,9,0,0,0,0,0,0,0,0,0,1,0
25968,204,2,40,12,5,1,NA,1136,0,1,0,0,0,0,0,1,0,0,0,0,0
26006,5298,2,60,23,6,0,NA,1038,0,4,1,0,0,0,0,0,0,0,0,0,0
26012,5609,2,58,20,1,0,NA,1459,1,2,0,0,0,0,1,0,0,0,0,0,0
26040,3748,2,35,16,5,1,NA,1159,0,8,0,0,0,0,0,0,0,0,1,0,0
26056,2143,2,18,25,1,1,NA,1537,1,7,0,0,1,0,0,0,0,0,0,0,0
26068,4403,2,51,6,1,0,NA,2816,1,3,0,1,0,0,0,0,0,0,0,0,0
26096,1995,2,42,10,3,1,NA,739,0,1,0,0,0,0,0,1,0,0,0,0,0
26157,8757,2,30,14,3,1,NA,690,0,4,1,0,0,0,0,0,0,0,0,0,0
26191,1473,2,72,22,3,0,NA,1428,0,7,0,0,1,0,0,0,0,0,0,0,0
26263,8429,2,45,21,2,1,NA,1732,0,1,0,0,0,0,0,1,0,0,0,0,0
26265,5894,2,47,18,2,1,NA,850,0,6,0,0,0,1,0,0,0,0,0,0,0
26321,6665,2,43,22,3,1,NA,1770,0,7,0,0,1,0,0,0,0,0,0,0,0
26352,3357,2,43,24,5,1,NA,1937,0,4,1,0,0,0,0,0,0,0,0,0,0
26407,3847,2,68,23,4,0,NA,717,0,7,0,0,1,0,0,0,0,0,0,0,0
26423,4632,2,90,27,3,0,NA,2373,0,7,0,0,1,0,0,0,0,0,0,0,0
26452,7191,2,47,26,4,1,NA,404,0,7,0,0,1,0,0,0,0,0,0,0,0
26509,6974,2,44,10,6,1,NA,970,0,9,0,0,0,0,0,0,0,0,0,1,0
26551,8707,2,18,17,3,1,NA,997,0,1,0,0,0,0,0,1,0,0,0,0,0
26639,1493,2,36,26,7,1,NA,2301,1,4,1,0,0,0,0,0,0,0,0,0,0
26649,1762,2,48,17,5,1,NA,1117,0,11,0,0,0,0,0,0,0,0,0,0,1
26659,332,2,53,20,1,0,NA,1204,1,11,0,0,0,0,0,0,0,0,0,0,1
26715,7263,2,40,23,4,1,NA,834,0,8,0,0,0,0,0,0,0,0,1,0,0
26726,4751,2,27,17,2,1,NA,2077,0,10,0,0,0,0,0,0,1,0,0,0,0
26778,6110,2,20,21,2,1,NA,770,0,1,0,0,0,0,0,1,0,0,0,0,0
26796,5693,2,35,16,7,1,NA,1987,1,4,1,0,0,0,0,0,0,0,0,0,0
26817,10854,2,38,21,7,1,NA,1359,1,8,0,0,0,0,0,0,0,0,1,0,0
26827,5517,2,58,28,7,0,NA,1086,1,10,0,0,0,0,0,0,1,0,0,0,0
26847,2260,2,21,27,3,1,NA,1186,0,6,0,0,0,1,0,0,0,0,0,0,0
26909,3417,2,26,8,2,1,NA,825,0,10,0,0,0,0,0,0,1,0,0,0,0
26928,2691,2,40,21,7,1,NA,1895,1,8,0,0,0,0,0,0,0,0,1,0,0
27024,2056,2,43,15,6,1,NA,1294,0,5,0,0,0,0,0,0,0,1,0,0,0
27061,10431,2,37,18,7,1,NA,1356,1,9,0,0,0,0,0,0,0,0,0,1,0
27103,11541,2,18,16,4,1,NA,1648,0,11,0,0,0,0,0,0,0,0,0,0,1
27115,9664,2,42,30,1,1,NA,1216,1,2,0,0,0,0,1,0,0,0,0,0,0
27155,361,2,29,18,3,1,NA,1489,0,7,0,0,1,0,0,0,0,0,0,0,0
27162,3830,2,27,16,5,1,NA,1526,0,8,0,0,0,0,0,0,0,0,1,0,0
27399,8842,2,38,18,7,1,NA,2090,1,9,0,0,0,0,0,0,0,0,0,1,0
27401,9756,2,47,23,6,1,NA,1610,0,4,1,0,0,0,0,0,0,0,0,0,0
27410,11600,2,40,22,3,1,NA,2390,0,8,0,0,0,0,0,0,0,0,1,0,0
27435,2342,2,26,19,2,1,NA,2315,0,5,0,0,0,0,0,0,0,1,0,0,0
27465,1578,2,42,16,7,1,NA,1013,1,5,0,0,0,0,0,0,0,1,0,0,0
27496,5279,2,59,20,1,0,NA,1247,1,2,0,0,0,0,1,0,0,0,0,0,0
27515,181,2,74,18,4,0,NA,840,0,6,0,0,0,1,0,0,0,0,0,0,0
27538,4023,2,52,18,4,0,NA,1244,0,6,0,0,0,1,0,0,0,0,0,0,0
27539,1096,2,55,22,3,0,NA,1515,0,7,0,0,1,0,0,0,0,0,0,0,0
27548,583,2,46,6,1,1,NA,3360,1,3,0,1,0,0,0,0,0,0,0,0,0
27572,228,2,33,13,4,1,NA,2044,0,5,0,0,0,0,0,0,0,1,0,0,0
27580,2966,2,42,18,2,1,NA,866,0,3,0,1,0,0,0,0,0,0,0,0,0
27596,533,2,30,18,7,1,NA,2969,1,9,0,0,0,0,0,0,0,0,0,1,0
27616,2556,2,43,15,4,1,NA,1672,0,8,0,0,0,0,0,0,0,0,1,0,0
27647,4393,2,47,5,6,1,NA,1748,0,6,0,0,0,1,0,0,0,0,0,0,0
27663,4712,2,29,15,5,1,NA,1640,0,1,0,0,0,0,0,1,0,0,0,0,0
27733,6637,2,65,15,3,0,NA,990,0,11,0,0,0,0,0,0,0,0,0,0,1
27749,4821,2,20,18,4,1,NA,870,0,6,0,0,0,1,0,0,0,0,0,0,0
27751,926,2,48,12,4,1,NA,1078,0,10,0,0,0,0,0,0,1,0,0,0,0
27811,4751,2,50,17,2,0,NA,1917,0,10,0,0,0,0,0,0,1,0,0,0,0
27819,9707,2,18,11,4,1,NA,1941,0,10,0,0,0,0,0,0,1,0,0,0,0
27849,8063,2,50,5,7,0,NA,1833,1,3,0,1,0,0,0,0,0,0,0,0,0
27872,11525,2,72,18,3,0,NA,1471,0,7,0,0,1,0,0,0,0,0,0,0,0
27891,993,2,45,18,2,1,NA,1466,0,4,1,0,0,0,0,0,0,0,0,0,0
27912,11387,2,47,20,5,1,NA,2186,0,10,0,0,0,0,0,0,1,0,0,0,0
27932,4487,2,19,21,7,1,NA,821,1,8,0,0,0,0,0,0,0,0,1,0,0
27944,1228,2,35,29,1,1,NA,1140,1,8,0,0,0,0,0,0,0,0,1,0,0
27947,10000,2,38,16,7,1,NA,2183,1,5,0,0,0,0,0,0,0,1,0,0,0
27948,832,2,38,20,4,1,NA,1465,0,9,0,0,0,0,0,0,0,0,0,1,0
27965,109,2,42,25,1,1,NA,1522,1,7,0,0,1,0,0,0,0,0,0,0,0
27967,7251,2,54,14,5,0,NA,2214,0,4,1,0,0,0,0,0,0,0,0,0,0
27979,1178,2,36,19,7,1,NA,1138,1,11,0,0,0,0,0,0,0,0,0,0,1
27992,4424,2,21,18,2,1,NA,921,0,4,1,0,0,0,0,0,0,0,0,0,0
28050,3175,2,27,26,2,1,NA,1541,0,6,0,0,0,1,0,0,0,0,0,0,0
28067,5873,2,61,3,5,0,NA,1666,0,3,0,1,0,0,0,0,0,0,0,0,0
28090,2631,2,44,20,1,1,NA,1403,1,11,0,0,0,0,0,0,0,0,0,0,1
28094,6205,2,65,18,4,0,NA,1470,0,6,0,0,0,1,0,0,0,0,0,0,0
28098,7117,2,28,22,5,1,NA,1229,0,6,0,0,0,1,0,0,0,0,0,0,0
28109,8842,2,18,18,7,1,NA,1749,1,9,0,0,0,0,0,0,0,0,0,1,0
28113,1893,2,73,16,1,0,NA,775,1,7,0,0,1,0,0,0,0,0,0,0,0
28160,1294,2,37,20,5,1,NA,1479,0,10,0,0,0,0,0,0,1,0,0,0,0
28167,8335,2,47,19,7,1,NA,1252,1,11,0,0,0,0,0,0,0,0,0,0,1
28179,2088,2,40,12,4,1,NA,1485,0,10,0,0,0,0,0,0,1,0,0,0,0
28233,6618,2,42,22,1,1,NA,2253,1,8,0,0,0,0,0,0,0,0,1,0,0
28253,1313,2,49,20,1,1,NA,1408,1,11,0,0,0,0,0,0,0,0,0,0,1
28258,11300,2,47,22,1,1,NA,1865,1,8,0,0,0,0,0,0,0,0,1,0,0
28317,6555,2,36,24,7,1,NA,1170,1,7,0,0,1,0,0,0,0,0,0,0,0
28341,9805,2,70,21,4,0,NA,1038,0,5,0,0,0,0,0,0,0,1,0,0,0
28367,2145,2,59,16,2,0,NA,901,0,6,0,0,0,1,0,0,0,0,0,0,0
28384,10317,2,46,15,3,1,NA,1906,0,11,0,0,0,0,0,0,0,0,0,0,1
28388,6639,2,60,18,6,0,NA,1083,0,11,0,0,0,0,0,0,0,0,0,0,1
28403,2458,2,58,14,3,0,NA,853,0,4,1,0,0,0,0,0,0,0,0,0,0
28404,10418,2,69,25,6,0,NA,1602,0,4,1,0,0,0,0,0,0,0,0,0,0
28423,953,2,40,7,2,1,NA,1608,0,3,0,1,0,0,0,0,0,0,0,0,0
28459,4692,2,39,15,3,1,NA,1085,0,3,0,1,0,0,0,0,0,0,0,0,0
28479,8974,2,23,26,3,1,NA,1149,0,1,0,0,0,0,0,1,0,0,0,0,0
28480,5625,2,67,6,1,0,NA,1345,1,3,0,1,0,0,0,0,0,0,0,0,0
28490,5554,2,29,21,6,1,NA,2236,0,10,0,0,0,0,0,0,1,0,0,0,0
28497,2436,2,70,24,7,0,NA,1554,1,7,0,0,1,0,0,0,0,0,0,0,0
28510,6078,2,39,19,6,1,NA,679,0,11,0,0,0,0,0,0,0,0,0,0,1
28583,7119,2,50,18,6,0,NA,1417,0,2,0,0,0,0,1,0,0,0,0,0,0
28669,1869,2,72,21,6,0,NA,1837,0,10,0,0,0,0,0,0,1,0,0,0,0
28692,3123,2,47,27,4,1,NA,1711,0,1,0,0,0,0,0,1,0,0,0,0,0
28699,1414,2,25,19,1,1,NA,1604,1,2,0,0,0,0,1,0,0,0,0,0,0
28726,10694,2,41,4,5,1,NA,1294,0,6,0,0,0,1,0,0,0,0,0,0,0
28750,11689,2,50,5,6,0,NA,2579,0,6,0,0,0,1,0,0,0,0,0,0,0
28762,4552,2,53,5,6,0,NA,1895,0,6,0,0,0,1,0,0,0,0,0,0,0
28775,5419,2,60,29,1,0,NA,1219,1,8,0,0,0,0,0,0,0,0,1,0,0
28779,4984,2,64,15,6,0,NA,1166,0,4,1,0,0,0,0,0,0,0,0,0,0
28799,6223,2,52,19,7,0,NA,1198,1,11,0,0,0,0,0,0,0,0,0,0,1
28824,1995,2,21,10,3,1,NA,601,0,1,0,0,0,0,0,1,0,0,0,0,0
28838,2402,2,24,8,2,1,NA,1203,0,10,0,0,0,0,0,0,1,0,0,0,0
28842,7249,2,20,22,3,1,NA,2330,0,8,0,0,0,0,0,0,0,0,1,0,0
28856,6468,2,46,20,2,1,NA,896,0,2,0,0,0,0,1,0,0,0,0,0,0
28872,3555,2,75,3,5,0,NA,1691,0,3,0,1,0,0,0,0,0,0,0,0,0
28879,5693,2,60,16,7,0,NA,1237,1,4,1,0,0,0,0,0,0,0,0,0,0
28893,912,2,42,18,2,1,NA,2244,0,4,1,0,0,0,0,0,0,0,0,0,0
28999,2030,2,40,10,5,1,NA,1422,0,10,0,0,0,0,0,0,1,0,0,0,0
29104,8130,2,47,28,5,1,NA,751,0,1,0,0,0,0,0,1,0,0,0,0,0
29153,5640,2,51,19,3,0,NA,1046,0,6,0,0,0,1,0,0,0,0,0,0,0
29162,9521,2,44,27,3,1,NA,1540,0,7,0,0,1,0,0,0,0,0,0,0,0
29179,6890,2,46,24,5,1,NA,3171,0,4,1,0,0,0,0,0,0,0,0,0,0
29182,2252,2,42,23,3,1,NA,507,0,11,0,0,0,0,0,0,0,0,0,0,1
29190,2525,2,72,18,7,0,NA,592,1,8,0,0,0,0,0,0,0,0,1,0,0
29203,2694,2,58,9,2,0,NA,1297,0,1,0,0,0,0,0,1,0,0,0,0,0
29205,7540,2,47,14,3,1,NA,1818,0,3,0,1,0,0,0,0,0,0,0,0,0
29206,11366,2,48,17,5,1,NA,1966,0,3,0,1,0,0,0,0,0,0,0,0,0
29283,1121,2,26,11,5,1,NA,1032,0,10,0,0,0,0,0,0,1,0,0,0,0
29404,8649,2,49,26,3,1,NA,1332,0,1,0,0,0,0,0,1,0,0,0,0,0
29429,2671,2,36,24,4,1,NA,1162,0,11,0,0,0,0,0,0,0,0,0,0,1
29460,6391,2,22,22,7,1,NA,751,1,7,0,0,1,0,0,0,0,0,0,0,0
29461,2060,2,52,21,2,0,NA,1661,0,1,0,0,0,0,0,1,0,0,0,0,0
29470,6152,2,51,17,5,0,NA,1591,0,3,0,1,0,0,0,0,0,0,0,0,0
29475,9498,2,54,11,6,0,NA,872,0,10,0,0,0,0,0,0,1,0,0,0,0
29506,4844,2,50,20,4,0,NA,1396,0,1,0,0,0,0,0,1,0,0,0,0,0
29508,618,2,53,10,5,0,NA,1595,0,10,0,0,0,0,0,0,1,0,0,0,0
29537,11612,2,51,17,6,0,NA,1783,0,3,0,1,0,0,0,0,0,0,0,0,0
29555,9160,2,32,20,1,1,NA,1175,1,2,0,0,0,0,1,0,0,0,0,0,0
29577,8607,2,59,17,3,0,NA,999,0,1,0,0,0,0,0,1,0,0,0,0,0
29602,5604,2,49,14,3,1,NA,1697,0,3,0,1,0,0,0,0,0,0,0,0,0
29731,9807,2,21,15,3,1,NA,1150,0,11,0,0,0,0,0,0,0,0,0,0,1
29740,622,2,20,18,7,1,NA,658,1,8,0,0,0,0,0,0,0,0,1,0,0
29741,7599,2,42,22,1,1,NA,687,1,8,0,0,0,0,0,0,0,0,1,0,0
29760,8645,2,58,15,4,0,NA,950,0,3,0,1,0,0,0,0,0,0,0,0,0
29787,11689,2,27,5,6,1,NA,2242,0,6,0,0,0,1,0,0,0,0,0,0,0
29788,4763,2,33,12,3,1,NA,1239,0,1,0,0,0,0,0,1,0,0,0,0,0
29798,112,2,48,16,7,1,NA,1444,1,4,1,0,0,0,0,0,0,0,0,0,0
29802,2764,2,18,21,5,1,NA,1134,0,1,0,0,0,0,0,1,0,0,0,0,0
29817,3839,2,39,22,4,1,NA,1204,0,9,0,0,0,0,0,0,0,0,0,1,0
29836,2106,2,65,21,1,0,NA,1012,1,11,0,0,0,0,0,0,0,0,0,0,1
29856,9977,2,45,16,1,1,NA,1690,1,7,0,0,1,0,0,0,0,0,0,0,0
29933,309,2,19,17,7,1,NA,1645,1,5,0,0,0,0,0,0,0,1,0,0,0
29934,8657,2,80,24,3,0,NA,660,0,9,0,0,0,0,0,0,0,0,0,1,0
29939,6132,2,49,10,3,1,NA,949,0,1,0,0,0,0,0,1,0,0,0,0,0
29971,6324,2,38,19,6,1,NA,1573,0,11,0,0,0,0,0,0,0,0,0,0,1
29988,2486,2,41,10,5,1,NA,1864,0,6,0,0,0,1,0,0,0,0,0,0,0
29989,2024,2,55,12,3,0,NA,815,0,1,0,0,0,0,0,1,0,0,0,0,0
30077,1837,2,40,16,4,1,NA,1344,0,3,0,1,0,0,0,0,0,0,0,0,0
30097,5500,2,24,18,7,1,NA,1843,1,2,0,0,0,0,1,0,0,0,0,0,0
30108,7068,2,65,14,5,0,NA,917,0,1,0,0,0,0,0,1,0,0,0,0,0
30149,3774,2,55,18,3,0,NA,1135,0,7,0,0,1,0,0,0,0,0,0,0,0
30195,4969,2,61,17,7,0,NA,1452,1,5,0,0,0,0,0,0,0,1,0,0,0
30203,6246,2,49,11,2,1,NA,1286,0,1,0,0,0,0,0,1,0,0,0,0,0
30269,2252,2,21,23,3,1,NA,1053,0,11,0,0,0,0,0,0,0,0,0,0,1
30345,4240,2,35,21,1,1,NA,1043,1,11,0,0,0,0,0,0,0,0,0,0,1
30363,703,2,23,13,3,1,NA,1631,0,1,0,0,0,0,0,1,0,0,0,0,0
30418,3803,2,55,20,4,0,NA,1730,0,9,0,0,0,0,0,0,0,0,0,1,0
30447,4257,2,28,29,7,1,NA,1904,1,2,0,0,0,0,1,0,0,0,0,0,0
30477,7453,2,63,10,3,0,NA,1287,0,1,0,0,0,0,0,1,0,0,0,0,0
30500,10461,2,37,25,2,1,NA,1438,0,1,0,0,0,0,0,1,0,0,0,0,0
30506,5223,2,27,14,5,1,NA,2023,0,5,0,0,0,0,0,0,0,1,0,0,0
30534,7520,2,24,25,4,1,NA,1835,0,9,0,0,0,0,0,0,0,0,0,1,0
30587,9186,2,27,16,7,1,NA,1691,1,5,0,0,0,0,0,0,0,1,0,0,0
30621,4972,2,42,26,2,1,NA,1418,0,6,0,0,0,1,0,0,0,0,0,0,0
30648,6288,2,53,9,4,0,NA,1360,0,6,0,0,0,1,0,0,0,0,0,0,0
30649,2516,2,28,18,4,1,NA,1524,0,6,0,0,0,1,0,0,0,0,0,0,0
30676,8911,2,36,15,4,1,NA,1078,0,8,0,0,0,0,0,0,0,0,1,0,0
30685,9597,2,40,18,2,1,NA,735,0,6,0,0,0,1,0,0,0,0,0,0,0
30724,1647,2,34,20,2,1,NA,1027,0,9,0,0,0,0,0,0,0,0,0,1,0
30762,11759,2,45,18,6,1,NA,1132,0,2,0,0,0,0,1,0,0,0,0,0,0
30770,10426,2,24,8,3,1,NA,1038,0,10,0,0,0,0,0,0,1,0,0,0,0
30805,3183,2,50,8,3,0,NA,1354,0,10,0,0,0,0,0,0,1,0,0,0,0
30818,2096,2,27,22,4,1,NA,1084,0,9,0,0,0,0,0,0,0,0,0,1,0
30856,9666,2,74,26,4,0,NA,1056,0,10,0,0,0,0,0,0,1,0,0,0,0
30862,2453,2,37,9,2,1,NA,652,0,1,0,0,0,0,0,1,0,0,0,0,0
30870,7475,2,69,14,3,0,NA,470,0,4,1,0,0,0,0,0,0,0,0,0,0
30874,7116,2,62,22,7,0,NA,1220,1,7,0,0,1,0,0,0,0,0,0,0,0
30891,4024,2,37,12,4,1,NA,1251,0,10,0,0,0,0,0,0,1,0,0,0,0
30925,10520,2,45,8,3,1,NA,2113,0,10,0,0,0,0,0,0,1,0,0,0,0
30942,8705,2,40,16,4,1,NA,1756,0,3,0,1,0,0,0,0,0,0,0,0,0
30945,895,2,51,18,2,0,NA,1502,0,4,1,0,0,0,0,0,0,0,0,0,0
30959,10698,2,53,11,4,0,NA,2460,0,10,0,0,0,0,0,0,1,0,0,0,0
30972,10361,2,35,16,7,1,NA,1590,1,5,0,0,0,0,0,0,0,1,0,0,0
30988,6456,2,45,18,6,1,NA,1526,0,11,0,0,0,0,0,0,0,0,0,0,1
31025,234,2,58,8,2,0,NA,1024,0,10,0,0,0,0,0,0,1,0,0,0,0
31059,6922,2,39,15,3,1,NA,1302,0,3,0,1,0,0,0,0,0,0,0,0,0
31088,2643,2,35,17,5,1,NA,2591,0,3,0,1,0,0,0,0,0,0,0,0,0
31113,10646,2,42,8,3,1,NA,1836,0,6,0,0,0,1,0,0,0,0,0,0,0
31197,8168,2,36,25,2,1,NA,904,0,1,0,0,0,0,0,1,0,0,0,0,0
31230,11232,2,80,26,2,0,NA,1488,0,6,0,0,0,1,0,0,0,0,0,0,0
31250,1436,2,41,16,4,1,NA,2230,0,3,0,1,0,0,0,0,0,0,0,0,0
31304,1639,2,41,5,6,1,NA,2476,0,6,0,0,0,1,0,0,0,0,0,0,0
31311,9423,2,22,21,2,1,NA,1552,0,1,0,0,0,0,0,1,0,0,0,0,0
31370,10569,2,32,22,7,1,NA,1317,1,7,0,0,1,0,0,0,0,0,0,0,0
31379,710,2,40,17,7,1,NA,1653,1,5,0,0,0,0,0,0,0,1,0,0,0
31421,3333,2,50,2,4,0,NA,1477,0,2,0,0,0,0,1,0,0,0,0,0,0
31453,3164,2,37,8,3,1,NA,2579,0,3,0,1,0,0,0,0,0,0,0,0,0
31464,361,2,64,18,3,0,NA,1368,0,7,0,0,1,0,0,0,0,0,0,0,0
31478,3338,2,23,21,3,1,NA,1796,0,9,0,0,0,0,0,0,0,0,0,1,0
31508,3577,2,42,16,4,1,NA,1339,0,11,0,0,0,0,0,0,0,0,0,0,1
31516,2499,2,29,19,7,1,NA,1765,1,11,0,0,0,0,0,0,0,0,0,0,1
31526,6633,2,61,24,5,0,NA,1048,0,7,0,0,1,0,0,0,0,0,0,0,0
31554,6961,2,60,16,2,0,NA,1377,0,6,0,0,0,1,0,0,0,0,0,0,0
31638,1950,2,37,19,2,1,NA,1967,0,5,0,0,0,0,0,0,0,1,0,0,0
31642,4790,2,19,8,2,1,NA,919,0,10,0,0,0,0,0,0,1,0,0,0,0
31659,7632,2,26,4,5,1,NA,1469,0,6,0,0,0,1,0,0,0,0,0,0,0
31660,6249,2,45,13,3,1,NA,1254,0,1,0,0,0,0,0,1,0,0,0,0,0
31675,11576,2,56,20,2,0,NA,836,0,9,0,0,0,0,0,0,0,0,0,1,0
31687,2088,2,24,12,4,1,NA,1131,0,10,0,0,0,0,0,0,1,0,0,0,0
31694,970,2,22,20,2,1,NA,1411,0,2,0,0,0,0,1,0,0,0,0,0,0
31715,9328,2,49,26,7,1,NA,1756,1,4,1,0,0,0,0,0,0,0,0,0,0
31744,1765,2,42,16,5,1,NA,1087,0,4,1,0,0,0,0,0,0,0,0,0,0
31750,3197,2,36,25,2,1,NA,1442,0,1,0,0,0,0,0,1,0,0,0,0,0
31760,5717,2,29,26,2,1,NA,1447,0,6,0,0,0,1,0,0,0,0,0,0,0
31789,9372,2,64,9,2,0,NA,267,0,1,0,0,0,0,0,1,0,0,0,0,0
31892,2677,2,20,25,1,1,NA,1934,1,7,0,0,1,0,0,0,0,0,0,0,0
31904,5927,2,32,20,2,1,NA,1058,0,9,0,0,0,0,0,0,0,0,0,1,0
31919,11218,2,34,9,2,1,NA,577,0,1,0,0,0,0,0,1,0,0,0,0,0
31929,1975,2,19,26,3,1,NA,1130,0,1,0,0,0,0,0,1,0,0,0,0,0
31969,6861,2,60,22,1,0,NA,912,1,8,0,0,0,0,0,0,0,0,1,0,0
31993,10677,2,20,20,2,1,NA,768,0,9,0,0,0,0,0,0,0,0,0,1,0
32062,4630,2,52,25,1,0,NA,1491,1,7,0,0,1,0,0,0,0,0,0,0,0
32068,10536,2,33,11,6,1,NA,1776,0,10,0,0,0,0,0,0,1,0,0,0,0
32074,8430,2,58,26,4,0,NA,1864,0,10,0,0,0,0,0,0,1,0,0,0,0
32100,971,2,28,19,2,1,NA,1802,0,5,0,0,0,0,0,0,0,1,0,0,0
32118,11617,2,62,16,4,0,NA,1149,0,11,0,0,0,0,0,0,0,0,0,0,1
32121,11259,2,24,8,3,1,NA,1553,0,6,0,0,0,1,0,0,0,0,0,0,0
32127,8595,2,50,20,5,0,NA,1092,0,7,0,0,1,0,0,0,0,0,0,0,0
32129,6562,2,32,29,1,1,NA,681,1,8,0,0,0,0,0,0,0,0,1,0,0
32137,4246,2,36,16,5,1,NA,1556,0,8,0,0,0,0,0,0,0,0,1,0,0
32153,6171,2,45,4,5,1,NA,1261,0,6,0,0,0,1,0,0,0,0,0,0,0
32197,409,2,20,21,3,1,NA,1587,0,9,0,0,0,0,0,0,0,0,0,1,0
32213,2921,2,36,26,2,1,NA,1931,0,6,0,0,0,1,0,0,0,0,0,0,0
32233,2841,2,28,12,1,1,NA,782,1,8,0,0,0,0,0,0,0,0,1,0,0
32243,462,2,27,19,1,1,NA,2168,1,9,0,0,0,0,0,0,0,0,0,1,0
32282,3338,2,70,21,3,0,NA,1899,0,9,0,0,0,0,0,0,0,0,0,1,0
32327,1229,2,31,24,5,1,NA,1331,0,8,0,0,0,0,0,0,0,0,1,0,0
32341,4707,2,29,20,1,1,NA,1192,1,11,0,0,0,0,0,0,0,0,0,0,1
32346,3841,2,49,13,4,1,NA,1085,0,5,0,0,0,0,0,0,0,1,0,0,0
32352,8657,2,38,24,3,1,NA,1385,0,9,0,0,0,0,0,0,0,0,0,1,0
32390,8008,2,21,2,4,1,NA,2816,0,2,0,0,0,0,1,0,0,0,0,0,0
32396,2797,2,55,29,1,0,NA,1170,1,8,0,0,0,0,0,0,0,0,1,0,0
32453,2448,2,56,20,2,0,NA,2566,0,9,0,0,0,0,0,0,0,0,0,1,0
32527,3350,2,64,14,6,0,NA,943,0,10,0,0,0,0,0,0,1,0,0,0,0
32570,2274,2,40,28,6,1,NA,2569,0,2,0,0,0,0,1,0,0,0,0,0,0
32602,721,2,59,29,3,0,NA,1861,0,11,0,0,0,0,0,0,0,0,0,0,1
32612,11108,2,58,12,5,0,NA,899,0,1,0,0,0,0,0,1,0,0,0,0,0
32616,10689,2,58,17,7,0,NA,1648,1,5,0,0,0,0,0,0,0,1,0,0,0
32674,74,2,29,18,3,1,NA,2150,0,10,0,0,0,0,0,0,1,0,0,0,0
32675,11834,2,49,10,6,1,NA,477,0,9,0,0,0,0,0,0,0,0,0,1,0
32690,7692,2,65,17,6,0,NA,1304,0,3,0,1,0,0,0,0,0,0,0,0,0
32717,7992,2,45,18,2,1,NA,1233,0,8,0,0,0,0,0,0,0,0,1,0,0
32740,10836,2,54,8,3,0,NA,876,0,10,0,0,0,0,0,0,1,0,0,0,0
32744,10210,2,53,18,2,0,NA,1761,0,4,1,0,0,0,0,0,0,0,0,0,0
32795,7249,2,26,22,3,1,NA,2431,0,8,0,0,0,0,0,0,0,0,1,0,0
32805,2229,2,38,20,2,1,NA,1655,0,2,0,0,0,0,1,0,0,0,0,0,0
32815,9558,2,50,19,7,0,NA,1242,1,11,0,0,0,0,0,0,0,0,0,0,1
32872,2213,2,45,11,4,1,NA,1969,0,10,0,0,0,0,0,0,1,0,0,0,0
32883,8062,2,42,10,5,1,NA,1665,0,6,0,0,0,1,0,0,0,0,0,0,0
32884,9379,2,32,16,2,1,NA,1846,0,6,0,0,0,1,0,0,0,0,0,0,0
32915,9423,2,50,21,2,0,NA,1968,0,1,0,0,0,0,0,1,0,0,0,0,0
32965,1534,2,54,21,1,0,NA,947,1,11,0,0,0,0,0,0,0,0,0,0,1
32966,10880,2,41,19,7,1,NA,1809,1,11,0,0,0,0,0,0,0,0,0,0,1
32984,9728,2,43,6,1,1,NA,1445,1,3,0,1,0,0,0,0,0,0,0,0,0
32985,9666,2,52,26,4,0,NA,1326,0,10,0,0,0,0,0,0,1,0,0,0,0
33031,7424,2,35,13,4,1,NA,1504,0,5,0,0,0,0,0,0,0,1,0,0,0
33057,364,2,60,12,4,0,NA,970,0,10,0,0,0,0,0,0,1,0,0,0,0
33105,10525,2,61,28,6,0,NA,958,0,2,0,0,0,0,1,0,0,0,0,0,0
33136,6609,2,43,16,5,1,NA,1486,0,8,0,0,0,0,0,0,0,0,1,0,0
33144,11392,2,40,9,4,1,NA,1307,0,6,0,0,0,1,0,0,0,0,0,0,0
33156,554,2,57,18,2,0,NA,760,0,8,0,0,0,0,0,0,0,0,1,0,0
33164,8444,2,52,30,1,0,NA,1302,1,2,0,0,0,0,1,0,0,0,0,0,0
33190,6637,2,38,15,3,1,NA,729,0,11,0,0,0,0,0,0,0,0,0,0,1
33213,4791,2,74,16,6,0,NA,1211,0,5,0,0,0,0,0,0,0,1,0,0,0
33222,3834,2,32,9,2,1,NA,1168,0,1,0,0,0,0,0,1,0,0,0,0,0
33233,6751,2,41,27,1,1,NA,2874,1,4,1,0,0,0,0,0,0,0,0,0,0
33311,640,2,42,27,1,1,NA,1365,1,4,1,0,0,0,0,0,0,0,0,0,0
33387,8963,2,40,16,4,1,NA,825,0,11,0,0,0,0,0,0,0,0,0,0,1
33435,10787,2,70,20,2,0,NA,952,0,2,0,0,0,0,1,0,0,0,0,0,0
33442,2993,2,60,21,4,0,NA,650,0,5,0,0,0,0,0,0,0,1,0,0,0
33528,1023,2,54,24,5,0,NA,903,0,7,0,0,1,0,0,0,0,0,0,0,0
33529,8996,2,33,21,7,1,NA,674,1,8,0,0,0,0,0,0,0,0,1,0,0
33551,880,2,77,20,1,0,NA,1315,1,11,0,0,0,0,0,0,0,0,0,0,1
33562,8703,2,53,16,5,0,NA,979,0,3,0,1,0,0,0,0,0,0,0,0,0
33583,11809,2,55,10,5,0,NA,692,0,10,0,0,0,0,0,0,1,0,0,0,0
33593,11630,2,50,21,3,0,NA,1726,0,9,0,0,0,0,0,0,0,0,0,1,0
33596,656,2,25,27,1,1,NA,2453,1,4,1,0,0,0,0,0,0,0,0,0,0
33598,4255,2,44,16,2,1,NA,1092,0,6,0,0,0,1,0,0,0,0,0,0,0
33621,554,2,34,18,2,1,NA,1691,0,8,0,0,0,0,0,0,0,0,1,0,0
33655,1023,2,55,24,5,0,NA,1866,0,7,0,0,1,0,0,0,0,0,0,0,0
33674,9046,2,22,18,7,1,NA,1344,1,9,0,0,0,0,0,0,0,0,0,1,0
33675,9753,2,48,22,5,1,NA,1071,0,6,0,0,0,1,0,0,0,0,0,0,0
33702,6423,2,48,8,3,1,NA,1504,0,10,0,0,0,0,0,0,1,0,0,0,0
33708,6211,2,43,6,1,1,NA,1390,1,3,0,1,0,0,0,0,0,0,0,0,0
33778,8723,2,47,12,1,1,NA,767,1,8,0,0,0,0,0,0,0,0,1,0,0
33803,7306,2,21,23,4,1,NA,1683,0,8,0,0,0,0,0,0,0,0,1,0,0
33808,3932,2,38,26,3,1,NA,1525,0,1,0,0,0,0,0,1,0,0,0,0,0
33846,6599,2,23,13,3,1,NA,1472,0,1,0,0,0,0,0,1,0,0,0,0,0
33847,9599,2,50,19,1,0,NA,1947,1,9,0,0,0,0,0,0,0,0,0,1,0
33854,5818,2,40,11,4,1,NA,1254,0,1,0,0,0,0,0,1,0,0,0,0,0
33875,6576,2,57,19,7,0,NA,883,1,11,0,0,0,0,0,0,0,0,0,0,1
33883,8595,2,23,20,5,1,NA,972,0,7,0,0,1,0,0,0,0,0,0,0,0
33898,3868,2,52,20,4,0,NA,1643,0,9,0,0,0,0,0,0,0,0,0,1,0
33947,4741,2,40,9,4,1,NA,1130,0,6,0,0,0,1,0,0,0,0,0,0,0
33958,5994,2,76,19,6,0,NA,643,0,11,0,0,0,0,0,0,0,0,0,0,1
33964,8696,2,33,23,6,1,NA,2707,0,4,1,0,0,0,0,0,0,0,0,0,0
33999,2087,2,43,21,6,1,NA,1613,0,10,0,0,0,0,0,0,1,0,0,0,0
34041,8244,2,83,16,7,0,NA,1352,1,4,1,0,0,0,0,0,0,0,0,0,0
34050,4853,2,21,17,5,1,NA,825,0,11,0,0,0,0,0,0,0,0,0,0,1
34076,9659,2,74,16,5,0,NA,930,0,3,0,1,0,0,0,0,0,0,0,0,0
34095,2166,2,38,18,2,1,NA,1118,0,8,0,0,0,0,0,0,0,0,1,0,0
34119,8179,2,68,13,6,0,NA,1118,0,10,0,0,0,0,0,0,1,0,0,0,0
34147,7637,2,27,25,3,1,NA,1795,0,10,0,0,0,0,0,0,1,0,0,0,0
34151,7279,2,65,15,4,0,NA,499,0,8,0,0,0,0,0,0,0,0,1,0,0
34190,2033,2,58,21,6,0,NA,1838,0,10,0,0,0,0,0,0,1,0,0,0,0
34193,2190,2,39,23,4,1,NA,1857,0,7,0,0,1,0,0,0,0,0,0,0,0
34198,6350,2,41,18,3,1,NA,875,0,7,0,0,1,0,0,0,0,0,0,0,0
34201,1023,2,32,24,5,1,NA,1487,0,7,0,0,1,0,0,0,0,0,0,0,0
34208,11443,2,19,22,4,1,NA,980,0,9,0,0,0,0,0,0,0,0,0,1,0
34218,5140,2,57,16,4,0,NA,1451,0,3,0,1,0,0,0,0,0,0,0,0,0
34225,9393,2,23,18,7,1,NA,1847,1,8,0,0,0,0,0,0,0,0,1,0,0
34234,4953,2,43,10,3,1,NA,1087,0,1,0,0,0,0,0,1,0,0,0,0,0
34254,10153,2,63,15,4,0,NA,1373,0,3,0,1,0,0,0,0,0,0,0,0,0
34288,8688,2,34,21,4,1,NA,1459,0,5,0,0,0,0,0,0,0,1,0,0,0
34344,2764,2,40,21,5,1,NA,1358,0,1,0,0,0,0,0,1,0,0,0,0,0
34354,10536,2,75,11,6,0,NA,1280,0,10,0,0,0,0,0,0,1,0,0,0,0
34363,656,2,49,27,1,1,NA,2078,1,4,1,0,0,0,0,0,0,0,0,0,0
34365,1471,2,52,23,4,0,NA,1910,0,8,0,0,0,0,0,0,0,0,1,0,0
34370,5829,2,29,3,5,1,NA,1818,0,3,0,1,0,0,0,0,0,0,0,0,0
34381,10742,2,25,20,1,1,NA,1275,1,2,0,0,0,0,1,0,0,0,0,0,0
34451,3834,2,52,9,2,0,NA,1202,0,1,0,0,0,0,0,1,0,0,0,0,0
34541,3811,2,30,8,2,1,NA,1386,0,10,0,0,0,0,0,0,1,0,0,0,0
34572,9685,2,60,16,6,0,NA,801,0,5,0,0,0,0,0,0,0,1,0,0,0
34589,5006,2,58,17,5,0,NA,1200,0,11,0,0,0,0,0,0,0,0,0,0,1
34600,9660,2,41,20,1,1,NA,1812,1,11,0,0,0,0,0,0,0,0,0,0,1
34606,4255,2,22,16,2,1,NA,1085,0,6,0,0,0,1,0,0,0,0,0,0,0
34656,3879,2,46,24,5,1,NA,1344,0,7,0,0,1,0,0,0,0,0,0,0,0
34657,8236,2,30,17,7,1,NA,1211,1,5,0,0,0,0,0,0,0,1,0,0,0
34662,8503,2,27,21,4,1,NA,1756,0,5,0,0,0,0,0,0,0,1,0,0,0
34666,10629,2,27,21,4,1,NA,1553,0,5,0,0,0,0,0,0,0,1,0,0,0
34705,7867,2,55,19,1,0,NA,1260,1,9,0,0,0,0,0,0,0,0,0,1,0
34717,647,2,75,18,3,0,NA,995,0,7,0,0,1,0,0,0,0,0,0,0,0
34731,331,2,58,20,2,0,NA,1426,0,2,0,0,0,0,1,0,0,0,0,0,0
34757,2023,2,41,29,7,1,NA,1142,1,2,0,0,0,0,1,0,0,0,0,0,0
34788,9160,2,26,20,1,1,NA,1095,1,2,0,0,0,0,1,0,0,0,0,0,0
34816,626,2,47,14,3,1,NA,1363,0,3,0,1,0,0,0,0,0,0,0,0,0
34842,6274,2,43,5,7,1,NA,2084,1,3,0,1,0,0,0,0,0,0,0,0,0
34889,9046,2,18,18,7,1,NA,1324,1,9,0,0,0,0,0,0,0,0,0,1,0
34896,776,2,38,8,2,1,NA,1603,0,10,0,0,0,0,0,0,1,0,0,0,0
34911,5849,2,26,19,1,1,NA,1121,1,9,0,0,0,0,0,0,0,0,0,1,0
34919,1327,2,35,17,5,1,NA,2406,0,3,0,1,0,0,0,0,0,0,0,0,0
34939,3044,2,51,18,4,0,NA,1203,0,6,0,0,0,1,0,0,0,0,0,0,0
34967,149,2,35,28,6,1,NA,2365,0,2,0,0,0,0,1,0,0,0,0,0,0
34986,1630,2,61,10,6,0,NA,946,0,9,0,0,0,0,0,0,0,0,0,1,0
34991,6266,2,30,14,6,1,NA,1649,0,10,0,0,0,0,0,0,1,0,0,0,0
35001,8296,2,72,17,5,0,NA,754,0,11,0,0,0,0,0,0,0,0,0,0,1
35007,10995,2,57,15,3,0,NA,1342,0,11,0,0,0,0,0,0,0,0,0,0,1
35029,9062,2,45,27,4,1,NA,1534,0,1,0,0,0,0,0,1,0,0,0,0,0
35069,3808,2,28,20,2,1,NA,1354,0,9,0,0,0,0,0,0,0,0,0,1,0
35070,11765,2,35,18,7,1,NA,1052,1,2,0,0,0,0,1,0,0,0,0,0,0
35076,6106,2,65,9,4,0,NA,888,0,6,0,0,0,1,0,0,0,0,0,0,0
35103,8824,2,58,29,3,0,NA,482,0,11,0,0,0,0,0,0,0,0,0,0,1
35184,3524,2,51,13,4,0,NA,2044,0,5,0,0,0,0,0,0,0,1,0,0,0
35262,2142,2,49,20,1,1,NA,1389,1,11,0,0,0,0,0,0,0,0,0,0,1
35268,2252,2,24,23,3,1,NA,1065,0,11,0,0,0,0,0,0,0,0,0,0,1
35272,7764,2,33,18,2,1,NA,1538,0,8,0,0,0,0,0,0,0,0,1,0,0
35302,3416,2,24,17,1,1,NA,819,1,4,1,0,0,0,0,0,0,0,0,0,0
35321,9207,2,68,22,3,0,NA,1123,0,7,0,0,1,0,0,0,0,0,0,0,0
35365,1071,2,34,22,7,1,NA,1250,1,7,0,0,1,0,0,0,0,0,0,0,0
35378,6876,2,25,20,1,1,NA,2269,1,2,0,0,0,0,1,0,0,0,0,0,0
35386,9379,2,56,16,2,0,NA,1067,0,6,0,0,0,1,0,0,0,0,0,0,0
35397,5415,2,73,4,5,0,NA,1740,0,6,0,0,0,1,0,0,0,0,0,0,0
35405,10109,2,33,13,4,1,NA,2066,0,5,0,0,0,0,0,0,0,1,0,0,0
35419,4105,2,40,19,7,1,NA,1969,1,2,0,0,0,0,1,0,0,0,0,0,0
35427,1687,2,49,10,3,1,NA,1338,0,1,0,0,0,0,0,1,0,0,0,0,0
35500,7346,2,24,24,5,1,NA,3004,0,4,1,0,0,0,0,0,0,0,0,0,0
35501,3740,2,45,30,1,1,NA,1569,1,2,0,0,0,0,1,0,0,0,0,0,0
35548,8312,2,36,30,1,1,NA,2018,1,2,0,0,0,0,1,0,0,0,0,0,0
35556,6326,2,42,3,5,1,NA,1702,0,3,0,1,0,0,0,0,0,0,0,0,0
35570,11282,2,85,20,5,0,NA,832,0,7,0,0,1,0,0,0,0,0,0,0,0
35581,7349,2,39,28,7,1,NA,1270,1,10,0,0,0,0,0,0,1,0,0,0,0
35592,11867,2,45,9,2,1,NA,940,0,1,0,0,0,0,0,1,0,0,0,0,0
35628,6361,2,85,16,5,0,NA,2817,0,3,0,1,0,0,0,0,0,0,0,0,0
35639,3510,2,51,24,5,0,NA,2070,0,4,1,0,0,0,0,0,0,0,0,0,0
35719,9805,2,45,21,4,1,NA,1264,0,5,0,0,0,0,0,0,0,1,0,0,0
35725,2404,2,29,13,3,1,NA,1667,0,1,0,0,0,0,0,1,0,0,0,0,0
35787,97,2,25,2,4,1,NA,1091,0,2,0,0,0,0,1,0,0,0,0,0,0
35815,840,2,29,17,5,1,NA,1754,0,11,0,0,0,0,0,0,0,0,0,0,1
35817,4396,2,55,26,7,0,NA,530,1,4,1,0,0,0,0,0,0,0,0,0,0
35824,9422,2,55,16,4,0,NA,865,0,11,0,0,0,0,0,0,0,0,0,0,1
35862,5423,2,50,2,4,0,NA,2087,0,2,0,0,0,0,1,0,0,0,0,0,0
35893,383,2,29,12,1,1,NA,766,1,8,0,0,0,0,0,0,0,0,1,0,0
35922,5752,2,38,17,3,1,NA,1521,0,1,0,0,0,0,0,1,0,0,0,0,0
35942,10383,2,45,21,7,1,NA,1673,1,8,0,0,0,0,0,0,0,0,1,0,0
35979,3168,2,19,7,2,1,NA,1900,0,3,0,1,0,0,0,0,0,0,0,0,0
36030,3050,2,33,15,3,1,NA,1057,0,11,0,0,0,0,0,0,0,0,0,0,1
36033,9419,2,39,27,3,1,NA,1933,0,6,0,0,0,1,0,0,0,0,0,0,0
36045,8840,2,19,7,2,1,NA,1252,0,3,0,1,0,0,0,0,0,0,0,0,0
36050,11312,2,29,22,5,1,NA,1884,0,6,0,0,0,1,0,0,0,0,0,0,0
36059,7368,2,60,15,3,0,NA,1868,0,3,0,1,0,0,0,0,0,0,0,0,0
36089,11135,2,45,18,4,1,NA,712,0,6,0,0,0,1,0,0,0,0,0,0,0
36095,1563,2,34,26,7,1,NA,1787,1,4,1,0,0,0,0,0,0,0,0,0,0
36113,8154,2,62,23,6,0,NA,2210,0,4,1,0,0,0,0,0,0,0,0,0,0
36146,1979,2,35,25,1,1,NA,1637,1,7,0,0,1,0,0,0,0,0,0,0,0
36155,7179,2,40,20,1,1,NA,2458,1,2,0,0,0,0,1,0,0,0,0,0,0
36157,7897,2,55,12,5,0,NA,1128,0,10,0,0,0,0,0,0,1,0,0,0,0
36187,7043,2,55,29,1,0,NA,1068,1,8,0,0,0,0,0,0,0,0,1,0,0
36287,4586,2,40,21,1,1,NA,990,1,11,0,0,0,0,0,0,0,0,0,0,1
36319,5825,2,44,18,3,1,NA,1910,0,7,0,0,1,0,0,0,0,0,0,0,0
36322,7239,2,54,18,4,0,NA,1432,0,1,0,0,0,0,0,1,0,0,0,0,0
36332,409,2,55,21,3,0,NA,1123,0,9,0,0,0,0,0,0,0,0,0,1,0
36354,1328,2,27,16,1,1,NA,988,1,7,0,0,1,0,0,0,0,0,0,0,0
36370,1158,2,19,17,5,1,NA,886,0,11,0,0,0,0,0,0,0,0,0,0,1
36411,2769,2,35,21,3,1,NA,3220,0,9,0,0,0,0,0,0,0,0,0,1,0
36420,5799,2,26,21,6,1,NA,1699,0,10,0,0,0,0,0,0,1,0,0,0,0
36425,4944,2,47,21,5,1,NA,965,0,1,0,0,0,0,0,1,0,0,0,0,0
36458,6761,2,36,19,2,1,NA,1793,0,5,0,0,0,0,0,0,0,1,0,0,0
36460,8577,2,33,15,3,1,NA,946,0,11,0,0,0,0,0,0,0,0,0,0,1
36462,5178,2,60,18,4,0,NA,1310,0,6,0,0,0,1,0,0,0,0,0,0,0
36463,2253,2,47,15,3,1,NA,1297,0,11,0,0,0,0,0,0,0,0,0,0,1
36492,10559,2,48,25,3,1,NA,927,0,7,0,0,1,0,0,0,0,0,0,0,0
36539,4037,2,30,20,1,1,NA,1106,1,11,0,0,0,0,0,0,0,0,0,0,1
36551,11411,2,34,17,5,1,NA,2097,0,3,0,1,0,0,0,0,0,0,0,0,0
36624,2319,2,49,5,6,1,NA,1362,0,6,0,0,0,1,0,0,0,0,0,0,0
36627,1575,2,40,18,7,1,NA,2430,1,9,0,0,0,0,0,0,0,0,0,1,0
36643,11683,2,47,17,5,1,NA,1596,0,11,0,0,0,0,0,0,0,0,0,0,1
36644,8503,2,60,21,4,0,NA,1643,0,5,0,0,0,0,0,0,0,1,0,0,0
36664,840,2,63,17,5,0,NA,1835,0,11,0,0,0,0,0,0,0,0,0,0,1
36760,5090,2,32,19,3,1,NA,1341,0,6,0,0,0,1,0,0,0,0,0,0,0
36776,8110,2,46,18,3,1,NA,3182,0,10,0,0,0,0,0,0,1,0,0,0,0
36794,2359,2,53,15,6,0,NA,1800,0,5,0,0,0,0,0,0,0,1,0,0,0
36795,8917,2,45,22,5,1,NA,2033,0,6,0,0,0,1,0,0,0,0,0,0,0
36797,6552,2,39,18,3,1,NA,2159,0,10,0,0,0,0,0,0,1,0,0,0,0
36800,8522,2,36,5,7,1,NA,1912,1,3,0,1,0,0,0,0,0,0,0,0,0
36821,7129,2,44,15,5,1,NA,1030,0,1,0,0,0,0,0,1,0,0,0,0,0
36844,6616,2,30,17,5,1,NA,1943,0,3,0,1,0,0,0,0,0,0,0,0,0
36860,6722,2,56,22,3,0,NA,1433,0,8,0,0,0,0,0,0,0,0,1,0,0
36908,4273,2,62,24,5,0,NA,2038,0,4,1,0,0,0,0,0,0,0,0,0,0
36942,4418,2,78,18,6,0,NA,981,0,11,0,0,0,0,0,0,0,0,0,0,1
36964,3130,2,30,27,1,1,NA,2540,1,4,1,0,0,0,0,0,0,0,0,0,0
36971,8801,2,67,6,1,0,NA,1814,1,3,0,1,0,0,0,0,0,0,0,0,0
37016,1477,2,37,16,1,1,NA,858,1,7,0,0,1,0,0,0,0,0,0,0,0
37024,3229,2,41,25,6,1,NA,946,0,4,1,0,0,0,0,0,0,0,0,0,0
37079,6681,2,55,16,2,0,NA,1623,0,6,0,0,0,1,0,0,0,0,0,0,0
37095,11158,2,48,19,6,1,NA,1111,0,11,0,0,0,0,0,0,0,0,0,0,1
37100,5916,2,45,26,3,1,NA,669,0,1,0,0,0,0,0,1,0,0,0,0,0
37134,2096,2,50,22,4,0,NA,945,0,9,0,0,0,0,0,0,0,0,0,1,0
37175,1850,2,51,27,3,0,NA,1602,0,7,0,0,1,0,0,0,0,0,0,0,0
37224,8063,2,21,5,7,1,NA,1833,1,3,0,1,0,0,0,0,0,0,0,0,0
37229,11241,2,19,22,5,1,NA,1232,0,6,0,0,0,1,0,0,0,0,0,0,0
37230,8520,2,33,16,5,1,NA,2465,0,8,0,0,0,0,0,0,0,0,1,0,0
37253,5489,2,65,25,3,0,NA,1808,0,10,0,0,0,0,0,0,1,0,0,0,0
37275,7990,2,87,29,3,0,NA,2055,0,11,0,0,0,0,0,0,0,0,0,0,1
37317,11603,2,44,16,5,1,NA,1494,0,4,1,0,0,0,0,0,0,0,0,0,0
37430,6276,2,35,30,1,1,NA,1225,1,2,0,0,0,0,1,0,0,0,0,0,0
37436,3678,2,55,23,4,0,NA,1125,0,7,0,0,1,0,0,0,0,0,0,0,0
37437,4858,2,29,16,6,1,NA,1156,0,5,0,0,0,0,0,0,0,1,0,0,0
37455,2639,2,29,18,7,1,NA,1051,1,8,0,0,0,0,0,0,0,0,1,0,0
37511,1462,2,35,17,7,1,NA,1062,1,5,0,0,0,0,0,0,0,1,0,0,0
37534,9690,2,29,8,3,1,NA,1700,0,6,0,0,0,1,0,0,0,0,0,0,0
37623,6847,2,51,14,3,0,NA,764,0,4,1,0,0,0,0,0,0,0,0,0,0
37628,8952,2,19,22,3,1,NA,2050,0,8,0,0,0,0,0,0,0,0,1,0,0
37634,6845,2,35,27,1,1,NA,3023,1,4,1,0,0,0,0,0,0,0,0,0,0
37647,3449,2,41,30,1,1,NA,1934,1,2,0,0,0,0,1,0,0,0,0,0,0
37656,1702,2,42,20,5,1,NA,1789,0,7,0,0,1,0,0,0,0,0,0,0,0
37686,7801,2,38,15,4,1,NA,1127,0,3,0,1,0,0,0,0,0,0,0,0,0
37688,11007,2,52,29,1,0,NA,951,1,8,0,0,0,0,0,0,0,0,1,0,0
37747,11241,2,42,22,5,1,NA,1376,0,6,0,0,0,1,0,0,0,0,0,0,0
37773,7166,2,43,20,2,1,NA,2250,0,2,0,0,0,0,1,0,0,0,0,0,0
37776,4045,2,19,13,3,1,NA,1221,0,1,0,0,0,0,0,1,0,0,0,0,0
37819,1466,2,19,27,4,1,NA,831,0,1,0,0,0,0,0,1,0,0,0,0,0
37823,8184,2,19,16,5,1,NA,917,0,8,0,0,0,0,0,0,0,0,1,0,0
37840,79,2,21,21,1,1,NA,386,1,11,0,0,0,0,0,0,0,0,0,0,1
37854,5223,2,55,14,5,0,NA,1623,0,5,0,0,0,0,0,0,0,1,0,0,0
37856,9226,2,37,26,3,1,NA,1019,0,1,0,0,0,0,0,1,0,0,0,0,0
37862,4888,2,60,24,7,0,NA,1816,1,4,1,0,0,0,0,0,0,0,0,0,0
37925,525,2,47,4,5,1,NA,1751,0,6,0,0,0,1,0,0,0,0,0,0,0
37929,5509,2,40,25,1,1,NA,1447,1,7,0,0,1,0,0,0,0,0,0,0,0
37971,2516,2,65,18,4,0,NA,1184,0,6,0,0,0,1,0,0,0,0,0,0,0
37979,4344,2,31,20,3,1,NA,1561,0,5,0,0,0,0,0,0,0,1,0,0,0
38016,2292,2,53,26,3,0,NA,1908,0,1,0,0,0,0,0,1,0,0,0,0,0
38026,9207,2,39,22,3,1,NA,1781,0,7,0,0,1,0,0,0,0,0,0,0,0
38084,8913,2,38,14,5,1,NA,1615,0,4,1,0,0,0,0,0,0,0,0,0,0
38125,5963,2,60,21,6,0,NA,1521,0,10,0,0,0,0,0,0,1,0,0,0,0
38155,1828,2,77,15,4,0,NA,553,0,8,0,0,0,0,0,0,0,0,1,0,0
38156,3175,2,50,26,2,0,NA,1616,0,6,0,0,0,1,0,0,0,0,0,0,0
38170,7963,2,41,21,1,1,NA,1238,1,11,0,0,0,0,0,0,0,0,0,0,1
38190,6888,2,55,26,4,0,NA,741,0,7,0,0,1,0,0,0,0,0,0,0,0
38202,11443,2,29,22,4,1,NA,2045,0,9,0,0,0,0,0,0,0,0,0,1,0
38203,2683,2,33,24,7,1,NA,1862,1,7,0,0,1,0,0,0,0,0,0,0,0
38224,11623,2,31,8,3,1,NA,1829,0,3,0,1,0,0,0,0,0,0,0,0,0
38344,5894,2,18,18,2,1,NA,598,0,6,0,0,0,1,0,0,0,0,0,0,0
38349,1114,2,40,10,3,1,NA,708,0,1,0,0,0,0,0,1,0,0,0,0,0
38353,7717,2,50,10,5,0,NA,988,0,6,0,0,0,1,0,0,0,0,0,0,0
38367,9777,2,24,19,3,1,NA,617,0,6,0,0,0,1,0,0,0,0,0,0,0
38400,2801,2,30,25,6,1,NA,1468,0,4,1,0,0,0,0,0,0,0,0,0,0
38420,936,2,36,23,3,1,NA,1290,0,11,0,0,0,0,0,0,0,0,0,0,1
38458,2805,2,58,26,3,0,NA,985,0,1,0,0,0,0,0,1,0,0,0,0,0
38479,9707,2,48,11,4,1,NA,2498,0,10,0,0,0,0,0,0,1,0,0,0,0
38483,4138,2,34,18,2,1,NA,1498,0,3,0,1,0,0,0,0,0,0,0,0,0
38491,10753,2,37,4,5,1,NA,1720,0,6,0,0,0,1,0,0,0,0,0,0,0
38503,10744,2,41,24,7,1,NA,2505,1,7,0,0,1,0,0,0,0,0,0,0,0
38515,8465,2,24,14,3,1,NA,808,0,4,1,0,0,0,0,0,0,0,0,0,0
38539,5553,2,65,25,6,0,NA,1467,0,4,1,0,0,0,0,0,0,0,0,0,0
38589,9538,2,21,10,5,1,NA,802,0,10,0,0,0,0,0,0,1,0,0,0,0
38595,2180,2,53,16,7,0,NA,1211,1,4,1,0,0,0,0,0,0,0,0,0,0
38609,11366,2,81,17,5,0,NA,913,0,3,0,1,0,0,0,0,0,0,0,0,0
38618,8570,2,62,20,2,0,NA,1241,0,9,0,0,0,0,0,0,0,0,0,1,0
38624,1216,2,51,26,2,0,NA,1718,0,6,0,0,0,1,0,0,0,0,0,0,0
38679,3327,2,33,16,1,1,NA,1201,1,7,0,0,1,0,0,0,0,0,0,0,0
38698,8625,2,42,22,2,1,NA,917,0,11,0,0,0,0,0,0,0,0,0,0,1
38777,4078,2,41,19,7,1,NA,2373,1,2,0,0,0,0,1,0,0,0,0,0,0
38812,10208,2,30,17,5,1,NA,2317,0,3,0,1,0,0,0,0,0,0,0,0,0
38867,9902,2,28,15,6,1,NA,1499,0,1,0,0,0,0,0,1,0,0,0,0,0
38870,8974,2,20,26,3,1,NA,1197,0,1,0,0,0,0,0,1,0,0,0,0,0
38904,7348,2,37,20,3,1,NA,1622,0,5,0,0,0,0,0,0,0,1,0,0,0
38935,10796,2,53,20,1,0,NA,1017,1,2,0,0,0,0,1,0,0,0,0,0,0
39006,9134,2,57,30,1,0,NA,1567,1,2,0,0,0,0,1,0,0,0,0,0,0
39063,11444,2,40,11,4,1,NA,945,0,1,0,0,0,0,0,1,0,0,0,0,0
39088,1818,2,42,22,5,1,NA,1855,0,6,0,0,0,1,0,0,0,0,0,0,0
39107,9422,2,30,16,4,1,NA,900,0,11,0,0,0,0,0,0,0,0,0,0,1
39108,11203,2,39,2,4,1,NA,2015,0,2,0,0,0,0,1,0,0,0,0,0,0
39171,348,2,38,13,4,1,NA,470,0,5,0,0,0,0,0,0,0,1,0,0,0
39179,11392,2,68,9,4,0,NA,945,0,6,0,0,0,1,0,0,0,0,0,0,0
39180,5851,2,35,16,1,1,NA,819,1,7,0,0,1,0,0,0,0,0,0,0,0
39197,6850,2,40,4,5,1,NA,1130,0,6,0,0,0,1,0,0,0,0,0,0,0
39207,6616,2,56,17,5,0,NA,1074,0,3,0,1,0,0,0,0,0,0,0,0,0
39290,10536,2,52,11,6,0,NA,1499,0,10,0,0,0,0,0,0,1,0,0,0,0
39303,11410,2,27,9,4,1,NA,2157,0,3,0,1,0,0,0,0,0,0,0,0,0
39306,5090,2,61,19,3,0,NA,1537,0,6,0,0,0,1,0,0,0,0,0,0,0
39307,2563,2,25,30,1,1,NA,1157,1,2,0,0,0,0,1,0,0,0,0,0,0
39366,239,2,30,5,6,1,NA,2401,0,6,0,0,0,1,0,0,0,0,0,0,0
39373,3306,2,53,17,3,0,NA,937,0,1,0,0,0,0,0,1,0,0,0,0,0
39425,357,2,47,18,2,1,NA,1519,0,8,0,0,0,0,0,0,0,0,1,0,0
39516,3562,2,50,28,2,0,NA,1164,0,11,0,0,0,0,0,0,0,0,0,0,1
39525,4534,2,49,17,3,1,NA,1958,0,6,0,0,0,1,0,0,0,0,0,0,0
39532,4833,2,19,15,3,1,NA,1177,0,11,0,0,0,0,0,0,0,0,0,0,1
39539,10231,2,37,16,5,1,NA,1863,0,8,0,0,0,0,0,0,0,0,1,0,0
39544,6065,2,60,23,4,0,NA,1032,0,8,0,0,0,0,0,0,0,0,1,0,0
39638,11271,2,27,27,1,1,NA,1716,1,4,1,0,0,0,0,0,0,0,0,0,0
39681,2208,2,41,27,3,1,NA,1534,0,6,0,0,0,1,0,0,0,0,0,0,0
