SUBJECT,HOUSEHOLD,SEX,AGE_YEAR,CONSUMPTION_DAY,WEEK_DAY,PREG_LACT,BREASTFEEDING,sum_ENERGY_kcal,WEEKEND,adm2_,adm2_7,adm2_9,adm2_5,adm2_4,adm2_6,adm2_1,adm2_8,adm2_2,adm2_3,adm2_10
10,5300,2,18,31,3,1,NA,1441,0,7,1,0,0,0,0,0,0,0,0,0
20,1497,2,60,10,4,0,NA,1269,0,9,0,1,0,0,0,0,0,0,0,0
49,8336,2,32,4,3,1,NA,2125,0,5,0,0,1,0,0,0,0,0,0,0
52,8578,2,25,19,7,1,NA,1539,1,4,0,0,0,1,0,0,0,0,0,0
64,11210,2,19,2,5,1,NA,923,0,6,0,0,0,0,1,0,0,0,0,0
85,2279,2,35,28,2,1,NA,1753,0,1,0,0,0,0,0,1,0,0,0,0
92,5941,2,20,8,4,1,NA,1465,0,7,1,0,0,0,0,0,0,0,0,0
131,5342,2,38,27,4,1,NA,1559,0,4,0,0,0,1,0,0,0,0,0,0
163,8301,2,43,18,1,1,NA,1239,1,8,0,0,0,0,0,0,1,0,0,0
211,6836,2,38,6,3,1,NA,1535,0,1,0,0,0,0,0,1,0,0,0,0
236,3374,2,48,30,2,1,NA,1049,0,2,0,0,0,0,0,0,0,1,0,0
254,3766,2,25,21,6,1,NA,1540,0,3,0,0,0,0,0,0,0,0,1,0
269,11629,2,35,27,1,1,NA,1346,1,1,0,0,0,0,0,1,0,0,0,0
325,4767,2,30,24,7,1,NA,1500,1,6,0,0,0,0,1,0,0,0,0,0
335,9905,2,53,23,1,0,NA,1195,1,10,0,0,0,0,0,0,0,0,0,1
399,50,2,24,23,6,1,NA,1012,0,6,0,0,0,0,1,0,0,0,0,0
424,8676,2,27,16,4,1,NA,2285,0,9,0,1,0,0,0,0,0,0,0,0
425,413,2,76,19,2,0,NA,688,0,8,0,0,0,0,0,0,1,0,0,0
428,4236,2,20,26,6,1,NA,2236,0,1,0,0,0,0,0,1,0,0,0,0
440,11209,2,21,27,5,1,NA,1487,0,3,0,0,0,0,0,0,0,0,1,0
447,2312,2,30,5,5,1,NA,1334,0,5,0,0,1,0,0,0,0,0,0,0
460,682,2,45,25,6,1,NA,1353,0,1,0,0,0,0,0,1,0,0,0,0
476,4644,2,45,7,4,1,NA,1981,0,1,0,0,0,0,0,1,0,0,0,0
493,841,2,45,9,4,1,NA,1465,0,7,1,0,0,0,0,0,0,0,0,0
551,1093,2,53,2,2,0,NA,1625,0,8,0,0,0,0,0,0,1,0,0,0
581,11756,2,35,2,6,1,NA,1617,0,1,0,0,0,0,0,1,0,0,0,0
594,5239,2,30,12,2,1,NA,1384,0,7,1,0,0,0,0,0,0,0,0,0
616,2933,2,31,21,1,1,NA,2217,1,1,0,0,0,0,0,1,0,0,0,0
636,799,2,68,30,4,0,NA,1804,0,1,0,0,0,0,0,1,0,0,0,0
657,6631,2,34,2,6,1,NA,1397,0,1,0,0,0,0,0,1,0,0,0,0
672,5607,2,38,29,6,1,NA,1546,0,5,0,0,1,0,0,0,0,0,0,0
687,6914,2,90,8,4,0,NA,890,0,7,1,0,0,0,0,0,0,0,0,0
710,7126,2,45,6,5,1,NA,2202,0,5,0,0,1,0,0,0,0,0,0,0
720,7077,2,55,25,2,0,NA,1326,0,5,0,0,1,0,0,0,0,0,0,0
724,3994,2,45,17,3,1,NA,2024,0,2,0,0,0,0,0,0,0,1,0,0
731,9556,2,40,16,6,1,NA,1296,0,8,0,0,0,0,0,0,1,0,0,0
788,11074,2,42,23,7,1,NA,780,1,5,0,0,1,0,0,0,0,0,0,0
851,10808,2,55,22,3,0,NA,909,0,4,0,0,0,1,0,0,0,0,0,0
866,10330,2,18,7,1,1,NA,862,1,9,0,1,0,0,0,0,0,0,0,0
876,11785,2,54,5,2,0,NA,1515,0,1,0,0,0,0,0,1,0,0,0,0
898,8387,2,60,8,4,0,NA,1398,0,6,0,0,0,0,1,0,0,0,0,0
900,10296,2,23,24,5,1,NA,1879,0,7,1,0,0,0,0,0,0,0,0,0
906,7647,2,38,28,2,1,NA,878,0,7,1,0,0,0,0,0,0,0,0,0
921,3581,2,40,1,5,1,NA,1292,0,1,0,0,0,0,0,1,0,0,0,0
939,7729,2,22,29,6,1,NA,2305,0,5,0,0,1,0,0,0,0,0,0,0
941,9991,2,30,22,3,1,NA,1575,0,4,0,0,0,1,0,0,0,0,0,0
961,2519,2,65,25,6,0,NA,1322,0,1,0,0,0,0,0,1,0,0,0,0
976,5215,2,32,18,3,1,NA,1192,0,3,0,0,0,0,0,0,0,0,1,0
981,3501,2,62,3,6,0,NA,745,0,9,0,1,0,0,0,0,0,0,0,0
982,4820,2,40,9,2,1,NA,1911,0,10,0,0,0,0,0,0,0,0,0,1
1011,177,2,50,23,6,0,NA,1199,0,6,0,0,0,0,1,0,0,0,0,0
1020,8126,2,21,30,2,1,NA,1782,0,7,1,0,0,0,0,0,0,0,0,0
1030,6853,2,45,5,5,1,NA,1528,0,5,0,0,1,0,0,0,0,0,0,0
1050,541,2,45,5,5,1,NA,1387,0,5,0,0,1,0,0,0,0,0,0,0
1062,8432,2,30,3,6,1,NA,1239,0,9,0,1,0,0,0,0,0,0,0,0
1082,10733,2,18,27,4,1,NA,1255,0,5,0,0,1,0,0,0,0,0,0,0
1098,4275,2,65,5,5,0,NA,1565,0,5,0,0,1,0,0,0,0,0,0,0
1099,9547,2,21,18,2,1,NA,2488,0,3,0,0,0,0,0,0,0,0,1,0
1121,3789,2,35,21,4,1,NA,1972,0,4,0,0,0,1,0,0,0,0,0,0
1137,3131,2,60,15,7,0,NA,1337,1,10,0,0,0,0,0,0,0,0,0,1
1143,481,2,35,20,3,1,NA,1678,0,2,0,0,0,0,0,0,0,1,0,0
1258,825,2,36,19,6,1,NA,1212,0,1,0,0,0,0,0,1,0,0,0,0
1275,10131,2,26,14,4,1,NA,1949,0,8,0,0,0,0,0,0,1,0,0,0
1329,968,2,57,13,5,0,NA,1771,0,10,0,0,0,0,0,0,0,0,0,1
1331,3171,2,30,14,4,1,NA,1975,0,7,1,0,0,0,0,0,0,0,0,0
1351,6250,2,32,28,2,1,NA,1410,0,1,0,0,0,0,0,1,0,0,0,0
1376,9012,2,36,23,1,1,NA,1740,1,10,0,0,0,0,0,0,0,0,0,1
1396,788,2,48,9,2,1,NA,1839,0,10,0,0,0,0,0,0,0,0,0,1
1408,3782,2,36,4,1,1,NA,1433,1,1,0,0,0,0,0,1,0,0,0,0
1460,7030,2,45,4,1,1,NA,2679,1,1,0,0,0,0,0,1,0,0,0,0
1527,1318,2,20,8,5,1,NA,1784,0,7,1,0,0,0,0,0,0,0,0,0
1538,5678,2,35,26,5,1,NA,829,0,2,0,0,0,0,0,0,0,1,0,0
1540,8618,2,55,9,2,0,NA,1908,0,10,0,0,0,0,0,0,0,0,0,1
1553,8274,2,30,28,5,1,NA,2323,0,4,0,0,0,1,0,0,0,0,0,0
1583,5646,2,30,2,5,1,NA,1795,0,6,0,0,0,0,1,0,0,0,0,0
1607,4381,2,50,15,7,0,NA,1245,1,10,0,0,0,0,0,0,0,0,0,1
1651,171,2,32,30,4,1,NA,2028,0,1,0,0,0,0,0,1,0,0,0,0
1671,3078,2,32,6,6,1,NA,2132,0,6,0,0,0,0,1,0,0,0,0,0
1681,11640,2,45,16,7,1,NA,1422,1,3,0,0,0,0,0,0,0,0,1,0
1759,8790,2,55,15,5,0,NA,948,0,8,0,0,0,0,0,0,1,0,0,0
1760,8158,2,20,2,2,1,NA,2365,0,8,0,0,0,0,0,0,1,0,0,0
1827,4709,2,50,11,4,0,NA,1760,0,10,0,0,0,0,0,0,0,0,0,1
1842,9397,2,40,19,4,1,NA,1125,0,10,0,0,0,0,0,0,0,0,0,1
1866,11107,2,55,5,2,0,NA,256,0,1,0,0,0,0,0,1,0,0,0,0
1924,2179,2,42,8,5,1,NA,2055,0,1,0,0,0,0,0,1,0,0,0,0
1946,7804,2,70,17,2,0,NA,883,0,10,0,0,0,0,0,0,0,0,0,1
1983,9040,2,71,28,6,0,NA,1148,0,3,0,0,0,0,0,0,0,0,1,0
1996,6245,2,70,3,3,0,NA,1602,0,5,0,0,1,0,0,0,0,0,0,0
2028,11804,2,60,1,5,0,NA,1139,0,1,0,0,0,0,0,1,0,0,0,0
2032,9494,2,45,27,5,1,NA,1833,0,3,0,0,0,0,0,0,0,0,1,0
2099,2942,2,27,24,7,1,NA,1229,1,6,0,0,0,0,1,0,0,0,0,0
2111,1050,2,35,3,6,1,NA,1224,0,2,0,0,0,0,0,0,0,1,0,0
2127,1883,2,75,2,2,0,NA,970,0,8,0,0,0,0,0,0,1,0,0,0
2143,1075,2,21,15,5,1,NA,543,0,8,0,0,0,0,0,0,1,0,0,0
2188,6128,2,60,28,2,0,NA,1301,0,1,0,0,0,0,0,1,0,0,0,0
2196,5781,2,85,14,2,0,NA,1016,0,7,1,0,0,0,0,0,0,0,0,0
2206,4113,2,35,8,4,1,NA,2744,0,6,0,0,0,0,1,0,0,0,0,0
2228,3334,2,40,8,1,1,NA,1933,1,6,0,0,0,0,1,0,0,0,0,0
2248,3623,2,31,19,2,1,NA,1287,0,8,0,0,0,0,0,0,1,0,0,0
2279,2804,2,19,11,4,1,NA,1822,0,10,0,0,0,0,0,0,0,0,0,1
2326,1212,2,50,19,7,0,NA,1524,1,4,0,0,0,1,0,0,0,0,0,0
2329,1603,2,60,6,3,0,NA,1583,0,1,0,0,0,0,0,1,0,0,0,0
2334,366,2,28,17,5,1,NA,2051,0,9,0,1,0,0,0,0,0,0,0,0
2411,582,2,45,15,7,1,NA,1557,1,10,0,0,0,0,0,0,0,0,0,1
2448,8808,2,26,2,1,1,NA,1761,1,5,0,0,1,0,0,0,0,0,0,0
2561,4753,2,45,9,2,1,NA,2271,0,10,0,0,0,0,0,0,0,0,0,1
2571,1624,2,24,9,2,1,NA,2320,0,10,0,0,0,0,0,0,0,0,0,1
2601,1053,2,32,1,3,1,NA,2748,0,2,0,0,0,0,0,0,0,1,0,0
2606,4145,2,22,28,2,1,NA,1151,0,1,0,0,0,0,0,1,0,0,0,0
2657,3282,2,21,26,7,1,NA,558,1,1,0,0,0,0,0,1,0,0,0,0
2690,3391,2,45,20,5,1,NA,1214,0,3,0,0,0,0,0,0,0,0,1,0
2713,478,2,55,5,6,0,NA,869,0,9,0,1,0,0,0,0,0,0,0,0
2718,3075,2,28,19,7,1,NA,2092,1,4,0,0,0,1,0,0,0,0,0,0
2807,480,2,20,19,2,1,NA,606,0,8,0,0,0,0,0,0,1,0,0,0
2847,11105,2,37,28,2,1,NA,1040,0,7,1,0,0,0,0,0,0,0,0,0
2852,200,2,23,2,5,1,NA,1096,0,6,0,0,0,0,1,0,0,0,0,0
2859,4705,2,33,20,1,1,NA,1712,1,4,0,0,0,1,0,0,0,0,0,0
2884,4292,2,50,5,5,0,NA,2088,0,5,0,0,1,0,0,0,0,0,0,0
2960,93,2,35,6,6,1,NA,1484,0,6,0,0,0,0,1,0,0,0,0,0
2980,5788,2,25,6,6,1,NA,1858,0,5,0,0,1,0,0,0,0,0,0,0
3002,1657,2,22,8,1,1,NA,1895,1,6,0,0,0,0,1,0,0,0,0,0
3010,10330,2,45,7,1,1,NA,1246,1,9,0,1,0,0,0,0,0,0,0,0
3044,8341,2,20,5,5,1,NA,1381,0,5,0,0,1,0,0,0,0,0,0,0
3059,8483,2,27,27,1,1,NA,1413,1,1,0,0,0,0,0,1,0,0,0,0
3065,11242,2,65,24,5,0,NA,955,0,7,1,0,0,0,0,0,0,0,0,0
3069,2701,2,28,25,2,1,NA,1639,0,5,0,0,1,0,0,0,0,0,0,0
3088,11376,2,20,4,1,1,NA,1017,1,1,0,0,0,0,0,1,0,0,0,0
3103,11826,2,55,22,5,0,NA,1385,0,4,0,0,0,1,0,0,0,0,0,0
3108,4346,2,35,19,2,1,NA,709,0,8,0,0,0,0,0,0,1,0,0,0
3142,2473,2,80,6,6,0,NA,575,0,5,0,0,1,0,0,0,0,0,0,0
3173,5059,2,45,29,3,1,NA,1444,0,1,0,0,0,0,0,1,0,0,0,0
3174,7884,2,25,20,3,1,NA,879,0,8,0,0,0,0,0,0,1,0,0,0
3194,6153,2,38,18,5,1,NA,2365,0,1,0,0,0,0,0,1,0,0,0,0
3220,2235,2,52,25,3,0,NA,2239,0,3,0,0,0,0,0,0,0,0,1,0
3232,7199,2,19,30,4,1,NA,1542,0,1,0,0,0,0,0,1,0,0,0,0
3233,87,2,49,17,5,1,NA,1697,0,9,0,1,0,0,0,0,0,0,0,0
3262,9784,2,52,2,4,0,NA,1526,0,2,0,0,0,0,0,0,0,1,0,0
3356,5568,2,50,16,7,0,NA,516,1,3,0,0,0,0,0,0,0,0,1,0
3464,4107,2,75,13,4,0,NA,1999,0,3,0,0,0,0,0,0,0,0,1,0
3484,9047,2,28,23,7,1,NA,959,1,5,0,0,1,0,0,0,0,0,0,0
3488,6482,2,40,8,5,1,NA,1757,0,7,1,0,0,0,0,0,0,0,0,0
3509,2905,2,33,20,3,1,NA,898,0,4,0,0,0,1,0,0,0,0,0,0
3539,87,2,25,17,5,1,NA,1774,0,9,0,1,0,0,0,0,0,0,0,0
3588,5306,2,45,6,2,1,NA,1703,0,6,0,0,0,0,1,0,0,0,0,0
3608,5351,2,20,3,6,1,NA,988,0,7,1,0,0,0,0,0,0,0,0,0
3624,5967,2,24,24,4,1,NA,2543,0,1,0,0,0,0,0,1,0,0,0,0
3683,4021,2,34,4,3,1,NA,1969,0,5,0,0,1,0,0,0,0,0,0,0
3690,6453,2,25,28,5,1,NA,1223,0,4,0,0,0,1,0,0,0,0,0,0
3713,11746,2,48,8,1,1,NA,1802,1,6,0,0,0,0,1,0,0,0,0,0
3720,5005,2,45,24,4,1,NA,1231,0,1,0,0,0,0,0,1,0,0,0,0
3729,86,2,35,23,7,1,NA,1932,1,5,0,0,1,0,0,0,0,0,0,0
3733,5160,2,30,19,4,1,NA,1572,0,3,0,0,0,0,0,0,0,0,1,0
3791,7811,2,19,20,5,1,NA,1456,0,3,0,0,0,0,0,0,0,0,1,0
3812,9529,2,25,9,6,1,NA,2126,0,7,1,0,0,0,0,0,0,0,0,0
3835,9515,2,32,2,2,1,NA,1058,0,8,0,0,0,0,0,0,1,0,0,0
3861,9739,2,35,19,4,1,NA,1387,0,3,0,0,0,0,0,0,0,0,1,0
3868,4410,2,20,22,3,1,NA,1921,0,7,1,0,0,0,0,0,0,0,0,0
3872,7679,2,50,19,4,0,NA,1827,0,3,0,0,0,0,0,0,0,0,1,0
3905,2738,2,26,22,5,1,NA,1253,0,6,0,0,0,0,1,0,0,0,0,0
3913,10515,2,70,3,3,0,NA,1264,0,5,0,0,1,0,0,0,0,0,0,0
3941,1530,2,34,31,3,1,NA,1725,0,7,1,0,0,0,0,0,0,0,0,0
3972,4893,2,50,7,4,0,NA,2006,0,1,0,0,0,0,0,1,0,0,0,0
3983,8511,2,66,24,4,0,NA,1775,0,1,0,0,0,0,0,1,0,0,0,0
4016,4685,2,40,21,6,1,NA,1729,0,10,0,0,0,0,0,0,0,0,0,1
4080,4645,2,55,23,7,0,NA,1395,1,5,0,0,1,0,0,0,0,0,0,0
4081,1553,2,44,20,1,1,NA,1129,1,4,0,0,0,1,0,0,0,0,0,0
4093,11507,2,60,12,5,0,NA,1059,0,10,0,0,0,0,0,0,0,0,0,1
4134,9802,2,33,20,3,1,NA,1269,0,4,0,0,0,1,0,0,0,0,0,0
4138,10733,2,60,27,4,0,NA,1742,0,5,0,0,1,0,0,0,0,0,0,0
4141,10570,2,55,9,6,0,NA,1309,0,7,1,0,0,0,0,0,0,0,0,0
4143,5000,2,65,6,6,0,NA,796,0,5,0,0,1,0,0,0,0,0,0,0
4222,9298,2,60,24,1,0,NA,1666,1,9,0,1,0,0,0,0,0,0,0,0
4266,3325,2,28,2,1,1,NA,1754,1,5,0,0,1,0,0,0,0,0,0,0
4275,5169,2,50,22,5,0,NA,1528,0,4,0,0,0,1,0,0,0,0,0,0
4276,7856,2,24,6,3,1,NA,1247,0,1,0,0,0,0,0,1,0,0,0,0
4286,7460,2,18,16,6,1,NA,368,0,8,0,0,0,0,0,0,1,0,0,0
4307,6466,2,35,24,5,1,NA,970,0,7,1,0,0,0,0,0,0,0,0,0
4314,6111,2,75,3,2,0,NA,2595,0,5,0,0,1,0,0,0,0,0,0,0
4431,5066,2,31,5,5,1,NA,1545,0,5,0,0,1,0,0,0,0,0,0,0
4461,884,2,55,3,5,0,NA,1764,0,2,0,0,0,0,0,0,0,1,0,0
4503,11547,2,18,8,4,1,NA,1269,0,7,1,0,0,0,0,0,0,0,0,0
4517,6257,2,25,27,1,1,NA,2366,1,1,0,0,0,0,0,1,0,0,0,0
4523,6946,2,38,23,6,1,NA,1645,0,6,0,0,0,0,1,0,0,0,0,0
4581,10942,2,55,12,5,0,NA,970,0,10,0,0,0,0,0,0,0,0,0,1
4586,9512,2,22,19,5,1,NA,1352,0,2,0,0,0,0,0,0,0,1,0,0
4588,8210,2,51,23,7,0,NA,1298,1,5,0,0,1,0,0,0,0,0,0,0
4675,10335,2,50,18,5,0,NA,2361,0,1,0,0,0,0,0,1,0,0,0,0
4686,9682,2,35,27,1,1,NA,2123,1,1,0,0,0,0,0,1,0,0,0,0
4726,2042,2,45,11,4,1,NA,1234,0,10,0,0,0,0,0,0,0,0,0,1
4753,4074,2,21,26,7,1,NA,1540,1,1,0,0,0,0,0,1,0,0,0,0
4755,1120,2,44,22,5,1,NA,1124,0,4,0,0,0,1,0,0,0,0,0,0
4759,8700,2,25,7,1,1,NA,1259,1,9,0,1,0,0,0,0,0,0,0,0
4761,5690,2,20,30,4,1,NA,1235,0,1,0,0,0,0,0,1,0,0,0,0
4778,4154,2,52,30,7,0,NA,1812,1,5,0,0,1,0,0,0,0,0,0,0
4802,11131,2,36,20,1,1,NA,1091,1,4,0,0,0,1,0,0,0,0,0,0
4841,7685,2,60,19,2,0,NA,706,0,8,0,0,0,0,0,0,1,0,0,0
4860,7277,2,25,5,5,1,NA,2304,0,5,0,0,1,0,0,0,0,0,0,0
4882,9507,2,50,9,4,0,NA,1074,0,7,1,0,0,0,0,0,0,0,0,0
4902,6870,2,48,9,2,1,NA,1437,0,10,0,0,0,0,0,0,0,0,0,1
4920,4488,2,40,4,3,1,NA,2358,0,5,0,0,1,0,0,0,0,0,0,0
4935,643,2,45,8,1,1,NA,1207,1,6,0,0,0,0,1,0,0,0,0,0
4965,6800,2,21,9,2,1,NA,1794,0,10,0,0,0,0,0,0,0,0,0,1
4997,8175,2,45,12,2,1,NA,1045,0,7,1,0,0,0,0,0,0,0,0,0
5108,223,2,25,15,3,1,NA,1526,0,9,0,1,0,0,0,0,0,0,0,0
5129,9516,2,65,4,3,0,NA,1812,0,5,0,0,1,0,0,0,0,0,0,0
5140,416,2,25,27,5,1,NA,2120,0,3,0,0,0,0,0,0,0,0,1,0
5143,2428,2,55,21,5,0,NA,1639,0,5,0,0,1,0,0,0,0,0,0,0
5145,11024,2,40,30,2,1,NA,1324,0,2,0,0,0,0,0,0,0,1,0,0
5162,9872,2,53,29,5,0,NA,1466,0,5,0,0,1,0,0,0,0,0,0,0
5169,5183,2,20,12,5,1,NA,1312,0,10,0,0,0,0,0,0,0,0,0,1
5175,3919,2,47,5,2,1,NA,1278,0,1,0,0,0,0,0,1,0,0,0,0
5179,7680,2,58,16,7,0,NA,1531,1,3,0,0,0,0,0,0,0,0,1,0
5187,4007,2,20,21,5,1,NA,1795,0,5,0,0,1,0,0,0,0,0,0,0
5227,1318,2,46,8,5,1,NA,192,0,7,1,0,0,0,0,0,0,0,0,0
5243,797,2,21,27,4,1,NA,880,0,5,0,0,1,0,0,0,0,0,0,0
5246,11178,2,22,25,6,1,NA,256,0,1,0,0,0,0,0,1,0,0,0,0
5257,4158,2,80,2,1,0,NA,1171,1,5,0,0,1,0,0,0,0,0,0,0
5288,995,2,27,24,7,1,NA,1085,1,6,0,0,0,0,1,0,0,0,0,0
5291,5915,2,50,19,5,0,NA,1434,0,2,0,0,0,0,0,0,0,1,0,0
5306,9693,2,30,20,3,1,NA,1209,0,4,0,0,0,1,0,0,0,0,0,0
5314,6897,2,48,28,6,1,NA,2188,0,3,0,0,0,0,0,0,0,0,1,0
5335,9529,2,50,9,6,0,NA,2353,0,7,1,0,0,0,0,0,0,0,0,0
5340,4943,2,23,3,3,1,NA,1175,0,5,0,0,1,0,0,0,0,0,0,0
5345,11364,2,26,4,4,1,NA,1274,0,5,0,0,1,0,0,0,0,0,0,0
5361,4849,2,45,13,4,1,NA,1226,0,3,0,0,0,0,0,0,0,0,1,0
5373,6209,2,26,29,3,1,NA,1913,0,1,0,0,0,0,0,1,0,0,0,0
5390,5646,2,50,2,5,0,NA,1758,0,6,0,0,0,0,1,0,0,0,0,0
5406,6893,2,30,8,4,1,NA,845,0,7,1,0,0,0,0,0,0,0,0,0
5410,6273,2,50,26,7,0,NA,1844,1,1,0,0,0,0,0,1,0,0,0,0
5427,7114,2,31,16,4,1,NA,1216,0,9,0,1,0,0,0,0,0,0,0,0
5437,11210,2,45,2,5,1,NA,992,0,6,0,0,0,0,1,0,0,0,0,0
5466,754,2,65,15,3,0,NA,618,0,9,0,1,0,0,0,0,0,0,0,0
5469,2481,2,50,2,5,0,NA,1883,0,6,0,0,0,0,1,0,0,0,0,0
5473,3225,2,67,19,5,0,NA,1458,0,2,0,0,0,0,0,0,0,1,0,0
5505,5280,2,36,16,7,1,NA,1742,1,3,0,0,0,0,0,0,0,0,1,0
5534,589,2,39,15,3,1,NA,2005,0,9,0,1,0,0,0,0,0,0,0,0
5581,6189,2,32,18,2,1,NA,1614,0,3,0,0,0,0,0,0,0,0,1,0
5600,416,2,60,27,5,0,NA,1015,0,3,0,0,0,0,0,0,0,0,1,0
5604,4399,2,60,26,6,0,NA,1658,0,1,0,0,0,0,0,1,0,0,0,0
5614,10632,2,49,17,2,1,NA,1294,0,10,0,0,0,0,0,0,0,0,0,1
5686,2838,2,38,19,7,1,NA,2150,1,4,0,0,0,1,0,0,0,0,0,0
5737,541,2,18,5,5,1,NA,1040,0,5,0,0,1,0,0,0,0,0,0,0
5739,473,2,25,29,5,1,NA,2221,0,5,0,0,1,0,0,0,0,0,0,0
5758,5773,2,84,8,5,0,NA,1620,0,1,0,0,0,0,0,1,0,0,0,0
5798,123,2,55,8,1,0,NA,1645,1,6,0,0,0,0,1,0,0,0,0,0
5811,8959,2,45,27,4,1,NA,1288,0,5,0,0,1,0,0,0,0,0,0,0
5899,7856,2,20,6,3,1,NA,722,0,1,0,0,0,0,0,1,0,0,0,0
5908,11288,2,55,6,6,0,NA,2612,0,5,0,0,1,0,0,0,0,0,0,0
5994,2248,2,28,13,5,1,NA,1911,0,10,0,0,0,0,0,0,0,0,0,1
6007,4448,2,38,20,3,1,NA,1322,0,2,0,0,0,0,0,0,0,1,0,0
6010,10943,2,45,11,4,1,NA,1312,0,10,0,0,0,0,0,0,0,0,0,1
6053,7964,2,43,20,3,1,NA,2464,0,2,0,0,0,0,0,0,0,1,0,0
6057,1490,2,60,14,4,0,NA,998,0,8,0,0,0,0,0,0,1,0,0,0
6058,9526,2,50,18,5,0,NA,1587,0,1,0,0,0,0,0,1,0,0,0,0
6089,2987,2,64,5,5,0,NA,2654,0,5,0,0,1,0,0,0,0,0,0,0
6160,433,2,65,22,5,0,NA,1778,0,6,0,0,0,0,1,0,0,0,0,0
6162,6559,2,28,20,3,1,NA,1252,0,4,0,0,0,1,0,0,0,0,0,0
6185,388,2,70,11,4,0,NA,1414,0,10,0,0,0,0,0,0,0,0,0,1
6218,328,2,28,2,4,1,NA,1320,0,2,0,0,0,0,0,0,0,1,0,0
6241,2086,2,70,24,5,0,NA,738,0,7,1,0,0,0,0,0,0,0,0,0
6275,5184,2,25,18,1,1,NA,667,1,8,0,0,0,0,0,0,1,0,0,0
6287,5696,2,65,25,6,0,NA,1431,0,1,0,0,0,0,0,1,0,0,0,0
6309,5160,2,60,19,4,0,NA,1250,0,3,0,0,0,0,0,0,0,0,1,0
6311,3190,2,55,20,5,0,NA,1483,0,3,0,0,0,0,0,0,0,0,1,0
6355,6466,2,55,24,5,0,NA,1489,0,7,1,0,0,0,0,0,0,0,0,0
6363,799,2,42,30,4,1,NA,1391,0,1,0,0,0,0,0,1,0,0,0,0
6386,1363,2,25,4,7,1,NA,1757,1,7,1,0,0,0,0,0,0,0,0,0
6414,1166,2,26,5,5,1,NA,1087,0,5,0,0,1,0,0,0,0,0,0,0
6417,5168,2,26,28,2,1,NA,2065,0,1,0,0,0,0,0,1,0,0,0,0
6426,4749,2,24,29,3,1,NA,2037,0,1,0,0,0,0,0,1,0,0,0,0
6427,3126,2,30,13,4,1,NA,1150,0,3,0,0,0,0,0,0,0,0,1,0
6432,5522,2,35,8,4,1,NA,1754,0,7,1,0,0,0,0,0,0,0,0,0
6434,5246,2,43,6,2,1,NA,1544,0,6,0,0,0,0,1,0,0,0,0,0
6443,8282,2,65,3,6,0,NA,1245,0,9,0,1,0,0,0,0,0,0,0,0
6551,11396,2,48,6,6,1,NA,1613,0,5,0,0,1,0,0,0,0,0,0,0
6587,6349,2,33,25,2,1,NA,2258,0,9,0,1,0,0,0,0,0,0,0,0
6602,1768,2,35,4,7,1,NA,1019,1,7,1,0,0,0,0,0,0,0,0,0
6624,8728,2,70,30,4,0,NA,1331,0,1,0,0,0,0,0,1,0,0,0,0
6649,11178,2,65,25,6,0,NA,1005,0,1,0,0,0,0,0,1,0,0,0,0
6657,7769,2,68,21,5,0,NA,1193,0,5,0,0,1,0,0,0,0,0,0,0
6663,8869,2,45,23,6,1,NA,680,0,6,0,0,0,0,1,0,0,0,0,0
6666,433,2,30,22,5,1,NA,1573,0,6,0,0,0,0,1,0,0,0,0,0
6731,4070,2,23,18,1,1,NA,735,1,8,0,0,0,0,0,0,1,0,0,0
6770,8609,2,27,15,5,1,NA,1136,0,8,0,0,0,0,0,0,1,0,0,0
6799,6986,2,42,20,5,1,NA,2185,0,3,0,0,0,0,0,0,0,0,1,0
6802,5513,2,65,13,5,0,NA,1353,0,10,0,0,0,0,0,0,0,0,0,1
6812,2649,2,18,4,3,1,NA,2009,0,5,0,0,1,0,0,0,0,0,0,0
6816,3813,2,35,23,1,1,NA,2207,1,10,0,0,0,0,0,0,0,0,0,1
6856,10004,2,19,2,5,1,NA,1696,0,6,0,0,0,0,1,0,0,0,0,0
6857,6459,2,35,31,3,1,NA,1063,0,7,1,0,0,0,0,0,0,0,0,0
6875,10644,2,58,5,5,0,NA,948,0,6,0,0,0,0,1,0,0,0,0,0
6899,10409,2,65,6,2,0,NA,1087,0,7,1,0,0,0,0,0,0,0,0,0
6900,3354,2,50,29,3,0,NA,1820,0,1,0,0,0,0,0,1,0,0,0,0
6919,916,2,35,16,4,1,NA,2440,0,9,0,1,0,0,0,0,0,0,0,0
6940,7865,2,36,2,6,1,NA,1495,0,1,0,0,0,0,0,1,0,0,0,0
6990,7304,2,70,6,3,0,NA,816,0,1,0,0,0,0,0,1,0,0,0,0
7013,6688,2,32,14,4,1,NA,1871,0,7,1,0,0,0,0,0,0,0,0,0
7035,4182,2,30,19,5,1,NA,1036,0,2,0,0,0,0,0,0,0,1,0,0
7048,71,2,24,19,5,1,NA,2392,0,2,0,0,0,0,0,0,0,1,0,0
7056,894,2,25,13,5,1,NA,1077,0,10,0,0,0,0,0,0,0,0,0,1
7097,833,2,35,11,4,1,NA,1060,0,10,0,0,0,0,0,0,0,0,0,1
7101,3944,2,42,22,5,1,NA,1207,0,6,0,0,0,0,1,0,0,0,0,0
7140,3537,2,26,29,5,1,NA,1929,0,5,0,0,1,0,0,0,0,0,0,0
7188,623,2,34,19,7,1,NA,1456,1,4,0,0,0,1,0,0,0,0,0,0
7202,4416,2,18,24,5,1,NA,1217,0,1,0,0,0,0,0,1,0,0,0,0
7220,8784,2,25,28,6,1,NA,2218,0,3,0,0,0,0,0,0,0,0,1,0
7235,4222,2,50,24,7,0,NA,1453,1,6,0,0,0,0,1,0,0,0,0,0
7258,589,2,19,15,3,1,NA,1663,0,9,0,1,0,0,0,0,0,0,0,0
7261,5434,2,70,19,5,0,NA,1210,0,2,0,0,0,0,0,0,0,1,0,0
7335,8275,2,38,7,4,1,NA,1099,0,1,0,0,0,0,0,1,0,0,0,0
7345,9811,2,50,21,1,0,NA,1666,1,1,0,0,0,0,0,1,0,0,0,0
7372,4161,2,28,19,5,1,NA,1576,0,2,0,0,0,0,0,0,0,1,0,0
7383,11640,2,20,16,7,1,NA,1429,1,3,0,0,0,0,0,0,0,0,1,0
7401,226,2,19,21,6,1,NA,1280,0,3,0,0,0,0,0,0,0,0,1,0
7430,1440,2,60,25,2,0,NA,1651,0,5,0,0,1,0,0,0,0,0,0,0
7436,1440,2,22,25,2,1,NA,1814,0,5,0,0,1,0,0,0,0,0,0,0
7464,53,2,80,9,3,0,NA,666,0,9,0,1,0,0,0,0,0,0,0,0
7465,10708,2,40,14,4,1,NA,1098,0,8,0,0,0,0,0,0,1,0,0,0
7568,3202,2,40,4,1,1,NA,1662,1,1,0,0,0,0,0,1,0,0,0,0
7574,9784,2,25,2,4,1,NA,1074,0,2,0,0,0,0,0,0,0,1,0,0
7598,8869,2,22,23,6,1,NA,523,0,6,0,0,0,0,1,0,0,0,0,0
7625,11074,2,19,23,7,1,NA,1516,1,5,0,0,1,0,0,0,0,0,0,0
7626,6357,2,50,20,7,0,NA,2329,1,1,0,0,0,0,0,1,0,0,0,0
7695,180,2,45,4,5,1,NA,543,0,9,0,1,0,0,0,0,0,0,0,0
7700,11380,2,38,28,2,1,NA,1299,0,7,1,0,0,0,0,0,0,0,0,0
7727,4979,2,39,25,2,1,NA,1643,0,5,0,0,1,0,0,0,0,0,0,0
7729,5579,2,35,4,4,1,NA,2450,0,6,0,0,0,0,1,0,0,0,0,0
7737,6441,2,20,27,4,1,NA,1653,0,4,0,0,0,1,0,0,0,0,0,0
7762,9627,2,42,28,6,1,NA,1563,0,3,0,0,0,0,0,0,0,0,1,0
7786,4079,2,60,22,3,0,NA,1323,0,7,1,0,0,0,0,0,0,0,0,0
7799,1657,2,45,8,1,1,NA,2014,1,6,0,0,0,0,1,0,0,0,0,0
7802,5450,2,35,4,4,1,NA,2039,0,5,0,0,1,0,0,0,0,0,0,0
7803,9939,2,40,22,3,1,NA,886,0,7,1,0,0,0,0,0,0,0,0,0
7807,884,2,26,3,5,1,NA,2278,0,2,0,0,0,0,0,0,0,1,0,0
7823,5073,2,19,6,6,1,NA,2556,0,5,0,0,1,0,0,0,0,0,0,0
7849,1266,2,26,12,5,1,NA,2079,0,10,0,0,0,0,0,0,0,0,0,1
7872,4162,2,18,2,6,1,NA,1352,0,1,0,0,0,0,0,1,0,0,0,0
7969,7402,2,45,24,5,1,NA,1857,0,1,0,0,0,0,0,1,0,0,0,0
7979,8700,2,50,7,1,0,NA,1259,1,9,0,1,0,0,0,0,0,0,0,0
7981,6965,2,45,5,6,1,NA,1841,0,9,0,1,0,0,0,0,0,0,0,0
8005,8475,2,58,17,3,0,NA,1715,0,2,0,0,0,0,0,0,0,1,0,0
8015,4093,2,40,16,4,1,NA,1072,0,7,1,0,0,0,0,0,0,0,0,0
8022,5875,2,28,12,5,1,NA,1827,0,10,0,0,0,0,0,0,0,0,0,1
8073,3619,2,50,6,2,0,NA,1417,0,7,1,0,0,0,0,0,0,0,0,0
8118,8431,2,38,2,2,1,NA,1586,0,8,0,0,0,0,0,0,1,0,0,0
8167,6357,2,30,20,7,1,NA,1465,1,1,0,0,0,0,0,1,0,0,0,0
8178,10136,2,22,19,5,1,NA,1459,0,2,0,0,0,0,0,0,0,1,0,0
8249,5073,2,60,6,6,0,NA,2634,0,5,0,0,1,0,0,0,0,0,0,0
8318,10756,2,20,27,4,1,NA,1033,0,5,0,0,1,0,0,0,0,0,0,0
8345,10801,2,42,2,1,1,NA,1888,1,5,0,0,1,0,0,0,0,0,0,0
8389,6905,2,35,6,2,1,NA,844,0,7,1,0,0,0,0,0,0,0,0,0
8395,53,2,19,9,3,1,NA,724,0,9,0,1,0,0,0,0,0,0,0,0
8415,1404,2,20,9,2,1,NA,1752,0,10,0,0,0,0,0,0,0,0,0,1
8435,6731,2,65,3,6,0,NA,2037,0,2,0,0,0,0,0,0,0,1,0,0
8452,3159,2,47,17,5,1,NA,1368,0,9,0,1,0,0,0,0,0,0,0,0
8460,4193,2,40,20,5,1,NA,1204,0,3,0,0,0,0,0,0,0,0,1,0
8477,2831,2,65,21,6,0,NA,931,0,10,0,0,0,0,0,0,0,0,0,1
8494,801,2,18,8,4,1,NA,1473,0,6,0,0,0,0,1,0,0,0,0,0
8499,4190,2,28,18,5,1,NA,1696,0,1,0,0,0,0,0,1,0,0,0,0
8558,8308,2,60,3,3,0,NA,2539,0,5,0,0,1,0,0,0,0,0,0,0
8588,6357,2,38,20,7,1,NA,2148,1,1,0,0,0,0,0,1,0,0,0,0
8594,10644,2,25,5,5,1,NA,1812,0,6,0,0,0,0,1,0,0,0,0,0
8598,3507,2,23,30,2,1,NA,1167,0,2,0,0,0,0,0,0,0,1,0,0
8643,3619,2,26,6,2,1,NA,1563,0,7,1,0,0,0,0,0,0,0,0,0
8667,8603,2,35,8,4,1,NA,1639,0,7,1,0,0,0,0,0,0,0,0,0
8756,3100,2,65,22,3,0,NA,1202,0,4,0,0,0,1,0,0,0,0,0,0
8777,7748,2,50,1,5,0,NA,1222,0,1,0,0,0,0,0,1,0,0,0,0
8819,4223,2,65,5,2,0,NA,1833,0,1,0,0,0,0,0,1,0,0,0,0
8855,11871,2,36,9,2,1,NA,1250,0,10,0,0,0,0,0,0,0,0,0,1
8873,8779,2,35,29,3,1,NA,1332,0,1,0,0,0,0,0,1,0,0,0,0
8947,5000,2,32,6,6,1,NA,1428,0,5,0,0,1,0,0,0,0,0,0,0
8976,10229,2,60,27,4,0,NA,1491,0,5,0,0,1,0,0,0,0,0,0,0
8991,1359,2,25,11,4,1,NA,2549,0,10,0,0,0,0,0,0,0,0,0,1
8994,11112,2,50,1,1,0,NA,2436,1,8,0,0,0,0,0,0,1,0,0,0
9010,752,2,40,15,5,1,NA,909,0,8,0,0,0,0,0,0,1,0,0,0
9032,3676,2,70,7,6,0,NA,2451,0,5,0,0,1,0,0,0,0,0,0,0
9045,4824,2,45,3,6,1,NA,1530,0,2,0,0,0,0,0,0,0,1,0,0
9050,5371,2,55,21,4,0,NA,1338,0,4,0,0,0,1,0,0,0,0,0,0
9096,10332,2,35,16,7,1,NA,1742,1,3,0,0,0,0,0,0,0,0,1,0
9105,10597,2,58,3,2,0,NA,5,0,9,0,1,0,0,0,0,0,0,0,0
9105,10597,2,58,3,6,0,NA,891,0,9,0,1,0,0,0,0,0,0,0,0
9106,7865,2,65,2,6,0,NA,2266,0,1,0,0,0,0,0,1,0,0,0,0
9118,1356,2,56,26,7,0,NA,1730,1,1,0,0,0,0,0,1,0,0,0,0
9219,2236,2,21,4,4,1,NA,1012,0,5,0,0,1,0,0,0,0,0,0,0
9244,10335,2,38,18,5,1,NA,2251,0,1,0,0,0,0,0,1,0,0,0,0
9248,2333,2,40,26,5,1,NA,921,0,2,0,0,0,0,0,0,0,1,0,0
9266,8813,2,30,20,1,1,NA,1230,1,4,0,0,0,1,0,0,0,0,0,0
9281,3853,2,40,15,7,1,NA,1772,1,10,0,0,0,0,0,0,0,0,0,1
9300,10221,2,99,5,2,0,NA,1394,0,1,0,0,0,0,0,1,0,0,0,0
9321,1782,2,30,26,6,1,NA,780,0,1,0,0,0,0,0,1,0,0,0,0
9402,9828,2,42,3,3,1,NA,1928,0,5,0,0,1,0,0,0,0,0,0,0
9455,8341,2,65,5,5,0,NA,1506,0,5,0,0,1,0,0,0,0,0,0,0
9505,1017,2,44,30,2,1,NA,1428,0,2,0,0,0,0,0,0,0,1,0,0
9512,6041,2,75,21,1,0,NA,1381,1,1,0,0,0,0,0,1,0,0,0,0
9514,3370,2,45,8,5,1,NA,945,0,7,1,0,0,0,0,0,0,0,0,0
9527,2911,2,45,12,5,1,NA,2895,0,10,0,0,0,0,0,0,0,0,0,1
9528,1858,2,28,3,3,1,NA,1490,0,5,0,0,1,0,0,0,0,0,0,0
9560,10976,2,28,30,6,1,NA,2085,0,5,0,0,1,0,0,0,0,0,0,0
9576,4112,2,45,9,4,1,NA,1407,0,7,1,0,0,0,0,0,0,0,0,0
9577,2988,2,34,21,1,1,NA,2390,1,1,0,0,0,0,0,1,0,0,0,0
9582,676,2,20,18,2,1,NA,2750,0,3,0,0,0,0,0,0,0,0,1,0
9597,366,2,56,17,5,0,NA,1991,0,9,0,1,0,0,0,0,0,0,0,0
9691,6446,2,50,28,2,0,NA,2371,0,7,1,0,0,0,0,0,0,0,0,0
9696,8135,2,45,15,5,1,NA,1154,0,8,0,0,0,0,0,0,1,0,0,0
9722,1739,2,40,2,4,1,NA,1221,0,2,0,0,0,0,0,0,0,1,0,0
9728,5318,2,30,12,5,1,NA,2346,0,10,0,0,0,0,0,0,0,0,0,1
9788,9413,2,31,8,1,1,NA,1412,1,6,0,0,0,0,1,0,0,0,0,0
9810,11100,2,55,19,7,0,NA,945,1,4,0,0,0,1,0,0,0,0,0,0
9811,2926,2,30,2,1,1,NA,2244,1,5,0,0,1,0,0,0,0,0,0,0
9812,9652,2,68,6,5,0,NA,1748,0,5,0,0,1,0,0,0,0,0,0,0
9814,5611,2,35,8,4,1,NA,2010,0,6,0,0,0,0,1,0,0,0,0,0
9828,10072,2,48,27,5,1,NA,1568,0,3,0,0,0,0,0,0,0,0,1,0
9840,9717,2,18,27,1,1,NA,948,1,1,0,0,0,0,0,1,0,0,0,0
9863,9516,2,38,4,3,1,NA,1815,0,5,0,0,1,0,0,0,0,0,0,0
9927,4458,2,30,24,4,1,NA,1956,0,1,0,0,0,0,0,1,0,0,0,0
9933,3204,2,37,29,5,1,NA,1739,0,5,0,0,1,0,0,0,0,0,0,0
9962,8432,2,67,3,6,0,NA,977,0,9,0,1,0,0,0,0,0,0,0,0
9988,7199,2,65,30,4,0,NA,1601,0,1,0,0,0,0,0,1,0,0,0,0
10010,11486,2,30,10,4,1,NA,796,0,9,0,1,0,0,0,0,0,0,0,0
10041,123,2,24,8,1,1,NA,2357,1,6,0,0,0,0,1,0,0,0,0,0
10063,3516,2,40,23,7,1,NA,2247,1,5,0,0,1,0,0,0,0,0,0,0
10078,10270,2,30,22,5,1,NA,1534,0,6,0,0,0,0,1,0,0,0,0,0
10186,10922,2,30,21,6,1,NA,1450,0,3,0,0,0,0,0,0,0,0,1,0
10188,2804,2,43,11,4,1,NA,1697,0,10,0,0,0,0,0,0,0,0,0,1
10215,7065,2,45,29,7,1,NA,1170,1,3,0,0,0,0,0,0,0,0,1,0
10219,801,2,22,8,4,1,NA,2041,0,6,0,0,0,0,1,0,0,0,0,0
10259,8899,2,40,4,1,1,NA,1286,1,1,0,0,0,0,0,1,0,0,0,0
10271,2286,2,23,22,3,1,NA,1759,0,4,0,0,0,1,0,0,0,0,0,0
10354,610,2,30,7,7,1,NA,1594,1,6,0,0,0,0,1,0,0,0,0,0
10377,3290,2,70,24,7,0,NA,863,1,6,0,0,0,0,1,0,0,0,0,0
10387,8573,2,22,6,2,1,NA,1832,0,6,0,0,0,0,1,0,0,0,0,0
10429,4650,2,20,4,4,1,NA,1505,0,6,0,0,0,0,1,0,0,0,0,0
10458,473,2,52,29,5,0,NA,2086,0,5,0,0,1,0,0,0,0,0,0,0
10462,6793,2,35,25,2,1,NA,1421,0,9,0,1,0,0,0,0,0,0,0,0
10466,8376,2,46,20,3,1,NA,1783,0,2,0,0,0,0,0,0,0,1,0,0
10471,3075,2,48,19,7,1,NA,1483,1,4,0,0,0,1,0,0,0,0,0,0
10524,998,2,35,19,4,1,NA,826,0,10,0,0,0,0,0,0,0,0,0,1
10533,3126,2,26,13,4,1,NA,1017,0,3,0,0,0,0,0,0,0,0,1,0
10540,9477,2,48,9,3,1,NA,833,0,9,0,1,0,0,0,0,0,0,0,0
10555,10004,2,60,2,5,0,NA,2227,0,6,0,0,0,0,1,0,0,0,0,0
10598,11882,2,50,27,5,0,NA,1559,0,3,0,0,0,0,0,0,0,0,1,0
10609,4824,2,19,3,6,1,NA,1249,0,2,0,0,0,0,0,0,0,1,0,0
10614,11104,2,43,29,7,1,NA,1316,1,3,0,0,0,0,0,0,0,0,1,0
10651,4613,2,42,17,3,1,NA,1596,0,2,0,0,0,0,0,0,0,1,0,0
10705,6359,2,25,29,7,1,NA,174,1,3,0,0,0,0,0,0,0,0,1,0
10713,5807,2,35,26,6,1,NA,1247,0,1,0,0,0,0,0,1,0,0,0,0
10748,4636,2,30,30,7,1,NA,1445,1,5,0,0,1,0,0,0,0,0,0,0
10782,11460,2,29,21,6,1,NA,3041,0,10,0,0,0,0,0,0,0,0,0,1
10791,11324,2,60,8,2,0,NA,646,0,9,0,1,0,0,0,0,0,0,0,0
10817,1235,2,27,14,5,1,NA,2643,0,3,0,0,0,0,0,0,0,0,1,0
10818,4542,2,45,16,4,1,NA,1872,0,7,1,0,0,0,0,0,0,0,0,0
10826,6648,2,30,3,3,1,NA,1597,0,5,0,0,1,0,0,0,0,0,0,0
10829,5292,2,34,19,4,1,NA,1119,0,3,0,0,0,0,0,0,0,0,1,0
10853,1002,2,27,25,3,1,NA,1953,0,3,0,0,0,0,0,0,0,0,1,0
10948,1883,2,28,2,2,1,NA,2568,0,8,0,0,0,0,0,0,1,0,0,0
11004,1470,2,40,25,6,1,NA,1616,0,1,0,0,0,0,0,1,0,0,0,0
11022,5742,2,72,29,7,0,NA,1014,1,3,0,0,0,0,0,0,0,0,1,0
11071,11551,2,40,8,5,1,NA,1747,0,1,0,0,0,0,0,1,0,0,0,0
11088,8941,2,52,1,3,0,NA,1750,0,2,0,0,0,0,0,0,0,1,0,0
11116,2722,2,25,4,7,1,NA,2307,1,6,0,0,0,0,1,0,0,0,0,0
11167,1401,2,38,14,4,1,NA,763,0,7,1,0,0,0,0,0,0,0,0,0
11173,6173,2,60,27,1,0,NA,1331,1,1,0,0,0,0,0,1,0,0,0,0
11177,4465,2,45,28,2,1,NA,607,0,7,1,0,0,0,0,0,0,0,0,0
11199,9181,2,29,15,3,1,NA,2342,0,9,0,1,0,0,0,0,0,0,0,0
11240,3636,2,24,9,3,1,NA,1450,0,9,0,1,0,0,0,0,0,0,0,0
11296,10417,2,40,6,7,1,NA,539,1,9,0,1,0,0,0,0,0,0,0,0
11301,539,2,41,17,3,1,NA,2732,0,2,0,0,0,0,0,0,0,1,0,0
11309,1512,2,70,2,6,0,NA,625,0,1,0,0,0,0,0,1,0,0,0,0
11330,5243,2,46,4,4,1,NA,1633,0,6,0,0,0,0,1,0,0,0,0,0
11339,6293,2,51,21,4,0,NA,2486,0,4,0,0,0,1,0,0,0,0,0,0
11397,8289,2,45,25,3,1,NA,911,0,3,0,0,0,0,0,0,0,0,1,0
11417,5730,2,60,4,5,0,NA,1375,0,9,0,1,0,0,0,0,0,0,0,0
11466,223,2,55,15,3,0,NA,1135,0,9,0,1,0,0,0,0,0,0,0,0
11497,8210,2,25,23,7,1,NA,1774,1,5,0,0,1,0,0,0,0,0,0,0
11571,4437,2,26,9,4,1,NA,1584,0,7,1,0,0,0,0,0,0,0,0,0
11598,676,2,33,18,2,1,NA,2400,0,3,0,0,0,0,0,0,0,0,1,0
11714,8716,2,25,4,7,1,NA,2074,1,6,0,0,0,0,1,0,0,0,0,0
11721,3622,2,54,25,3,0,NA,1644,0,3,0,0,0,0,0,0,0,0,1,0
11726,9250,2,30,5,5,1,NA,867,0,5,0,0,1,0,0,0,0,0,0,0
11779,8531,2,65,3,2,0,NA,2130,0,5,0,0,1,0,0,0,0,0,0,0
11817,3354,2,20,29,3,1,NA,1729,0,1,0,0,0,0,0,1,0,0,0,0
11861,200,2,35,2,5,1,NA,1041,0,6,0,0,0,0,1,0,0,0,0,0
11913,2622,2,30,23,7,1,NA,1844,1,5,0,0,1,0,0,0,0,0,0,0
11932,4426,2,45,22,3,1,NA,1791,0,4,0,0,0,1,0,0,0,0,0,0
11941,2722,2,60,4,7,0,NA,1378,1,6,0,0,0,0,1,0,0,0,0,0
12001,5504,2,55,15,5,0,NA,836,0,8,0,0,0,0,0,0,1,0,0,0
12007,11098,2,48,29,6,1,NA,1096,0,5,0,0,1,0,0,0,0,0,0,0
12020,7296,2,50,21,4,0,NA,2133,0,4,0,0,0,1,0,0,0,0,0,0
12045,13,2,35,23,1,1,NA,1278,1,10,0,0,0,0,0,0,0,0,0,1
12116,10811,2,65,22,5,0,NA,1324,0,4,0,0,0,1,0,0,0,0,0,0
12136,7685,2,21,19,2,1,NA,775,0,8,0,0,0,0,0,0,1,0,0,0
12180,7819,2,25,2,6,1,NA,2080,0,1,0,0,0,0,0,1,0,0,0,0
12188,10548,2,55,20,3,0,NA,514,0,8,0,0,0,0,0,0,1,0,0,0
12192,7819,2,53,2,6,0,NA,2441,0,1,0,0,0,0,0,1,0,0,0,0
12193,2236,2,80,4,4,0,NA,1112,0,5,0,0,1,0,0,0,0,0,0,0
12248,4276,2,24,8,5,1,NA,1826,0,1,0,0,0,0,0,1,0,0,0,0
12286,5141,2,44,28,2,1,NA,1891,0,1,0,0,0,0,0,1,0,0,0,0
12327,7497,2,65,24,5,0,NA,1340,0,7,1,0,0,0,0,0,0,0,0,0
12359,8812,2,60,22,5,0,NA,929,0,6,0,0,0,0,1,0,0,0,0,0
12464,3265,2,45,12,5,1,NA,2156,0,10,0,0,0,0,0,0,0,0,0,1
12472,5715,2,40,24,1,1,NA,2061,1,9,0,1,0,0,0,0,0,0,0,0
12496,2236,2,41,4,4,1,NA,1966,0,5,0,0,1,0,0,0,0,0,0,0
12507,10991,2,33,20,1,1,NA,927,1,4,0,0,0,1,0,0,0,0,0,0
12549,3595,2,45,25,3,1,NA,1729,0,3,0,0,0,0,0,0,0,0,1,0
12627,9704,2,38,18,5,1,NA,1133,0,1,0,0,0,0,0,1,0,0,0,0
12633,1314,2,26,30,6,1,NA,1263,0,8,0,0,0,0,0,0,1,0,0,0
12645,8341,2,37,5,5,1,NA,1632,0,5,0,0,1,0,0,0,0,0,0,0
12657,352,2,27,20,3,1,NA,1440,0,8,0,0,0,0,0,0,1,0,0,0
12686,9317,2,19,6,2,1,NA,548,0,7,1,0,0,0,0,0,0,0,0,0
12734,2202,2,65,25,6,0,NA,1128,0,1,0,0,0,0,0,1,0,0,0,0
12749,2302,2,45,15,7,1,NA,1152,1,10,0,0,0,0,0,0,0,0,0,1
12773,3677,2,60,22,3,0,NA,1136,0,7,1,0,0,0,0,0,0,0,0,0
12823,8728,2,35,30,4,1,NA,2448,0,1,0,0,0,0,0,1,0,0,0,0
12901,10747,2,28,17,2,1,NA,1100,0,10,0,0,0,0,0,0,0,0,0,1
12946,6377,2,35,19,4,1,NA,1333,0,10,0,0,0,0,0,0,0,0,0,1
12949,3202,2,35,4,1,1,NA,1612,1,1,0,0,0,0,0,1,0,0,0,0
12960,9715,2,29,19,6,1,NA,2552,0,1,0,0,0,0,0,1,0,0,0,0
12979,3800,2,48,1,5,1,NA,1643,0,1,0,0,0,0,0,1,0,0,0,0
13004,7547,2,50,8,2,0,NA,830,0,9,0,1,0,0,0,0,0,0,0,0
13064,4060,2,26,22,5,1,NA,1852,0,2,0,0,0,0,0,0,0,1,0,0
13072,3145,2,24,19,6,1,NA,2182,0,1,0,0,0,0,0,1,0,0,0,0
13125,9121,2,40,10,4,1,NA,1255,0,9,0,1,0,0,0,0,0,0,0,0
13130,1926,2,36,25,3,1,NA,1487,0,3,0,0,0,0,0,0,0,0,1,0
13131,4256,2,45,4,4,1,NA,1215,0,5,0,0,1,0,0,0,0,0,0,0
13189,5459,2,25,20,1,1,NA,1970,1,4,0,0,0,1,0,0,0,0,0,0
13199,5170,2,40,24,5,1,NA,1703,0,1,0,0,0,0,0,1,0,0,0,0
13216,4978,2,69,17,5,0,NA,1015,0,9,0,1,0,0,0,0,0,0,0,0
13220,11100,2,24,19,7,1,NA,1042,1,4,0,0,0,1,0,0,0,0,0,0
13222,8733,2,50,1,5,0,NA,1480,0,1,0,0,0,0,0,1,0,0,0,0
13234,9183,2,32,28,6,1,NA,1810,0,3,0,0,0,0,0,0,0,0,1,0
13239,3516,2,19,23,7,1,NA,1678,1,5,0,0,1,0,0,0,0,0,0,0
13339,10652,2,65,14,2,0,NA,1480,0,7,1,0,0,0,0,0,0,0,0,0
13377,9547,2,45,18,2,1,NA,1561,0,3,0,0,0,0,0,0,0,0,1,0
13384,2194,2,45,16,4,1,NA,1705,0,7,1,0,0,0,0,0,0,0,0,0
13408,8015,2,46,21,6,1,NA,2007,0,3,0,0,0,0,0,0,0,0,1,0
13412,2882,2,33,6,7,1,NA,1259,1,9,0,1,0,0,0,0,0,0,0,0
13415,10136,2,50,19,5,0,NA,1222,0,2,0,0,0,0,0,0,0,1,0,0
13418,11288,2,29,6,6,1,NA,2197,0,5,0,0,1,0,0,0,0,0,0,0
13424,5637,2,55,17,5,0,NA,1755,0,9,0,1,0,0,0,0,0,0,0,0
13438,1501,2,60,27,4,0,NA,1214,0,5,0,0,1,0,0,0,0,0,0,0
13441,11731,2,26,22,3,1,NA,1803,0,7,1,0,0,0,0,0,0,0,0,0
13460,3202,2,75,4,1,0,NA,916,1,1,0,0,0,0,0,1,0,0,0,0
13522,5698,2,50,21,5,0,NA,1566,0,5,0,0,1,0,0,0,0,0,0,0
13544,518,2,40,8,4,1,NA,1183,0,7,1,0,0,0,0,0,0,0,0,0
13558,6247,2,60,20,3,0,NA,1623,0,4,0,0,0,1,0,0,0,0,0,0
13563,3191,2,38,9,2,1,NA,1090,0,10,0,0,0,0,0,0,0,0,0,1
13619,7067,2,33,15,7,1,NA,1783,1,10,0,0,0,0,0,0,0,0,0,1
13639,10580,2,38,22,6,1,NA,1126,0,9,0,1,0,0,0,0,0,0,0,0
13668,5767,2,27,22,5,1,NA,879,0,4,0,0,0,1,0,0,0,0,0,0
13705,8258,2,35,26,5,1,NA,2035,0,2,0,0,0,0,0,0,0,1,0,0
13724,7094,2,23,4,1,1,NA,2244,1,1,0,0,0,0,0,1,0,0,0,0
13737,4236,2,42,26,6,1,NA,1704,0,1,0,0,0,0,0,1,0,0,0,0
13760,7945,2,43,14,4,1,NA,1642,0,7,1,0,0,0,0,0,0,0,0,0
13826,8660,2,30,21,5,1,NA,1182,0,5,0,0,1,0,0,0,0,0,0,0
13838,3282,2,22,26,7,1,NA,992,1,1,0,0,0,0,0,1,0,0,0,0
13859,5663,2,46,8,5,1,NA,2797,0,1,0,0,0,0,0,1,0,0,0,0
13876,3190,2,25,20,5,1,NA,1403,0,3,0,0,0,0,0,0,0,0,1,0
13899,7634,2,40,6,6,1,NA,2113,0,5,0,0,1,0,0,0,0,0,0,0
13917,916,2,40,16,4,1,NA,1417,0,9,0,1,0,0,0,0,0,0,0,0
13956,5863,2,36,22,3,1,NA,1539,0,4,0,0,0,1,0,0,0,0,0,0
14017,2640,2,30,5,2,1,NA,1860,0,1,0,0,0,0,0,1,0,0,0,0
14036,6243,2,31,30,2,1,NA,1554,0,2,0,0,0,0,0,0,0,1,0,0
14062,8667,2,60,25,2,0,NA,1279,0,5,0,0,1,0,0,0,0,0,0,0
14063,9177,2,46,29,6,1,NA,1617,0,5,0,0,1,0,0,0,0,0,0,0
14065,6955,2,28,27,1,1,NA,1996,1,1,0,0,0,0,0,1,0,0,0,0
14074,2863,2,35,13,5,1,NA,1368,0,10,0,0,0,0,0,0,0,0,0,1
14103,2189,2,50,1,5,0,NA,1611,0,1,0,0,0,0,0,1,0,0,0,0
14125,6388,2,45,29,6,1,NA,1387,0,5,0,0,1,0,0,0,0,0,0,0
14161,5459,2,80,20,1,0,NA,957,1,4,0,0,0,1,0,0,0,0,0,0
14164,5377,2,30,10,7,1,NA,1568,1,7,1,0,0,0,0,0,0,0,0,0
14188,11469,2,60,4,4,0,NA,1954,0,6,0,0,0,0,1,0,0,0,0,0
14201,594,2,55,29,6,0,NA,1212,0,5,0,0,1,0,0,0,0,0,0,0
14219,4466,2,42,20,1,1,NA,1211,1,4,0,0,0,1,0,0,0,0,0,0
14246,1314,2,60,30,6,0,NA,2637,0,8,0,0,0,0,0,0,1,0,0,0
14267,856,2,33,9,2,1,NA,1616,0,10,0,0,0,0,0,0,0,0,0,1
14288,3844,2,60,17,2,0,NA,2464,0,10,0,0,0,0,0,0,0,0,0,1
14291,6482,2,70,8,5,0,NA,1057,0,7,1,0,0,0,0,0,0,0,0,0
14299,2460,2,70,30,7,0,NA,1245,1,5,0,0,1,0,0,0,0,0,0,0
14318,5950,2,35,8,4,1,NA,1336,0,7,1,0,0,0,0,0,0,0,0,0
14327,11288,2,35,6,6,1,NA,2197,0,5,0,0,1,0,0,0,0,0,0,0
14342,8731,2,19,14,2,1,NA,920,0,7,1,0,0,0,0,0,0,0,0,0
14365,4347,2,28,4,5,1,NA,961,0,9,0,1,0,0,0,0,0,0,0,0
14421,3029,2,45,24,1,1,NA,2009,1,9,0,1,0,0,0,0,0,0,0,0
14444,7229,2,19,17,5,1,NA,1790,0,9,0,1,0,0,0,0,0,0,0,0
14475,10322,2,40,24,4,1,NA,1769,0,1,0,0,0,0,0,1,0,0,0,0
14476,394,2,45,4,7,1,NA,2108,1,6,0,0,0,0,1,0,0,0,0,0
14478,338,2,26,24,4,1,NA,1856,0,1,0,0,0,0,0,1,0,0,0,0
14481,4701,2,67,18,1,0,NA,527,1,8,0,0,0,0,0,0,1,0,0,0
14490,3799,2,49,20,5,1,NA,2043,0,3,0,0,0,0,0,0,0,0,1,0
14549,1476,2,70,7,4,0,NA,701,0,1,0,0,0,0,0,1,0,0,0,0
14565,3844,2,30,17,2,1,NA,2209,0,10,0,0,0,0,0,0,0,0,0,1
14585,6684,2,35,18,2,1,NA,1970,0,3,0,0,0,0,0,0,0,0,1,0
14626,2254,2,38,20,3,1,NA,1359,0,4,0,0,0,1,0,0,0,0,0,0
14627,9869,2,32,22,3,1,NA,1486,0,7,1,0,0,0,0,0,0,0,0,0
14633,1017,2,18,30,2,1,NA,898,0,2,0,0,0,0,0,0,0,1,0,0
14647,11201,2,55,21,4,0,NA,1251,0,4,0,0,0,1,0,0,0,0,0,0
14684,2390,2,58,28,6,0,NA,1904,0,3,0,0,0,0,0,0,0,0,1,0
14771,7733,2,55,8,5,0,NA,1945,0,1,0,0,0,0,0,1,0,0,0,0
14816,9919,2,45,16,4,1,NA,1216,0,7,1,0,0,0,0,0,0,0,0,0
14830,9105,2,65,9,2,0,NA,1231,0,10,0,0,0,0,0,0,0,0,0,1
14842,6642,2,23,5,5,1,NA,2184,0,5,0,0,1,0,0,0,0,0,0,0
14851,320,2,40,3,6,1,NA,973,0,7,1,0,0,0,0,0,0,0,0,0
14858,738,2,38,3,6,1,NA,1804,0,2,0,0,0,0,0,0,0,1,0,0
14927,1518,2,48,9,3,1,NA,109,0,9,0,1,0,0,0,0,0,0,0,0
14932,11528,2,30,14,2,1,NA,1476,0,7,1,0,0,0,0,0,0,0,0,0
14965,4107,2,33,13,4,1,NA,1962,0,3,0,0,0,0,0,0,0,0,1,0
14982,3423,2,40,3,6,1,NA,1551,0,7,1,0,0,0,0,0,0,0,0,0
15006,5809,2,32,24,5,1,NA,1805,0,1,0,0,0,0,0,1,0,0,0,0
15047,7229,2,45,17,5,1,NA,1444,0,9,0,1,0,0,0,0,0,0,0,0
15062,2729,2,36,25,3,1,NA,1166,0,3,0,0,0,0,0,0,0,0,1,0
15092,347,2,26,30,2,1,NA,2047,0,2,0,0,0,0,0,0,0,1,0,0
15112,978,2,70,23,6,0,NA,657,0,6,0,0,0,0,1,0,0,0,0,0
15114,5807,2,18,26,6,1,NA,1775,0,1,0,0,0,0,0,1,0,0,0,0
15123,4876,2,30,2,2,1,NA,1982,0,8,0,0,0,0,0,0,1,0,0,0
15144,3077,2,50,18,3,0,NA,1543,0,3,0,0,0,0,0,0,0,0,1,0
15153,11281,2,29,24,5,1,NA,1222,0,7,1,0,0,0,0,0,0,0,0,0
15184,6827,2,47,26,6,1,NA,3490,0,1,0,0,0,0,0,1,0,0,0,0
15203,1024,2,45,21,5,1,NA,995,0,5,0,0,1,0,0,0,0,0,0,0
15206,9657,2,58,14,4,0,NA,1005,0,8,0,0,0,0,0,0,1,0,0,0
15207,10216,2,45,28,2,1,NA,1892,0,7,1,0,0,0,0,0,0,0,0,0
15218,4690,2,19,6,3,1,NA,1467,0,1,0,0,0,0,0,1,0,0,0,0
15248,1559,2,71,19,4,0,NA,1089,0,10,0,0,0,0,0,0,0,0,0,1
15262,11804,2,30,1,5,1,NA,1246,0,1,0,0,0,0,0,1,0,0,0,0
15266,4665,2,22,18,5,1,NA,1473,0,1,0,0,0,0,0,1,0,0,0,0
15270,6685,2,35,3,6,1,NA,849,0,7,1,0,0,0,0,0,0,0,0,0
15373,7748,2,80,1,5,0,NA,1152,0,1,0,0,0,0,0,1,0,0,0,0
15383,1232,2,40,4,7,1,NA,1564,1,6,0,0,0,0,1,0,0,0,0,0
15392,8565,2,45,6,2,1,NA,1887,0,7,1,0,0,0,0,0,0,0,0,0
15413,7259,2,55,6,2,0,NA,1528,0,7,1,0,0,0,0,0,0,0,0,0
15430,5327,2,30,5,5,1,NA,1258,0,5,0,0,1,0,0,0,0,0,0,0
15433,2027,2,42,30,6,1,NA,1419,0,8,0,0,0,0,0,0,1,0,0,0
15453,6937,2,50,4,3,0,NA,2684,0,5,0,0,1,0,0,0,0,0,0,0
15468,10808,2,24,22,3,1,NA,2186,0,4,0,0,0,1,0,0,0,0,0,0
15598,4193,2,22,20,5,1,NA,1080,0,3,0,0,0,0,0,0,0,0,1,0
15622,9193,2,19,4,7,1,NA,1263,1,7,1,0,0,0,0,0,0,0,0,0
15650,3126,2,51,13,4,0,NA,1150,0,3,0,0,0,0,0,0,0,0,1,0
15663,8683,2,42,18,6,1,NA,1250,0,9,0,1,0,0,0,0,0,0,0,0
15676,1902,2,44,9,6,1,NA,900,0,7,1,0,0,0,0,0,0,0,0,0
15677,3671,2,25,6,2,1,NA,1835,0,7,1,0,0,0,0,0,0,0,0,0
15711,2589,2,58,24,4,0,NA,1635,0,1,0,0,0,0,0,1,0,0,0,0
15764,4878,2,36,20,3,1,NA,2475,0,2,0,0,0,0,0,0,0,1,0,0
15791,4193,2,18,20,5,1,NA,836,0,3,0,0,0,0,0,0,0,0,1,0
15826,4651,2,60,1,3,0,NA,1689,0,2,0,0,0,0,0,0,0,1,0,0
15862,7334,2,25,18,4,1,NA,1161,0,2,0,0,0,0,0,0,0,1,0,0
15871,7647,2,18,28,2,1,NA,893,0,7,1,0,0,0,0,0,0,0,0,0
15874,6332,2,35,26,7,1,NA,1440,1,1,0,0,0,0,0,1,0,0,0,0
15881,2269,2,50,25,2,0,NA,1048,0,5,0,0,1,0,0,0,0,0,0,0
15883,4006,2,45,4,7,1,NA,1454,1,6,0,0,0,0,1,0,0,0,0,0
15888,5941,2,45,8,4,1,NA,1740,0,7,1,0,0,0,0,0,0,0,0,0
15908,4126,2,25,1,5,1,NA,1402,0,1,0,0,0,0,0,1,0,0,0,0
15998,11211,2,45,18,3,1,NA,1647,0,3,0,0,0,0,0,0,0,0,1,0
15999,8732,2,31,1,5,1,NA,1978,0,1,0,0,0,0,0,1,0,0,0,0
16019,5202,2,45,1,4,1,NA,1331,0,2,0,0,0,0,0,0,0,1,0,0
16054,3372,2,60,26,5,0,NA,950,0,2,0,0,0,0,0,0,0,1,0,0
16063,5436,2,30,31,3,1,NA,908,0,7,1,0,0,0,0,0,0,0,0,0
16074,10912,2,35,16,7,1,NA,2962,1,3,0,0,0,0,0,0,0,0,1,0
16103,9874,2,50,6,7,0,NA,1840,1,9,0,1,0,0,0,0,0,0,0,0
16111,10845,2,61,18,1,0,NA,688,1,8,0,0,0,0,0,0,1,0,0,0
16114,6216,2,45,1,1,1,NA,1335,1,8,0,0,0,0,0,0,1,0,0,0
16136,136,2,25,19,5,1,NA,1136,0,2,0,0,0,0,0,0,0,1,0,0
16144,6412,2,21,9,6,1,NA,854,0,7,1,0,0,0,0,0,0,0,0,0
16158,9795,2,31,28,2,1,NA,1432,0,1,0,0,0,0,0,1,0,0,0,0
16183,5806,2,45,16,7,1,NA,2320,1,3,0,0,0,0,0,0,0,0,1,0
16186,10216,2,25,28,2,1,NA,1425,0,7,1,0,0,0,0,0,0,0,0,0
16197,2928,2,45,28,2,1,NA,921,0,1,0,0,0,0,0,1,0,0,0,0
16216,3286,2,28,30,7,1,NA,1682,1,5,0,0,1,0,0,0,0,0,0,0
16259,50,2,45,23,6,1,NA,865,0,6,0,0,0,0,1,0,0,0,0,0
16269,3248,2,30,5,5,1,NA,2226,0,6,0,0,0,0,1,0,0,0,0,0
16284,868,2,26,26,6,1,NA,1254,0,1,0,0,0,0,0,1,0,0,0,0
16317,9413,2,70,8,1,0,NA,1670,1,6,0,0,0,0,1,0,0,0,0,0
16336,8158,2,52,2,2,0,NA,1031,0,8,0,0,0,0,0,0,1,0,0,0
16357,689,2,45,3,6,1,NA,925,0,9,0,1,0,0,0,0,0,0,0,0
16377,2640,2,90,5,2,0,NA,986,0,1,0,0,0,0,0,1,0,0,0,0
16404,8039,2,55,24,7,0,NA,1157,1,6,0,0,0,0,1,0,0,0,0,0
16425,1075,2,25,15,5,1,NA,459,0,8,0,0,0,0,0,0,1,0,0,0
16445,5904,2,38,29,3,1,NA,1883,0,1,0,0,0,0,0,1,0,0,0,0
16472,11450,2,45,23,6,1,NA,928,0,6,0,0,0,0,1,0,0,0,0,0
16486,3431,2,40,5,6,1,NA,1630,0,9,0,1,0,0,0,0,0,0,0,0
16539,9319,2,30,5,2,1,NA,2352,0,1,0,0,0,0,0,1,0,0,0,0
16568,6602,2,60,18,5,0,NA,1452,0,1,0,0,0,0,0,1,0,0,0,0
16580,2732,2,60,28,5,0,NA,704,0,4,0,0,0,1,0,0,0,0,0,0
16630,4288,2,68,18,2,0,NA,1220,0,3,0,0,0,0,0,0,0,0,1,0
16640,786,2,39,22,5,1,NA,848,0,6,0,0,0,0,1,0,0,0,0,0
16667,8793,2,38,2,6,1,NA,1704,0,1,0,0,0,0,0,1,0,0,0,0
16679,877,2,45,29,7,1,NA,1415,1,3,0,0,0,0,0,0,0,0,1,0
16737,6387,2,55,21,6,0,NA,1123,0,10,0,0,0,0,0,0,0,0,0,1
16766,8699,2,20,6,2,1,NA,1266,0,6,0,0,0,0,1,0,0,0,0,0
16851,5053,2,48,5,6,1,NA,1712,0,9,0,1,0,0,0,0,0,0,0,0
16868,10351,2,45,23,6,1,NA,874,0,6,0,0,0,0,1,0,0,0,0,0
16930,3563,2,33,6,6,1,NA,1632,0,6,0,0,0,0,1,0,0,0,0,0
16976,746,2,48,21,4,1,NA,1695,0,4,0,0,0,1,0,0,0,0,0,0
17027,5921,2,35,4,5,1,NA,1125,0,9,0,1,0,0,0,0,0,0,0,0
17032,7317,2,60,22,3,0,NA,1777,0,4,0,0,0,1,0,0,0,0,0,0
17046,177,2,30,23,6,1,NA,843,0,6,0,0,0,0,1,0,0,0,0,0
17091,1101,2,32,18,6,1,NA,983,0,9,0,1,0,0,0,0,0,0,0,0
17105,916,2,58,16,4,0,NA,1196,0,9,0,1,0,0,0,0,0,0,0,0
17173,2344,2,35,14,2,1,NA,1717,0,7,1,0,0,0,0,0,0,0,0,0
17231,1743,2,65,6,6,0,NA,1310,0,5,0,0,1,0,0,0,0,0,0,0
17265,179,2,21,18,3,1,NA,1532,0,3,0,0,0,0,0,0,0,0,1,0
17301,2774,2,60,22,3,0,NA,1807,0,4,0,0,0,1,0,0,0,0,0,0
17304,8245,2,28,30,7,1,NA,1298,1,5,0,0,1,0,0,0,0,0,0,0
17339,5564,2,40,1,4,1,NA,1296,0,2,0,0,0,0,0,0,0,1,0,0
17456,4101,2,35,9,4,1,NA,677,0,7,1,0,0,0,0,0,0,0,0,0
17478,1858,2,52,3,3,0,NA,1556,0,5,0,0,1,0,0,0,0,0,0,0
17534,7591,2,40,9,2,1,NA,1142,0,10,0,0,0,0,0,0,0,0,0,1
17577,1382,2,30,24,5,1,NA,1453,0,1,0,0,0,0,0,1,0,0,0,0
17584,8790,2,25,15,5,1,NA,1043,0,8,0,0,0,0,0,0,1,0,0,0
17604,7244,2,80,4,7,0,NA,1964,1,6,0,0,0,0,1,0,0,0,0,0
17605,5885,2,45,6,3,1,NA,2000,0,1,0,0,0,0,0,1,0,0,0,0
17675,629,2,34,14,4,1,NA,1657,0,7,1,0,0,0,0,0,0,0,0,0
17680,2701,2,58,25,2,0,NA,1348,0,5,0,0,1,0,0,0,0,0,0,0
17696,9206,2,40,20,5,1,NA,1228,0,3,0,0,0,0,0,0,0,0,1,0
17706,10515,2,18,3,3,1,NA,1671,0,5,0,0,1,0,0,0,0,0,0,0
17741,2907,2,52,28,2,0,NA,812,0,7,1,0,0,0,0,0,0,0,0,0
17749,10221,2,24,5,2,1,NA,2127,0,1,0,0,0,0,0,1,0,0,0,0
17757,8986,2,70,2,4,0,NA,1565,0,2,0,0,0,0,0,0,0,1,0,0
17795,7580,2,36,3,3,1,NA,1754,0,5,0,0,1,0,0,0,0,0,0,0
17804,4176,2,60,5,6,0,NA,1346,0,9,0,1,0,0,0,0,0,0,0,0
17814,621,2,50,21,6,0,NA,1225,0,3,0,0,0,0,0,0,0,0,1,0
17818,8881,2,50,18,1,0,NA,544,1,8,0,0,0,0,0,0,1,0,0,0
17829,11547,2,38,8,4,1,NA,1618,0,7,1,0,0,0,0,0,0,0,0,0
17851,5189,2,70,22,5,0,NA,2229,0,2,0,0,0,0,0,0,0,1,0,0
17867,6793,2,60,25,2,0,NA,1494,0,9,0,1,0,0,0,0,0,0,0,0
17899,419,2,35,3,6,1,NA,982,0,2,0,0,0,0,0,0,0,1,0,0
17949,7862,2,65,13,5,0,NA,1388,0,10,0,0,0,0,0,0,0,0,0,1
17953,508,2,65,4,3,0,NA,2066,0,5,0,0,1,0,0,0,0,0,0,0
18004,10756,2,60,27,4,0,NA,1282,0,5,0,0,1,0,0,0,0,0,0,0
18063,9512,2,42,19,5,1,NA,1143,0,2,0,0,0,0,0,0,0,1,0,0
18067,2505,2,25,19,4,1,NA,1300,0,3,0,0,0,0,0,0,0,0,1,0
18106,3679,2,45,17,3,1,NA,1841,0,2,0,0,0,0,0,0,0,1,0,0
18117,1325,2,42,24,4,1,NA,2524,0,1,0,0,0,0,0,1,0,0,0,0
18128,6477,2,18,17,5,1,NA,1087,0,9,0,1,0,0,0,0,0,0,0,0
18138,7785,2,35,16,6,1,NA,829,0,8,0,0,0,0,0,0,1,0,0,0
18156,2738,2,55,22,5,0,NA,1069,0,6,0,0,0,0,1,0,0,0,0,0
18159,8323,2,48,21,6,1,NA,2331,0,10,0,0,0,0,0,0,0,0,0,1
18165,2267,2,23,5,5,1,NA,991,0,5,0,0,1,0,0,0,0,0,0,0
18195,11291,2,50,12,2,0,NA,1788,0,7,1,0,0,0,0,0,0,0,0,0
18208,8058,2,23,11,4,1,NA,1678,0,10,0,0,0,0,0,0,0,0,0,1
18227,1275,2,65,5,2,0,NA,1080,0,1,0,0,0,0,0,1,0,0,0,0
18234,5204,2,18,30,2,1,NA,674,0,2,0,0,0,0,0,0,0,1,0,0
18294,6703,2,35,3,6,1,NA,1755,0,7,1,0,0,0,0,0,0,0,0,0
18342,6647,2,40,29,3,1,NA,1221,0,1,0,0,0,0,0,1,0,0,0,0
18365,7680,2,30,16,7,1,NA,1506,1,3,0,0,0,0,0,0,0,0,1,0
18372,179,2,45,18,3,1,NA,1820,0,3,0,0,0,0,0,0,0,0,1,0
18417,5280,2,18,16,7,1,NA,2411,1,3,0,0,0,0,0,0,0,0,1,0
18436,9477,2,25,9,3,1,NA,886,0,9,0,1,0,0,0,0,0,0,0,0
18443,856,2,62,9,2,0,NA,1151,0,10,0,0,0,0,0,0,0,0,0,1
18478,2344,2,55,14,2,0,NA,1555,0,7,1,0,0,0,0,0,0,0,0,0
18513,1401,2,19,14,4,1,NA,1277,0,7,1,0,0,0,0,0,0,0,0,0
18517,10566,2,32,11,4,1,NA,1930,0,10,0,0,0,0,0,0,0,0,0,1
18596,4132,2,40,6,2,1,NA,966,0,7,1,0,0,0,0,0,0,0,0,0
18606,8742,2,65,30,4,0,NA,1115,0,1,0,0,0,0,0,1,0,0,0,0
18698,3643,2,65,4,7,0,NA,1193,1,6,0,0,0,0,1,0,0,0,0,0
18718,4276,2,59,8,5,0,NA,2330,0,1,0,0,0,0,0,1,0,0,0,0
18742,4162,2,55,2,6,0,NA,1632,0,1,0,0,0,0,0,1,0,0,0,0
18755,9992,2,60,24,5,0,NA,1491,0,1,0,0,0,0,0,1,0,0,0,0
18774,5603,2,55,21,6,0,NA,1561,0,3,0,0,0,0,0,0,0,0,1,0
18791,1437,2,30,19,5,1,NA,2605,0,2,0,0,0,0,0,0,0,1,0,0
18841,1938,2,70,2,4,0,NA,1068,0,2,0,0,0,0,0,0,0,1,0,0
18880,1610,2,45,18,2,1,NA,1275,0,3,0,0,0,0,0,0,0,0,1,0
18886,6937,2,23,4,3,1,NA,2538,0,5,0,0,1,0,0,0,0,0,0,0
18935,6690,2,42,8,1,1,NA,1971,1,6,0,0,0,0,1,0,0,0,0,0
18984,9698,2,45,19,4,1,NA,1257,0,3,0,0,0,0,0,0,0,0,1,0
19017,1390,2,22,6,6,1,NA,2127,0,5,0,0,1,0,0,0,0,0,0,0
19026,9874,2,35,6,7,1,NA,2025,1,9,0,1,0,0,0,0,0,0,0,0
19033,7227,2,30,2,2,1,NA,1338,0,8,0,0,0,0,0,0,1,0,0,0
19039,11601,2,42,7,1,1,NA,728,1,9,0,1,0,0,0,0,0,0,0,0
19081,4284,2,22,6,7,1,NA,858,1,9,0,1,0,0,0,0,0,0,0,0
19096,9321,2,55,1,1,0,NA,1398,1,8,0,0,0,0,0,0,1,0,0,0
19162,6400,2,18,21,4,1,NA,3163,0,4,0,0,0,1,0,0,0,0,0,0
19174,9686,2,65,18,1,0,NA,1281,1,8,0,0,0,0,0,0,1,0,0,0
19181,9453,2,23,15,5,1,NA,1248,0,8,0,0,0,0,0,0,1,0,0,0
19192,6836,2,25,6,3,1,NA,615,0,1,0,0,0,0,0,1,0,0,0,0
19205,9298,2,22,24,1,1,NA,1806,1,9,0,1,0,0,0,0,0,0,0,0
19221,1449,2,75,30,7,0,NA,1115,1,5,0,0,1,0,0,0,0,0,0,0
19243,7125,2,35,6,2,1,NA,1894,0,6,0,0,0,0,1,0,0,0,0,0
19301,2160,2,25,29,5,1,NA,1895,0,5,0,0,1,0,0,0,0,0,0,0
19302,10817,2,35,20,3,1,NA,1352,0,4,0,0,0,1,0,0,0,0,0,0
19350,10189,2,42,20,3,1,NA,1249,0,8,0,0,0,0,0,0,1,0,0,0
19425,10756,2,39,27,4,1,NA,1481,0,5,0,0,1,0,0,0,0,0,0,0
19441,2747,2,48,4,4,1,NA,441,0,5,0,0,1,0,0,0,0,0,0,0
19445,1959,2,21,5,2,1,NA,2017,0,1,0,0,0,0,0,1,0,0,0,0
19461,8456,2,70,30,6,0,NA,1327,0,8,0,0,0,0,0,0,1,0,0,0
19470,9766,2,21,4,3,1,NA,2371,0,5,0,0,1,0,0,0,0,0,0,0
19475,11638,2,50,20,5,0,NA,1751,0,3,0,0,0,0,0,0,0,0,1,0
19493,11029,2,38,8,1,1,NA,1758,1,6,0,0,0,0,1,0,0,0,0,0
19495,10458,2,23,1,3,1,NA,796,0,2,0,0,0,0,0,0,0,1,0,0
19527,7261,2,32,24,4,1,NA,1824,0,1,0,0,0,0,0,1,0,0,0,0
19558,7808,2,35,19,4,1,NA,1082,0,10,0,0,0,0,0,0,0,0,0,1
19560,7949,2,40,6,2,1,NA,1335,0,7,1,0,0,0,0,0,0,0,0,0
19630,6505,2,40,21,6,1,NA,1168,0,3,0,0,0,0,0,0,0,0,1,0
19651,890,2,38,14,4,1,NA,1373,0,7,1,0,0,0,0,0,0,0,0,0
19652,7679,2,20,19,4,1,NA,1530,0,3,0,0,0,0,0,0,0,0,1,0
19680,7163,2,55,15,5,0,NA,973,0,8,0,0,0,0,0,0,1,0,0,0
19690,8515,2,40,3,6,1,NA,1377,0,9,0,1,0,0,0,0,0,0,0,0
19711,11697,2,35,14,4,1,NA,1700,0,7,1,0,0,0,0,0,0,0,0,0
19713,4070,2,38,18,1,1,NA,1133,1,8,0,0,0,0,0,0,1,0,0,0
19719,9316,2,50,16,7,0,NA,1354,1,3,0,0,0,0,0,0,0,0,1,0
19720,6385,2,65,16,4,0,NA,1205,0,7,1,0,0,0,0,0,0,0,0,0
19745,481,2,35,20,3,1,NA,1115,0,2,0,0,0,0,0,0,0,1,0,0
19798,6216,2,19,1,1,1,NA,1574,1,8,0,0,0,0,0,0,1,0,0,0
19801,10296,2,26,24,5,1,NA,1879,0,7,1,0,0,0,0,0,0,0,0,0
19804,7376,2,49,27,5,1,NA,1368,0,3,0,0,0,0,0,0,0,0,1,0
19848,3789,2,18,21,4,1,NA,1943,0,4,0,0,0,1,0,0,0,0,0,0
19857,7229,2,65,17,5,0,NA,2107,0,9,0,1,0,0,0,0,0,0,0,0
19865,7428,2,40,6,6,1,NA,2344,0,5,0,0,1,0,0,0,0,0,0,0
19887,8291,2,23,26,6,1,NA,1788,0,1,0,0,0,0,0,1,0,0,0,0
19893,195,2,30,20,3,1,NA,1964,0,4,0,0,0,1,0,0,0,0,0,0
19964,3159,2,25,17,5,1,NA,1402,0,9,0,1,0,0,0,0,0,0,0,0
20035,10315,2,35,28,2,1,NA,1935,0,7,1,0,0,0,0,0,0,0,0,0
20068,8355,2,22,4,7,1,NA,2184,1,6,0,0,0,0,1,0,0,0,0,0
20117,10566,2,60,11,4,0,NA,1930,0,10,0,0,0,0,0,0,0,0,0,1
20154,7831,2,47,14,5,1,NA,933,0,3,0,0,0,0,0,0,0,0,1,0
20167,2026,2,45,30,7,1,NA,1422,1,5,0,0,1,0,0,0,0,0,0,0
20175,4426,2,22,22,3,1,NA,1785,0,4,0,0,0,1,0,0,0,0,0,0
20224,11396,2,23,6,6,1,NA,1659,0,5,0,0,1,0,0,0,0,0,0,0
20292,4210,2,38,16,4,1,NA,1329,0,7,1,0,0,0,0,0,0,0,0,0
20294,1037,2,32,7,1,1,NA,1235,1,9,0,1,0,0,0,0,0,0,0,0
20329,4743,2,24,29,5,1,NA,1982,0,5,0,0,1,0,0,0,0,0,0,0
20335,10377,2,40,8,2,1,NA,603,0,9,0,1,0,0,0,0,0,0,0,0
20347,2973,2,40,22,6,1,NA,2190,0,9,0,1,0,0,0,0,0,0,0,0
20402,11607,2,19,8,4,1,NA,1501,0,6,0,0,0,0,1,0,0,0,0,0
20408,11855,2,43,26,6,1,NA,884,0,1,0,0,0,0,0,1,0,0,0,0
20429,4878,2,18,20,3,1,NA,2298,0,2,0,0,0,0,0,0,0,1,0,0
20446,6767,2,40,20,3,1,NA,668,0,8,0,0,0,0,0,0,1,0,0,0
20464,10772,2,50,4,5,0,NA,1104,0,9,0,1,0,0,0,0,0,0,0,0
20482,6951,2,47,27,4,1,NA,2039,0,4,0,0,0,1,0,0,0,0,0,0
20483,10419,2,40,22,5,1,NA,1300,0,6,0,0,0,0,1,0,0,0,0,0
20509,6897,2,19,28,6,1,NA,2104,0,3,0,0,0,0,0,0,0,0,1,0
20532,10327,2,32,24,5,1,NA,1951,0,7,1,0,0,0,0,0,0,0,0,0
20571,8117,2,28,25,2,1,NA,1625,0,9,0,1,0,0,0,0,0,0,0,0
20606,8126,2,18,30,2,1,NA,1282,0,7,1,0,0,0,0,0,0,0,0,0
20626,8215,2,40,24,5,1,NA,1209,0,1,0,0,0,0,0,1,0,0,0,0
20666,7206,2,40,21,5,1,NA,460,0,9,0,1,0,0,0,0,0,0,0,0
20683,3434,2,62,20,3,0,NA,1436,0,8,0,0,0,0,0,0,1,0,0,0
20699,11209,2,26,27,5,1,NA,1619,0,3,0,0,0,0,0,0,0,0,1,0
20714,2279,2,65,28,2,0,NA,1442,0,1,0,0,0,0,0,1,0,0,0,0
20723,5189,2,65,22,5,0,NA,1599,0,2,0,0,0,0,0,0,0,1,0,0
20748,6494,2,80,23,1,0,NA,977,1,10,0,0,0,0,0,0,0,0,0,1
20772,3282,2,57,26,7,0,NA,454,1,1,0,0,0,0,0,1,0,0,0,0
20808,8220,2,36,18,3,1,NA,1272,0,3,0,0,0,0,0,0,0,0,1,0
20813,4394,2,45,6,2,1,NA,815,0,7,1,0,0,0,0,0,0,0,0,0
20820,11254,2,23,8,5,1,NA,1259,0,7,1,0,0,0,0,0,0,0,0,0
20841,6844,2,40,20,5,1,NA,1541,0,3,0,0,0,0,0,0,0,0,1,0
20897,5935,2,78,14,2,0,NA,1126,0,7,1,0,0,0,0,0,0,0,0,0
20907,9848,2,36,16,7,1,NA,2291,1,3,0,0,0,0,0,0,0,0,1,0
20923,6837,2,40,20,1,1,NA,1895,1,4,0,0,0,1,0,0,0,0,0,0
20932,5570,2,50,5,6,0,NA,1240,0,9,0,1,0,0,0,0,0,0,0,0
20933,5635,2,30,20,3,1,NA,2566,0,2,0,0,0,0,0,0,0,1,0,0
20968,1120,2,26,22,5,1,NA,1507,0,4,0,0,0,1,0,0,0,0,0,0
20991,9872,2,27,29,5,1,NA,1466,0,5,0,0,1,0,0,0,0,0,0,0
21000,2824,2,35,15,7,1,NA,1695,1,10,0,0,0,0,0,0,0,0,0,1
21027,2502,2,48,19,5,1,NA,2105,0,2,0,0,0,0,0,0,0,1,0,0
21151,10271,2,70,30,7,0,NA,767,1,5,0,0,1,0,0,0,0,0,0,0
21166,10401,2,55,6,5,0,NA,1486,0,5,0,0,1,0,0,0,0,0,0,0
21178,11629,2,65,27,1,0,NA,1023,1,1,0,0,0,0,0,1,0,0,0,0
21189,8692,2,57,6,5,0,NA,1762,0,5,0,0,1,0,0,0,0,0,0,0
21211,8308,2,32,3,3,1,NA,1948,0,5,0,0,1,0,0,0,0,0,0,0
21221,5871,2,44,14,2,1,NA,1176,0,7,1,0,0,0,0,0,0,0,0,0
21234,11324,2,58,8,2,0,NA,646,0,9,0,1,0,0,0,0,0,0,0,0
21236,444,2,27,11,4,1,NA,1304,0,10,0,0,0,0,0,0,0,0,0,1
21250,5204,2,50,30,2,0,NA,1276,0,2,0,0,0,0,0,0,0,1,0,0
21278,5184,2,46,18,1,1,NA,1049,1,8,0,0,0,0,0,0,1,0,0,0
21285,4491,2,38,19,6,1,NA,1982,0,1,0,0,0,0,0,1,0,0,0,0
21329,3582,2,23,26,5,1,NA,1382,0,2,0,0,0,0,0,0,0,1,0,0
21357,10377,2,55,8,2,0,NA,635,0,9,0,1,0,0,0,0,0,0,0,0
21401,7132,2,35,19,5,1,NA,1133,0,2,0,0,0,0,0,0,0,1,0,0
21404,287,2,50,30,6,0,NA,2644,0,5,0,0,1,0,0,0,0,0,0,0
21407,5318,2,28,12,5,1,NA,2424,0,10,0,0,0,0,0,0,0,0,0,1
21424,190,2,35,24,5,1,NA,1905,0,1,0,0,0,0,0,1,0,0,0,0
21429,8171,2,47,26,7,1,NA,1976,1,1,0,0,0,0,0,1,0,0,0,0
21444,3992,2,50,4,7,0,NA,1680,1,6,0,0,0,0,1,0,0,0,0,0
21455,11137,2,30,25,2,1,NA,1799,0,5,0,0,1,0,0,0,0,0,0,0
21478,8274,2,65,28,5,0,NA,1670,0,4,0,0,0,1,0,0,0,0,0,0
21482,9403,2,60,24,1,0,NA,1466,1,9,0,1,0,0,0,0,0,0,0,0
21488,7277,2,55,5,5,0,NA,2978,0,5,0,0,1,0,0,0,0,0,0,0
21527,2485,2,44,13,4,1,NA,1648,0,3,0,0,0,0,0,0,0,0,1,0
21538,3137,2,58,25,6,0,NA,1637,0,1,0,0,0,0,0,1,0,0,0,0
21540,1136,2,28,10,4,1,NA,912,0,9,0,1,0,0,0,0,0,0,0,0
21546,3689,2,55,7,4,0,NA,1458,0,1,0,0,0,0,0,1,0,0,0,0
21627,2299,2,29,25,6,1,NA,1582,0,1,0,0,0,0,0,1,0,0,0,0
21649,11115,2,19,6,7,1,NA,1031,1,9,0,1,0,0,0,0,0,0,0,0
21702,9413,2,23,8,1,1,NA,1452,1,6,0,0,0,0,1,0,0,0,0,0
21716,3609,2,50,1,4,0,NA,1949,0,2,0,0,0,0,0,0,0,1,0,0
21747,5542,2,45,1,1,1,NA,2493,1,8,0,0,0,0,0,0,1,0,0,0
21763,2003,2,35,20,3,1,NA,1617,0,2,0,0,0,0,0,0,0,1,0,0
21773,6374,2,29,13,5,1,NA,1485,0,10,0,0,0,0,0,0,0,0,0,1
21801,9686,2,34,18,1,1,NA,1515,1,8,0,0,0,0,0,0,1,0,0,0
21887,5371,2,34,21,4,1,NA,2134,0,4,0,0,0,1,0,0,0,0,0,0
21915,3377,2,55,16,4,0,NA,1561,0,7,1,0,0,0,0,0,0,0,0,0
21917,11029,2,18,8,1,1,NA,2385,1,6,0,0,0,0,1,0,0,0,0,0
21923,2502,2,22,19,5,1,NA,614,0,2,0,0,0,0,0,0,0,1,0,0
21936,11645,2,28,3,6,1,NA,1634,0,2,0,0,0,0,0,0,0,1,0,0
21946,5601,2,38,21,5,1,NA,1703,0,5,0,0,1,0,0,0,0,0,0,0
21958,10455,2,35,11,4,1,NA,1299,0,10,0,0,0,0,0,0,0,0,0,1
21986,5278,2,35,21,6,1,NA,1874,0,10,0,0,0,0,0,0,0,0,0,1
22023,3021,2,50,29,7,0,NA,2197,1,3,0,0,0,0,0,0,0,0,1,0
22075,1827,2,45,11,4,1,NA,1890,0,10,0,0,0,0,0,0,0,0,0,1
22094,8899,2,65,4,1,0,NA,1347,1,1,0,0,0,0,0,1,0,0,0,0
22118,2526,2,35,20,3,1,NA,2259,0,2,0,0,0,0,0,0,0,1,0,0
22121,2481,2,70,2,5,0,NA,1899,0,6,0,0,0,0,1,0,0,0,0,0
22148,7125,2,65,6,2,0,NA,1281,0,6,0,0,0,0,1,0,0,0,0,0
22188,7814,2,32,19,5,1,NA,1748,0,2,0,0,0,0,0,0,0,1,0,0
22189,9903,2,26,27,4,1,NA,923,0,5,0,0,1,0,0,0,0,0,0,0
22230,4284,2,60,6,7,0,NA,938,1,9,0,1,0,0,0,0,0,0,0,0
22250,6224,2,40,17,2,1,NA,2398,0,10,0,0,0,0,0,0,0,0,0,1
22284,7261,2,27,24,4,1,NA,1699,0,1,0,0,0,0,0,1,0,0,0,0
22324,2813,2,55,21,5,0,NA,886,0,5,0,0,1,0,0,0,0,0,0,0
22333,7416,2,53,25,3,0,NA,1422,0,3,0,0,0,0,0,0,0,0,1,0
22425,4987,2,25,2,2,1,NA,3072,0,8,0,0,0,0,0,0,1,0,0,0
22565,5170,2,45,24,5,1,NA,1143,0,1,0,0,0,0,0,1,0,0,0,0
22586,7769,2,44,21,5,1,NA,675,0,5,0,0,1,0,0,0,0,0,0,0
22597,3078,2,38,6,6,1,NA,2132,0,6,0,0,0,0,1,0,0,0,0,0
22650,7261,2,30,24,4,1,NA,1773,0,1,0,0,0,0,0,1,0,0,0,0
22715,2926,2,60,2,1,0,NA,2039,1,5,0,0,1,0,0,0,0,0,0,0
22727,10975,2,38,1,4,1,NA,1858,0,2,0,0,0,0,0,0,0,1,0,0
22754,3408,2,35,6,2,1,NA,1362,0,7,1,0,0,0,0,0,0,0,0,0
22763,3326,2,38,18,5,1,NA,1914,0,1,0,0,0,0,0,1,0,0,0,0
22771,5290,2,37,29,6,1,NA,1838,0,5,0,0,1,0,0,0,0,0,0,0
22817,7031,2,40,6,2,1,NA,1421,0,7,1,0,0,0,0,0,0,0,0,0
22850,9510,2,18,27,1,1,NA,1454,1,1,0,0,0,0,0,1,0,0,0,0
22860,10089,2,49,11,4,1,NA,1145,0,10,0,0,0,0,0,0,0,0,0,1
22921,337,2,18,17,2,1,NA,2048,0,10,0,0,0,0,0,0,0,0,0,1
22922,10733,2,40,27,4,1,NA,2028,0,5,0,0,1,0,0,0,0,0,0,0
22924,8338,2,35,4,7,1,NA,1480,1,6,0,0,0,0,1,0,0,0,0,0
22932,8602,2,42,15,3,1,NA,1806,0,9,0,1,0,0,0,0,0,0,0,0
22937,8832,2,42,6,2,1,NA,3293,0,6,0,0,0,0,1,0,0,0,0,0
22942,1426,2,65,21,1,0,NA,1369,1,1,0,0,0,0,0,1,0,0,0,0
22953,801,2,45,8,4,1,NA,2251,0,6,0,0,0,0,1,0,0,0,0,0
22960,2975,2,70,3,6,0,NA,973,0,9,0,1,0,0,0,0,0,0,0,0
23010,1155,2,19,25,3,1,NA,768,0,3,0,0,0,0,0,0,0,0,1,0
23016,5637,2,38,17,5,1,NA,1886,0,9,0,1,0,0,0,0,0,0,0,0
23042,10221,2,55,5,2,0,NA,1248,0,1,0,0,0,0,0,1,0,0,0,0
23101,133,2,26,17,3,1,NA,1750,0,2,0,0,0,0,0,0,0,1,0,0
23143,11040,2,40,24,7,1,NA,1262,1,6,0,0,0,0,1,0,0,0,0,0
23196,2971,2,36,27,5,1,NA,1696,0,3,0,0,0,0,0,0,0,0,1,0
23230,9724,2,25,23,4,1,NA,1655,0,4,0,0,0,1,0,0,0,0,0,0
23235,4416,2,24,24,5,1,NA,1462,0,1,0,0,0,0,0,1,0,0,0,0
23327,434,2,62,5,5,0,NA,1591,0,5,0,0,1,0,0,0,0,0,0,0
23398,10526,2,65,22,5,0,NA,1520,0,2,0,0,0,0,0,0,0,1,0,0
23406,1519,2,62,10,4,0,NA,951,0,9,0,1,0,0,0,0,0,0,0,0
23461,182,2,30,13,4,1,NA,1623,0,3,0,0,0,0,0,0,0,0,1,0
23477,6242,2,22,22,5,1,NA,1699,0,2,0,0,0,0,0,0,0,1,0,0
23487,162,2,38,28,2,1,NA,445,0,7,1,0,0,0,0,0,0,0,0,0
23490,5905,2,40,5,6,1,NA,2495,0,9,0,1,0,0,0,0,0,0,0,0
23495,7954,2,25,8,4,1,NA,1804,0,6,0,0,0,0,1,0,0,0,0,0
23567,10199,2,65,28,6,0,NA,1436,0,3,0,0,0,0,0,0,0,0,1,0
23601,2530,2,65,6,7,0,NA,511,1,9,0,1,0,0,0,0,0,0,0,0
23701,7085,2,38,30,2,1,NA,1555,0,2,0,0,0,0,0,0,0,1,0,0
23771,9766,2,52,4,3,0,NA,2383,0,5,0,0,1,0,0,0,0,0,0,0
23777,11641,2,33,3,3,1,NA,1778,0,5,0,0,1,0,0,0,0,0,0,0
23788,9960,2,55,16,7,0,NA,1557,1,3,0,0,0,0,0,0,0,0,1,0
23794,1932,2,32,19,4,1,NA,1747,0,10,0,0,0,0,0,0,0,0,0,1
23840,9383,2,40,8,5,1,NA,1568,0,1,0,0,0,0,0,1,0,0,0,0
23861,8418,2,55,1,5,0,NA,659,0,1,0,0,0,0,0,1,0,0,0,0
23909,11655,2,26,13,5,1,NA,1021,0,10,0,0,0,0,0,0,0,0,0,1
23965,11441,2,55,21,5,0,NA,1451,0,5,0,0,1,0,0,0,0,0,0,0
23975,6494,2,37,23,1,1,NA,604,1,10,0,0,0,0,0,0,0,0,0,1
24013,10631,2,40,3,3,1,NA,1430,0,5,0,0,1,0,0,0,0,0,0,0
24021,6277,2,35,27,4,1,NA,1187,0,4,0,0,0,1,0,0,0,0,0,0
24056,2497,2,50,8,4,0,NA,1601,0,6,0,0,0,0,1,0,0,0,0,0
24069,9704,2,20,18,5,1,NA,981,0,1,0,0,0,0,0,1,0,0,0,0
24102,3324,2,40,24,7,1,NA,1425,1,6,0,0,0,0,1,0,0,0,0,0
24151,7591,2,20,9,2,1,NA,964,0,10,0,0,0,0,0,0,0,0,0,1
24169,10747,2,58,17,2,0,NA,1456,0,10,0,0,0,0,0,0,0,0,0,1
24206,5788,2,60,6,6,0,NA,1926,0,5,0,0,1,0,0,0,0,0,0,0
24218,4910,2,18,30,6,1,NA,1751,0,8,0,0,0,0,0,0,1,0,0,0
24222,5528,2,60,3,6,0,NA,1396,0,9,0,1,0,0,0,0,0,0,0,0
24223,10828,2,65,3,3,0,NA,938,0,5,0,0,1,0,0,0,0,0,0,0
24252,1874,2,50,11,4,0,NA,2653,0,10,0,0,0,0,0,0,0,0,0,1
24264,8446,2,30,10,7,1,NA,1288,1,7,1,0,0,0,0,0,0,0,0,0
24283,1036,2,75,8,5,0,NA,1615,0,1,0,0,0,0,0,1,0,0,0,0
24285,6673,2,30,27,4,1,NA,1469,0,4,0,0,0,1,0,0,0,0,0,0
24323,2318,2,32,8,2,1,NA,753,0,9,0,1,0,0,0,0,0,0,0,0
24328,5542,2,65,1,1,0,NA,2492,1,8,0,0,0,0,0,0,1,0,0,0
24342,8839,2,45,1,1,1,NA,2304,1,8,0,0,0,0,0,0,1,0,0,0
24363,11074,2,80,23,7,0,NA,1216,1,5,0,0,1,0,0,0,0,0,0,0
24399,689,2,21,3,6,1,NA,890,0,9,0,1,0,0,0,0,0,0,0,0
24400,8341,2,28,5,5,1,NA,1632,0,5,0,0,1,0,0,0,0,0,0,0
24416,2942,2,47,24,7,1,NA,1200,1,6,0,0,0,0,1,0,0,0,0,0
24464,1033,2,45,14,4,1,NA,1573,0,8,0,0,0,0,0,0,1,0,0,0
24551,5189,2,30,22,5,1,NA,1888,0,2,0,0,0,0,0,0,0,1,0,0
24600,11098,2,20,29,6,1,NA,951,0,5,0,0,1,0,0,0,0,0,0,0
24745,4347,2,55,4,5,0,NA,961,0,9,0,1,0,0,0,0,0,0,0,0
24750,8446,2,65,10,7,0,NA,1034,1,7,1,0,0,0,0,0,0,0,0,0
24762,10548,2,25,20,3,1,NA,1219,0,8,0,0,0,0,0,0,1,0,0,0
24768,7206,2,18,21,5,1,NA,977,0,9,0,1,0,0,0,0,0,0,0,0
24775,2895,2,55,5,5,0,NA,1676,0,5,0,0,1,0,0,0,0,0,0,0
24791,8797,2,30,8,1,1,NA,763,1,6,0,0,0,0,1,0,0,0,0,0
24794,4093,2,18,16,4,1,NA,999,0,7,1,0,0,0,0,0,0,0,0,0
24904,9215,2,26,4,5,1,NA,1791,0,9,0,1,0,0,0,0,0,0,0,0
24941,8030,2,55,10,4,0,NA,1006,0,9,0,1,0,0,0,0,0,0,0,0
24981,8239,2,39,1,1,1,NA,1075,1,8,0,0,0,0,0,0,1,0,0,0
24986,3224,2,55,4,1,0,NA,1578,1,1,0,0,0,0,0,1,0,0,0,0
25143,10817,2,21,20,3,1,NA,1412,0,4,0,0,0,1,0,0,0,0,0,0
25152,10483,2,30,4,4,1,NA,1600,0,5,0,0,1,0,0,0,0,0,0,0
25184,11093,2,34,26,6,1,NA,2033,0,1,0,0,0,0,0,1,0,0,0,0
25189,3636,2,45,9,3,1,NA,1269,0,9,0,1,0,0,0,0,0,0,0,0
25198,11460,2,22,21,6,1,NA,642,0,10,0,0,0,0,0,0,0,0,0,1
25205,4416,2,45,24,5,1,NA,729,0,1,0,0,0,0,0,1,0,0,0,0
25235,3667,2,24,7,4,1,NA,1168,0,1,0,0,0,0,0,1,0,0,0,0
25242,433,2,32,22,5,1,NA,1458,0,6,0,0,0,0,1,0,0,0,0,0
25266,11186,2,60,17,2,0,NA,563,0,10,0,0,0,0,0,0,0,0,0,1
25288,8719,2,45,2,1,1,NA,1506,1,5,0,0,1,0,0,0,0,0,0,0
25302,4943,2,56,3,3,0,NA,1256,0,5,0,0,1,0,0,0,0,0,0,0
25310,6640,2,60,9,4,0,NA,1241,0,7,1,0,0,0,0,0,0,0,0,0
25311,9571,2,24,9,3,1,NA,1230,0,9,0,1,0,0,0,0,0,0,0,0
25344,518,2,19,8,4,1,NA,1683,0,7,1,0,0,0,0,0,0,0,0,0
25349,1725,2,30,3,3,1,NA,1231,0,5,0,0,1,0,0,0,0,0,0,0
25351,5040,2,60,6,2,0,NA,1181,0,7,1,0,0,0,0,0,0,0,0,0
25356,6727,2,50,16,6,1,NA,990,0,8,0,0,0,0,0,0,1,0,0,0
25395,6566,2,40,19,5,1,NA,1917,0,2,0,0,0,0,0,0,0,1,0,0
25408,6819,2,45,5,6,1,NA,1014,0,9,0,1,0,0,0,0,0,0,0,0
25417,9772,2,26,18,4,1,NA,1629,0,2,0,0,0,0,0,0,0,1,0,0
25489,2636,2,35,21,6,1,NA,1923,0,10,0,0,0,0,0,0,0,0,0,1
25524,2269,2,24,25,2,1,NA,1044,0,5,0,0,1,0,0,0,0,0,0,0
25586,8731,2,50,14,2,0,NA,1215,0,7,1,0,0,0,0,0,0,0,0,0
25587,10229,2,28,27,4,1,NA,1491,0,5,0,0,1,0,0,0,0,0,0,0
25658,8600,2,29,6,3,1,NA,1178,0,1,0,0,0,0,0,1,0,0,0,0
25660,1674,2,26,11,4,1,NA,875,0,10,0,0,0,0,0,0,0,0,0,1
25665,5683,2,26,8,5,1,NA,1376,0,7,1,0,0,0,0,0,0,0,0,0
25705,6387,2,28,21,6,1,NA,1658,0,10,0,0,0,0,0,0,0,0,0,1
25763,1359,2,45,11,4,1,NA,2289,0,10,0,0,0,0,0,0,0,0,0,1
25828,4181,2,19,9,2,1,NA,3965,0,10,0,0,0,0,0,0,0,0,0,1
25840,9811,2,22,21,1,1,NA,1927,1,1,0,0,0,0,0,1,0,0,0,0
25845,11198,2,25,7,6,1,NA,1541,0,5,0,0,1,0,0,0,0,0,0,0
25868,8955,2,45,7,1,1,NA,1323,1,9,0,1,0,0,0,0,0,0,0,0
25903,11833,2,26,18,2,1,NA,1166,0,3,0,0,0,0,0,0,0,0,1,0
25908,3137,2,25,25,6,1,NA,1478,0,1,0,0,0,0,0,1,0,0,0,0
25913,3252,2,40,24,1,1,NA,1060,1,9,0,1,0,0,0,0,0,0,0,0
25966,4210,2,66,16,4,0,NA,301,0,7,1,0,0,0,0,0,0,0,0,0
25988,5538,2,39,3,3,1,NA,1236,0,5,0,0,1,0,0,0,0,0,0,0
26064,4824,2,65,3,6,0,NA,1401,0,2,0,0,0,0,0,0,0,1,0,0
26075,3637,2,25,23,6,1,NA,770,0,6,0,0,0,0,1,0,0,0,0,0
26100,6041,2,45,21,1,1,NA,1381,1,1,0,0,0,0,0,1,0,0,0,0
26128,4778,2,35,21,6,1,NA,793,0,10,0,0,0,0,0,0,0,0,0,1
26156,8158,2,27,2,2,1,NA,2032,0,8,0,0,0,0,0,0,1,0,0,0
26173,10644,2,35,5,5,1,NA,1806,0,6,0,0,0,0,1,0,0,0,0,0
26185,5767,2,60,22,5,0,NA,635,0,4,0,0,0,1,0,0,0,0,0,0
26190,5816,2,45,10,4,1,NA,908,0,9,0,1,0,0,0,0,0,0,0,0
26215,7434,2,60,7,1,0,NA,1156,1,9,0,1,0,0,0,0,0,0,0,0
26216,182,2,59,13,4,0,NA,1324,0,3,0,0,0,0,0,0,0,0,1,0
26218,2415,2,40,22,5,1,NA,2048,0,4,0,0,0,1,0,0,0,0,0,0
26235,7228,2,50,20,3,0,NA,1301,0,8,0,0,0,0,0,0,1,0,0,0
26268,10779,2,62,24,7,0,NA,1174,1,6,0,0,0,0,1,0,0,0,0,0
26274,2184,2,36,24,5,1,NA,1224,0,7,1,0,0,0,0,0,0,0,0,0
26319,11596,2,32,30,2,1,NA,1707,0,7,1,0,0,0,0,0,0,0,0,0
26369,3884,2,30,30,2,1,NA,1676,0,2,0,0,0,0,0,0,0,1,0,0
26381,6189,2,60,18,2,0,NA,1290,0,3,0,0,0,0,0,0,0,0,1,0
26385,2032,2,27,17,5,1,NA,1887,0,9,0,1,0,0,0,0,0,0,0,0
26457,6544,2,60,7,4,0,NA,2029,0,1,0,0,0,0,0,1,0,0,0,0
26512,10652,2,27,14,2,1,NA,1916,0,7,1,0,0,0,0,0,0,0,0,0
26541,4019,2,35,24,7,1,NA,1322,1,6,0,0,0,0,1,0,0,0,0,0
26570,5183,2,45,12,5,1,NA,1312,0,10,0,0,0,0,0,0,0,0,0,1
26576,10757,2,35,9,2,1,NA,1599,0,10,0,0,0,0,0,0,0,0,0,1
26583,7605,2,35,6,3,1,NA,1210,0,1,0,0,0,0,0,1,0,0,0,0
26587,2216,2,38,21,5,1,NA,1928,0,9,0,1,0,0,0,0,0,0,0,0
26618,2975,2,35,3,6,1,NA,902,0,9,0,1,0,0,0,0,0,0,0,0
26644,5796,2,70,4,4,0,NA,2565,0,6,0,0,0,0,1,0,0,0,0,0
26670,5570,2,20,5,6,1,NA,1142,0,9,0,1,0,0,0,0,0,0,0,0
26674,1970,2,32,14,5,1,NA,2866,0,3,0,0,0,0,0,0,0,0,1,0
26691,5568,2,26,16,7,1,NA,2016,1,3,0,0,0,0,0,0,0,0,1,0
26727,6907,2,35,4,3,1,NA,2598,0,5,0,0,1,0,0,0,0,0,0,0
26744,6016,2,50,22,5,0,NA,1628,0,4,0,0,0,1,0,0,0,0,0,0
26748,3021,2,30,29,7,1,NA,1374,1,3,0,0,0,0,0,0,0,0,1,0
26793,11859,2,30,3,5,1,NA,1523,0,2,0,0,0,0,0,0,0,1,0,0
26801,2481,2,30,2,5,1,NA,1304,0,6,0,0,0,0,1,0,0,0,0,0
26826,4410,2,40,22,3,1,NA,2153,0,7,1,0,0,0,0,0,0,0,0,0
26865,5696,2,28,25,6,1,NA,1402,0,1,0,0,0,0,0,1,0,0,0,0
26887,2391,2,45,24,5,1,NA,1733,0,1,0,0,0,0,0,1,0,0,0,0
26893,10840,2,58,12,2,0,NA,2594,0,7,1,0,0,0,0,0,0,0,0,0
26942,4256,2,20,4,4,1,NA,934,0,5,0,0,1,0,0,0,0,0,0,0
26943,2555,2,36,5,5,1,NA,1121,0,5,0,0,1,0,0,0,0,0,0,0
26951,1835,2,35,21,5,1,NA,1595,0,9,0,1,0,0,0,0,0,0,0,0
26961,4126,2,65,1,5,0,NA,1355,0,1,0,0,0,0,0,1,0,0,0,0
26974,3162,2,35,7,3,1,NA,1790,0,7,1,0,0,0,0,0,0,0,0,0
26994,1816,2,45,19,4,1,NA,1728,0,10,0,0,0,0,0,0,0,0,0,1
27022,6685,2,70,3,6,0,NA,394,0,7,1,0,0,0,0,0,0,0,0,0
27033,3334,2,70,8,1,0,NA,1946,1,6,0,0,0,0,1,0,0,0,0,0
27057,6061,2,55,3,3,0,NA,1853,0,5,0,0,1,0,0,0,0,0,0,0
27060,7397,2,45,15,5,1,NA,1503,0,8,0,0,0,0,0,0,1,0,0,0
27098,8699,2,50,6,2,0,NA,1233,0,6,0,0,0,0,1,0,0,0,0,0
27125,1518,2,23,9,3,1,NA,875,0,9,0,1,0,0,0,0,0,0,0,0
27128,7671,2,45,30,7,1,NA,1172,1,5,0,0,1,0,0,0,0,0,0,0
27139,7700,2,38,18,3,1,NA,1135,0,3,0,0,0,0,0,0,0,0,1,0
27180,7282,2,62,6,6,0,NA,1102,0,6,0,0,0,0,1,0,0,0,0,0
27188,6330,2,45,20,3,1,NA,1794,0,4,0,0,0,1,0,0,0,0,0,0
27256,2506,2,19,22,5,1,NA,898,0,6,0,0,0,0,1,0,0,0,0,0
27264,3077,2,20,18,3,1,NA,1675,0,3,0,0,0,0,0,0,0,0,1,0
27267,1743,2,24,6,6,1,NA,1546,0,5,0,0,1,0,0,0,0,0,0,0
27302,4807,2,32,19,6,1,NA,2008,0,1,0,0,0,0,0,1,0,0,0,0
27317,5077,2,60,6,5,0,NA,1805,0,5,0,0,1,0,0,0,0,0,0,0
27349,4504,2,28,24,5,1,NA,1125,0,7,1,0,0,0,0,0,0,0,0,0
27354,11672,2,35,10,7,1,NA,1595,1,7,1,0,0,0,0,0,0,0,0,0
27402,11420,2,60,6,6,0,NA,1230,0,6,0,0,0,0,1,0,0,0,0,0
27409,1692,2,45,2,4,1,NA,2100,0,2,0,0,0,0,0,0,0,1,0,0
27418,7330,2,48,30,4,1,NA,1681,0,1,0,0,0,0,0,1,0,0,0,0
27481,9638,2,40,19,5,1,NA,1259,0,2,0,0,0,0,0,0,0,1,0,0
27520,5434,2,23,19,5,1,NA,1377,0,2,0,0,0,0,0,0,0,1,0,0
27521,5710,2,40,25,6,1,NA,2380,0,1,0,0,0,0,0,1,0,0,0,0
27532,9729,2,49,20,3,1,NA,941,0,8,0,0,0,0,0,0,1,0,0,0
27552,3434,2,60,20,3,0,NA,1436,0,8,0,0,0,0,0,0,1,0,0,0
27554,6477,2,40,17,5,1,NA,831,0,9,0,1,0,0,0,0,0,0,0,0
27590,4910,2,42,30,6,1,NA,2445,0,8,0,0,0,0,0,0,1,0,0,0
27607,3660,2,19,22,5,1,NA,1887,0,4,0,0,0,1,0,0,0,0,0,0
27617,7423,2,35,27,5,1,NA,1481,0,3,0,0,0,0,0,0,0,0,1,0
27624,1100,2,37,28,6,1,NA,1704,0,3,0,0,0,0,0,0,0,0,1,0
27632,9547,2,23,18,2,1,NA,2540,0,3,0,0,0,0,0,0,0,0,1,0
27693,11209,2,60,27,5,0,NA,1199,0,3,0,0,0,0,0,0,0,0,1,0
27705,2276,2,48,1,4,1,NA,1615,0,2,0,0,0,0,0,0,0,1,0,0
27732,7397,2,23,15,5,1,NA,1298,0,8,0,0,0,0,0,0,1,0,0,0
27803,11767,2,45,15,7,1,NA,1382,1,10,0,0,0,0,0,0,0,0,0,1
27851,3978,2,50,28,6,0,NA,1238,0,3,0,0,0,0,0,0,0,0,1,0
27859,5973,2,50,8,5,0,NA,1617,0,1,0,0,0,0,0,1,0,0,0,0
27868,4755,2,55,6,7,0,NA,1177,1,9,0,1,0,0,0,0,0,0,0,0
27894,7240,2,19,29,6,1,NA,1877,0,5,0,0,1,0,0,0,0,0,0,0
27943,1243,2,50,10,4,0,NA,812,0,9,0,1,0,0,0,0,0,0,0,0
27971,2824,2,40,15,7,1,NA,1728,1,10,0,0,0,0,0,0,0,0,0,1
28000,11201,2,30,21,4,1,NA,1418,0,4,0,0,0,1,0,0,0,0,0,0
28018,5774,2,23,18,5,1,NA,2150,0,1,0,0,0,0,0,1,0,0,0,0
28031,6008,2,40,6,3,1,NA,1201,0,1,0,0,0,0,0,1,0,0,0,0
28069,8803,2,50,28,2,0,NA,2211,0,7,1,0,0,0,0,0,0,0,0,0
28075,5300,2,42,31,3,1,NA,1589,0,7,1,0,0,0,0,0,0,0,0,0
28088,5935,2,50,14,2,0,NA,392,0,7,1,0,0,0,0,0,0,0,0,0
28093,2621,2,30,8,2,1,NA,1171,0,9,0,1,0,0,0,0,0,0,0,0
28111,3823,2,21,28,2,1,NA,1291,0,1,0,0,0,0,0,1,0,0,0,0
28127,7382,2,45,2,5,1,NA,1296,0,6,0,0,0,0,1,0,0,0,0,0
28133,4978,2,38,17,5,1,NA,2128,0,9,0,1,0,0,0,0,0,0,0,0
28156,3381,2,52,6,6,0,NA,2082,0,6,0,0,0,0,1,0,0,0,0,0
28171,2722,2,30,4,7,1,NA,2246,1,6,0,0,0,0,1,0,0,0,0,0
28243,9167,2,50,25,2,0,NA,634,0,5,0,0,1,0,0,0,0,0,0,0
28255,1404,2,40,9,2,1,NA,1747,0,10,0,0,0,0,0,0,0,0,0,1
28262,9656,2,60,4,4,0,NA,1821,0,6,0,0,0,0,1,0,0,0,0,0
28275,3043,2,35,4,1,1,NA,1500,1,1,0,0,0,0,0,1,0,0,0,0
28282,6316,2,45,16,6,1,NA,919,0,8,0,0,0,0,0,0,1,0,0,0
28288,1372,2,70,3,3,0,NA,1407,0,5,0,0,1,0,0,0,0,0,0,0
28301,4893,2,20,7,4,1,NA,1551,0,1,0,0,0,0,0,1,0,0,0,0
28330,8667,2,30,25,2,1,NA,1328,0,5,0,0,1,0,0,0,0,0,0,0
28335,4258,2,34,18,1,1,NA,624,1,8,0,0,0,0,0,0,1,0,0,0
28339,7733,2,28,8,5,1,NA,1436,0,1,0,0,0,0,0,1,0,0,0,0
28340,7856,2,50,6,3,0,NA,1286,0,1,0,0,0,0,0,1,0,0,0,0
28346,5921,2,19,4,5,1,NA,977,0,9,0,1,0,0,0,0,0,0,0,0
28348,3756,2,35,9,3,1,NA,1238,0,9,0,1,0,0,0,0,0,0,0,0
28391,282,2,46,17,3,1,NA,2238,0,2,0,0,0,0,0,0,0,1,0,0
28432,8073,2,55,27,1,0,NA,1353,1,1,0,0,0,0,0,1,0,0,0,0
28485,10632,2,76,17,2,0,NA,1231,0,10,0,0,0,0,0,0,0,0,0,1
28565,3670,2,30,6,2,1,NA,2182,0,6,0,0,0,0,1,0,0,0,0,0
28578,6583,2,55,3,3,0,NA,1166,0,5,0,0,1,0,0,0,0,0,0,0
28584,5663,2,21,8,5,1,NA,2187,0,1,0,0,0,0,0,1,0,0,0,0
28587,4753,2,21,9,2,1,NA,2734,0,10,0,0,0,0,0,0,0,0,0,1
28696,7949,2,21,6,2,1,NA,770,0,7,1,0,0,0,0,0,0,0,0,0
28698,8152,2,50,11,4,0,NA,1389,0,10,0,0,0,0,0,0,0,0,0,1
28710,7949,2,20,6,2,1,NA,902,0,7,1,0,0,0,0,0,0,0,0,0
28753,9693,2,75,20,3,0,NA,753,0,4,0,0,0,1,0,0,0,0,0,0
28782,9663,2,50,20,3,0,NA,1204,0,2,0,0,0,0,0,0,0,1,0,0
28811,7460,2,50,16,6,0,NA,627,0,8,0,0,0,0,0,0,1,0,0,0
28853,2103,2,50,22,5,0,NA,1187,0,6,0,0,0,0,1,0,0,0,0,0
28870,3224,2,30,4,1,1,NA,1991,1,1,0,0,0,0,0,1,0,0,0,0
28914,10419,2,66,22,5,0,NA,1026,0,6,0,0,0,0,1,0,0,0,0,0
28922,6325,2,35,26,7,1,NA,2358,1,1,0,0,0,0,0,1,0,0,0,0
28939,3797,2,55,14,2,0,NA,1383,0,7,1,0,0,0,0,0,0,0,0,0
28997,8037,2,55,19,7,0,NA,1719,1,4,0,0,0,1,0,0,0,0,0,0
29004,9903,2,60,27,4,0,NA,1053,0,5,0,0,1,0,0,0,0,0,0,0
29024,7597,2,42,22,5,1,NA,1050,0,4,0,0,0,1,0,0,0,0,0,0
29040,1073,2,45,15,7,1,NA,2009,1,10,0,0,0,0,0,0,0,0,0,1
29045,11826,2,25,22,5,1,NA,2369,0,4,0,0,0,1,0,0,0,0,0,0
29081,1812,2,38,9,3,1,NA,803,0,9,0,1,0,0,0,0,0,0,0,0
29092,3660,2,45,22,5,1,NA,1501,0,4,0,0,0,1,0,0,0,0,0,0
29115,7449,2,58,26,7,0,NA,1761,1,1,0,0,0,0,0,1,0,0,0,0
29139,10724,2,45,21,6,1,NA,1049,0,10,0,0,0,0,0,0,0,0,0,1
29141,1155,2,42,25,3,1,NA,1125,0,3,0,0,0,0,0,0,0,0,1,0
29151,7282,2,30,6,6,1,NA,1652,0,6,0,0,0,0,1,0,0,0,0,0
29184,4046,2,45,25,6,1,NA,1227,0,1,0,0,0,0,0,1,0,0,0,0
29195,10384,2,48,30,4,1,NA,1218,0,1,0,0,0,0,0,1,0,0,0,0
29202,10601,2,25,3,3,1,NA,2412,0,5,0,0,1,0,0,0,0,0,0,0
29267,6499,2,35,9,4,1,NA,889,0,7,1,0,0,0,0,0,0,0,0,0
29338,4850,2,62,6,5,0,NA,1659,0,5,0,0,1,0,0,0,0,0,0,0
29341,5746,2,29,18,1,1,NA,1186,1,8,0,0,0,0,0,0,1,0,0,0
29363,531,2,48,8,5,1,NA,972,0,7,1,0,0,0,0,0,0,0,0,0
29382,3809,2,60,5,2,0,NA,1708,0,1,0,0,0,0,0,1,0,0,0,0
29384,4075,2,40,2,6,1,NA,731,0,1,0,0,0,0,0,1,0,0,0,0
29436,4275,2,30,5,5,1,NA,1613,0,5,0,0,1,0,0,0,0,0,0,0
29466,9356,2,65,20,5,0,NA,1186,0,3,0,0,0,0,0,0,0,0,1,0
29473,11089,2,52,28,6,0,NA,1140,0,3,0,0,0,0,0,0,0,0,1,0
29515,2827,2,40,8,4,1,NA,1596,0,7,1,0,0,0,0,0,0,0,0,0
29517,9247,2,40,2,1,1,NA,2921,1,5,0,0,1,0,0,0,0,0,0,0
29553,3507,2,60,30,2,0,NA,1397,0,2,0,0,0,0,0,0,0,1,0,0
29554,1827,2,21,11,4,1,NA,1452,0,10,0,0,0,0,0,0,0,0,0,1
29558,9304,2,34,10,7,1,NA,1815,1,7,1,0,0,0,0,0,0,0,0,0
29584,8117,2,45,25,2,1,NA,1394,0,9,0,1,0,0,0,0,0,0,0,0
29627,172,2,18,4,4,1,NA,1400,0,6,0,0,0,0,1,0,0,0,0,0
29649,6573,2,28,16,6,1,NA,710,0,8,0,0,0,0,0,0,1,0,0,0
29651,3661,2,55,3,2,0,NA,1427,0,5,0,0,1,0,0,0,0,0,0,0
29669,9960,2,27,16,7,1,NA,1385,1,3,0,0,0,0,0,0,0,0,1,0
29774,10351,2,20,23,6,1,NA,620,0,6,0,0,0,0,1,0,0,0,0,0
29783,5811,2,51,3,6,0,NA,2238,0,2,0,0,0,0,0,0,0,1,0,0
29855,3113,2,30,13,5,1,NA,2302,0,10,0,0,0,0,0,0,0,0,0,1
29896,985,2,25,19,2,1,NA,875,0,8,0,0,0,0,0,0,1,0,0,0
29929,7331,2,50,25,3,0,NA,1941,0,3,0,0,0,0,0,0,0,0,1,0
29969,5770,2,36,14,4,1,NA,1015,0,8,0,0,0,0,0,0,1,0,0,0
30005,11516,2,32,1,4,1,NA,1712,0,2,0,0,0,0,0,0,0,1,0,0
30052,5938,2,48,19,4,1,NA,1197,0,3,0,0,0,0,0,0,0,0,1,0
30096,5690,2,40,30,4,1,NA,923,0,1,0,0,0,0,0,1,0,0,0,0
30120,1860,2,75,13,5,0,NA,780,0,10,0,0,0,0,0,0,0,0,0,1
30131,6484,2,35,10,4,1,NA,917,0,9,0,1,0,0,0,0,0,0,0,0
30172,2613,2,50,26,5,0,NA,572,0,2,0,0,0,0,0,0,0,1,0,0
30174,388,2,65,11,4,0,NA,1414,0,10,0,0,0,0,0,0,0,0,0,1
30206,10730,2,40,21,5,1,NA,512,0,9,0,1,0,0,0,0,0,0,0,0
30211,7259,2,22,6,2,1,NA,2220,0,7,1,0,0,0,0,0,0,0,0,0
30217,11305,2,55,15,5,0,NA,1415,0,8,0,0,0,0,0,0,1,0,0,0
30230,11137,2,75,25,2,0,NA,911,0,5,0,0,1,0,0,0,0,0,0,0
30255,3574,2,46,24,5,1,NA,1485,0,1,0,0,0,0,0,1,0,0,0,0
30258,2051,2,65,20,1,0,NA,1814,1,4,0,0,0,1,0,0,0,0,0,0
30268,4276,2,28,8,5,1,NA,1724,0,1,0,0,0,0,0,1,0,0,0,0
30285,740,2,50,19,6,0,NA,400,0,1,0,0,0,0,0,1,0,0,0,0
30304,7094,2,24,4,1,1,NA,2762,1,1,0,0,0,0,0,1,0,0,0,0
30313,6224,2,19,17,2,1,NA,2444,0,10,0,0,0,0,0,0,0,0,0,1
30324,10330,2,70,7,1,0,NA,807,1,9,0,1,0,0,0,0,0,0,0,0
30329,6544,2,36,7,4,1,NA,2439,0,1,0,0,0,0,0,1,0,0,0,0
30394,9271,2,45,19,5,1,NA,1751,0,2,0,0,0,0,0,0,0,1,0,0
30407,1751,2,35,18,2,1,NA,1369,0,3,0,0,0,0,0,0,0,0,1,0
30438,8518,2,35,8,2,1,NA,994,0,9,0,1,0,0,0,0,0,0,0,0
30448,8790,2,80,15,5,0,NA,739,0,8,0,0,0,0,0,0,1,0,0,0
30456,282,2,21,17,3,1,NA,2958,0,2,0,0,0,0,0,0,0,1,0,0
30480,4223,2,22,5,2,1,NA,2128,0,1,0,0,0,0,0,1,0,0,0,0
30494,7811,2,36,20,5,1,NA,2649,0,3,0,0,0,0,0,0,0,0,1,0
30499,3800,2,25,1,5,1,NA,1479,0,1,0,0,0,0,0,1,0,0,0,0
30504,8716,2,60,4,7,0,NA,2134,1,6,0,0,0,0,1,0,0,0,0,0
30548,6115,2,52,23,1,0,NA,2129,1,10,0,0,0,0,0,0,0,0,0,1
30573,7244,2,60,4,7,0,NA,2911,1,6,0,0,0,0,1,0,0,0,0,0
30609,4819,2,61,27,4,0,NA,1224,0,5,0,0,1,0,0,0,0,0,0,0
30618,8773,2,46,18,2,1,NA,1594,0,3,0,0,0,0,0,0,0,0,1,0
30712,2428,2,29,21,5,1,NA,1226,0,5,0,0,1,0,0,0,0,0,0,0
30757,8376,2,20,20,3,1,NA,1867,0,2,0,0,0,0,0,0,0,1,0,0
30834,2488,2,60,19,5,0,NA,2084,0,2,0,0,0,0,0,0,0,1,0,0
30868,2348,2,51,19,2,0,NA,1203,0,8,0,0,0,0,0,0,1,0,0,0
30914,5306,2,60,6,2,0,NA,1259,0,6,0,0,0,0,1,0,0,0,0,0
30955,1101,2,68,18,6,0,NA,1405,0,9,0,1,0,0,0,0,0,0,0,0
31045,7561,2,21,19,2,1,NA,848,0,8,0,0,0,0,0,0,1,0,0,0
31079,10555,2,54,29,3,0,NA,1396,0,1,0,0,0,0,0,1,0,0,0,0
31143,1970,2,70,14,5,0,NA,1597,0,3,0,0,0,0,0,0,0,0,1,0
31169,3408,2,65,6,2,0,NA,746,0,7,1,0,0,0,0,0,0,0,0,0
31170,5555,2,50,6,7,0,NA,662,1,9,0,1,0,0,0,0,0,0,0,0
31174,6400,2,18,21,4,1,NA,844,0,4,0,0,0,1,0,0,0,0,0,0
31192,1299,2,40,11,4,1,NA,1395,0,10,0,0,0,0,0,0,0,0,0,1
31211,3817,2,29,15,7,1,NA,1975,1,10,0,0,0,0,0,0,0,0,0,1
31248,685,2,32,27,4,1,NA,1448,0,5,0,0,1,0,0,0,0,0,0,0
31257,11233,2,55,1,1,0,NA,2339,1,8,0,0,0,0,0,0,1,0,0,0
31293,4807,2,52,19,6,0,NA,1594,0,1,0,0,0,0,0,1,0,0,0,0
31335,11342,2,45,30,6,1,NA,980,0,8,0,0,0,0,0,0,1,0,0,0
31346,5243,2,19,4,4,1,NA,2115,0,6,0,0,0,0,1,0,0,0,0,0
31373,514,2,35,8,4,1,NA,3113,0,6,0,0,0,0,1,0,0,0,0,0
31393,7293,2,58,29,7,0,NA,1298,1,3,0,0,0,0,0,0,0,0,1,0
31458,10285,2,38,21,6,1,NA,1106,0,3,0,0,0,0,0,0,0,0,1,0
31497,5548,2,42,1,3,1,NA,1781,0,2,0,0,0,0,0,0,0,1,0,0
31499,11376,2,40,4,1,1,NA,1464,1,1,0,0,0,0,0,1,0,0,0,0
31543,5449,2,47,19,4,1,NA,1740,0,3,0,0,0,0,0,0,0,0,1,0
31590,5948,2,39,1,3,1,NA,1761,0,2,0,0,0,0,0,0,0,1,0,0
31639,3225,2,46,19,5,1,NA,2403,0,2,0,0,0,0,0,0,0,1,0,0
31658,2456,2,65,19,6,0,NA,3072,0,1,0,0,0,0,0,1,0,0,0,0
31679,6441,2,41,27,4,1,NA,1861,0,4,0,0,0,1,0,0,0,0,0,0
31699,11002,2,30,7,1,1,NA,1030,1,9,0,1,0,0,0,0,0,0,0,0
31702,9548,2,30,2,5,1,NA,1144,0,6,0,0,0,0,1,0,0,0,0,0
31705,3928,2,24,29,6,1,NA,1258,0,5,0,0,1,0,0,0,0,0,0,0
31734,6016,2,20,22,5,1,NA,1272,0,4,0,0,0,1,0,0,0,0,0,0
31741,7076,2,26,19,4,1,NA,1261,0,3,0,0,0,0,0,0,0,0,1,0
31832,1921,2,30,19,7,1,NA,1345,1,4,0,0,0,1,0,0,0,0,0,0
31837,2506,2,35,22,5,1,NA,1569,0,6,0,0,0,0,1,0,0,0,0,0
31847,10072,2,23,27,5,1,NA,1494,0,3,0,0,0,0,0,0,0,0,1,0
31857,1074,2,54,9,2,0,NA,3215,0,10,0,0,0,0,0,0,0,0,0,1
31875,7862,2,29,13,5,1,NA,1536,0,10,0,0,0,0,0,0,0,0,0,1
31894,4462,2,40,19,6,1,NA,1412,0,1,0,0,0,0,0,1,0,0,0,0
31896,4288,2,50,18,2,0,NA,1745,0,3,0,0,0,0,0,0,0,0,1,0
31902,8600,2,55,6,3,0,NA,1078,0,1,0,0,0,0,0,1,0,0,0,0
31928,508,2,22,4,3,1,NA,2087,0,5,0,0,1,0,0,0,0,0,0,0
31945,8687,2,30,12,5,1,NA,2101,0,10,0,0,0,0,0,0,0,0,0,1
31966,6003,2,30,30,6,1,NA,1521,0,8,0,0,0,0,0,0,1,0,0,0
31967,9880,2,67,29,5,0,NA,1918,0,5,0,0,1,0,0,0,0,0,0,0
32019,2482,2,40,29,7,1,NA,1645,1,3,0,0,0,0,0,0,0,0,1,0
32032,11838,2,30,18,3,1,NA,1229,0,3,0,0,0,0,0,0,0,0,1,0
32034,2414,2,38,26,5,1,NA,1806,0,2,0,0,0,0,0,0,0,1,0,0
32065,6446,2,30,28,2,1,NA,1974,0,7,1,0,0,0,0,0,0,0,0,0
32087,1996,2,25,14,4,1,NA,536,0,8,0,0,0,0,0,0,1,0,0,0
32106,9571,2,60,9,3,0,NA,1067,0,9,0,1,0,0,0,0,0,0,0,0
32113,2760,2,34,2,2,1,NA,2205,0,8,0,0,0,0,0,0,1,0,0,0
32151,8756,2,26,22,6,1,NA,1372,0,9,0,1,0,0,0,0,0,0,0,0
32187,4593,2,40,6,6,1,NA,1519,0,6,0,0,0,0,1,0,0,0,0,0
32222,6583,2,32,3,3,1,NA,1714,0,5,0,0,1,0,0,0,0,0,0,0
32264,1486,2,60,7,1,0,NA,717,1,9,0,1,0,0,0,0,0,0,0,0
32272,10251,2,42,4,3,1,NA,2437,0,5,0,0,1,0,0,0,0,0,0,0
32294,5809,2,65,24,5,0,NA,927,0,1,0,0,0,0,0,1,0,0,0,0
32304,6188,2,28,18,3,1,NA,1137,0,3,0,0,0,0,0,0,0,0,1,0
32321,4653,2,31,18,3,1,NA,1452,0,3,0,0,0,0,0,0,0,0,1,0
32329,405,2,50,27,4,0,NA,1638,0,5,0,0,1,0,0,0,0,0,0,0
32468,3994,2,20,17,3,1,NA,2308,0,2,0,0,0,0,0,0,0,1,0,0
32479,1456,2,55,25,2,0,NA,1515,0,5,0,0,1,0,0,0,0,0,0,0
32538,7244,2,22,4,7,1,NA,2906,1,6,0,0,0,0,1,0,0,0,0,0
32587,1449,2,49,30,7,1,NA,1848,1,5,0,0,1,0,0,0,0,0,0,0
32606,3324,2,18,24,7,1,NA,1021,1,6,0,0,0,0,1,0,0,0,0,0
32671,11061,2,60,8,2,0,NA,789,0,9,0,1,0,0,0,0,0,0,0,0
32712,3594,2,35,19,7,1,NA,1072,1,4,0,0,0,1,0,0,0,0,0,0
32720,7126,2,19,6,5,1,NA,1699,0,5,0,0,1,0,0,0,0,0,0,0
32722,2300,2,42,1,1,1,NA,1590,1,8,0,0,0,0,0,0,1,0,0,0
32746,6079,2,30,2,5,1,NA,1611,0,6,0,0,0,0,1,0,0,0,0,0
32753,9880,2,34,29,5,1,NA,2230,0,5,0,0,1,0,0,0,0,0,0,0
32754,11380,2,75,28,2,0,NA,1430,0,7,1,0,0,0,0,0,0,0,0,0
32758,2026,2,21,30,7,1,NA,1431,1,5,0,0,1,0,0,0,0,0,0,0
32762,3823,2,60,28,2,0,NA,1064,0,1,0,0,0,0,0,1,0,0,0,0
32769,3094,2,35,6,2,1,NA,1715,0,6,0,0,0,0,1,0,0,0,0,0
32823,7908,2,28,23,7,1,NA,1270,1,5,0,0,1,0,0,0,0,0,0,0
32846,11254,2,56,8,5,0,NA,859,0,7,1,0,0,0,0,0,0,0,0,0
32850,3951,2,65,4,4,0,NA,1183,0,5,0,0,1,0,0,0,0,0,0,0
32885,4222,2,80,24,7,0,NA,924,1,6,0,0,0,0,1,0,0,0,0,0
32887,3199,2,23,1,4,1,NA,1275,0,2,0,0,0,0,0,0,0,1,0,0
32888,1233,2,35,6,7,1,NA,897,1,9,0,1,0,0,0,0,0,0,0,0
32907,6484,2,80,10,4,0,NA,934,0,9,0,1,0,0,0,0,0,0,0,0
32921,8250,2,22,14,2,1,NA,1457,0,7,1,0,0,0,0,0,0,0,0,0
32931,8832,2,30,6,2,1,NA,2657,0,6,0,0,0,0,1,0,0,0,0,0
32935,5601,2,18,21,5,1,NA,2148,0,5,0,0,1,0,0,0,0,0,0,0
32941,763,2,49,1,4,1,NA,1531,0,2,0,0,0,0,0,0,0,1,0,0
32943,6104,2,49,27,4,1,NA,1713,0,4,0,0,0,1,0,0,0,0,0,0
33022,2079,2,30,6,2,1,NA,1178,0,7,1,0,0,0,0,0,0,0,0,0
33034,4914,2,46,2,4,1,NA,1513,0,2,0,0,0,0,0,0,0,1,0,0
33041,9434,2,60,14,2,0,NA,1481,0,7,1,0,0,0,0,0,0,0,0,0
33052,6133,2,35,6,6,1,NA,1101,0,6,0,0,0,0,1,0,0,0,0,0
33063,7434,2,18,7,1,1,NA,1379,1,9,0,1,0,0,0,0,0,0,0,0
33071,10377,2,70,8,2,0,NA,949,0,9,0,1,0,0,0,0,0,0,0,0
33121,11043,2,42,6,3,1,NA,1895,0,1,0,0,0,0,0,1,0,0,0,0
33129,10391,2,50,14,5,0,NA,1715,0,3,0,0,0,0,0,0,0,0,1,0
33155,5863,2,60,22,3,0,NA,1300,0,4,0,0,0,1,0,0,0,0,0,0
33218,10515,2,28,3,3,1,NA,1335,0,5,0,0,1,0,0,0,0,0,0,0
33220,2008,2,23,22,3,1,NA,672,0,7,1,0,0,0,0,0,0,0,0,0
33240,4176,2,30,5,6,1,NA,1625,0,9,0,1,0,0,0,0,0,0,0,0
33257,5773,2,35,8,5,1,NA,2127,0,1,0,0,0,0,0,1,0,0,0,0
33300,9356,2,35,20,5,1,NA,1484,0,3,0,0,0,0,0,0,0,0,1,0
33341,207,2,65,8,4,0,NA,1873,0,6,0,0,0,0,1,0,0,0,0,0
33353,9727,2,40,8,2,1,NA,654,0,9,0,1,0,0,0,0,0,0,0,0
33389,802,2,35,5,5,1,NA,1346,0,5,0,0,1,0,0,0,0,0,0,0
33407,10364,2,28,26,7,1,NA,1410,1,1,0,0,0,0,0,1,0,0,0,0
33421,3073,2,30,9,3,1,NA,976,0,9,0,1,0,0,0,0,0,0,0,0
33437,2686,2,31,30,2,1,NA,1326,0,2,0,0,0,0,0,0,0,1,0,0
33472,9717,2,60,27,1,0,NA,630,1,1,0,0,0,0,0,1,0,0,0,0
33507,578,2,50,23,1,0,NA,1372,1,10,0,0,0,0,0,0,0,0,0,1
33600,8117,2,65,25,2,0,NA,1749,0,9,0,1,0,0,0,0,0,0,0,0
33620,8126,2,40,30,2,1,NA,1491,0,7,1,0,0,0,0,0,0,0,0,0
33622,6446,2,20,28,2,1,NA,1229,0,7,1,0,0,0,0,0,0,0,0,0
33735,6128,2,28,28,2,1,NA,1299,0,1,0,0,0,0,0,1,0,0,0,0
33765,6488,2,45,21,4,1,NA,2422,0,4,0,0,0,1,0,0,0,0,0,0
33770,9486,2,52,21,1,0,NA,1970,1,1,0,0,0,0,0,1,0,0,0,0
33774,9510,2,58,27,1,0,NA,1659,1,1,0,0,0,0,0,1,0,0,0,0
33870,5648,2,35,18,5,1,NA,1622,0,1,0,0,0,0,0,1,0,0,0,0
33877,2684,2,50,5,5,0,NA,996,0,5,0,0,1,0,0,0,0,0,0,0
33895,10409,2,25,6,2,1,NA,1285,0,7,1,0,0,0,0,0,0,0,0,0
33903,7610,2,35,3,6,1,NA,1304,0,9,0,1,0,0,0,0,0,0,0,0
33904,7556,2,60,8,5,0,NA,2255,0,1,0,0,0,0,0,1,0,0,0,0
33907,3854,2,30,5,6,1,NA,1364,0,9,0,1,0,0,0,0,0,0,0,0
33908,2051,2,35,20,1,1,NA,1795,1,4,0,0,0,1,0,0,0,0,0,0
33925,2286,2,60,22,3,0,NA,1606,0,4,0,0,0,1,0,0,0,0,0,0
33949,9761,2,35,26,7,1,NA,1922,1,1,0,0,0,0,0,1,0,0,0,0
34013,3501,2,26,3,6,1,NA,819,0,9,0,1,0,0,0,0,0,0,0,0
34019,3158,2,30,14,4,1,NA,923,0,7,1,0,0,0,0,0,0,0,0,0
34023,10828,2,42,3,3,1,NA,1082,0,5,0,0,1,0,0,0,0,0,0,0
34033,4462,2,30,19,6,1,NA,1600,0,1,0,0,0,0,0,1,0,0,0,0
34074,9317,2,45,6,2,1,NA,751,0,7,1,0,0,0,0,0,0,0,0,0
34118,6647,2,20,29,3,1,NA,997,0,1,0,0,0,0,0,1,0,0,0,0
34135,4492,2,21,2,6,1,NA,1150,0,1,0,0,0,0,0,1,0,0,0,0
34215,2414,2,18,26,5,1,NA,879,0,2,0,0,0,0,0,0,0,1,0,0
34228,725,2,18,4,1,1,NA,1484,1,1,0,0,0,0,0,1,0,0,0,0
34255,2124,2,45,18,1,1,NA,1506,1,8,0,0,0,0,0,0,1,0,0,0
34323,9939,2,18,22,3,1,NA,1217,0,7,1,0,0,0,0,0,0,0,0,0
34333,628,2,28,4,4,1,NA,2551,0,6,0,0,0,0,1,0,0,0,0,0
34348,10076,2,32,22,3,1,NA,1504,0,7,1,0,0,0,0,0,0,0,0,0
34361,8742,2,27,30,4,1,NA,1589,0,1,0,0,0,0,0,1,0,0,0,0
34565,6662,2,32,7,3,1,NA,1082,0,7,1,0,0,0,0,0,0,0,0,0
34630,1813,2,55,3,3,0,NA,681,0,5,0,0,1,0,0,0,0,0,0,0
34661,1932,2,65,19,4,0,NA,1737,0,10,0,0,0,0,0,0,0,0,0,1
34669,3648,2,52,19,5,0,NA,1752,0,2,0,0,0,0,0,0,0,1,0,0
34685,11364,2,55,4,4,0,NA,1409,0,5,0,0,1,0,0,0,0,0,0,0
34694,10922,2,55,21,6,0,NA,1551,0,3,0,0,0,0,0,0,0,0,1,0
34707,2082,2,30,10,7,1,NA,1232,1,7,1,0,0,0,0,0,0,0,0,0
34735,176,2,18,5,5,1,NA,981,0,5,0,0,1,0,0,0,0,0,0,0
34737,9715,2,63,19,6,0,NA,3200,0,1,0,0,0,0,0,1,0,0,0,0
34762,226,2,66,21,6,0,NA,1280,0,3,0,0,0,0,0,0,0,0,1,0
34763,8250,2,45,14,2,1,NA,1955,0,7,1,0,0,0,0,0,0,0,0,0
34824,2975,2,18,3,6,1,NA,755,0,9,0,1,0,0,0,0,0,0,0,0
34827,4145,2,44,28,2,1,NA,2038,0,1,0,0,0,0,0,1,0,0,0,0
34840,7866,2,50,25,2,0,NA,1373,0,5,0,0,1,0,0,0,0,0,0,0
34874,1064,2,45,19,4,1,NA,1017,0,10,0,0,0,0,0,0,0,0,0,1
34894,11855,2,22,26,6,1,NA,1018,0,1,0,0,0,0,0,1,0,0,0,0
35041,6095,2,35,8,4,1,NA,1045,0,6,0,0,0,0,1,0,0,0,0,0
35046,995,2,55,24,7,0,NA,786,1,6,0,0,0,0,1,0,0,0,0,0
35071,6426,2,35,6,2,1,NA,2344,0,6,0,0,0,0,1,0,0,0,0,0
35149,5847,2,45,27,5,1,NA,960,0,3,0,0,0,0,0,0,0,0,1,0
35159,9746,2,50,13,4,0,NA,1991,0,3,0,0,0,0,0,0,0,0,1,0
35160,5915,2,55,19,5,0,NA,1728,0,2,0,0,0,0,0,0,0,1,0,0
35181,11451,2,40,23,1,1,NA,1464,1,10,0,0,0,0,0,0,0,0,0,1
35222,5868,2,60,6,6,0,NA,1580,0,6,0,0,0,0,1,0,0,0,0,0
35247,4281,2,60,12,5,0,NA,1870,0,10,0,0,0,0,0,0,0,0,0,1
35261,754,2,35,15,3,1,NA,1482,0,9,0,1,0,0,0,0,0,0,0,0
35304,2649,2,39,4,3,1,NA,2547,0,5,0,0,1,0,0,0,0,0,0,0
35308,8284,2,40,20,3,1,NA,983,0,8,0,0,0,0,0,0,1,0,0,0
35333,6245,2,29,3,3,1,NA,1621,0,5,0,0,1,0,0,0,0,0,0,0
35338,6270,2,36,21,1,1,NA,1847,1,1,0,0,0,0,0,1,0,0,0,0
35369,11645,2,55,3,6,0,NA,991,0,2,0,0,0,0,0,0,0,1,0,0
35372,801,2,20,8,4,1,NA,1697,0,6,0,0,0,0,1,0,0,0,0,0
35375,9663,2,19,20,3,1,NA,1649,0,2,0,0,0,0,0,0,0,1,0,0
35379,11386,2,35,7,1,1,NA,913,1,9,0,1,0,0,0,0,0,0,0,0
35402,9193,2,35,4,7,1,NA,900,1,7,1,0,0,0,0,0,0,0,0,0
35418,9998,2,35,20,7,1,NA,2084,1,1,0,0,0,0,0,1,0,0,0,0
35421,9547,2,22,18,2,1,NA,2440,0,3,0,0,0,0,0,0,0,0,1,0
35430,8660,2,60,21,5,0,NA,1115,0,5,0,0,1,0,0,0,0,0,0,0
35455,8808,2,60,2,1,0,NA,1693,1,5,0,0,1,0,0,0,0,0,0,0
35494,6914,2,45,8,4,1,NA,1115,0,7,1,0,0,0,0,0,0,0,0,0
35522,5521,2,52,21,1,0,NA,1822,1,1,0,0,0,0,0,1,0,0,0,0
35543,2438,2,26,30,6,1,NA,2531,0,8,0,0,0,0,0,0,1,0,0,0
35559,3202,2,22,4,1,1,NA,1327,1,1,0,0,0,0,0,1,0,0,0,0
35596,797,2,45,27,4,1,NA,1027,0,5,0,0,1,0,0,0,0,0,0,0
35599,8531,2,28,3,2,1,NA,2444,0,5,0,0,1,0,0,0,0,0,0,0
35605,11263,2,25,22,5,1,NA,2289,0,2,0,0,0,0,0,0,0,1,0,0
35626,1725,2,40,3,3,1,NA,1557,0,5,0,0,1,0,0,0,0,0,0,0
35646,481,2,18,20,3,1,NA,180,0,2,0,0,0,0,0,0,0,1,0,0
35648,4364,2,30,24,5,1,NA,1216,0,7,1,0,0,0,0,0,0,0,0,0
35675,2202,2,27,25,6,1,NA,1828,0,1,0,0,0,0,0,1,0,0,0,0
35678,610,2,65,7,7,0,NA,1599,1,6,0,0,0,0,1,0,0,0,0,0
35696,2460,2,40,30,7,1,NA,1194,1,5,0,0,1,0,0,0,0,0,0,0
35701,4057,2,48,27,1,1,NA,1063,1,1,0,0,0,0,0,1,0,0,0,0
35721,3835,2,30,22,6,1,NA,1240,0,9,0,1,0,0,0,0,0,0,0,0
35723,9724,2,62,23,4,0,NA,1021,0,4,0,0,0,1,0,0,0,0,0,0
35727,1511,2,57,29,6,0,NA,1082,0,5,0,0,1,0,0,0,0,0,0,0
35762,1823,2,32,20,3,1,NA,1074,0,2,0,0,0,0,0,0,0,1,0,0
35805,10401,2,21,6,5,1,NA,1813,0,5,0,0,1,0,0,0,0,0,0,0
35821,6436,2,30,2,4,1,NA,1381,0,2,0,0,0,0,0,0,0,1,0,0
35859,6559,2,60,20,3,0,NA,1155,0,4,0,0,0,1,0,0,0,0,0,0
35902,2160,2,18,29,5,1,NA,2259,0,5,0,0,1,0,0,0,0,0,0,0
35907,9514,2,65,7,4,0,NA,1327,0,1,0,0,0,0,0,1,0,0,0,0
35938,10351,2,26,23,6,1,NA,874,0,6,0,0,0,0,1,0,0,0,0,0
35959,3211,2,50,11,4,0,NA,2784,0,10,0,0,0,0,0,0,0,0,0,1
35964,6908,2,45,2,5,1,NA,1428,0,6,0,0,0,0,1,0,0,0,0,0
35995,8511,2,35,24,4,1,NA,1869,0,1,0,0,0,0,0,1,0,0,0,0
36036,2214,2,25,1,4,1,NA,1472,0,2,0,0,0,0,0,0,0,1,0,0
36092,5567,2,55,16,4,0,NA,986,0,7,1,0,0,0,0,0,0,0,0,0
36109,4006,2,21,4,7,1,NA,916,1,6,0,0,0,0,1,0,0,0,0,0
36138,1074,2,23,9,2,1,NA,2420,0,10,0,0,0,0,0,0,0,0,0,1
36154,8661,2,60,21,5,0,NA,1203,0,9,0,1,0,0,0,0,0,0,0,0
36186,2668,2,26,17,3,1,NA,1390,0,2,0,0,0,0,0,0,0,1,0,0
36192,5921,2,70,4,5,0,NA,516,0,9,0,1,0,0,0,0,0,0,0,0
36202,706,2,40,28,2,1,NA,1679,0,1,0,0,0,0,0,1,0,0,0,0
36206,6265,2,27,22,5,1,NA,1182,0,4,0,0,0,1,0,0,0,0,0,0
36207,3324,2,65,24,7,0,NA,1425,1,6,0,0,0,0,1,0,0,0,0,0
36317,8132,2,66,31,3,0,NA,1053,0,7,1,0,0,0,0,0,0,0,0,0
36349,5445,2,31,21,5,1,NA,2209,0,5,0,0,1,0,0,0,0,0,0,0
36366,3131,2,30,15,7,1,NA,1534,1,10,0,0,0,0,0,0,0,0,0,1
36447,1190,2,35,6,2,1,NA,1360,0,6,0,0,0,0,1,0,0,0,0,0
36487,3582,2,50,26,5,0,NA,1611,0,2,0,0,0,0,0,0,0,1,0,0
36586,3921,2,27,8,1,1,NA,1767,1,6,0,0,0,0,1,0,0,0,0,0
36598,1772,2,58,14,4,0,NA,852,0,8,0,0,0,0,0,0,1,0,0,0
36622,5601,2,70,21,5,0,NA,1254,0,5,0,0,1,0,0,0,0,0,0,0
36642,10285,2,65,21,6,0,NA,527,0,3,0,0,0,0,0,0,0,0,1,0
36686,11473,2,19,23,6,1,NA,1426,0,6,0,0,0,0,1,0,0,0,0,0
36713,2619,2,35,22,3,1,NA,1492,0,7,1,0,0,0,0,0,0,0,0,0
36721,6641,2,24,16,4,1,NA,1743,0,9,0,1,0,0,0,0,0,0,0,0
36723,7857,2,21,22,5,1,NA,1557,0,2,0,0,0,0,0,0,0,1,0,0
36802,6583,2,23,3,3,1,NA,1679,0,5,0,0,1,0,0,0,0,0,0,0
36832,11211,2,18,18,3,1,NA,1647,0,3,0,0,0,0,0,0,0,0,1,0
36877,9992,2,28,24,5,1,NA,963,0,1,0,0,0,0,0,1,0,0,0,0
36895,2766,2,45,19,4,1,NA,1244,0,3,0,0,0,0,0,0,0,0,1,0
36915,763,2,20,1,4,1,NA,1787,0,2,0,0,0,0,0,0,0,1,0,0
36958,1645,2,28,9,4,1,NA,1960,0,7,1,0,0,0,0,0,0,0,0,0
36968,9836,2,30,22,3,1,NA,1119,0,7,1,0,0,0,0,0,0,0,0,0
36977,10942,2,23,12,5,1,NA,1574,0,10,0,0,0,0,0,0,0,0,0,1
36984,11826,2,29,22,5,1,NA,2467,0,4,0,0,0,1,0,0,0,0,0,0
37011,9434,2,25,14,2,1,NA,1611,0,7,1,0,0,0,0,0,0,0,0,0
37036,2361,2,45,7,4,1,NA,1228,0,1,0,0,0,0,0,1,0,0,0,0
37056,6488,2,22,21,4,1,NA,2573,0,4,0,0,0,1,0,0,0,0,0,0
37070,2309,2,40,29,3,1,NA,2170,0,1,0,0,0,0,0,1,0,0,0,0
37106,10054,2,50,26,5,0,NA,1588,0,2,0,0,0,0,0,0,0,1,0,0
37110,1006,2,37,9,2,1,NA,1729,0,10,0,0,0,0,0,0,0,0,0,1
37131,4007,2,70,21,5,0,NA,916,0,5,0,0,1,0,0,0,0,0,0,0
37133,1601,2,70,4,5,0,NA,633,0,9,0,1,0,0,0,0,0,0,0,0
37138,9672,2,55,4,4,0,NA,2519,0,5,0,0,1,0,0,0,0,0,0,0
37142,5504,2,25,15,5,1,NA,894,0,8,0,0,0,0,0,0,1,0,0,0
37195,7495,2,50,14,4,0,NA,782,0,8,0,0,0,0,0,0,1,0,0,0
37290,123,2,21,8,1,1,NA,2357,1,6,0,0,0,0,1,0,0,0,0,0
37307,207,2,38,8,4,1,NA,2091,0,6,0,0,0,0,1,0,0,0,0,0
37363,4158,2,35,2,1,1,NA,1517,1,5,0,0,1,0,0,0,0,0,0,0
37370,4181,2,48,9,2,1,NA,3158,0,10,0,0,0,0,0,0,0,0,0,1
37374,4650,2,45,4,4,1,NA,605,0,6,0,0,0,0,1,0,0,0,0,0
37386,5833,2,35,3,6,1,NA,1041,0,9,0,1,0,0,0,0,0,0,0,0
37426,1959,2,40,5,2,1,NA,1853,0,1,0,0,0,0,0,1,0,0,0,0
37454,4046,2,70,25,6,0,NA,1088,0,1,0,0,0,0,0,1,0,0,0,0
37469,3307,2,44,1,5,1,NA,864,0,1,0,0,0,0,0,1,0,0,0,0
37545,53,2,50,9,3,0,NA,873,0,9,0,1,0,0,0,0,0,0,0,0
37555,10817,2,60,20,3,0,NA,974,0,4,0,0,0,1,0,0,0,0,0,0
37570,1874,2,24,11,4,1,NA,2331,0,10,0,0,0,0,0,0,0,0,0,1
37661,226,2,36,21,6,1,NA,1280,0,3,0,0,0,0,0,0,0,0,1,0
37711,5220,2,35,21,4,1,NA,1056,0,4,0,0,0,1,0,0,0,0,0,0
37717,2086,2,35,24,5,1,NA,836,0,7,1,0,0,0,0,0,0,0,0,0
37720,8,2,45,29,7,1,NA,1310,1,3,0,0,0,0,0,0,0,0,1,0
37722,7094,2,55,4,1,0,NA,2244,1,1,0,0,0,0,0,1,0,0,0,0
37759,7699,2,65,9,4,0,NA,1011,0,7,1,0,0,0,0,0,0,0,0,0
37814,4690,2,42,6,3,1,NA,1003,0,1,0,0,0,0,0,1,0,0,0,0
37836,3893,2,60,27,5,0,NA,1228,0,3,0,0,0,0,0,0,0,0,1,0
37842,7434,2,39,7,1,1,NA,1165,1,9,0,1,0,0,0,0,0,0,0,0
37851,9403,2,23,24,1,1,NA,1110,1,9,0,1,0,0,0,0,0,0,0,0
37945,3951,2,29,4,4,1,NA,1179,0,5,0,0,1,0,0,0,0,0,0,0
38013,11890,2,35,24,1,1,NA,1993,1,9,0,1,0,0,0,0,0,0,0,0
38038,5454,2,40,9,4,1,NA,1404,0,7,1,0,0,0,0,0,0,0,0,0
38043,7804,2,38,17,2,1,NA,821,0,10,0,0,0,0,0,0,0,0,0,1
38098,9526,2,18,18,5,1,NA,1806,0,1,0,0,0,0,0,1,0,0,0,0
38101,6884,2,24,6,7,1,NA,957,1,9,0,1,0,0,0,0,0,0,0,0
38106,10271,2,23,30,7,1,NA,767,1,5,0,0,1,0,0,0,0,0,0,0
38120,9366,2,25,7,1,1,NA,1196,1,9,0,1,0,0,0,0,0,0,0,0
38174,9717,2,50,27,1,0,NA,754,1,1,0,0,0,0,0,1,0,0,0,0
38241,6981,2,55,8,2,0,NA,865,0,9,0,1,0,0,0,0,0,0,0,0
38256,2613,2,65,26,5,0,NA,810,0,2,0,0,0,0,0,0,0,1,0,0
38262,7760,2,45,21,6,1,NA,1238,0,10,0,0,0,0,0,0,0,0,0,1
38273,7857,2,52,22,5,0,NA,1635,0,2,0,0,0,0,0,0,0,1,0,0
38295,9840,2,45,14,4,1,NA,1531,0,8,0,0,0,0,0,0,1,0,0,0
38309,3817,2,50,15,7,0,NA,1003,1,10,0,0,0,0,0,0,0,0,0,1
38310,3809,2,30,5,2,1,NA,1652,0,1,0,0,0,0,0,1,0,0,0,0
38317,10006,2,27,17,3,1,NA,1390,0,2,0,0,0,0,0,0,0,1,0,0
38339,6955,2,50,27,1,0,NA,1702,1,1,0,0,0,0,0,1,0,0,0,0
38378,1036,2,20,8,5,1,NA,1613,0,1,0,0,0,0,0,1,0,0,0,0
38418,5458,2,25,26,5,1,NA,1828,0,2,0,0,0,0,0,0,0,1,0,0
38427,5870,2,55,4,4,0,NA,589,0,5,0,0,1,0,0,0,0,0,0,0
38470,6747,2,31,12,2,1,NA,1352,0,7,1,0,0,0,0,0,0,0,0,0
38494,1308,2,24,9,2,1,NA,1445,0,10,0,0,0,0,0,0,0,0,0,1
38501,9614,2,38,17,2,1,NA,1749,0,10,0,0,0,0,0,0,0,0,0,1
38513,10991,2,96,20,1,0,NA,682,1,4,0,0,0,1,0,0,0,0,0,0
38537,3863,2,70,10,4,0,NA,961,0,9,0,1,0,0,0,0,0,0,0,0
38541,6800,2,52,9,2,0,NA,860,0,10,0,0,0,0,0,0,0,0,0,1
38643,319,2,65,9,2,0,NA,1304,0,10,0,0,0,0,0,0,0,0,0,1
38650,7808,2,60,19,4,0,NA,1967,0,10,0,0,0,0,0,0,0,0,0,1
38660,10004,2,30,2,5,1,NA,1389,0,6,0,0,0,0,1,0,0,0,0,0
38718,2155,2,42,15,3,1,NA,1765,0,9,0,1,0,0,0,0,0,0,0,0
38745,7964,2,25,20,3,1,NA,1790,0,2,0,0,0,0,0,0,0,1,0,0
38763,6729,2,50,30,4,0,NA,1509,0,1,0,0,0,0,0,1,0,0,0,0
38782,725,2,38,4,1,1,NA,1331,1,1,0,0,0,0,0,1,0,0,0,0
38888,7700,2,18,18,3,1,NA,847,0,3,0,0,0,0,0,0,0,0,1,0
38892,7449,2,32,26,7,1,NA,2104,1,1,0,0,0,0,0,1,0,0,0,0
38894,6393,2,35,23,6,1,NA,903,0,6,0,0,0,0,1,0,0,0,0,0
38910,7811,2,60,20,5,0,NA,1531,0,3,0,0,0,0,0,0,0,0,1,0
38930,3637,2,22,23,6,1,NA,770,0,6,0,0,0,0,1,0,0,0,0,0
38951,7693,2,38,2,4,1,NA,1788,0,2,0,0,0,0,0,0,0,1,0,0
38968,2792,2,60,20,1,0,NA,1645,1,4,0,0,0,1,0,0,0,0,0,0
38980,2635,2,18,3,3,1,NA,2077,0,5,0,0,1,0,0,0,0,0,0,0
38983,4239,2,50,4,5,0,NA,2028,0,9,0,1,0,0,0,0,0,0,0,0
38987,6167,2,35,24,4,1,NA,1493,0,1,0,0,0,0,0,1,0,0,0,0
39021,7242,2,32,7,4,1,NA,1368,0,1,0,0,0,0,0,1,0,0,0,0
39051,8908,2,65,4,4,0,NA,1150,0,5,0,0,1,0,0,0,0,0,0,0
39132,7823,2,45,26,5,1,NA,1417,0,2,0,0,0,0,0,0,0,1,0,0
39193,9672,2,29,4,4,1,NA,2414,0,5,0,0,1,0,0,0,0,0,0,0
39233,1390,2,39,6,6,1,NA,2020,0,5,0,0,1,0,0,0,0,0,0,0
39287,11601,2,82,7,1,0,NA,1080,1,9,0,1,0,0,0,0,0,0,0,0
39350,10379,2,60,23,7,0,NA,1417,1,5,0,0,1,0,0,0,0,0,0,0
39383,6074,2,38,2,2,1,NA,2646,0,8,0,0,0,0,0,0,1,0,0,0
39395,2732,2,35,28,5,1,NA,963,0,4,0,0,0,1,0,0,0,0,0,0
39448,5458,2,55,26,5,0,NA,1974,0,2,0,0,0,0,0,0,0,1,0,0
39460,1996,2,76,14,4,0,NA,536,0,8,0,0,0,0,0,0,1,0,0,0
39488,11305,2,18,15,5,1,NA,1133,0,8,0,0,0,0,0,0,1,0,0,0
39491,11852,2,30,18,3,1,NA,1602,0,3,0,0,0,0,0,0,0,0,1,0
39504,9507,2,20,9,4,1,NA,1059,0,7,1,0,0,0,0,0,0,0,0,0
39508,4063,2,30,3,6,1,NA,1456,0,2,0,0,0,0,0,0,0,1,0,0
39511,4749,2,50,29,3,0,NA,2326,0,1,0,0,0,0,0,1,0,0,0,0
39561,9195,2,45,21,4,1,NA,1345,0,4,0,0,0,1,0,0,0,0,0,0
39586,256,2,55,11,4,0,NA,1536,0,10,0,0,0,0,0,0,0,0,0,1
39599,9250,2,60,5,5,0,NA,1409,0,5,0,0,1,0,0,0,0,0,0,0
39614,6445,2,35,16,6,1,NA,1108,0,8,0,0,0,0,0,0,1,0,0,0
39646,5935,2,19,14,2,1,NA,1123,0,7,1,0,0,0,0,0,0,0,0,0
39653,3439,2,45,4,7,1,NA,1391,1,7,1,0,0,0,0,0,0,0,0,0
39654,2438,2,54,30,6,0,NA,1179,0,8,0,0,0,0,0,0,1,0,0,0
39677,1470,2,75,25,6,0,NA,989,0,1,0,0,0,0,0,1,0,0,0,0
