"","inad_diff","land_own_share","ed_some_share","ed_prim_share","ed_sec_share","ed_mid_share","ed_ssec_share","ed_grad_share","st_share","sc_share","ptg_share","inc_source_cultiv_share","inc_source_manlab_share","inc_source_domest_share","inc_source_forage_share","inc_source_enterpr_share","inc_source_beg_share","inc_source_other_share","house_type1","house_type2","house_type3","house_own1","house_own2","house_own3","house_own4","house_own5","house_own6","secc_pov_rate_rural","secc_pov_rate_tend_rural","lit_m","lit_f","hindu","muslim","christian","sikh","buddhist","jain","other_rel","religion_ns"
"1",0.014628205128179,0.20519592604273,0.629647829595387,0.455574532707164,0.146570422650164,0.273042207011937,0.0733462979640725,0.0354655280892615,0.0161373070799054,0.0709368026978084,0.00341475232728319,0.277595008260169,0.62565233150224,0.0186205123598278,0.00222165994141668,0.00782513217449674,0.00106993946462594,0.0670154160589896,0.997809882953228,0.0021392263116069,5.08907351653636e-05,0.684235122837333,0.311125949730261,0.00463892743240552,0,0,0,0.11824016128574,0.0696048392755265,0.669826647670723,0.541706915235289,0.86288018792863,0.114523612093998,0.018364655112624,0.000156307125497641,6.60827245232172e-05,0.000671465950108975,6.79240388288177e-05,0.00326976502578965
"2",0.00031141774891708,0.556628478207175,0.580867277668563,0.474697342998005,0.181176499167639,0.321032005768671,0.0821403283124957,0.0309773843180054,0.0172600514711997,0.0497793341658023,3.24944628352164e-05,0.343233220988551,0.459803638325528,0.0204933532365872,0.00135355851612049,0.0309475069932518,0.00129578731608802,0.142872935859995,0.997899237355604,0.00188178438941216,0.00021897825498416,0.756186672553135,0.243636825131594,0.00017650231527082,0,0,0,0.115139376346392,0.0675227214033116,0.625992922004163,0.45272463380429,0.869456840234096,0.112896961976575,0.0113081909795575,0.000431544911000868,0.000182640092203576,0.000150661592305116,7.15395307006786e-05,0.00550162068356186
"3",-0.000220322631309955,0.425289261468099,0.592959007697498,0.482387441375915,0.202261282696422,0.332801607375328,0.106266702852631,0.046476968137966,0.0377818789472636,0.0558732580406664,0.00015217521782385,0.229494897901179,0.614383703382236,0.0262453964080641,0.00146048678249291,0.0173873305316972,0.00244323543489681,0.108584950519518,0.993697068007116,0.00513544548739207,0.00116748650549168,0.710525027391512,0.288144949608084,0.0013300230004041,0,0,0,0.0844399706390652,0.0448199094060187,0.659606471747476,0.48597109257928,0.931329574075279,0.0540717476938405,0.0100392426183262,0.000268573028790054,6.90780148755636e-05,7.16576917796302e-05,3.78352612596448e-05,0.00411229161584942
"4",0.00804166666665495,0.374878737296012,0.584611313268353,0.485634131522268,0.223929948890478,0.34158108789801,0.100990233459447,0.0423684038413034,0.0234345892231617,0.0366872641780937,0,0.169722374451602,0.268348449449804,0.0121550901575993,0.00177353820052031,0.0469337071204392,0.00127042350987672,0.499796417524323,0.997475494379711,0.00250293298212614,2.15726381624964e-05,0.643911776902299,0.352132482864927,0.00395574023277441,0,0,0,0.0914692332078199,0.0578710782042115,0.631847188761603,0.460981599054043,0.832280355186598,0.15348670401966,0.00770302606282593,0.000923830073275364,0.000723934724369791,0.000212437802170236,5.72249430200268e-05,0.00461248718807997
"5",0.00616120695677495,0.470813972031749,0.610884887297995,0.499753947306567,0.218923789500672,0.347719711447703,0.10329790078778,0.0416440082105759,0.0266530931330109,0.0625779124171796,0.00084313492447685,0.340870821903242,0.456549055086977,0.0309092906128761,0.0022488120766263,0.029244011158422,0.00256441435038267,0.13761359540075,0.998374117910585,0.00157683198169205,4.90501077233668e-05,0.602206496746906,0.396638560383934,0.00115494286916081,0,0,0,0.0914644515263178,0.050006487903365,0.721502490921908,0.612252492841136,0.841811596980105,0.116584518669121,0.0271935138984519,0.00152206800370265,0.000385331282009069,0.000667580310232273,0.00030754760332816,0.0115278432530494
"6",-0.000651665692573005,0.473493842481395,0.663256463162819,0.495304781290636,0.203408476166767,0.32209737431915,0.119202282442502,0.0526338806455941,0.00058542503533161,0.0680232963140818,0.00018473421634589,0.344772168388203,0.496627204177174,0.0244069076728736,0.00123651865983749,0.011016461482598,0.0017449857659974,0.120195755121355,0.990239240401865,0.00963892603039902,0.00012183356773563,0.901771119487669,0.0702341763875834,0.00723363796608725,0.0091828384842392,0.00799817872896373,0.00358004894545738,0.384728172885498,0.275202502961123,0.702259111113807,0.519519348228432,0.856853538842175,0.133809822028819,0.00231459438924988,0.000735087769681232,0.000737438975707171,0.000377368567163292,5.1222702707968e-05,0.00512092672449626
"7",-0.000951287518449107,0.731599298741545,0.637419590496622,0.4775875927687,0.222006140409431,0.344078180067863,0.134045616696251,0.0744641857018757,0.00068829123915998,0.0788012395132576,6.19165491456677e-06,0.43100791143825,0.479160692220218,0.0163517817318197,0.00066937912135999,0.00655851864605923,0.00128930150510614,0.0649624164086222,0.997628582404215,0.00234467109898874,2.67464967962425e-05,0.973148525403022,0.0129107894547514,0.00695049035751931,0.00398346810635818,0.00197664255404167,0.00103008412430757,0.389252207855982,0.268635345030387,0.698341320180467,0.540088470642222,0.82808454773534,0.167513244988924,0.00105759735233672,0.000362402247310967,0.000757750153468386,9.80029092267862e-05,1.37621106573785e-05,0.00211269250273574
"8",-0.001301652892558,0.601799251312707,0.522840348194924,0.313531226562895,0.110669191859334,0.201641583943124,0.0595531871560429,0.0275043757591364,0.00031602707002432,0.091109316007911,0.00032115676002413,0.50911706481516,0.411768461321033,0.0128708875702433,0.00038896032708563,0.00748376640601543,0.00201013962246933,0.0563607218316307,0.996737667476297,0.00323401490991334,2.83176137895991e-05,0.944915556297828,0.0285934999827069,0.00738383397007822,0.00436368820410932,0.0134854731821826,0.00125794836309464,0.367440254790597,0.263056712651438,0.591959453403574,0.43893446685367,0.768376351205677,0.226057664322895,0.00148955791380928,0.000640966860173233,0.00047627824586078,0.000924955047982043,6.4710051433757e-05,0.00196951635216866
"9",-0.026374400247623,0.462734595674206,0.523322502608517,0.343375611047497,0.0975672678903989,0.190477364789126,0.0473310481835685,0.0194365865917545,0.00042590076588568,0.0398883496386461,0.00187311381082338,0.382689162507856,0.537756601548934,0.0111391011554486,0.00102123853761114,0.00357543442191409,0.00138588792868309,0.062432575745633,0.997173698653573,0.00282630134642713,0,0.953141313784726,0.0259801875035906,0.00397306919856518,0.00641864472889893,0.00946750782818129,0.00101927695603815,0.375943506810084,0.257953789647866,0.56950287678699,0.406114907298725,0.636362307988182,0.345415916296324,0.00333201524427323,0.00633649397451959,0.000982609542080574,0.000209290662017162,7.6207878006249e-05,0.00728515841459738
"10",0.00116260162601691,0.673486020268149,0.597352444523357,0.395093665669401,0.173342194596859,0.280105823490993,0.101539176448333,0.050685641687757,0.00076920435204099,0.0737270179587989,5.42796394811012e-06,0.405799109601709,0.471873810760071,0.0169603135169547,0.00015614964916735,0.0076288350485629,0.00185392019441912,0.0957278620712012,0.99395630593861,0.0057699886606939,0.00027370540069596,0.850404642561062,0.0628721081813949,0.0226140360267596,0.00488522540492904,0.0570786786628642,0.00214530916299026,0.411516384091319,0.289066894641936,0.665544906909024,0.505677878233534,0.847541234384839,0.148039899700364,0.0013051417323217,0.000773777051844681,0.000298260296657704,0.000144880849665479,7.48685954975241e-05,0.00182193738881002
"11",-0.00279461279460293,0.531234287548742,0.640160409548876,0.415191344233546,0.133946387757234,0.25374292345755,0.0677114195033096,0.0309569893640073,0.00019748260215775,0.0796230660508141,2.18261724563894e-05,0.34701736243613,0.529321342301219,0.0151180337319671,0.00063791700885505,0.00560929215583895,0.00193426407442882,0.100361790113577,0.998544297794403,0.00145570220559715,0,0.929986425699488,0.0404249573903117,0.0110672490736768,0.00580871919126642,0.00950147677211983,0.00321117187313701,0.364835528173044,0.250193806181925,0.657895953122721,0.481696876069201,0.863997222657976,0.133207583146487,0.000836013374694661,0.000152693037995118,6.53313495899508e-05,7.55868521418617e-05,1.78521711088819e-05,0.00164771741000702
"12",-0.00606338091390398,0.678538185722155,0.647264904736129,0.514164961876715,0.143274511409092,0.301716075115921,0.0731252361538563,0.0375896153639203,0.00246684189894224,0.0940809552029442,2.26690820423624e-05,0.555910516003424,0.339976112601495,0.0141263168975413,0.00315927429681068,0.0125311729459113,0.00176650675203439,0.0725301017455716,0.998972179420595,0.0010278205794048,0,0.913194760648813,0.0473666606084022,0.0101161067440456,0.00641465860740845,0.0118713565303851,0.0110364568609452,0.209038679157962,0.129229831767802,0.741137052266047,0.553364068225937,0.91260245281329,0.0739726699099321,0.00352746393355759,0.00247723034539626,0.000601920441428338,0.00366656109292341,0.000155608692671831,0.0029960927708004
"13",0.00533653004027798,0.651006126105649,0.663174116816865,0.506710317125209,0.206835201550954,0.334623208126409,0.117431010559757,0.0557145458132779,0.00039098398254752,0.0651157429577592,2.92229759890926e-05,0.353517575436726,0.446635293782326,0.0194520959857673,0.00125974333013118,0.0152462713502208,0.00175349445017064,0.162135526997384,0.995520578476092,0.00360404394524892,0.00087537757865891,0.944311256671083,0.0344100600692949,0.0031366295131514,0.004177365942587,0.0132893463295619,0.00067534147432213,0.361259569954454,0.246686292008532,0.698207753636949,0.505395943747442,0.85111592167499,0.140970434144215,0.00122151067840273,0.000452145916929172,0.00242899891279317,0.000232460960736845,1.33992242783972e-05,0.00356512848765448
"14",-0.00064984964918196,0.640437370699802,0.500483176425401,0.30941517974983,0.0813879663694841,0.175456297475614,0.0415830393102398,0.0195901245529508,0.00029820070487926,0.119168149439466,0.00021884950527335,0.526608656004234,0.419422954165705,0.0112416435061618,0.00028357669266067,0.00269210191200141,0.00158872251944563,0.0381623451806841,0.96051334398623,0.0390233048991098,0.00046335111466002,0.906209998955499,0.0260830955693415,0.0105467988511419,0.0117004772318907,0.0391292872900261,0.0063303421021008,0.47415224914133,0.352958669159247,0.588440695434276,0.420173203940954,0.792920683176955,0.199314583968928,0.0014672193884378,0.00258943370104139,0.000593890444050748,0.00031445194371444,1.76182294705254e-05,0.00278211914740258
"15",0,0.34410525285226,0.717275169774586,0.552404850261004,0.136922655627701,0.218346896614388,0.0475374016832613,0.0198987953833144,0.00603088771068683,0.0219908949609801,0.0050419235875709,0.284233077297104,0.590583883833985,0.00994317801539443,0.00127806671683943,0.0241205831903456,0.00415116202201354,0.0856900505828366,0.994050626651852,0.00496142976013434,0.00098794358801383,0.855758709277366,0.131291225719822,0.0123709774901917,0.00027704676212459,0.00025064784685047,5.13929036449939e-05,0.327417705886564,0.249382820528743,0.798685920543308,0.703495210692744,0.837569662714983,0.122430060054961,0.00703526712848573,0.00201573973642352,0.000626262696270216,0.0290103233542064,0.000284853882433664,0.00102783043223631
"16",-0.000213183043371004,0.473231018787903,0.71173609655039,0.540593479247174,0.16002659491381,0.235068616192982,0.0670426936878534,0.0277942247610964,0.00194225666601966,0.0253857353521991,3.58904965849649e-05,0.470564637046412,0.434015058488991,0.00470388212247687,0.0006246543293547,0.0211677607555156,0.00535265458643985,0.0635713539768194,0.996518381456382,0.00306888232883045,0.00041273621478704,0.851458292363409,0.101606327980461,0.0148129735223159,0.0290215736739216,0.00076440151180077,0.00233643094809119,0.230548093667399,0.167589035992385,0.72392286352748,0.588419963371689,0.931496707810777,0.0654508350999544,0.000606925154703175,0.000274073927314274,0.000160481841776792,0.0013558404163282,2.64167640784842e-05,0.000628718985067924
"17",5.73746740069225e-05,0.575956753652109,0.576649073720013,0.451289425711073,0.114218305032831,0.162635058201644,0.0476012370865232,0.0181845281495035,0.0305960941507222,0.0283327510382633,0,0.565756163161943,0.3476680354804,0.00492630820788165,0.00110398836059244,0.0216278044802304,0.00609661374553209,0.0528210873963987,0.995210224404996,0.00455526433591925,0.00023451125908527,0.864989443904804,0.106017311440979,0.0238406335194557,0.00217238538395809,0.0027702954863846,0.00020993026441861,0.415429840211036,0.313064166795244,0.651028112015867,0.434745554512965,0.926229592252026,0.0684199934241434,0.000540296990295805,0.000155743972291673,9.00494983826341e-05,0.00405671387909525,2.65982504119524e-05,0.000481011733353501
"18",-0.00216433941997892,0.893569159756219,0.470805518853303,0.366495004386346,0.128479304230622,0.179527232551431,0.0591747607331113,0.0173197940240243,0.254774822652178,0.00454791669035816,8.1141537455683e-05,0.805521572875775,0.151057311572691,0.00653794497219794,0.00056996048735048,0.0114770042818681,0.00083152447927404,0.0240046834198171,0.998634566021403,0.00136543397859685,0,0.867172505938035,0.0895087977510548,0.0347115220854932,0.00779529297737122,0.00040594062402275,0.00040594062402275,0.627206568635096,0.503312202648821,0.560552509659374,0.385603272756475,0.961523417482885,0.0311943193646143,0.00465754558113776,0.000231772481225489,0.000122232951559081,0.00156599216016654,5.35944479912895e-05,0.000651125530420491
"19",0.00370645211685201,0.756824008982056,0.64709372685515,0.53612120730834,0.194333315063904,0.27809812364056,0.0807317292484774,0.0257548582079611,0.101063993311552,0.0101248750657165,6.03770718514599e-06,0.686092051881784,0.256171023634562,0.00317210884933264,0.0006758042012973,0.0143273725744129,0.00184283965710368,0.0377188004251758,0.998493059205476,0.00142415214719733,8.27886473272228e-05,0.837728147706952,0.112669050459934,0.0454504092829721,0.00304136248173941,0.00084793990724159,0.00026309016116084,0.512884383594997,0.409382477370487,0.699332741627484,0.500724771548743,0.92897619852299,0.0663019036496937,0.00119751913186346,0.00027689754288984,0.000140958416848755,0.00219008388908037,5.47939246504064e-05,0.00086164492198349
"20",0,0.447728638377009,0.697748608301504,0.555606680085197,0.208537459811664,0.286093991206232,0.0979397905728696,0.0455367033200917,0.00154216116427422,0.0196120866732864,0,0.402772120689393,0.48273226020771,0.00569508114173937,0.0007951178708406,0.0257434524763475,0.00352661607230022,0.0787353526296554,0.997266135943328,0.00224999558252078,0.00048386847415158,0.837419830774053,0.121977485642126,0.0336215126670094,0.00494253064334196,0.00167448081851951,0.00036415945495099,0.311203339162778,0.227453868465791,0.712317305518313,0.528665392546551,0.889123144908144,0.106268800223854,0.000681682535382747,0.00025079368386898,4.91168639031237e-05,0.00268059005725836,4.91168639031237e-05,0.000896754863685819
"21",0.00919699872285307,0.263159059047931,0.743050880997825,0.620202220681176,0.255258352213903,0.362185621589611,0.117519645221006,0.054304374206499,0.169891356797769,0.00837861757468687,0.00299004207945979,0.215142785636303,0.524810513203539,0.0303832531235705,0.00139513544315436,0.0353333966783552,0.00202358497542358,0.190911332662067,0.998143157542668,0.00157475040157409,0.00028209205575762,0.611119811465345,0.381306653339828,0.00756653493803198,0,0,7.00025679523924e-06,0.289947357769722,0.231443818736282,0.78991506732067,0.703200106901651,0.86497524715843,0.108655979735985,0.00346174729770928,0.000937789513530117,0.00212157817000974,0.018554353806623,0.00064459668473401,0.000648707632978487
"22",-0.004391033623927,0.472104509147834,0.60737764785309,0.464923659325406,0.151734493575515,0.263412189519694,0.0695519016878169,0.0327555283628325,0.0349759458331028,0.0913579627121752,0.00721568133838106,0.335547381191772,0.553326948237785,0.0184775477453962,0.00130457738636299,0.0133313924487441,0.00103006914369317,0.0769820836530546,0.999747162553462,0,0.00025283744653754,0.72209805276854,0.239585372053047,0.0130135678843594,0.00827279376406955,0.00969752584810872,0.00733268768187518,0.21417851678778,0.13815931887986,0.61096848882633,0.496149913481202,0.922883332631263,0.0462484485070891,0.0217311868933014,0.000133230014763061,0.00477276935239437,0.000745500303196247,0.000137148544609034,0.00334838375338341
"23",0.00153080795972201,0.564233738386896,0.593373132374337,0.342119560696492,0.129515080940959,0.179387087546245,0.0667007122898396,0.0321014861447328,0.0160652082539359,0.0243916768504539,5.00877673919153e-05,0.577220747733288,0.190629603347741,0.0318935442214945,0.0123469633495756,0.00948317653757996,0.00098164511470352,0.177444319756506,0.999792019668385,0,0.00020798033161484,0.592086371160778,0.326173327626204,0.0524250724802116,0.0222186023631911,0.0047628669167937,0.00233375945282212,0.301620895742135,0.21015393869749,0.75946590184015,0.648358955702081,0.752573194811326,0.209436482382732,0.0155639642819824,0.000804537896929275,0.000387109418778218,0.0157209736965918,0.00148779955636719,0.00402593795529346
"24",-0.000716374269004945,0.607789071056211,0.604657773134651,0.395586072124496,0.12384083112352,0.191934316924618,0.0638849982994341,0.0291290768417612,0.0212481436575517,0.0653533290191957,0.00036968282864319,0.498312577025097,0.365800122197446,0.0175085944718703,0.0171638132223982,0.0107837843406427,0.00046015638695544,0.0899709529111501,0.999248377111832,0,0.00075162288816764,0.673722058003507,0.219935957676712,0.0825573375456864,0.0109744964740505,0.00825787203772134,0.00455227826232267,0.311326852139095,0.217557989324429,0.739421424675182,0.574489546341362,0.852691697117146,0.134951200954376,0.00322383685431677,0.000216989019040552,7.42083658190631e-05,0.00562950299181829,6.95116338051983e-05,0.00314305306367829
"25",-0.00138055883510106,0.592519239327158,0.570946430184075,0.443505837397087,0.130783951961339,0.203951185469474,0.0580793324097353,0.024192230452181,0.00452651152485249,0.0856189212819943,0.00068294828212314,0.296320930481329,0.618028388004644,0.0098080934344353,0.00174798557511286,0.0197867396577121,0.00122775491747307,0.0530801091989193,0.999733412618321,2.88878191684349e-05,0.0002376995625107,0.607782692777737,0.320216194786038,0.0334205522924723,0.00570690971038069,0.0147714685828166,0.0181021818505551,0.206854109403895,0.128344261008067,0.636340171537655,0.473685542369705,0.783615955260555,0.199945369372402,0.00325134063248395,0.00032186090153784,0.0037364699574411,0.0018957061573627,0.000128588495771776,0.00710470922244485
"26",-1.71821305819719e-05,0.707340190231709,0.7238461988234,0.516261301645188,0.219754477837222,0.321750422385424,0.102034416569083,0.0460437061241453,0.00613871855956039,0.0698216782014514,0.00018631063927326,0.73392556332799,0.111220814122333,0.0186665847259537,0.00208389327727111,0.00967056262524232,0.00082894717739589,0.123603635549616,0.99976541560415,0,0.00023458439584957,0.524696533554549,0.448899123524244,0.0206138993831539,0.00496642974601213,0.00033812892386854,0.00048588486817241,0.135226526862511,0.079368011276442,0.756886926862721,0.623262399272364,0.918033506696892,0.0675577467278309,0.00878789431108954,0.000162686660425654,0.000350705153789558,0.00327625039334707,1.68878886255004e-06,0.00182952126776254
"27",0.000887026366333998,0.55919921702487,0.648154807439216,0.387117531517456,0.104066480120348,0.181242651944304,0.0492037150182377,0.0229353314063794,0.0288815323598015,0.0507609096139531,4.60040420573392e-05,0.418198601003333,0.466867337294811,0.0144036870181034,0.00150071664714665,0.0211556565219734,0.00086961092053395,0.0770043929309185,0.999717742392976,0,0.00028225760702456,0.592470818524541,0.266614152200529,0.0820201890350148,0.0465729078316527,0.00526424548128454,0.00705768692697788,0.26703932127979,0.179269754663004,0.737116787608286,0.61865800087343,0.802343165163225,0.186476164009043,0.00150594491471319,0.000262257239927194,4.25620341647952e-05,0.00615522123494994,0.000439390411524797,0.0027752949924515
"28",-0.00202470461869893,0.549009773319034,0.678723284071382,0.493647599861533,0.185444598899964,0.299397518782711,0.0843741549721282,0.037602152393946,0.0209695710147453,0.0999865495994786,0.00047212684446483,0.386492362108406,0.36220223535663,0.0319837762506786,0.0031421076962392,0.0356058870481669,0.00258799938945276,0.177985634137926,0.999924111415479,0,7.5888584520774e-05,0.50559066673177,0.459970143044252,0.0214763254153033,0.00142841449588847,0.0010047695025955,0.0105296808101911,0.149560466055131,0.0942528619531704,0.726575098274592,0.594876349497701,0.849668153040775,0.130091688302728,0.0173925947718076,0.000164670551503156,9.76307617607643e-05,0.00162327413220897,5.98802005466021e-05,0.000902108238669462
"29",-0.00130034522439601,0.562950018415576,0.646537599037063,0.403851714856549,0.104839089503644,0.186265441626684,0.0557465844564687,0.0231782199625476,0.035388494686405,0.0536383396949756,0.00017982148566744,0.516064374468221,0.223029754345672,0.0259875096818809,0.0178980954652465,0.0130216906375982,0.00082946724898434,0.203169108798322,0.999918638945542,0,8.13610544582931e-05,0.620829315076008,0.306071108824077,0.052318587320438,0.0115496510674189,0.00380195555500972,0.00542938215704859,0.324689347192871,0.216901052983823,0.669763660729849,0.493192694429227,0.876326695061586,0.116387993553586,0.00293614020950846,0.000212961897087602,6.11545988258317e-05,0.00208501208702659,0.00033167376539657,0.00165836882698285
"30",-0.0102360139859779,0.507636231391149,0.679539944059051,0.496974072683013,0.178751103350851,0.287965407839286,0.0750328968963578,0.0335765685746508,0.0403716794517299,0.0694876171388138,0.0137546181835929,0.448071770367515,0.469067990689927,0.00980893406478508,0.00099381692807152,0.00883416412519328,0.00056093005298371,0.0626623948497645,0.999951629068726,0,4.837093127352e-05,0.580679285493345,0.394500208890142,0.0184869408611486,0.00452331014821015,0.00112497096749563,0.00068528363965817,0.196292150554444,0.125543547022747,0.703735115109817,0.603153887106444,0.876998874089634,0.0968132971380418,0.013115406312362,0.000418176238459752,0.00539597291284241,0.00480452843215232,0.000164271621960683,0.00228947325454738
"31",0.00299342105265197,0.556884523655238,0.506097128921007,0.39378616284899,0.0999371942388375,0.167264035766656,0.0475187679530598,0.0223326639533365,0.0537827457476741,0.0461742682182374,0.00513250344443015,0.393342578452997,0.487831380972347,0.0150458287818842,0.00239433394370439,0.0104400645537183,0.00079138704530458,0.0901544263204904,0.999044260816918,0,0.00095573918308216,0.709823957412041,0.236706243899931,0.0391662207423277,0.00475419434671507,0.00670205557518199,0.00284732802380316,0.255647992139146,0.16971085948975,0.598451443270217,0.417458863985415,0.847185728832048,0.14103085215148,0.00538880927742051,0.000278928169256516,0.00117429796164686,0.00215469418481428,1.50351615398494e-05,0.00277165426179431
"32",-0.015906590235826,0.638064319567865,0.662539997699654,0.478636401782454,0.197193137213181,0.308289437256876,0.085949035337838,0.0357411763657287,0.0259941172301377,0.0637501674584033,0.00139753692041662,0.577067299642554,0.25156795043549,0.0245809854127896,0.00207003979887187,0.0176939068259572,0.00124353367686911,0.12577628539889,0.999860280621216,0,0.00013971937878376,0.590046671221973,0.392025621269507,0.0127265993967383,0.0030380870398218,0.00121132357198492,0.00095169749997536,0.164491910894782,0.103935192816059,0.744875217867101,0.607780419245611,0.901019044561736,0.0917972511926181,0.00340801349767449,0.000178052841006652,6.98026860969473e-05,0.0018913914997499,6.0097499794698e-05,0.00157634622132304
"33",7.74161735711232e-05,0.45370325392878,0.642595295435799,0.469438493305828,0.192860010306236,0.283346983526085,0.0940693650090996,0.0459671210736088,0.00842630670117194,0.0212437160254898,4.52582103006566e-06,0.34155622873124,0.371443740969867,0.0356322090877785,0.00116892722035112,0.0127867739053018,0.0007246955924237,0.236687425101119,0.999531929968604,0,0.00046807003139593,0.710552976261201,0.232252352192872,0.0388209035224201,0.0117416109866664,0.00293419863310007,0.00369795840374054,0.224901714462566,0.1502409474913,0.801506631270516,0.7030494589352,0.826142228227856,0.130794638626355,0.0309845258282081,0.000212222779645261,0.00890918187074728,0.00252162410962107,4.45319931058908e-05,0.000391046564461104
"34",-0.0641402968128959,0.587277508697402,0.748903720650454,0.634965371776595,0.310573131187451,0.442390295532792,0.147880711057802,0.0610504084809627,0.0276339766996585,0.0312561441702519,0.00046848076121074,0.505636061986965,0.340595615407109,0.0102095591015007,0.00146143468116308,0.0203397669323187,0.00274339417672182,0.119014168481845,0.999141608163962,0.00083737793777283,2.10138982653389e-05,0.775402752841439,0.200516494141313,0.0239495893540683,0,6.2128800900011e-05,6.90348622796783e-05,0.236526603619529,0.173613765976514,0.756930201786305,0.626511702314285,0.904028012226735,0.0705991139645344,0.00501105068081483,0.00119542371288348,0.00746132811992713,0.00852226391372171,0.000309916514037919,0.00287289086734583
"35",0.00768545465347714,0.464008774058163,0.781543268812505,0.676316183011673,0.332802876425831,0.510384841561404,0.161186986717161,0.0439354005811785,0.0226625081333133,0.0472674672843049,0.0141764297327858,0.272666491110175,0.605509083044648,0.0300241289749031,0.00207285802570244,0.0126701847234182,0.00236145220781495,0.0746958031508919,0.99180537774167,0.00819462225833007,0,0.797721188839845,0.195590692624352,0.00668811853580296,0,0,0,0.35158490218744,0.26557051520021,0.807089774078478,0.69122616481791,0.840892618221262,0.0220788547187699,0.00178700261760477,0.000692307307799329,0.128679184293705,0.000847264178137085,0.00296167566693937,0.00206109299578284
"36",-0.013290553435104,0.485648893571891,0.793546298518715,0.680766059386594,0.309811558409959,0.492101935642396,0.143721326380406,0.034219317107844,0.0524289394462768,0.036938300921303,0.0173483246105216,0.305288888085664,0.592044416588933,0.0318800296744468,0.00134758151121408,0.0124351146873692,0.00156478822765584,0.0554391822455359,0.995056730666766,0.00494326933323357,0,0.814858839785057,0.178223412472432,0.00691774774251101,0,0,0,0.422715617808242,0.33037167021587,0.820548284796101,0.698091997464268,0.872480070048779,0.0197783452185886,0.00138146716803767,0.00163326167649774,0.0947306895161992,0.00118562699479095,0.00384118949842988,0.00496934987867739
"37",-0.037740345937258,0.56253067121097,0.702264542509472,0.54559357639568,0.201762553630173,0.310630558430399,0.0883580826207455,0.0285144927786919,0.0302874900137912,0.0283248875587935,0.00043678046616314,0.42199692007823,0.503470414526965,0.00663337521548985,0.0020331979532559,0.0120184653700188,0.00526703054904368,0.0485805965954282,0.998573609709656,0.00142639029034437,0,0.793649815600441,0.179037778997751,0.0273124054018078,0,0,0,0.37532044565592,0.281781992483274,0.743122973342966,0.595729628351934,0.733174218262277,0.108338677278113,0.000842573757055069,0.000546144078413719,0.150065613732593,0.00448296803400872,8.74849767910001e-05,0.00246231988074863
"38",-0.0158191681736031,0.627132593869497,0.758953602363874,0.665327108698467,0.355922677325852,0.492241464620445,0.174544987667678,0.0728445458003876,0.00217910448790272,0.0351055065647922,4.20725691239764e-05,0.50006291014214,0.276104377554865,0.0372359870999168,0.00173616981040091,0.026096311211524,0.00168560226478858,0.157078643684055,0.996751967986165,0.00324803201383466,0,0.80044944190989,0.193352598033779,0.00619796005633079,0,0,0,0.194101412013983,0.13200132555709,0.787495872583758,0.667997824140538,0.872008546953419,0.073931353474883,0.00401780082100082,0.000405056655042143,0.00767956458215568,0.0399592260167116,0.000328689285683879,0.00166976221110366
"39",0.00112258275975705,0.506108682441976,0.729719692012937,0.610886031030941,0.300176461410852,0.428870366804312,0.14185112841064,0.0510974940510401,0.00739831633703263,0.0561403849135728,0.00011500228372445,0.388797882544496,0.492730666531298,0.0112621406885922,0.0019800207576597,0.0199840218325722,0.0035515254231354,0.0816937429420951,0.998462520928507,0.00153747907149283,0,0.776586434695765,0.215780930756013,0.00758999498677486,0,4.26395614472713e-05,0,0.294591896531816,0.211133931995932,0.732387640008169,0.608133737942993,0.817776575302054,0.149810365594272,0.000972619953744526,0.000380980166213293,0.0271107116139053,0.00260248162738428,0.000126314279707081,0.00121995146271936
"40",-9.65547509329667e-05,0.343099387677044,0.79079771714458,0.688077532553091,0.307499218556612,0.506765941483364,0.143635583115734,0.0450658925806664,0.0373700102207711,0.0470622270524074,0.0322868563964658,0.271816759110351,0.558336696566985,0.0388689567514291,0.00333513091315426,0.0180510814382174,0.00219962801807658,0.107391747186371,0.99720513660374,0.00268089845555363,0.0001139649407062,0.848161879233922,0.144628226612834,0.00719587674967984,0,8.00994489344996e-06,6.00745867008747e-06,0.309310263161976,0.235785874184582,0.821484501933983,0.755792902655608,0.750435042343835,0.084015927556693,0.0074495494856637,0.00439855852603485,0.143556452358082,0.00527079210154784,0.00261756028167622,0.00225611734646734
"41",-0.00752508090615109,0.561285240010465,0.716426237883697,0.599781779509826,0.290608524952889,0.414528955870019,0.133938461228521,0.0521104979246862,0.00699251934107178,0.0441459540887933,4.10906621042578e-05,0.440965443504123,0.443835988974659,0.0109014121514028,0.00127765323836259,0.0157542891728671,0.00359639034897572,0.0836688234141206,0.999423023920105,0.00057697607989459,0,0.792051280144692,0.192162725287692,0.015785994567616,0,0,0,0.245137647206665,0.168599842499895,0.747855861920874,0.619950479937591,0.867304425257122,0.107943768490857,0.000568299734069509,0.000205118799982625,0.0170224472362052,0.00273290636447439,0.000117641664695917,0.00410539245259343
"42",-0.00104813315339612,0.57367342513721,0.66981302312314,0.529168632338809,0.193685742860378,0.301442107924149,0.0806404848638098,0.0267048651737661,0.00678209163805912,0.0329523376151635,6.04777999098763e-05,0.426182416332487,0.500667004681968,0.00547172549755541,0.00115329854309716,0.0108322401486487,0.00381633751815522,0.0518769788549923,0.999024136400874,0.00097586359912605,0,0.853932624686076,0.131773466371609,0.0142347923351213,0,0,5.91166071936704e-05,0.30456299821276,0.210919894055156,0.706662636418594,0.550284589617741,0.723487352988912,0.166857108000388,0.00113338917675969,0.000746697050138174,0.10233670971839,0.00339744434628879,0.000142694841091321,0.00189860387803186
"43",0.00667682119207001,0.317180939516085,0.755666825104226,0.646505463147104,0.303938923969969,0.454922613801035,0.124571428030548,0.0466061599059299,0.0456056877168144,0.00689599227188294,0.0752008647168629,0.253666428054045,0.309733335104994,0.0318972574227036,0.00303371937726209,0.0195699132460231,0.00096584355558006,0.381133504861665,0.998960589855732,0.00103941014426818,0,0.814116064241967,0.181317921041663,0.00456601471637056,0,0,0,0.255438583546084,0.194246580730897,0.788258966262381,0.682481364184346,0.850113886568977,0.0863506947080708,0.00662516133930605,0.00283843292081087,0.0462345304077139,0.0046541644522056,0.000439981778148964,0.00274314782476653
"44",-0.00177697302697098,0.559426688543907,0.499097104218405,0.329862898244458,0.10297714599454,0.191382513138867,0.0476339168020026,0.0160059944370148,0.014232539431784,0.0742635495259969,0.0126424887051369,0.388135408719918,0.526306740835325,0.0218115629348437,0.00143839471020906,0.00320314879850121,0.00643975028245463,0.0526649961127081,0.996494159803096,0.00350584019690424,0,0.802210508557171,0.136283782956036,0.00602786728212077,0.0245771703811307,0.0206692078651006,0.0102314629584406,0.450447437415596,0.354018640056762,0.611042803227361,0.449042304182491,0.951510319880843,0.0399182920774523,0.00112348393503085,0.00054925881268175,0.000141854032200865,0.00590623448471523,5.7876445137953e-05,0.000792680331938435
"45",0.00278149920254805,0.503614052353846,0.443549794178901,0.308709809718777,0.118149160061623,0.19241667175324,0.0612654330001308,0.0222221555170875,0.209657211064569,0.0176583407629297,0.0495941383320472,0.420427469152581,0.527355131225591,0.00885997327342721,0.00107654141182177,0.00382956340431717,0.00360822089423903,0.0348431018423899,0.99594651878287,0.00405348121713048,0,0.719352778814643,0.228812201240012,0.00782184528950681,0.0094296017414119,0.025404793994434,0.00917877891999271,0.482188655350938,0.403510990184549,0.573797658900447,0.408975945606429,0.938432413316357,0.0531623991841862,0.00103440719226386,0.000735202281277321,0.000150059955357163,0.00558104083964035,4.02599880226536e-05,0.00086421724289537
"46",0,0.372495828318991,0.519751484360178,0.345525828736481,0.0984945699344946,0.184949445896169,0.048102511236266,0.0156388390240025,0.126154824081574,0.034664681662496,0.0210005782089664,0.309899478780784,0.632324700545697,0.00810678186207189,0.00073833433949214,0.00309226349125441,0.0039137691882692,0.0419246717721964,0.988307172058811,0.011692827941189,0,0.740776434699058,0.163581018907096,0.0196982516068308,0.022916621030188,0.0418235038989136,0.0112041698579142,0.47938357005149,0.396952844688297,0.641020925987167,0.47088395739085,0.90249995992553,0.0887569357457401,0.00213730505678743,0.00131749590286254,0.00108773560925789,0.00294337439249012,0.000120605071061577,0.00113658829627017
"47",-0.000270593869730931,0.470850086154356,0.454883593665605,0.287397678417797,0.0980543988995654,0.162171625356359,0.0437334043487491,0.0160384896051019,0.0508916553426625,0.0417515828122451,0.0434861890969216,0.429380898289023,0.513916347989968,0.0146798559844835,0.00127380169454882,0.00286117103033465,0.00431145328508046,0.0335764732225305,0.985427996100009,0.0145720038999905,0,0.804228681957989,0.123974619440931,0.00274505153717508,0.0194618955060129,0.0420706113191323,0.00751914023875961,0.454848823390236,0.368300034319115,0.616816198052858,0.427999669006699,0.944204639639023,0.0396312903789632,0.000973001621400881,0.00263467574801513,0.000426090941822074,0.010852834310228,4.1884175755667e-05,0.00123558318479218
"48",-0.000353769381570999,0.314815018858404,0.66355276748233,0.514189458905516,0.188134472365672,0.332432082502858,0.0875619798775739,0.0286235031731938,0.0686842083025496,0.0346942797549181,0.0202376175124543,0.205294994108671,0.718646692600584,0.0114988316342918,0.00064500423687645,0.0037488416951053,0.00340798336833302,0.0567576534201606,0.992432667137477,0.00477675605995487,0.00279057680256817,0.79249575391367,0.157131343294905,0.00640435037102002,0.00916104486135354,0.0314528814690385,0.0033546260900125,0.484910872630997,0.401434244650385,0.767496974033844,0.654429849301566,0.876496830051204,0.0826748302777303,0.00939475636029715,0.00538142296742282,0.00175375280772983,0.0136922626618314,0.00852924687277863,0.00207689800100597
"49",-0.00577849588719204,0.553964828171016,0.615029845097348,0.418709055602804,0.141172018276137,0.250827335240738,0.0668905647329124,0.0223440205154559,0.00798990282073117,0.0603933124321869,0.00260692066396307,0.443794471078361,0.502331334273951,0.00943312055854265,0.00057744280242487,0.00343408400810906,0.00294004667189924,0.0374895009167451,0.996470397331619,0.00352960266838151,0,0.787743605090919,0.170578658106831,0.0110568875394462,0.00893983653625521,0.0154509878729463,0.00623002485360186,0.311770944983763,0.229780046453091,0.736468131407877,0.504430013991119,0.889718153611094,0.0936638090854223,0.000835564614137007,0.000633387819109214,0.000180541639840318,0.0141963920021546,5.74450672219193e-05,0.000714706161020762
"50",-0.00128184281842806,0.53117604397881,0.596495036219237,0.410498053540936,0.149388326238437,0.250261157119972,0.0780765626097532,0.0292611460072545,0.0316209454018356,0.0385481694098139,0.0008841966430436,0.435558709789052,0.504895056137073,0.00816365639127824,0.00059756120789984,0.00242507491135723,0.00214932715490664,0.0462106159421052,0.99718378237243,0.00281621762756999,0,0.754440065026316,0.189401179068844,0.00563067297410141,0.0208490941737671,0.0231034699657116,0.00657551879125959,0.265132196951744,0.196284602083586,0.728467560859618,0.498111121577337,0.89737031015644,0.0814994425391645,0.00182551778487701,0.00134371667189223,0.000271164445498973,0.0171475195111292,0.000139213889430276,0.000403115001567669
"51",0.004363226863248,0.36996857878395,0.641902705132722,0.485533961182027,0.200272562872488,0.33710344938626,0.113017598009074,0.0411077425637782,0.0362803881380761,0.0406761171281943,0.008545365533508,0.247689503641585,0.563886078495257,0.0380002331786084,0.00399074587682178,0.00791124297404178,0.0116490322276818,0.126873165156622,0.993105289312742,0.00661346947055077,0.00028124121670755,0.885917876492604,0.0644476686952891,0.003731817885785,0.00621191089403347,0.0373399677361062,0.00235075829618249,0.385189658777716,0.306415423547554,0.690206513753979,0.52296654579011,0.95929653892891,0.0361142375859687,0.000830406755553451,0.000351781273228346,0.000416894633898016,0.000276943189861258,9.80928550348272e-05,0.00261510477754485
"52",-0.077267046088412,0.470975201950406,0.726720352390599,0.577956854001692,0.199947807428973,0.376505502551976,0.0897856015416417,0.046531378336747,0.0375835239564908,0.0703603951048182,3.30287794474702e-05,0.252819466900668,0.517949648860533,0.0314931225165202,0.00251636626122261,0.0664537377840905,0.00697342180262334,0.121794237442545,0.993196947619541,0.00680305238045929,0,0.842111386396841,0.131233505233293,0.0161626451342405,0.0008593975406297,0.00069036359799605,0.00894270209699936,0.401940192473812,0.326220171354753,0.7609789953845,0.633512287374575,0.947072413229914,0.0406174626561444,0.00277264365151222,0.000102131884583214,4.7833920627581e-05,8.661818059589e-05,0.00790552499020697,0.00139537148641538
"53",-0.043316326530598,0.318330310167313,0.662556434675993,0.496402790177153,0.121191760931991,0.262666199323499,0.0470819616416932,0.0214831240874395,0.0128744795429219,0.0648497637902116,0.00359023948645645,0.182302348168124,0.647439543802382,0.0229187203884627,0.00168644949703657,0.00984319222777726,0.00393621976882785,0.131873525973242,0.997341599915551,0.00265840008444903,0,0.706552088283321,0.279102472187378,0.00580954181261032,0,0,0.0085358977166913,0.354319900689005,0.253239819716755,0.709666831158408,0.541428141178514,0.987823286335541,0.00377299037611174,0.00679364958822974,0.00016718470310972,4.93053192221888e-05,4.81718636078856e-05,2.15356566717606e-05,0.00132387615750613
"54",0.0731757200490871,0.654396451228856,0.592577269486599,0.467271734065987,0.145513431995369,0.305649300229869,0.063973126905486,0.0297553080146655,0.155660607552749,0.0362498639557936,0.0164360113228137,0.334758312540064,0.528902196101407,0.0231833848105847,0.00196421848658585,0.0114872663718488,0.00428386546479246,0.0954207577567884,1,0,0,0.781953022746816,0.163163710954947,0.00327524578006879,0,2.58674526435442e-05,0.0515821530655241,0.523730865365595,0.423594362963041,0.667542943252358,0.499749789443349,0.972782315692725,0.0154029481615755,0.00507344872963974,0.00120828113821526,0.000115999429438213,7.27077763464398e-05,0.00409161623836606,0.001252682833694
"55",3.7327360955004e-05,0.446399164890178,0.589800555470466,0.447342003896846,0.191930221244342,0.298732104442656,0.112163467844019,0.0635285581333951,0.0167821572869115,0.0559152274746722,0.00618509365402548,0.246092519080893,0.607364208612478,0.0223645394979031,0.0006771102852274,0.0287085309449117,0.00055162989374836,0.0942414623343474,1,0,0,0.736335557664025,0.253701143773124,0.00482993004786691,0.00382334952972824,0.00026826858648046,0.00104175039877474,0.109227136466631,0.066278718519992,0.681385710761808,0.532544297922298,0.964238477399437,0.025420033805778,0.00935001191232265,0.000108836819761581,2.58819266506199e-05,2.45546483608445e-05,5.7736605605229e-05,0.000774466882083933
"56",3.7327360955004e-05,0.430573832805074,0.625555832300706,0.495497669080827,0.204526413752862,0.3253718570376,0.10385460125002,0.0527425700540271,0.00546570356703796,0.0488997938841237,0.0028184197071536,0.271333966715079,0.561430912318996,0.033481347348069,0.00124539250901885,0.0363891533164266,0.00091087733163121,0.0952083521009873,1,0,0,0.57980112090889,0.410052109387776,0.00267828696696653,0.00423344967643004,0.00036606225212013,0.00286897080781719,0.147129283345437,0.0931801555243986,0.69468836697798,0.566451749010686,0.916974543690343,0.0613376146193576,0.0191274751849789,0.000248961463638061,6.43682416671055e-05,0.000198424414395292,0.000117565135606862,0.00193104725001317
"57",-0.00238491048592905,0.128930697121254,0.660353046185517,0.587038155956607,0.268067602114785,0.414741783668077,0.131466604020141,0.067648975819431,0.00587508192879452,0.152397724054443,0.0173438092565447,0.103635402686024,0.706485036085991,0.0218165944813484,0.00409932544861045,0.0389945271424254,0.00047492729419964,0.124494186640105,0.996942664772139,0.00305733522786076,0,0.650608373374424,0.337217058080138,0.00390979076559168,0.00311299196330112,0.00227823190804109,0.00287355390850348,0.102823675242124,0.0619694982585885,0.800543776869661,0.706152841846094,0.884736379797972,0.0434652443117642,0.0642185635122549,0.000405177062376258,0.000247608204785491,0.00124104233550061,0.000189082629108921,0.00549690214623791
"58",0.00219454887218305,0.20088627409334,0.755988164047143,0.620728672893642,0.236421047013401,0.390987974002744,0.125594257390001,0.06329575149868,0.00134006978651229,0.0693888744400799,9.56396176584604e-05,0.12245904750268,0.756148400387355,0.0100071597039674,0.00050623215333084,0.0381568071814371,0.00019439704406027,0.0725279558698252,0.999985238534264,1.47614657364153e-05,0,0.475732412732976,0.50183189455339,0.00582974993683229,0.0136859911138408,0.00029033898389785,0.00262961267906383,0.106887350944111,0.0634923704419624,0.801722923729507,0.69429552109868,0.908582303245419,0.0555849218563832,0.0321602684701598,0.000171151043428919,6.54981877737594e-05,0.000504237304871354,0.000100386669703501,0.00283123322226069
"59",0.00375304771856307,0.173506154367727,0.752464890174034,0.635133080379109,0.266527001180629,0.429064558891333,0.141991212421101,0.0795363123296278,0.00075581966479871,0.132702209690643,0.00046801543248924,0.179483209650148,0.654277759767566,0.0119598627221658,0.00125118586852571,0.049277015709442,0.00036283444360074,0.103388131588932,1,0,0,0.721821588956915,0.257964485354677,0.0115442008846572,0.00547866026733997,0.00012973890681681,0.00306132562959477,0.143271150271101,0.0911722137765605,0.803025082474343,0.699102921462552,0.887792384546383,0.0795675709115655,0.0294342540752884,0.000113829688514956,0.000278387825172446,0.000595749945869034,6.80503572643756e-05,0.00214977264994278
"60",-0.034222497932173,0.256892461113269,0.707179899790447,0.614916569508571,0.301507453002155,0.440032882868859,0.172539554562132,0.0873322861791478,0.0303314751560241,0.0951375903099672,0.0760197726664071,0.151894629927121,0.725290036334531,0.0112660727840259,0.00046474504493621,0.0166035966626875,0.00042064743839643,0.0940602703121421,0.999953515708066,4.64842919345359e-05,0,0.63273204565675,0.259436038124463,0.0123081771090936,0.00753442341778788,0.00352692545583226,0.0844623902360738,0.0999331076529827,0.0584098942522317,0.831466945074595,0.720051378943694,0.774383527741592,0.106680228557753,0.11505397106857,0.000459617565549896,0.000519449437988344,0.00123743190724972,0.000118303929594204,0.0015474697917035
"61",0.0258533724340219,0.475117108431341,0.733118864969395,0.546733165371627,0.23988122142229,0.358842882554389,0.144731857559004,0.0826244388150213,0.00160113497964496,0.0975359047288579,0.00076481159362802,0.407091285981996,0.51698120952767,0.00604206747686103,0.00012031542984498,0.0183763489580285,5.00799245377835e-05,0.0513386925863391,0.999985238534264,1.47614657364153e-05,0,0.475732412732976,0.50183189455339,0.00582974993683229,0.0136859911138408,0.00029033898389785,0.00262961267906383,0.105140691544346,0.061372924543026,0.737217223035402,0.592837006210566,0.922924226367292,0.0578568104978035,0.0182246653090904,0.000146844696694933,6.89993153144865e-05,6.72301021012945e-05,4.5999543542991e-05,0.000665224168160177
"62",-0.00196938775510191,0.39409087655643,0.539853733011778,0.474969314126982,0.198602870509084,0.314646908777608,0.0994735674896903,0.0519482366473726,0.00019324714238991,0.0598596078730287,1.24056417113403e-05,0.266168013220792,0.641843934651268,0.00566220689021457,0.00030760885406749,0.0371112568486153,0.0001064542287462,0.0488005257240694,0.999979850947674,2.01490523257582e-05,0,0.636610792477123,0.349333155375453,0.00377637366759891,0.00903939664388671,0.00016227631636172,0.001078005519577,0.143779332163021,0.0840871909764614,0.757949570959725,0.615548906529662,0.882867373767645,0.0705622101591441,0.045015123474908,7.35319106865347e-05,5.00511324841119e-05,1.97732869073034e-05,0.000181049158244997,0.00123088710997964
"63",0.00451530612243502,0.316680330888145,0.898805005707251,0.666450652978434,0.263918412225336,0.428496517249372,0.138394947761136,0.0669003761847036,0.00041816455541157,0.0745873795126763,4.97233549820469e-06,0.301846895711819,0.593455409203258,0.00861154238112496,0.00041652285277756,0.0412763311580494,0.00031321539648458,0.0540800832584175,1,0,0,0.625706493853061,0.360246686565461,0.00661582080159932,0.00595073050008869,0.00012989868711962,0.00135036959267044,0.150543678319001,0.0892863150663994,0.785879605893434,0.65961176945886,0.773885159722043,0.153709977132429,0.0673385324117345,0.00011378371489052,6.3541555068732e-05,2.14268034534096e-05,2.65987904938878e-05,0.00484097986988758
"64",-0.014777777777789,0.3540762977943,0.693591968700959,0.579151815894732,0.2575835511482,0.402526290743262,0.140518044239892,0.0758327208840202,4.29942022105238e-05,0.0638711564283064,2.19522596795474e-05,0.279324394435365,0.578681575946932,0.0158396036920204,0.00144873308646871,0.016348031134982,0.00054486831542908,0.107812793799224,0.999983071107042,1.69288929579524e-05,0,0.666720443695682,0.31648519304277,0.00453939028923587,0.00932773475224865,0.00028434825407767,0.00264288996598661,0.139611072956139,0.0826782673009221,0.78708843797856,0.646511412841628,0.885727066143629,0.0554924535191894,0.0563669207923824,0.00011201544917075,5.97415728910665e-05,8.13978930640781e-05,1.79224718673199e-05,0.00214248215780587
"65",-0.00242009132420094,0.212517167507968,0.684152105775307,0.604039638593771,0.262657974159086,0.410612518713315,0.14062337648694,0.080801585974678,0.00060950434535194,0.0814448372464433,1.15921835000875e-05,0.19656089496864,0.662930391310348,0.00685816663924464,0.00028940798491091,0.0426086124558567,0.00015403281725349,0.0905984948063862,1,0,0,0.630531627124899,0.348171029932941,0.0109629982992956,0.00741572055907248,0.00028414491273417,0.00263447917105738,0.153923637300504,0.0990212195379586,0.798588652386301,0.692073554485016,0.862828308858676,0.0793111904534289,0.0556845907335747,9.60143647465179e-05,0.00033043904750425,0.000522052130396652,6.1515696893873e-05,0.00116588871477915
"66",-0.010859264497863,0.125202998904253,0.696888248469325,0.605227221809717,0.281710888726638,0.439928388307816,0.141175335625444,0.074609451416264,0.00947890454764844,0.13315105349142,0.0204156510463268,0.121863408162717,0.642129623871381,0.0585491469073453,0.0025183206176634,0.0236499952606996,0.00146639082361714,0.149823114242082,0.999939229974291,6.07700257090491e-05,0,0.604350757312633,0.383331081860731,0.00316506455478137,0.00570755865546364,0.00070260953417023,0.00274292808221991,0.120524182730564,0.0765785557181813,0.797260964722914,0.699773547252168,0.892095016662625,0.0383822447013281,0.0626680478870761,0.000381427127569403,0.000255089450294305,0.000990583953666529,0.000142163416042042,0.00508542680139824
"67",-0.00036592338479096,0.35096515810306,0.69709110374735,0.573891936671474,0.248502007663945,0.379472711123219,0.140683796391563,0.0795339532349415,0.00393613341736397,0.0676211201518159,0.00192318469687618,0.197992299889429,0.661503040722252,0.00980530500847982,0.00060368318873496,0.0426414081896125,0.00017290127977683,0.0872813613211501,1,0,0,0.54755172188852,0.430186439270679,0.0110239483149155,0.00432670095265629,0.00021283657570138,0.00669835299752833,0.123502357618899,0.07420096843925,0.804390941547781,0.694315207378654,0.837314540331853,0.0701482942669591,0.090422401727957,0.000119017444871781,9.18344482035345e-05,0.000230688133887279,9.29364615819769e-05,0.00158028718468642
"68",-0.000727657004829041,0.196489132208603,0.662987095173292,0.547187890113438,0.223520634906814,0.355264184545375,0.130752369351128,0.0735313127009168,0.00080528898837579,0.0783174444957151,0.00054671662312824,0.112808775234569,0.723407325546033,0.00739048930942756,0.00096590850420614,0.0443328918155041,0.00013857056792352,0.110956041280556,1,0,0,0.703023670886237,0.28029813389576,0.00558806810077703,0.00805346120378009,0.00018767202678145,0.00284899388666374,0.108299567642034,0.0648419644401569,0.79604211157516,0.682858484849848,0.788250353483145,0.0985846700591083,0.1112213472298,8.70912277360863e-05,0.000121212790841642,4.67952865447628e-05,0.000146235270452384,0.00154229465237114
"69",0.000335497835498018,0.389479049801927,0.618328752689423,0.494667198825792,0.20375894532206,0.330067826618225,0.105018905900614,0.0538533360923604,0.0157735918563642,0.0853605175626032,0.0122869133046043,0.290546560493269,0.592514603199188,0.0246352426263363,0.000867697350393,0.0209242748439791,0.00072794951792172,0.0697836730164995,1,0,0,0.743211924265538,0.242546000118115,0.00457568426453913,0.00899106250223389,0.00013506576991465,0.00054026307965863,0.154341824736387,0.0950390798316439,0.736152680378254,0.583415921743616,0.930825701100461,0.0371767331000558,0.0271766316750342,9.41224200010143e-05,6.36949135351691e-05,0.0032042192808966,4.46270094832395e-05,0.00141427050053248
"70",-0.00256618006564793,0.277962896506738,0.639792791257817,0.570847904245993,0.239654214032241,0.375390876095355,0.121075632632395,0.0608245931765962,0.010207248119641,0.0864616439504281,0.00796515442753187,0.118846794535977,0.737011474748908,0.013878463132589,0.00066132346710103,0.0360404181409956,0.00015260513463654,0.0934089206305857,1,0,0,0.702941396828088,0.274819072366781,0.00686935345994044,0.0116373656511443,0.00015404498612477,0.0035787667079215,0.14618225089434,0.0909128091523003,0.766867616053113,0.642937989297306,0.863204085225556,0.105367155353551,0.0282979251490792,0.000171733525458098,0.000111271130400365,0.000892709479970053,6.37649628550038e-05,0.0018913551731295
